sample_id,acceptance_status,acceptance_reason,trajectory_checksum,d_is_zero,mu_M1,mu_M2,hn,vn,kpn1,kpn12,mu_n12,a_inf2,mu_n10
0,accepted,,2a70285b36fd9c5f,True,2A,1,2B,2B,2B,2B,1,2A,1
1,accepted,,ff3f57575c90bacd,False,2B,2A,1,2A,2A,1,1,2A,2B
2,accepted,,46b0820fc3310268,False,2B,2A,1,2B,2A,1,1,2B,2B
3,accepted,,b39db14c4f4cf19f,True,2A,1,1,2A,2B,1,2B,2A,1
4,accepted,,510c0b88e899bbfa,True,1,2B,1,2A,2A,1,1,2B,1
5,accepted,,98811b5c44e3a2e7,False,2B,2A,2B,2A,2A,1,2B,2A,1
6,accepted,,0ccf80307b984aa9,True,1,2A,2B,2B,2B,1,2B,1,2B
7,accepted,,6a59e95354f04d2b,True,2A,2B,2B,2B,2A,1,2B,1,2B
8,accepted,,6621c5db8d30fddc,False,2B,1,1,2A,1,1,1,1,2A
9,accepted,,8e3e5054cc41e6a5,True,1,1,1,2A,1,1,2B,2B,1
10,accepted,,9242af5a197b76a0,True,2B,2A,1,2A,1,2B,2B,2B,2A
11,accepted,,6fd10b370d1112e0,False,2B,1,1,2B,1,2B,1,2B,2A
12,accepted,,02fa43b04aeb027d,False,2B,1,2B,2A,2A,1,2B,2A,1
13,accepted,,210eb9055b992f4e,False,2B,1,1,2B,1,2A,2B,2B,1
14,accepted,,c614829de43bddbd,True,1,1,1,2B,2A,2A,1,2A,2B
15,accepted,,5045dfd67ec6d829,True,1,2B,2B,2B,2A,1,2B,1,1
16,accepted,,46b27a8fbd07a1ac,False,2B,2B,2B,2B,2A,2A,1,2A,2A
17,accepted,,bfb8d332298edefa,False,2B,1,1,2B,1,1,1,2B,2A
18,accepted,,38299021f9a84fea,True,1,1,1,2A,2B,2A,1,2A,2A
19,accepted,,be7de5130566e07b,True,1,2B,1,2A,1,1,2B,1,1
20,accepted,,688f97f158ae377e,False,1,1,2B,2A,2A,1,2B,2B,1
21,accepted,,ccc3b37b24cf2d1e,False,1,2A,2B,2A,2B,2A,1,2B,2A
22,accepted,,02f32c16a53e32f8,False,2B,2A,1,2B,1,1,2B,2A,2A
23,accepted,,581ef25a50adc4f5,False,1,2B,1,2B,2B,2B,2B,1,2B
24,accepted,,96abfb0ad547821d,False,2B,2A,1,2A,1,1,1,2B,2A
25,accepted,,ef19df906f9532b6,False,1,1,2B,2B,2A,2A,2B,1,1
26,accepted,,18815cdbbb41f723,False,1,2A,2B,2B,2A,2A,2B,2A,2B
27,accepted,,7cfa90e0676e37da,False,2A,2B,2B,2B,1,2B,2B,1,2B
28,accepted,,af7be2533054f777,True,2A,2B,2B,2A,1,2A,1,1,2B
29,accepted,,536dbed2a11f9907,True,2B,2A,2B,2B,2A,1,2B,1,1
30,accepted,,a12d86df04905c83,False,2B,2B,1,2A,2A,2B,2B,1,2B
31,accepted,,79ef0cfd6ae45513,False,2A,1,1,2A,2A,2A,1,2B,1
32,accepted,,8430b6fe62363353,True,2B,2A,1,2B,2A,2B,1,2A,2B
33,accepted,,1ce8a6972f9c5ed7,False,2A,1,1,2B,2A,1,2B,1,2B
34,accepted,,ffa734cf423c2d9e,True,1,2B,2B,2B,2B,1,2B,1,1
35,accepted,,c7dc1ec529de131a,False,2A,1,2B,2A,1,2A,1,2A,2A
36,accepted,,589ece73e1ece5f6,False,2B,2B,1,2A,2A,1,1,2B,1
37,accepted,,b4ac4ec63ad4ebc7,False,2A,2B,2B,2A,2A,2A,1,1,2A
38,accepted,,59ec4230c59330ff,True,2A,1,2B,2A,1,2B,1,1,2B
39,accepted,,0fbfe30be00abc96,True,2A,2B,1,2B,2B,2B,2B,1,2B
40,accepted,,d0ee608fd12fbbc5,False,2A,1,2B,2A,2B,1,1,2B,2B
41,accepted,,80bb72ebccfed4ba,False,2B,2B,2B,2A,2B,2A,1,2B,2A
42,accepted,,d8b1ff6150c97dba,False,2A,2B,1,2B,2B,2A,1,2A,2A
43,accepted,,5f60194001ee618b,False,2B,1,2B,2B,2A,1,1,1,2B
44,accepted,,9d2b6d8d63d653c5,False,2A,2A,1,2B,2B,2B,1,1,2B
45,accepted,,f882663fd6f3d3f5,False,2A,2B,2B,2B,1,2B,1,2B,1
46,accepted,,9c0d6d7c1d95c74d,False,2B,2A,1,2A,1,1,2B,2A,2A
47,accepted,,68acd950490666f9,False,2B,2B,1,2B,2B,2A,1,1,2A
48,accepted,,893e47baa224aea1,True,2A,1,2B,2A,2B,2B,2B,1,2A
49,accepted,,5eba2556929628cf,False,2B,1,1,2B,2A,1,1,2B,1
50,accepted,,25c3d293cc446b21,True,1,1,1,2A,2B,2B,1,2A,1
51,accepted,,46b39385548c7539,False,1,2A,2B,2B,2B,1,2B,2A,2A
52,accepted,,2420866810ba9885,False,2B,2B,2B,2B,1,2B,2B,2A,1
53,accepted,,e77cf19aacb5fd0d,False,2B,1,1,2A,1,1,1,1,1
54,accepted,,ce6997fe1b94169c,True,2A,2A,1,2A,2B,2A,2B,2A,2B
55,accepted,,34b89bb6f00ba959,True,2B,1,1,2A,1,2B,2B,2B,1
56,accepted,,b3b600a3f274947c,False,2B,2B,2B,2B,2A,2B,1,2B,2B
57,accepted,,0b77be808f104369,False,2B,2A,1,2A,2B,2A,2B,2A,2A
58,accepted,,38edd1380a1bebb5,False,2A,1,1,2B,1,2A,1,2A,2A
59,accepted,,19657b3441124eeb,False,2A,2B,1,2A,1,1,1,1,1
60,accepted,,57837527b548ea46,False,1,2A,1,2B,1,1,2B,1,1
61,accepted,,4020ae90518d461f,False,2A,1,1,2A,1,2B,2B,2B,2B
62,accepted,,78eb06438f104f10,True,1,2A,2B,2B,2B,2B,2B,2B,2B
63,accepted,,1a371130c6e2a88f,True,2A,2B,1,2A,2B,2B,1,1,2B
64,accepted,,08d411abbc10d482,True,2A,2B,2B,2A,2B,2B,1,2A,1
65,accepted,,592968b684967174,False,2A,2B,1,2B,2A,1,1,1,2A
66,accepted,,a256fe1c7980e5a5,False,2B,1,2B,2B,1,2B,2B,2A,2B
67,accepted,,272fcc65a769dffd,False,2B,2A,1,2B,2B,2B,1,2B,2A
68,accepted,,7245b9ebce883dc8,False,2A,2A,2B,2A,2A,1,1,2B,1
69,accepted,,61524b40515c945e,True,2B,2A,2B,2A,2A,2A,1,1,2B
70,accepted,,ea29f439698d13ff,False,2A,1,2B,2A,2B,1,1,2B,1
71,accepted,,4e2e69813a6659c7,False,2A,2B,2B,2A,2A,2A,1,1,1
72,accepted,,ac6e82861aad33bc,False,2A,1,1,2A,1,2A,1,2A,2A
73,accepted,,932a04444e0216dd,False,2A,1,1,2B,1,1,2B,2B,1
74,accepted,,a2c38ec086ff2e18,True,1,2A,1,2B,2A,2A,1,2A,2A
75,accepted,,5ef3e93776b9c3d8,False,1,2B,2B,2A,1,2B,1,2B,1
76,accepted,,56c29e2988012cc4,True,2A,2A,2B,2B,2A,1,2B,2B,2B
77,accepted,,306d98caa0085fa9,False,1,2A,2B,2B,2B,2B,2B,1,2A
78,accepted,,d9238c22813a63a7,False,1,1,2B,2B,2B,2B,2B,2A,2B
79,accepted,,378f5bab6668d838,False,2A,1,1,2B,2B,2A,2B,2B,2B
80,accepted,,239eb0268ece411e,False,2A,1,2B,2A,2A,2B,2B,1,1
81,accepted,,535282ca66c3efa8,False,2B,2A,1,2B,1,1,1,2A,2B
82,accepted,,acca90d593a6a9f7,True,2A,1,2B,2B,2A,1,1,2B,2B
83,accepted,,f9f876184ab16cd6,False,2B,2A,2B,2A,1,2B,1,2A,1
84,accepted,,4f10182e167b161d,False,2A,2B,2B,2B,2B,2A,1,2A,1
85,accepted,,63a1c51b914646ca,False,2A,2A,2B,2B,2A,2B,1,2B,2B
86,accepted,,d00892ee332a93e9,False,1,2B,1,2A,2B,1,2B,1,1
87,accepted,,a824693b2b966c04,False,1,2B,1,2A,2A,1,2B,1,2A
88,accepted,,03f69a84f418c89e,False,2B,1,1,2A,1,2A,2B,2A,2B
89,accepted,,8a34b06a4eb0b2cd,True,1,1,1,2B,2A,1,1,2A,2A
90,accepted,,5730d91b0fde9b5b,True,1,2B,1,2A,1,2A,2B,1,2B
91,accepted,,522e9740e44d8ece,True,1,2B,1,2B,2A,2A,2B,1,2B
92,accepted,,e12544e1084c4695,True,2A,2B,2B,2A,1,2A,2B,1,1
93,accepted,,937a99b413a9ecbf,False,2B,1,2B,2A,2A,2B,1,2A,2A
94,accepted,,159684e2c107eb71,False,1,1,2B,2A,2B,2A,2B,2B,2A
95,accepted,,e59f08278dc68edc,False,2B,2B,1,2B,1,2A,2B,2A,1
96,accepted,,418ce978eb07a17c,False,1,2A,1,2B,2A,2A,2B,2A,2A
97,accepted,,47aa03bb2dd11abf,False,2B,2A,1,2A,2B,2B,1,1,2B
98,accepted,,f3d1d6710374d840,True,1,2A,1,2A,1,2B,2B,2B,2A
99,accepted,,f86799a22ab90803,True,1,2B,2B,2B,2A,2A,2B,2A,1
100,accepted,,a980dcd380c1ccf4,True,2B,2B,1,2A,2A,1,1,2A,2B
101,accepted,,807513e0b95d9a8d,False,2A,2A,1,2A,2B,2A,1,1,1
102,accepted,,73c56e4cfa919977,False,2B,1,2B,2B,2A,2B,2B,2A,1
103,accepted,,0e02e12771c24208,True,2A,2B,2B,2B,2A,2B,2B,1,2A
104,accepted,,7745ff190a1914df,False,2A,2A,1,2A,2B,2B,2B,2B,2A
105,accepted,,bc59bf0db64eab29,False,2A,2B,2B,2A,2A,2B,1,2B,1
106,accepted,,8a8cdbcdeb4127f8,True,2A,1,1,2B,2A,2A,2B,2B,2B
107,accepted,,51b14517d95a4899,False,2A,2B,1,2A,2B,2A,2B,1,2A
108,accepted,,d62ce38d533bcec2,False,2B,1,2B,2A,1,2B,1,1,2A
109,accepted,,5537ec98cb20bb2d,False,2B,2B,2B,2B,1,1,1,2A,1
110,accepted,,5cd85ac769c8259a,True,2A,1,2B,2B,2B,2B,1,1,2A
111,accepted,,1729218c15e74bef,True,2A,2A,2B,2A,2B,2B,2B,2A,1
112,accepted,,89dcbebf6dbbcc91,True,2B,2A,1,2A,2B,2B,1,2B,2A
113,accepted,,8f54609d2b10a0cb,True,2A,2B,1,2B,1,2B,2B,2A,1
114,accepted,,0d9b827975086e68,True,1,2B,1,2B,2B,2B,2B,1,2B
115,accepted,,a7c867723e75e9a3,True,2A,1,2B,2A,2A,2A,2B,2A,1
116,accepted,,e8065b7ff02a42fc,False,2A,2B,2B,2B,2B,1,2B,2B,2B
117,accepted,,38ffabc0f691c7de,True,2A,1,1,2A,2A,2A,1,2B,1
118,accepted,,325e63e4aa149aa3,True,1,1,1,2B,2B,1,1,2A,1
119,accepted,,79ee1b12816432a1,False,2A,1,1,2A,2B,2A,1,2A,2B
120,accepted,,263aa17e7e58e433,False,1,2A,1,2A,1,2B,1,1,2B
121,accepted,,30fb47996f4a0434,True,2B,2B,1,2A,1,2A,2B,2B,1
122,accepted,,8ec02a0696cc94cb,False,2A,2A,2B,2A,2A,2A,2B,1,2A
123,accepted,,5b8c1e1a3c2cb02c,True,1,1,1,2A,2B,2B,2B,1,2B
124,accepted,,7e6a2ad2eb3d32c3,True,2B,2A,1,2A,2A,1,1,2A,1
125,accepted,,544003615432c0a8,True,2A,2A,2B,2A,2B,2A,2B,2A,2B
126,accepted,,8ced4669f36a1716,True,2A,2B,2B,2B,1,2A,1,2B,1
127,accepted,,e667e3893fb265ae,True,2A,2A,2B,2A,2B,2A,2B,2A,1
128,accepted,,1936d510c154b9df,False,1,1,1,2B,2A,2B,1,2A,2A
129,accepted,,3f0ee6f82d0f73a0,True,2A,2B,2B,2A,1,1,1,2B,2B
130,accepted,,da5eaaec3cd9a456,False,2B,2B,1,2A,1,1,2B,2B,2B
131,accepted,,049728dbfa6a88f9,False,2B,2B,2B,2A,2B,1,1,2B,1
132,accepted,,c23103e138a15294,True,2B,2B,2B,2A,2A,1,2B,2A,1
133,accepted,,0046fa9695f20de1,True,2A,1,2B,2A,1,1,1,2B,2A
134,accepted,,d28e8dae6074a320,False,1,2B,2B,2B,1,2B,1,2B,1
135,accepted,,dca3e383dd8993d6,False,1,2B,1,2A,1,2B,2B,2B,2B
136,accepted,,bf57244adbe8d602,True,1,1,2B,2A,1,1,1,2B,1
137,accepted,,c65dafd87aac6dd7,True,1,2B,1,2A,2A,2A,1,1,1
138,accepted,,8cfa688075c2012a,False,2A,2B,2B,2A,2A,2B,1,2B,2A
139,accepted,,dfd03cc2597884d8,False,2A,2B,1,2B,2A,2B,1,2A,2B
140,accepted,,35a787202359c4cf,False,2A,1,2B,2B,2B,1,2B,2A,2B
141,accepted,,e25fe141c2e4f072,True,2B,1,1,2B,2B,1,1,1,2B
142,accepted,,f4c7ec7eb1757201,True,1,1,1,2B,2B,2A,2B,1,2B
143,accepted,,56a69cd9440a2861,True,2A,1,1,2A,2B,2B,1,2A,2A
144,accepted,,17a5fa2670913695,True,2B,1,1,2B,1,2B,2B,1,1
145,accepted,,aea88fb451d545b3,True,2B,1,2B,2B,2B,2B,1,2B,1
146,accepted,,eb199cb156e647da,False,1,1,2B,2B,2B,2B,1,1,1
147,accepted,,5b59a151c318e22f,False,2B,2B,1,2B,2B,1,1,1,2A
148,accepted,,abe9caa1cff7567d,False,2B,2A,2B,2B,2A,2B,2B,1,1
149,accepted,,b9289b74ddf098dd,False,2B,2A,1,2A,1,1,2B,2B,2B
150,accepted,,bd20e5574e850b60,True,2B,2B,1,2A,2A,1,1,2A,2B
151,accepted,,bdb6b9071185d593,False,2B,2B,2B,2A,1,1,1,2B,1
152,accepted,,cc7ede6feeb05cd6,False,1,2B,2B,2A,2A,2A,1,2B,2B
153,accepted,,5649f6014e3ff7f9,False,2B,2B,2B,2A,2B,1,2B,2B,2A
154,accepted,,04ad8fff05c0b3c9,True,1,1,1,2A,2B,2A,2B,1,1
155,accepted,,6eeb1f38e4ad9e34,True,2A,2B,2B,2B,2A,2B,1,1,2A
156,accepted,,8a7f2699ddcc2c07,False,2B,2B,2B,2B,2A,2B,1,2B,2A
157,accepted,,e5f8249bf275bd9d,True,2A,2B,2B,2B,1,2B,1,1,2B
158,accepted,,a2e44793e6d87a0a,False,1,2A,2B,2B,2A,2B,1,2B,2A
159,accepted,,768ef95346aa62fc,False,1,2A,2B,2A,2A,1,2B,2B,2B
160,accepted,,c0635bea66b9a095,True,2A,2A,1,2B,1,2B,2B,1,2B
161,accepted,,6c0561b7527ec80a,True,2A,2A,1,2B,1,1,2B,2A,2A
162,accepted,,9486478fc315c72b,True,1,2A,1,2B,2A,1,1,1,2B
163,accepted,,0ecc1860b9e820e5,False,2B,2B,1,2A,1,1,2B,2B,2A
164,accepted,,64396ddbe5540620,True,2B,1,1,2A,2B,2B,1,2A,2B
165,accepted,,0fc1dc1814d48dfc,True,2A,1,1,2A,2A,2B,2B,1,2A
166,accepted,,7fdef8cd8b480363,True,1,2A,2B,2B,2B,2B,2B,2B,2A
167,accepted,,b0e905c923f6e549,False,1,1,2B,2A,2B,2B,2B,2A,2A
168,accepted,,d17160fa29d2d984,True,1,2A,1,2A,2A,2B,2B,2A,2A
169,rejected,integration_exception: array must not contain infs or NaNs,,False,2A,1,1,2A,2A,2B,1,2A,1
170,accepted,,37886e5eb5ea24c0,False,2B,1,1,2A,1,2A,1,2A,2B
171,accepted,,8ff3551f980d1741,True,2A,2B,1,2B,2B,1,2B,2B,2B
172,accepted,,1b9efd93e6364ea8,False,2B,1,1,2B,2A,1,2B,2A,2A
173,accepted,,a548ff08d3e8d70e,False,1,2B,2B,2A,1,2B,1,2B,2B
174,accepted,,6edf7a977aca02d3,True,2A,2B,2B,2A,1,2A,2B,2B,1
175,accepted,,19134c9996c29a15,True,2B,2B,1,2B,1,2B,2B,2B,2B
176,accepted,,3b694cb98bae8273,False,2B,1,1,2A,2A,2A,2B,1,2B
177,accepted,,720a1a26bfa9fa2d,True,1,1,1,2B,1,1,1,1,2B
178,accepted,,7ae54bb5cc384d4d,False,1,2A,1,2A,1,2B,2B,2A,1
179,accepted,,c99ec76cf4df8de0,False,1,2B,1,2A,2B,2B,2B,2B,1
180,accepted,,b46cb2c381573310,False,2A,2A,1,2A,2A,2A,2B,2A,1
181,accepted,,cf1a02d33a6032a7,False,2A,2B,1,2B,1,2B,1,2A,2A
182,accepted,,cfdea0e4fecda265,False,2A,2B,2B,2A,2A,2A,1,2B,1
183,accepted,,284cb9403d03eb8f,False,1,1,1,2B,1,1,1,2A,2A
184,accepted,,148ca21fe2080f70,False,2B,2B,1,2B,2A,1,2B,1,2A
185,accepted,,29b88f0bdab18dc3,True,1,1,1,2B,2B,2B,1,1,2A
186,accepted,,5e2d1c85c7afe3ac,False,1,1,1,2A,2B,1,2B,2B,1
187,accepted,,09a57012c1a36e9f,False,1,2A,1,2A,1,2A,2B,1,2A
188,accepted,,e3446a55fda0fe84,True,2B,2A,1,2A,2A,1,1,1,2A
189,accepted,,88cc1a09230b5d96,False,2A,2A,2B,2A,2B,1,2B,2B,1
190,accepted,,9e8d060183af78ff,True,2B,1,1,2B,1,1,2B,2A,1
191,accepted,,f214ab142d936908,True,1,2A,2B,2B,2A,2A,1,1,1
192,accepted,,6ee217bacc47aa29,False,2B,2A,1,2B,2A,2B,2B,1,1
193,accepted,,b31fa26dc8742c19,False,2B,1,2B,2A,2B,2B,1,2B,2A
194,accepted,,940ba51aad4e582e,True,2B,1,2B,2A,2A,2A,2B,2A,2B
195,accepted,,2911211eab8f37a3,False,1,1,1,2A,2A,1,1,2B,1
196,accepted,,da16ec91cc7d1656,True,2B,1,2B,2B,2A,2A,1,1,2B
197,accepted,,fbdc0adfc8dcdfeb,True,2A,2A,2B,2A,2A,2B,2B,2B,2B
198,accepted,,65236787581646ba,False,2A,2B,2B,2A,2B,1,1,2A,2A
199,accepted,,3cf0c51ea860380d,False,2B,2B,2B,2B,2B,1,2B,2A,2A
200,accepted,,7c5cda72c59076f2,False,2B,2B,2B,2B,1,2B,2B,2A,2A
201,accepted,,a10b8989c21ff6af,True,2A,2B,2B,2B,2B,2B,2B,1,1
202,accepted,,c9801e550335429a,True,1,1,2B,2A,2B,2A,1,1,2B
203,accepted,,b4ebc3e9234268ff,False,2A,2B,1,2B,2B,2B,1,2A,2A
204,accepted,,ef2e374aec469025,True,2A,1,1,2A,2A,2A,2B,2B,2A
205,accepted,,f2bcc4f04fe541fa,False,2B,2B,1,2B,1,1,2B,2A,2A
206,accepted,,a055b7d2627ea0f0,False,2B,2B,2B,2A,1,1,1,2A,1
207,accepted,,b9cd59ad55098550,False,2B,2A,1,2B,2A,2A,1,2A,1
208,accepted,,fd9dfe3a33abf717,False,1,1,2B,2A,2B,1,2B,1,2A
209,accepted,,43a5f7c31fbb6839,True,1,1,2B,2B,2B,2A,2B,1,1
210,accepted,,cdd08aec52893500,True,1,2B,2B,2B,1,2A,1,1,2B
211,accepted,,06dabd3a9f36b569,False,2B,1,1,2A,1,1,1,1,2A
212,accepted,,869c6d7935603232,True,2B,2A,1,2A,1,2A,2B,1,2A
213,accepted,,8b084662528d0e9c,True,1,2B,2B,2A,1,1,1,1,1
214,accepted,,7b466fc5d1d12dac,True,1,2B,1,2B,1,2B,1,2A,1
215,accepted,,4974c7bef6caea5f,True,1,2A,1,2A,1,2B,2B,2B,2B
216,accepted,,41de2c9719dec940,False,2B,2B,1,2B,1,2A,2B,2A,2A
217,accepted,,e9269ef4fbbb8967,False,2B,1,1,2B,1,1,2B,2A,2B
218,accepted,,e81f4adb94733195,False,2A,2B,1,2B,1,2B,1,2B,2A
219,accepted,,4e0840b8f0e37834,True,2B,2A,2B,2A,1,1,1,2B,2A
220,accepted,,ec456d621c6006a2,True,2A,1,2B,2A,2A,1,1,2A,1
221,accepted,,35142bd6fb5a1a15,False,1,2B,1,2A,1,2B,1,2A,1
222,accepted,,c2f87756314231c9,True,2A,2A,2B,2B,2A,2B,1,1,2B
223,accepted,,133ad79e9f99011f,True,1,2A,2B,2B,1,2B,2B,2B,1
224,accepted,,84fa29090d9e28ba,False,2A,2B,2B,2A,2A,2A,1,2B,2A
225,accepted,,5f72b1b1c08a9f38,False,2B,2A,2B,2A,2B,2B,2B,2A,2A
226,accepted,,a98a7c347ce52dd3,False,2B,2A,1,2B,2A,2B,2B,2B,2B
227,accepted,,65b8f9f30f2aef57,True,1,1,2B,2A,1,2A,1,1,2B
228,accepted,,eee63b647963ad22,False,2A,2B,1,2A,2B,2B,2B,2B,2A
229,accepted,,cd159cb55ccb1258,False,1,2A,1,2B,2B,1,1,2B,1
230,accepted,,1a8e1d6c618c554c,True,2B,1,1,2B,1,2A,2B,2A,1
231,accepted,,c9a35b3c08a6a562,False,1,2B,1,2A,2A,1,2B,2A,1
232,accepted,,52a3675ede9e684a,False,2B,1,2B,2A,2B,2B,1,1,2A
233,accepted,,59c9b9ada608d6d9,False,2B,1,2B,2A,1,2A,1,2B,2A
234,accepted,,9909811e29909276,False,2B,2A,1,2B,1,2B,1,2A,2B
235,accepted,,4a653ec40e0a2b1d,False,1,1,1,2A,2B,2B,1,2A,1
236,accepted,,aa47f738fb604271,True,2B,2A,2B,2A,2A,2A,2B,2B,1
237,accepted,,3b10f99d86b13007,False,1,1,2B,2B,2B,2A,2B,2A,2B
238,accepted,,4f8cdde416d56603,True,2A,2B,1,2A,1,2A,1,2B,2B
239,accepted,,922c4aff89ea91bb,True,2A,1,1,2A,2B,2A,2B,2A,1
240,accepted,,a3a8046ad691bc4f,True,1,1,2B,2A,2B,2A,1,2B,2B
241,accepted,,186a3652cceaedcc,True,2B,1,1,2A,2A,2B,1,2B,2A
242,accepted,,6491b5621fb20bc6,True,2B,2A,2B,2B,2A,2A,2B,1,2A
243,accepted,,fe75ea7f8689ee7c,True,2B,1,2B,2B,1,2B,1,1,1
244,accepted,,bf32452efe9d9dc1,False,1,2A,1,2A,1,2B,1,2A,2B
245,accepted,,bf4d138a5b6383d0,False,1,1,2B,2B,2B,2B,1,2B,2B
246,accepted,,ac94b5554dae2c68,False,2B,1,1,2B,2B,2A,2B,1,2B
247,accepted,,f8f9abd47eb8975e,False,2A,2B,2B,2B,2B,2B,2B,2B,2B
248,accepted,,31c80cf5c7a7d16a,False,1,2B,1,2A,2B,2B,2B,1,2B
249,accepted,,547a85e834d5fe88,False,2B,1,2B,2B,2A,2B,2B,1,2B
250,accepted,,967ebd96677d3521,False,1,2A,2B,2B,1,2B,2B,2B,1
251,accepted,,a597a2ff826b7dd7,False,1,1,2B,2A,1,2B,2B,2B,1
252,accepted,,ff2a8f560b546b24,False,2B,1,1,2A,1,2A,1,2B,2A
253,accepted,,fa8591b271236be3,False,2A,2B,1,2B,1,2A,1,2B,2A
254,accepted,,2b51ad60e511d17c,True,2B,2A,2B,2A,1,1,2B,2B,2A
255,accepted,,e460d1e6c5154e3a,False,1,2A,1,2A,1,2B,1,2A,2B
256,accepted,,da8da91864612e24,True,1,2A,2B,2B,1,1,1,2A,2A
257,accepted,,c62a13054b052774,True,2A,1,1,2A,2A,1,2B,2A,1
258,accepted,,5147d7aa8c9f5b40,True,2A,2B,1,2B,2A,2A,2B,2B,1
259,accepted,,660d76b8bbfebdfd,True,2B,2A,2B,2B,2B,2B,1,2A,2B
260,accepted,,73d5146f538292f3,False,2B,1,2B,2A,2A,1,1,2A,2A
261,accepted,,d8f799748174e4d1,True,2A,1,1,2A,2A,2A,2B,1,2A
262,accepted,,a41c2e2c6e0e14cf,True,2B,2A,2B,2B,1,2A,1,1,1
263,accepted,,29e73c576829598a,False,1,2B,1,2A,2B,1,1,1,2A
264,accepted,,deed2f3b04e8b988,False,2B,1,1,2B,2B,2B,2B,2A,2A
265,accepted,,7977243859788483,False,1,2B,2B,2B,2B,2B,2B,2B,1
266,accepted,,34bbf6f492a885fa,True,2B,1,1,2A,2B,2A,2B,2A,2A
267,accepted,,54dbc1094cf9ebb3,True,2B,2B,1,2A,1,1,1,2A,2B
268,accepted,,c693da5512704ad6,True,2B,2A,2B,2B,2B,2A,1,2B,2B
269,accepted,,ab929d3e04579d03,False,2A,1,2B,2A,2A,2A,2B,1,2A
270,accepted,,f795a1115c8c9c8b,False,2A,1,1,2A,1,2B,2B,2A,1
271,accepted,,a50baa7b8323b495,False,2B,2B,2B,2A,2B,2B,2B,2A,1
272,accepted,,514b224d56ffaf19,False,2A,2A,1,2B,2A,2B,2B,2A,2B
273,accepted,,a03a38e2887ddfd1,False,2A,2A,1,2B,2B,2A,2B,2B,2B
274,accepted,,7b17596fd062b495,False,1,2B,2B,2B,2B,2B,1,1,1
275,accepted,,7c409788a32df489,False,2B,2A,1,2A,1,2B,1,2B,1
276,accepted,,c7e85e782a8bac69,False,1,2B,2B,2B,2B,2A,2B,2A,2B
277,accepted,,c698a16863c1c73e,False,1,2B,2B,2A,2A,2B,2B,1,2B
278,accepted,,2e45f8843447004d,True,1,1,1,2A,2B,2B,2B,2B,1
279,accepted,,529984188222fb91,False,1,2B,1,2B,2B,2B,1,2A,2A
280,accepted,,0608802f18b9f3a5,False,1,2A,2B,2A,1,1,2B,2A,1
281,accepted,,ea9c7275a1685ba4,False,1,2A,2B,2A,2B,2B,2B,2A,1
282,accepted,,6cf6f96d6ee41873,True,2A,2A,1,2A,2A,1,1,2B,1
283,accepted,,2d6e35baaa0c9ddc,False,2B,2A,1,2B,2B,2A,1,2B,2B
284,accepted,,c7279cdb7a966ecb,False,1,2A,2B,2A,2A,1,1,2B,2A
285,accepted,,e7e2d633b1dbfadc,True,1,2B,2B,2B,1,2B,1,2A,2B
286,accepted,,07f7d036509b9a4d,False,1,1,1,2B,2B,1,1,2A,2B
287,accepted,,753a6e2ceb44688a,True,1,2A,2B,2B,1,2B,1,2B,1
288,accepted,,ab3ee744856b920e,False,1,2A,2B,2A,1,2A,1,2A,2B
289,accepted,,d17271cf1fdef6b4,False,2B,2B,2B,2B,2A,1,2B,2B,2B
290,accepted,,7e5766c9cd7cd48f,False,2A,2A,1,2A,2B,2A,2B,2B,2A
291,accepted,,03abb1c293e05187,True,1,2B,2B,2B,1,2A,2B,1,2A
292,accepted,,eae794b18ef4c4fb,False,2A,1,2B,2B,2A,2A,2B,2B,1
293,accepted,,0623459798768d13,False,2A,2A,2B,2B,2A,2B,2B,2B,2B
294,accepted,,a18d15489b7d0d84,False,1,1,2B,2A,2A,2A,1,1,2A
295,accepted,,3e5896c34e3b4276,True,2B,2A,1,2A,2B,2A,2B,2A,1
296,accepted,,801c3447cc5a5263,False,2B,1,1,2A,1,2A,2B,2B,2A
297,accepted,,79bed732ccb676e8,False,2A,1,2B,2B,2B,2B,2B,2A,2B
298,accepted,,5c5415deca0c5ca9,False,1,2B,2B,2B,1,2B,2B,2A,1
299,accepted,,53158d7c7b419762,False,1,2A,2B,2A,2A,1,1,2B,2A
300,accepted,,98f191ff685cf53d,True,2B,2B,1,2B,2B,1,1,2A,2B
301,accepted,,0396ee83154bf169,True,1,2B,2B,2A,1,2A,2B,1,2B
302,accepted,,64e4509c73df0768,False,2B,2B,2B,2A,2B,2B,2B,1,1
303,accepted,,3b472d7cf4cccedf,True,1,1,1,2B,1,2B,2B,1,2A
304,accepted,,9ec33a8c97229939,True,2A,1,1,2B,1,2A,1,1,2A
305,accepted,,8e646017ca51928e,False,2B,1,1,2B,2A,2B,1,1,2B
306,accepted,,d6b223d77650d89b,True,2B,2B,1,2B,2A,1,2B,1,2A
307,accepted,,43257f3d8d5b2af9,False,2B,2A,2B,2B,2B,2A,1,2A,2A
308,accepted,,2a3dd7ec3f5c0d54,False,2B,2B,2B,2A,2A,1,1,2A,1
309,accepted,,4ca3e7e4a9a1c818,False,2A,1,2B,2B,1,2B,1,2A,2B
310,accepted,,b0f647c49694859d,True,2B,1,1,2A,2B,1,2B,1,1
311,accepted,,ca9cc0906eb7f38c,True,2A,2B,2B,2A,2B,2A,2B,2A,2B
312,accepted,,bd9432a723c7aa8b,False,2A,1,2B,2B,2B,2A,1,2B,1
313,accepted,,9de377d4e1e68ba9,True,2A,1,1,2B,2B,2A,2B,2A,1
314,accepted,,e3d78d0c5c2eff41,True,1,1,1,2A,2B,1,1,2A,1
315,accepted,,3561c0d43d440d68,True,2A,2A,2B,2B,1,1,2B,2B,1
316,accepted,,06435f4244a5a603,False,2A,2A,1,2B,1,1,1,2B,2B
317,accepted,,35ff28a3d8cad9e1,False,2A,1,1,2A,2A,2B,1,1,2A
318,accepted,,b3d9d230368edb77,True,2A,2A,2B,2B,1,2A,2B,2A,2B
319,accepted,,dc75c9f0740bf2c7,True,1,2A,1,2A,2B,2B,2B,1,1
320,accepted,,e9466053de33f5a8,False,2A,2A,1,2A,2A,2A,1,2B,1
321,accepted,,45f38b3e52908901,False,1,2B,2B,2B,1,2A,2B,1,2B
322,accepted,,6fc57e7c96d4bf07,True,2A,1,2B,2A,1,2B,2B,1,2B
323,accepted,,cea7bb0a33e685c6,True,2A,2A,2B,2A,1,1,2B,1,2A
324,accepted,,dc5d117be419d295,False,2A,2B,2B,2A,2A,2A,1,2B,1
325,accepted,,d39a4206d789b328,True,1,2A,1,2A,2B,2A,1,2A,2A
326,accepted,,5a5073164d6b52eb,True,2A,1,1,2A,2A,2B,1,1,2B
327,accepted,,e71e8432a1533d30,True,2A,2A,1,2B,1,2A,1,2A,2B
328,accepted,,ecf5cfb4055e4cc8,False,1,2A,2B,2B,2A,1,1,1,1
329,accepted,,82c75c94be5bdffc,False,2A,2B,2B,2B,1,2B,1,1,2B
330,accepted,,b93d768f47384f79,False,2A,2A,2B,2A,1,1,1,2A,1
331,accepted,,273e2b42cf96ecc8,True,2A,2A,2B,2B,2B,1,2B,2B,2B
332,accepted,,f2f4595073c283ca,False,2B,2A,2B,2B,1,1,2B,1,2A
333,accepted,,41a4a9bc8f9fb664,True,2A,2B,1,2B,2B,2B,2B,2B,2B
334,accepted,,4b3bdc796af481ca,False,2B,2B,2B,2B,2B,2B,2B,2B,1
335,accepted,,3a7e0b4e5fa62d1a,False,2B,2A,2B,2B,2B,2B,1,2A,1
336,accepted,,8ac07e25e2aec85b,False,1,2A,2B,2A,1,1,2B,2B,1
337,accepted,,ad1651d8c1274b62,False,2B,2B,2B,2A,2B,2B,2B,2B,2A
338,accepted,,a2cc0d65053b6f52,False,2A,2A,1,2B,1,2A,1,2B,1
339,accepted,,e64f07808501c085,True,2A,2A,2B,2B,2A,2B,2B,1,1
340,accepted,,1bf31b3344e4ae2c,False,2B,2A,2B,2B,1,2A,2B,2B,2B
341,accepted,,b7a822c0cb256dcb,False,2A,2A,2B,2A,1,2B,2B,1,2B
342,rejected,integration_exception: array must not contain infs or NaNs,,False,2B,2A,2B,2B,2A,2B,1,2A,2B
343,accepted,,443a9331a124e50d,True,2A,2A,2B,2A,1,2B,2B,2A,2A
344,accepted,,8ffe2d055559da6a,True,1,1,1,2A,2B,2B,2B,2B,1
345,accepted,,724fd4ba0f526651,False,1,1,1,2A,2B,1,1,2B,2B
346,accepted,,aa531639e311add9,True,2A,2A,1,2A,1,1,1,1,2A
347,accepted,,27926ab766fea1d9,False,2B,1,1,2B,2A,2A,1,2A,2B
348,accepted,,cc755650c8deb35a,True,1,2B,1,2B,2B,2A,2B,2B,1
349,accepted,,892cdc1fa7ec4ded,False,2B,2B,1,2B,2A,1,2B,2B,2A
350,accepted,,73e3be76a3ea8591,True,1,2B,2B,2A,2A,1,2B,2B,2B
351,accepted,,bea41e9943395138,True,2B,1,1,2A,1,2B,2B,2B,2B
352,accepted,,795db77398e19310,False,2A,2B,2B,2B,1,2A,2B,2B,1
353,accepted,,d3449f3390aff1cb,False,1,2B,2B,2A,1,2A,2B,1,1
354,accepted,,941e0984333a284c,False,1,1,2B,2B,2B,2B,1,1,2A
355,accepted,,7200da91bc2ace8d,False,2A,1,1,2A,2A,2A,1,2A,2A
356,accepted,,a0f9d4ec70edbd57,True,2A,1,1,2B,2A,2B,1,1,2B
357,accepted,,56cf78de98ba211d,False,2B,2A,1,2B,1,1,1,2B,2B
358,accepted,,013de64931df4ee5,True,2A,2B,1,2B,2A,2B,1,1,1
359,accepted,,123c50d053a45685,False,1,2A,1,2A,2A,2A,2B,2B,2A
360,accepted,,d11251bc1dcb48b2,False,1,1,1,2B,2A,2A,2B,1,2B
361,accepted,,6db8cb69acbb75e0,True,1,2A,2B,2B,1,1,1,1,1
362,accepted,,51df92bbd619de45,False,1,2A,2B,2B,2A,2A,1,1,2A
363,accepted,,387300baec056020,True,2A,1,1,2B,2B,2A,1,1,1
364,accepted,,614038c6c59906fd,False,2B,2A,2B,2A,1,2B,2B,2B,2B
365,accepted,,9f6e7e7cfd529fb9,False,2B,2A,1,2A,2A,1,2B,1,1
366,accepted,,d9d068c633866cdf,True,1,1,2B,2A,2A,2A,1,1,2A
367,accepted,,2fa86aa36aee73db,False,2A,2A,2B,2B,2B,2A,2B,2A,1
368,accepted,,2002cac8927c1d5f,True,1,2B,2B,2B,2A,2A,1,1,2B
369,accepted,,4d38e84871da20a0,False,2B,2A,2B,2B,2A,2B,2B,1,2A
370,accepted,,f09d92a7b3f342e2,True,2B,1,2B,2A,2B,2B,2B,1,1
371,accepted,,aaa96b4a76f7cccf,False,2A,1,1,2B,1,2B,1,1,2B
372,accepted,,06fd72a715c4fd59,False,1,2B,1,2B,2A,1,2B,2A,2A
373,accepted,,70a5ccd03bb61573,True,2A,2A,2B,2B,2A,2A,1,2A,2A
374,accepted,,0fcd2ac40203cf8d,False,1,2A,1,2B,2B,1,2B,1,2A
375,accepted,,d02bc44d299bffc3,False,2A,2B,1,2B,2B,2A,2B,2B,1
376,accepted,,8083f92da5751f82,True,2A,2A,1,2B,2B,1,1,2A,1
377,accepted,,2f1ae3d1cfa7c99f,True,2A,1,1,2B,2B,1,1,1,2A
378,accepted,,bf6faf07e8382173,False,1,2A,1,2B,2A,2A,2B,2A,2A
379,accepted,,9a60c88480ab6cab,True,2B,2B,1,2B,2B,2A,2B,1,1
380,accepted,,078418f78b53f590,False,1,2A,1,2B,1,2B,2B,2B,2B
381,accepted,,9af6b4ab2ae14c7a,False,1,2B,1,2A,1,1,1,2B,1
382,accepted,,3bd3cc7e9ef5e512,False,2A,2B,1,2A,1,2A,2B,2A,2B
383,accepted,,2507fe19e8e2ebfd,False,1,2A,1,2B,2A,1,2B,2B,2A
384,accepted,,ae80fc0ad858a7c4,False,2B,2A,2B,2A,1,2B,1,2B,1
385,accepted,,14ef6809bc322579,False,2B,1,2B,2A,2A,2A,1,2A,2A
386,accepted,,59fd1b4844034fcd,False,2A,2A,2B,2B,2A,2A,2B,1,2B
387,accepted,,fc218a9e0b4fc718,True,2A,2B,2B,2B,2A,2A,1,2A,1
388,accepted,,54676db583ba41b4,False,1,2B,2B,2A,2B,2B,1,2B,2A
389,accepted,,3b340c917634bf0b,True,1,2B,2B,2B,2A,1,2B,2B,2B
390,accepted,,dcb03908a557eb01,True,2A,1,2B,2B,2B,2B,2B,2B,2B
391,accepted,,c74551489e43b5b7,False,1,2A,2B,2B,2A,1,1,1,1
392,accepted,,a617c3ea1a6ea3a9,False,1,2B,2B,2B,2A,2B,1,2B,2A
393,accepted,,ee5bf154a7190406,True,1,2B,1,2B,1,2B,2B,2B,2B
394,accepted,,a3378e70786d8aab,False,2B,2A,1,2A,1,1,1,2B,2B
395,accepted,,503a7318f603742f,False,1,2B,1,2A,2B,1,2B,2A,1
396,accepted,,61c5202dea7d2e5e,False,2A,1,1,2A,1,1,2B,2B,2B
397,accepted,,613d8adefae194ef,True,1,2B,2B,2A,2A,2B,1,2B,1
398,accepted,,d2156620752bc15a,False,1,2A,1,2B,2B,2B,2B,2A,2B
399,accepted,,e9b17b3ac212bdd4,True,2B,2B,1,2A,2A,2B,1,1,1
400,accepted,,68ea0aa2ca579d27,True,1,1,2B,2B,2B,2A,2B,1,1
401,accepted,,ce7042163269e605,False,2A,2A,2B,2B,2A,2A,2B,2A,2B
402,accepted,,fb5b3b403ee002ac,False,1,2A,1,2A,2A,1,2B,2B,1
403,accepted,,bac70042fea9add1,False,2A,2B,1,2B,2B,1,1,1,2B
404,accepted,,c23f26e82b1a0a09,False,2B,2B,2B,2A,1,1,1,1,2B
405,accepted,,0bc853a8cee74cb3,False,2A,2A,2B,2A,1,2A,1,2B,1
406,accepted,,7943fe5ab19491ca,False,1,2A,1,2B,2A,2A,1,2B,2B
407,accepted,,960515ed2c90fc3f,False,1,2B,1,2A,2A,2A,2B,2A,2B
408,accepted,,55232387dc7a2dcf,True,2B,2B,2B,2A,2B,2B,1,1,2A
409,accepted,,2a6ad0abeb9533ce,False,1,2A,1,2B,2A,1,2B,1,2B
410,accepted,,1e5104bce11aace9,False,2B,2B,2B,2B,2A,1,1,2A,1
411,accepted,,b070acc4d95a2eb5,False,2B,2B,1,2A,2B,2A,1,1,1
412,accepted,,409a12a6cbbe27ac,True,1,2A,1,2B,2B,2B,1,2B,2A
413,accepted,,515fffef905ef2c1,True,2B,2B,2B,2A,2A,2B,2B,1,2A
414,accepted,,1955c6809e98d230,False,2B,2A,1,2A,1,2A,2B,2B,2B
415,accepted,,0881b8f0381c6fb2,True,2B,2B,2B,2A,1,2B,1,2A,1
416,accepted,,4c63f652f84bce17,False,1,2B,1,2B,2A,2A,2B,1,2A
417,accepted,,4cafa8754dc222ca,False,2B,1,2B,2A,2B,2B,1,2A,2A
418,accepted,,548ca5bd9ed7ac4a,False,2A,2B,1,2B,2B,2A,1,2A,2A
419,accepted,,d9485299ef189360,True,2B,2B,2B,2B,2B,1,1,2A,2B
420,accepted,,249219c7ef1cdc4e,False,2B,1,2B,2B,2B,2A,2B,2B,2A
421,accepted,,89142723ed2b9236,True,1,1,2B,2B,1,2B,1,2B,2B
422,accepted,,fa43aa559720267a,True,2A,2A,1,2A,2A,1,1,2A,2A
423,accepted,,b64adc6dd3e7a094,False,2A,2A,2B,2B,2A,2A,2B,2B,1
424,accepted,,4178a49bcb07ef0d,False,1,2B,1,2A,1,2B,2B,1,2A
425,accepted,,072ac6e130737930,False,1,2A,1,2A,2B,2A,2B,2A,2B
426,accepted,,a937dd5e79e5663b,True,2B,2A,1,2A,2A,2A,1,1,2B
427,accepted,,f97831a06e922db6,True,2B,2A,2B,2A,2B,2A,1,1,2B
428,accepted,,e8f494537c635178,True,2B,1,2B,2B,1,2B,1,2B,2A
429,accepted,,ee2d799bc1fe41d4,False,2B,2A,2B,2A,2A,1,1,2A,2A
430,accepted,,965f10075dc53745,True,2B,2B,1,2B,2A,2A,1,2A,1
431,accepted,,0232ec48b5d77952,True,1,2A,2B,2B,2B,2A,1,2B,2B
432,accepted,,55e559f9822738a2,True,2B,1,2B,2A,2B,1,2B,2A,1
433,accepted,,61c3921d654d3d35,False,2B,1,2B,2B,2A,2A,1,2A,2A
434,accepted,,7753916587399277,False,1,2A,2B,2A,1,1,2B,2A,2B
435,accepted,,2e91a79660415329,True,2B,2B,2B,2A,2A,1,1,2B,2A
436,accepted,,d8a05c9a632e9927,True,2A,1,1,2A,2B,1,1,1,2A
437,accepted,,9a866fb0a298afd5,False,1,2A,1,2B,2A,1,2B,2B,2A
438,accepted,,8a5287c9ff40b467,False,2B,2B,1,2A,2A,2B,2B,2A,2B
439,accepted,,5ecc9c4bd97b203b,True,2A,2B,2B,2B,1,2B,2B,2A,1
440,accepted,,28ca02c4bd32e73d,False,2B,2B,2B,2A,2A,2A,2B,2B,2A
441,accepted,,0a126351b6072247,True,1,2A,2B,2A,1,1,2B,2B,2A
442,accepted,,c6430ef4b4c23a65,False,1,2B,2B,2B,1,2A,1,2A,2A
443,accepted,,9f3f1a4742deef91,True,2B,2B,1,2A,2A,2B,2B,1,2B
444,accepted,,3238f4435f098d3f,False,1,1,1,2A,2B,2B,1,2A,2B
445,accepted,,b80bf6d839ebc7f0,True,2B,2A,2B,2B,2A,2B,2B,2A,2B
446,accepted,,6fc731da385b7ec7,False,2A,2B,1,2A,2B,2B,1,2B,1
447,accepted,,fd4a8dbb311c6828,False,1,2A,2B,2A,1,2A,1,1,2B
448,accepted,,9bbac2772b72b946,True,1,2B,2B,2B,2A,2A,1,2A,2B
449,accepted,,2b4df2f69993e3c5,True,2A,1,1,2A,1,2B,1,2A,2B
450,accepted,,519d34bf2ac627f2,True,2A,2A,2B,2B,2B,2B,1,2A,2B
451,accepted,,725675e3f52a2c5b,False,2B,1,2B,2B,2B,2B,2B,2B,2A
452,accepted,,886937484409b716,False,1,1,2B,2B,2A,1,2B,1,1
453,accepted,,c3d1280a6ceefbd8,True,2B,2A,1,2A,1,2A,1,1,2B
454,accepted,,539aafb98676460b,False,2A,1,1,2A,1,2B,1,2B,2A
455,accepted,,ea177d2be7e737ab,True,2B,1,1,2A,1,2B,1,1,2A
456,accepted,,f94e6e09541dd88b,False,2A,1,1,2B,1,1,2B,1,2B
457,accepted,,c551aaa8827d2aae,True,1,2B,1,2A,2B,2A,2B,2A,2A
458,accepted,,11230be6f391d44b,True,2B,2A,1,2B,2B,2B,2B,1,1
459,accepted,,e9a341e7c4016de4,True,2B,2B,2B,2B,2B,1,1,2A,2A
460,accepted,,eaaf26d769223c75,True,1,1,1,2B,2B,2B,1,2B,1
461,accepted,,92b8cc8eace78181,False,2A,1,1,2B,1,2A,2B,2B,2B
462,accepted,,21cebe1f94887959,False,1,2B,1,2B,1,2B,1,1,2A
463,accepted,,fcd3e4ce031c9e64,False,1,2A,2B,2B,1,1,2B,2B,2A
464,accepted,,5c44d6e545df16a6,True,1,1,2B,2B,2B,2A,1,2B,1
465,accepted,,631c353c08c2e768,True,1,2A,1,2A,2A,2A,1,2B,2A
466,accepted,,33fae7d8781e6665,True,1,2B,1,2A,2B,2B,2B,1,1
467,accepted,,27218ef4eabe8e7c,True,1,2B,2B,2B,2A,1,1,1,2A
468,accepted,,19384fc9a34ba2ef,False,1,2B,2B,2B,2B,2A,2B,2B,2B
469,accepted,,da2cbf7ad8826b85,False,1,2A,1,2B,2A,2B,1,1,2B
470,accepted,,57c6684ddfc17674,False,2B,2A,2B,2B,2B,2B,2B,1,2A
471,accepted,,59d23021f9568a1c,True,1,2B,1,2A,2A,2A,2B,1,1
472,accepted,,9a3b2b272f8295f6,False,2A,1,2B,2B,2A,2A,2B,1,1
473,accepted,,9fac585e091fc7f2,False,2B,2A,2B,2B,1,2A,2B,2A,2B
474,accepted,,eb394906902905a5,False,2B,1,2B,2A,1,2A,1,2A,1
475,accepted,,7d2bf8d27747e152,True,2B,2A,1,2A,2A,2A,2B,2B,2B
476,accepted,,54f7d47963e1bb25,False,2B,2A,1,2A,2A,2B,1,2A,1
477,accepted,,10f4433277b6d4fb,True,1,2A,2B,2A,1,2A,2B,1,1
478,accepted,,329ac45a8705117b,True,2A,2B,2B,2A,1,2A,1,1,2A
479,accepted,,f55a4c7a522af572,False,2B,2A,1,2A,1,2B,2B,2B,2A
480,accepted,,c45560b34d426060,True,1,2A,1,2B,1,2A,2B,2B,1
481,accepted,,107cf8366b3dc79d,False,2A,2B,1,2B,2B,2B,1,1,2B
482,accepted,,cda165adf7921f2c,False,2B,2B,1,2A,2B,2B,1,2A,2A
483,accepted,,02560f19f2b1e89d,False,2A,1,1,2A,2A,1,1,1,1
484,accepted,,87e9021ba2af5948,False,2B,2A,1,2A,2A,2A,2B,2B,2A
485,accepted,,fac98e9113691e14,False,2B,2B,1,2A,1,2B,1,1,2A
486,accepted,,50a92329054f2083,False,2B,2A,2B,2B,2B,2B,1,2A,2A
487,accepted,,0830ae21ac57406e,True,2A,2A,1,2B,2B,2A,2B,2A,1
488,accepted,,db24505aaec37101,False,2B,2B,2B,2B,1,2A,2B,1,2B
489,accepted,,ac78c7ba9e882809,False,2A,2A,1,2A,2B,2B,2B,2B,1
490,accepted,,a30f4d6d1bc694f8,False,2B,2B,2B,2B,2B,2B,2B,2B,2A
491,accepted,,bfab91b06dbf7824,True,2B,1,2B,2A,1,1,2B,2B,2B
492,accepted,,c9584f48fdac4166,True,1,1,2B,2A,2B,2A,2B,1,1
493,accepted,,d0fc82bb4a3e81da,False,2B,2B,1,2A,2B,1,1,1,2B
494,accepted,,228a6b7cbe1378e7,True,1,1,1,2B,2B,1,2B,2A,1
495,accepted,,5ce669375572dc28,False,2B,2A,1,2B,2B,2B,1,1,2B
496,accepted,,384e842882466424,True,2A,2B,1,2B,2A,2A,2B,2A,2A
497,accepted,,cd7f85376ccd4c78,True,2A,2B,1,2B,2A,2A,2B,2A,2A
498,accepted,,00b49a1fd8d3de50,False,1,2A,2B,2B,1,1,1,1,1
499,accepted,,9ed821e66a029a60,True,2A,1,2B,2A,2A,2B,2B,2B,2A
500,accepted,,91ce6fdee184de05,False,2A,2B,1,2B,1,2B,1,2B,2B
501,accepted,,c032a3d9818e2878,True,2A,2B,1,2B,1,2B,1,2B,2A
502,accepted,,19672739dbfa32c5,True,2B,2A,2B,2B,2A,2A,2B,2A,1
503,accepted,,8a868c8337ffb00e,True,1,2A,2B,2B,2A,2B,1,2B,2A
504,accepted,,066f731eb64a3b47,True,2A,2A,1,2A,1,1,1,1,2B
505,accepted,,79174d9b39c43233,False,1,2A,2B,2B,1,2B,1,2B,2B
506,accepted,,743b27ba36dfac6d,False,2B,2A,1,2A,1,2A,1,2A,2A
507,accepted,,769ef072420a9944,True,1,1,1,2B,1,2B,1,2A,1
508,accepted,,7a8768d7435ce4f3,True,2B,2B,1,2B,2A,1,1,2B,2A
509,accepted,,10d313fc4bb36667,False,2A,1,1,2A,2A,2A,2B,1,2A
510,accepted,,6caed2dab7c14de4,True,2B,2A,2B,2B,2B,1,1,1,1
511,accepted,,fff8df79638397a9,False,2B,2B,2B,2A,2B,2A,2B,2B,1
512,accepted,,9a678b68c338c168,True,1,1,2B,2B,2B,2B,1,2A,2A
513,accepted,,85d781bc50bdbe33,True,2B,1,1,2B,2B,1,2B,2B,2A
514,accepted,,dc6a22d0d468f5b3,True,2B,2A,1,2A,2B,1,2B,1,2B
515,accepted,,0ec026cd1b22cdcd,False,2B,2A,2B,2B,1,2B,2B,2B,2A
516,accepted,,4ad86518bcdc3b96,True,2A,1,1,2A,2A,1,1,2A,2A
517,accepted,,9567842797facc2b,True,2A,2A,1,2B,1,2B,1,2A,2A
518,accepted,,81e2ef170db26366,False,2B,1,2B,2B,2A,2B,2B,1,2A
519,accepted,,a6c37c70a7f2e6a3,False,1,2A,2B,2A,2B,1,2B,2B,2A
520,accepted,,23fe6753ba96db89,True,1,2B,2B,2B,2B,2A,2B,1,1
521,accepted,,3b0f775b3f9e90a2,False,2B,1,2B,2B,2A,2B,2B,2A,2B
522,accepted,,34522c41ae015fe1,False,2A,1,1,2A,2B,2A,2B,2A,2A
523,accepted,,45fbdfb8194714c8,True,1,1,1,2B,1,2B,1,2B,1
524,accepted,,b941a7ee9f76768e,False,1,2B,1,2A,1,2B,1,2A,2A
525,accepted,,0b867acde1a59588,True,1,1,2B,2B,1,2B,1,1,2A
526,accepted,,af89efe36be4a79e,False,2B,2A,2B,2A,2A,2A,2B,2A,2A
527,accepted,,0ac19b90090ea65a,False,2B,2A,2B,2A,1,2A,2B,2A,2B
528,accepted,,dc61c19a9b1206c4,False,2B,2B,1,2B,2A,2B,2B,1,2A
529,accepted,,b87e45f743b919c2,True,2A,1,1,2A,1,2A,2B,2B,2B
530,accepted,,eeeb167c1882c34a,False,1,1,2B,2B,2B,2B,2B,2B,2B
531,accepted,,d00ad1fbc21c17d5,True,1,2A,1,2B,1,2B,1,2A,2A
532,accepted,,56c47a0058aeff28,False,2A,2B,1,2A,2A,2A,2B,1,1
533,accepted,,fe2cae4961d1bfc8,False,2B,1,1,2B,2B,2A,1,2A,2B
534,accepted,,714dff3287d3d63a,True,1,1,1,2B,2A,2B,2B,2B,2B
535,accepted,,b574639db6d13228,False,2A,2A,1,2B,1,2A,2B,1,2B
536,accepted,,a7d0e252a27d71c6,True,2B,2B,2B,2A,2B,2A,2B,2A,1
537,accepted,,ef2c608c0787c0b0,True,1,2B,1,2B,2A,2B,1,2B,1
538,accepted,,27c5e83b8d876e38,False,2B,2B,1,2B,2B,1,1,2B,2B
539,accepted,,fbeec72d00a54bf8,True,2A,1,2B,2A,1,2B,2B,1,1
540,accepted,,7fe744561dbbabf6,False,2A,2B,2B,2A,2A,2B,1,2A,2B
541,accepted,,02b98b0f63a55357,False,2B,2B,2B,2B,2A,1,1,1,2B
542,accepted,,2e700328b9dc3027,False,2B,2B,2B,2A,2A,2B,2B,2B,2A
543,accepted,,1a10f8b66f79d34f,True,1,2B,1,2A,2A,1,2B,1,2B
544,accepted,,84f22a2998c05fe8,True,1,2B,2B,2B,2B,2B,1,2B,1
545,accepted,,9e92be32c5eb4b3d,True,1,2B,1,2A,2A,1,1,2A,2A
546,accepted,,c901916ac49ed974,False,1,2A,1,2B,1,2A,1,2B,2A
547,accepted,,e83a4cd1d2f3a7c6,True,1,2B,2B,2A,2A,1,1,2A,2B
548,accepted,,1ee1d7aafbd434a3,True,2A,1,1,2B,1,2A,1,1,2A
549,accepted,,651f0b5db8f3d99d,True,2A,2B,2B,2A,2A,2B,2B,1,2A
550,accepted,,2152744c36afe69c,False,1,2A,1,2A,1,2A,1,1,2A
551,accepted,,55b736dc9bde1b15,False,2B,1,2B,2B,1,2B,2B,1,1
552,accepted,,9691d3aa8405e77d,False,2B,2B,2B,2A,2A,2B,2B,2B,1
553,accepted,,7b202749b58ad816,False,2B,1,1,2A,2B,1,2B,2B,1
554,accepted,,b09e9334dfcaa15c,True,2B,2B,2B,2B,2B,1,2B,2A,2B
555,accepted,,9a03ef475f610db9,True,2B,2B,1,2A,2A,2A,1,1,2B
556,accepted,,6906956cb8412683,True,2A,1,2B,2A,1,2A,2B,2B,1
557,accepted,,d1c05aac5cbc2ba9,True,2B,1,1,2B,2A,2B,1,2A,2B
558,accepted,,2117089c0c350053,True,1,1,1,2B,2B,2B,1,2A,2B
559,accepted,,f948ed086bb149bb,False,1,1,1,2B,2A,2B,2B,2B,2B
560,accepted,,b50526b557cbcd07,True,2A,2B,2B,2B,2A,2A,2B,2A,2A
561,accepted,,97ec0f2157d632d0,False,1,2B,1,2A,2B,2B,2B,1,2B
562,accepted,,3d37467709744e98,True,2A,1,2B,2B,1,2A,2B,2B,2A
563,accepted,,5b432debb2eb602b,True,1,1,1,2A,1,1,2B,2B,2B
564,accepted,,b6d0662179b713cb,False,1,2B,1,2B,2B,2A,2B,2B,2A
565,accepted,,bdb89241700e8b7c,False,2B,2A,2B,2B,1,2A,2B,1,2B
566,accepted,,d88019f1b814a232,True,2A,2A,1,2B,2B,2B,2B,1,2B
567,accepted,,8a316df059970ea1,True,2B,2B,1,2A,2A,2A,2B,2A,2B
568,accepted,,4b1e34d45ecd0284,False,2B,2B,2B,2B,2B,2B,1,2B,2A
569,accepted,,0df3aaa8fe70a123,True,1,1,1,2B,2A,1,1,1,2B
570,accepted,,b6e6f5693641154b,True,1,2A,2B,2B,2A,2A,1,1,2B
571,accepted,,884d874cf9ad72cf,True,2A,2A,2B,2A,2B,2A,2B,1,1
572,accepted,,782423573ce03667,False,2B,2B,1,2A,2A,2A,1,2B,2B
573,accepted,,f3d1c3768ae96f09,True,1,2B,1,2A,2A,1,1,2B,2B
574,accepted,,3b505f143d34ecb3,False,2B,1,1,2A,2B,2A,2B,1,1
575,accepted,,b331aa16f8ba2fd8,False,1,1,2B,2B,2B,2A,2B,2B,1
576,accepted,,f831df50682f411f,True,2A,2B,1,2A,1,2B,1,2B,2B
577,accepted,,fd38ebcea00638cf,False,2B,2A,1,2A,1,1,2B,2B,2A
578,accepted,,04140e043efc05d9,False,2B,1,1,2A,1,2B,1,2A,2A
579,accepted,,0759de191b34ba2b,False,2A,2A,2B,2A,2A,2A,1,1,1
580,accepted,,477710db5bff7ef4,True,2A,2B,2B,2A,2A,2B,1,2A,1
581,accepted,,27ba12acf0eee68c,False,2A,2A,1,2A,2A,2B,1,1,2A
582,accepted,,30c434c761b5326b,False,2A,2B,2B,2B,1,2B,1,1,1
583,accepted,,d99461f1813761b2,True,2B,2A,2B,2B,2B,2A,1,1,2B
584,accepted,,23fa733efae2e058,True,2B,2B,2B,2A,2B,1,2B,1,2A
585,accepted,,0ae7b4363addcc75,True,2A,2B,1,2A,1,2B,2B,1,2B
586,accepted,,1b93b209e422be95,False,1,2B,1,2B,2B,2B,2B,2B,1
587,accepted,,71761669cc922f52,True,2A,1,2B,2B,2A,2A,2B,2B,2B
588,accepted,,e2007cebbc1e13b0,False,1,2A,2B,2A,2B,2A,1,1,2A
589,accepted,,1cfea2d373328dd5,False,1,2B,1,2A,2B,2B,2B,1,2B
590,accepted,,ddc7f3ea51bd1a89,True,2B,1,2B,2B,2B,2B,2B,2B,2A
591,accepted,,474fc5254b5ebe40,False,2B,1,2B,2B,2B,2B,2B,2B,2B
592,accepted,,7f4c6d0111697205,True,2B,2B,2B,2A,2A,2B,1,1,2A
593,accepted,,c604a118e1372b72,True,1,2A,2B,2B,2A,2A,1,1,2A
594,accepted,,9e50a43db13e4834,True,2B,2B,2B,2A,2A,1,2B,1,1
595,accepted,,901b56bd8d3d3eec,False,1,1,1,2B,2B,1,1,1,2A
596,accepted,,f760eabe6179ef87,True,2A,2A,2B,2A,2A,1,1,2B,2A
597,accepted,,b1b1eea9bae59d31,False,1,2A,2B,2B,2B,2B,1,2A,1
598,accepted,,8863ae4da061f6e1,True,2B,2A,2B,2A,2B,1,2B,2B,2A
599,accepted,,c4da9fdadb0ff1bf,True,1,2B,1,2B,2B,2B,2B,2B,2B
600,accepted,,3373b479d66c9629,False,2A,2B,2B,2A,1,1,2B,2B,1
601,accepted,,776608f59488d625,True,2A,1,1,2B,2B,2B,1,2B,2A
602,accepted,,7249ac7953e79be4,False,1,1,1,2A,1,2B,1,2A,2A
603,accepted,,38c6bf84c91aaac3,False,2A,2A,1,2A,1,2B,2B,1,1
604,accepted,,ae85f3bf892aad2e,False,2A,1,2B,2A,2B,2B,2B,2A,1
605,accepted,,7df44d0c668e87cd,False,2B,2A,2B,2B,2A,2A,1,2A,2B
606,accepted,,a0736607a9b72c8d,True,2B,1,1,2B,1,2B,2B,1,1
607,accepted,,0c8598a11e44f969,True,2B,2B,2B,2A,2B,1,1,2A,2B
608,accepted,,74d727399b2588cb,False,1,1,2B,2B,2A,1,1,1,2A
609,accepted,,ddcc407f939ac815,False,2A,1,2B,2A,2A,2B,1,2A,2A
610,accepted,,53859d7d80ac4089,False,1,2A,2B,2B,2A,2A,2B,2A,2B
611,accepted,,f05524a7ceb6f58c,False,1,2A,1,2B,2A,1,1,1,2A
612,accepted,,6a49f35ac9f6acdb,True,2B,2A,1,2B,1,1,1,1,2A
613,accepted,,7b477f93e8fac664,True,1,2B,2B,2A,1,2B,2B,2B,2A
614,accepted,,6029621f429bf4e9,False,1,2A,1,2A,1,1,2B,1,2B
615,accepted,,8fb2fa99a5c68e04,False,2A,1,1,2A,2A,2A,2B,1,2A
616,accepted,,144665bf1cf328a2,True,2A,1,2B,2A,2A,1,2B,1,2B
617,accepted,,bcffb76f5c6dab25,True,2A,2A,2B,2A,2B,2A,1,2B,1
618,accepted,,8f1470f8edcf504c,False,2B,2A,1,2A,2A,2A,2B,2B,1
619,accepted,,978503edf4b4dee7,True,2B,2A,1,2B,2B,2A,1,2A,2A
620,accepted,,b3c09c6a47b0b710,True,2B,2A,2B,2B,1,1,2B,2B,2A
621,accepted,,87c9af9785b9e3ee,False,2B,1,2B,2B,2A,1,2B,2A,2B
622,accepted,,34a9edd9ca00504a,False,2B,2B,1,2B,1,2A,1,2A,2A
623,accepted,,ca7275a796e56522,False,2A,2B,2B,2A,2B,1,1,1,1
624,accepted,,d7aaaf2d3a8faefe,False,2B,2A,2B,2A,2A,2B,2B,2A,2A
625,rejected,integration_exception: array must not contain infs or NaNs,,False,2B,2A,2B,2B,2B,2A,1,1,2B
626,accepted,,3e57dc8e5d94c1ba,True,2A,2A,1,2B,2B,1,1,2A,2A
627,accepted,,5ad0fb92793c1b16,True,1,2B,2B,2A,2A,1,2B,1,2A
628,accepted,,0ad9c7358ecb7173,True,1,2B,2B,2A,2B,2B,1,2A,2B
629,accepted,,a4568bae73c7a671,True,2B,2A,2B,2A,2B,1,2B,2B,2B
630,accepted,,19a3b396e9ad08d6,False,2B,2A,1,2A,1,2A,2B,2A,2B
631,accepted,,32be48e2d016c875,True,1,1,2B,2B,2B,2A,2B,2B,2B
632,accepted,,f23fd17698c8e605,True,2A,2B,1,2A,2B,1,1,1,2A
633,accepted,,3b3f74fb0632319a,False,1,2A,2B,2B,2B,2B,2B,2B,2A
634,accepted,,b9c83200c541ded8,False,2A,2B,2B,2A,1,1,1,2B,1
635,accepted,,abe3920a5838caed,False,1,2A,1,2B,2A,2B,1,2A,1
636,accepted,,89986647ceca2521,False,1,2B,1,2B,2A,2B,2B,2B,2B
637,accepted,,6da84cbd66a6c9db,True,2A,2A,2B,2B,2A,2A,2B,2A,1
638,accepted,,ffc1d3b96ad000c0,False,2A,1,2B,2A,2A,2B,2B,2A,1
639,accepted,,b3474e019d56db20,False,1,1,1,2B,2A,2A,2B,2B,1
640,accepted,,6b181e60af27c936,True,2B,2A,2B,2A,2B,2A,1,2A,1
641,accepted,,de14440e54597720,False,2B,2A,2B,2B,2A,1,1,1,2B
642,accepted,,ad9fe8094afab07c,False,2A,2A,1,2A,2B,2A,2B,2A,1
643,accepted,,671b0ae816b73c59,False,2A,1,2B,2B,2A,2A,1,1,2A
644,accepted,,6dcfbdf57857e8fa,True,2B,2A,1,2A,2B,2A,1,2A,1
645,accepted,,4a90d9caf145c388,True,1,2A,2B,2A,2B,2A,2B,2A,1
646,accepted,,9dcd377e61f4587e,True,1,2B,2B,2A,1,2A,2B,1,2A
647,accepted,,8a31c82e155ad4cb,False,2A,2A,1,2B,2B,2A,2B,1,2B
648,accepted,,3487ad5a8559e061,False,1,2A,1,2A,2B,1,2B,2B,2A
649,accepted,,8fdaaf5d32108979,True,1,1,2B,2B,1,1,1,2A,1
650,accepted,,de1682331ce284b5,True,2A,1,2B,2A,1,2B,2B,1,2B
651,accepted,,d35c8bf888c85ddb,False,1,1,2B,2A,1,2B,1,2A,2B
652,accepted,,f7daf396b9bcaddd,False,2B,2B,2B,2B,2B,2B,1,2A,2A
653,accepted,,8c663451903540e8,True,2B,1,2B,2A,2A,2B,2B,2A,1
654,accepted,,04aa2cb98733f8da,False,2B,2A,2B,2B,1,2B,1,2B,1
655,accepted,,82f3a3c83b6b18e9,True,1,2A,1,2B,2B,1,1,2B,2A
656,accepted,,3dd9cdfa7c92e973,True,2B,2B,2B,2B,2A,2A,2B,2A,2B
657,accepted,,dc50fbb5084c330a,True,2A,2B,2B,2B,1,2B,1,2B,2A
658,accepted,,bd532042ae6ae4a9,False,1,2B,2B,2B,2A,2B,1,2B,2B
659,accepted,,fa6d1234290e38c2,False,2A,2B,1,2A,2A,2B,1,2B,1
660,accepted,,c8852b10ff17b821,True,1,1,1,2B,1,1,1,2A,1
661,accepted,,273be83f4b4c7369,True,1,1,2B,2A,2B,1,1,1,1
662,accepted,,758ba04d030e4147,False,2A,2A,1,2B,1,2A,2B,2B,1
663,accepted,,3767c015886aee56,False,2A,2A,1,2B,2A,2B,1,2B,2B
664,accepted,,5c8d99c73af94492,True,2A,1,2B,2B,2A,1,2B,1,2B
665,accepted,,0df6661ac6a3e578,False,1,2B,1,2B,1,2B,1,2A,2A
666,accepted,,edbebcc39276bacd,False,2B,1,2B,2B,1,2B,2B,2B,2A
667,accepted,,cac3b258b14c31ea,False,2A,1,1,2B,2A,2B,1,2B,2A
668,accepted,,8819cbd02cd1e833,False,2B,1,2B,2B,2B,1,1,2B,2B
669,accepted,,bee2fc327c1bd4a8,True,2B,1,1,2A,2A,1,2B,2A,2B
670,accepted,,5a45e5b9ffb2ddc1,False,2B,2A,2B,2B,2A,2A,2B,1,2A
671,accepted,,c6761af2a2a1a4bb,False,1,2B,1,2B,1,1,1,1,2B
672,accepted,,4f960ed8cd404b80,False,2B,1,2B,2B,1,1,2B,2B,2B
673,accepted,,3fd95e780acf32f4,False,1,1,1,2A,1,2B,1,2A,1
674,accepted,,ef715ad277cc7abc,False,2A,2A,1,2B,2A,1,2B,1,2A
675,accepted,,9fa8ebfeca5c2662,True,1,2B,1,2B,1,2B,1,1,2A
676,accepted,,c98e78582522da24,False,1,2A,1,2A,2B,2B,1,2B,2A
677,accepted,,ef7a6a64e5e7ef32,True,1,2A,2B,2B,1,2A,2B,2A,2B
678,accepted,,f5211bdfa02ac7dd,False,1,2B,1,2A,2B,2A,1,2A,2B
679,accepted,,5c12f4f382fefa48,True,1,2B,2B,2B,1,2B,2B,2A,2B
680,accepted,,11ff7896b427b446,False,2B,2A,1,2B,2A,1,1,2B,2A
681,accepted,,5225797c76146111,False,2B,2B,1,2A,1,2B,2B,2A,2A
682,accepted,,61cf4e6906309b3b,True,2A,1,1,2A,2B,2B,2B,1,2B
683,accepted,,ba756c964d64d641,False,2A,2B,1,2A,2B,1,2B,1,2A
684,accepted,,9abf11e898bc3053,False,1,2B,2B,2B,1,2A,2B,1,1
685,accepted,,b91108b84287db1a,False,2A,2B,2B,2B,2B,2B,2B,2A,2B
686,accepted,,48c5404b7df4b27a,True,2A,2B,2B,2A,1,1,1,2A,2B
687,accepted,,6fde16d891a8c715,False,1,1,1,2A,2A,2B,2B,1,1
688,accepted,,57fdb0af198d96bb,True,1,1,2B,2A,2A,1,2B,2A,2B
689,accepted,,1638ca7eeb63f97e,True,2B,2B,1,2B,2A,2A,2B,1,2A
690,accepted,,5cdf420c1b217485,True,2B,1,2B,2B,1,1,2B,2A,2B
691,accepted,,63207d6594e61d6b,False,2B,2A,1,2A,2B,1,2B,2A,2B
692,accepted,,ac60ec9b7b30044d,False,2A,2B,1,2B,2B,1,1,2A,1
693,accepted,,c26e512346ffbc42,True,2B,2B,2B,2B,2B,1,1,2A,2B
694,accepted,,6b2571b873bdb8c9,False,2B,2B,2B,2B,2B,2B,2B,1,2B
695,accepted,,7ca2ecd4a3b733c7,False,2A,2B,1,2A,2A,2A,2B,2B,2B
696,accepted,,1932d6ad0f1c921f,False,2B,1,2B,2B,2A,2B,1,1,2B
697,accepted,,d038062f92e6e2ce,False,2A,2B,1,2A,1,2A,2B,2A,1
698,accepted,,6ce1d3aa73a9fcba,True,2A,2B,2B,2A,2A,2A,2B,2A,2A
699,accepted,,3837ac6d69f86a4f,False,1,2A,1,2A,2B,1,2B,1,2A
700,accepted,,827ba8b78eabdb36,True,2A,2B,2B,2B,2B,2A,1,2B,2A
701,accepted,,a94a16744b579ee0,False,2B,1,1,2A,2A,1,2B,2A,2A
702,accepted,,524ed95c12acd1ff,True,1,2B,2B,2A,2B,2A,1,2B,2B
703,accepted,,33f93c94d58eedfb,True,1,1,1,2A,2A,2B,2B,2B,2A
704,accepted,,1fa0715cd5cb7ae0,True,2B,2B,1,2A,2B,2B,1,2A,2B
705,accepted,,60617095cc775fd8,False,2B,1,1,2A,1,1,1,2B,2A
706,accepted,,6724da28b2d5bbdf,True,2A,1,1,2B,2A,2A,2B,1,2B
707,accepted,,99079e3c02551652,True,2A,1,1,2A,1,2A,2B,2A,2B
708,accepted,,109992f4a4cce8bc,True,2B,2A,1,2A,2A,2B,1,1,2B
709,accepted,,1ac066328dd4e8b3,True,1,2A,1,2A,1,2A,1,2B,2A
710,accepted,,9d5742e6503ac2f3,False,2A,2A,1,2A,2A,2A,1,2B,1
711,accepted,,6d06870a51e4350d,True,1,2B,1,2A,1,2A,2B,2A,1
712,accepted,,dedefce4b646cf72,False,1,2A,2B,2B,2B,2B,1,1,2A
713,accepted,,09eee509dc903d2a,True,2B,1,1,2B,1,2A,1,1,2B
714,accepted,,f637910fb4027bff,False,1,1,2B,2A,1,1,2B,2B,1
715,accepted,,bfd04b5f17772433,False,2A,1,2B,2B,2A,2B,2B,2B,1
716,accepted,,a20a4922ba2984f0,False,2B,2B,2B,2A,2A,2B,1,2A,1
717,accepted,,beee603fa4233263,False,2A,2A,2B,2B,1,2B,1,2A,2A
718,accepted,,06f5f5ab1879a506,False,2B,2B,1,2B,2B,1,1,2A,1
719,accepted,,b60895ffc7a1faaa,False,2B,2B,2B,2B,1,1,2B,2B,2B
720,accepted,,e508e16420394b68,False,2A,2A,2B,2A,1,1,2B,2A,1
721,accepted,,41dfc22ecb6990ca,False,2B,1,1,2B,1,1,1,2B,2B
722,accepted,,aa0ac41da27ed481,False,1,2A,1,2A,2A,2B,2B,2A,2A
723,accepted,,8f7ab6a83e5fecf3,False,2A,1,1,2B,2B,1,1,2A,2A
724,accepted,,dc39b29e4deafec9,False,2B,2B,1,2B,2A,1,1,1,2A
725,accepted,,018000577f0a85f1,False,2B,1,1,2A,2B,1,1,2B,1
726,accepted,,648b6b234dcb0d2f,False,1,1,1,2A,2A,2B,1,2A,1
727,accepted,,47dc1a93eff45392,True,2B,1,2B,2B,2B,2A,2B,2A,2A
728,accepted,,838293ba1645375a,False,1,2B,1,2A,2B,1,1,2B,1
729,accepted,,704fbe5658b36e76,False,2A,2A,2B,2B,2A,1,1,1,2A
730,accepted,,b2d5c6e1fec5f6f6,False,2B,1,2B,2B,2B,1,1,1,2B
731,accepted,,b887718d4cfe97ea,False,2A,1,2B,2B,2B,2A,1,1,2B
732,accepted,,879b31813a7125e0,True,2A,2A,2B,2B,1,2A,1,1,1
733,accepted,,d1ee93a9efdc9bc1,False,2A,1,2B,2B,2A,2A,1,1,2B
734,accepted,,0db52ebae8162c01,True,2B,2B,2B,2A,1,2B,1,1,2B
735,accepted,,bef33f07254c830e,False,1,1,1,2A,1,1,1,2B,1
736,accepted,,7d9c1bda9cabcea1,False,2B,2B,2B,2B,2B,2A,2B,1,2A
737,accepted,,26de1ad91e687fea,False,2A,2B,2B,2A,1,2A,1,1,2A
738,accepted,,09a6719b2967e0eb,False,2A,2B,1,2A,2B,2B,1,2B,1
739,accepted,,84c46683d2d5fee0,True,2A,2A,2B,2A,2B,2B,2B,2A,2A
740,accepted,,4c1d0226322b0a60,False,2B,1,1,2B,2A,2A,1,2A,2A
741,accepted,,a5fe8092bcd02008,True,2B,2A,2B,2B,2B,2A,1,2A,2B
742,accepted,,33aaadefbe9f2429,False,1,2A,1,2A,2A,1,2B,1,2B
743,accepted,,88a90e696098a126,True,1,2B,1,2A,2A,1,1,2B,1
744,accepted,,a6601a86e9527933,True,2A,2A,1,2B,2B,2A,1,1,2B
745,accepted,,f1ea8158c8939ce9,False,1,1,1,2B,2A,2A,1,2B,1
746,accepted,,daa4787fd1e6e87d,True,2B,1,2B,2B,2B,1,2B,2A,2B
747,accepted,,c98542192d33ae6e,False,1,1,2B,2B,1,2A,2B,2A,1
748,accepted,,bf0d18cc0bf5fd1b,True,1,2A,2B,2A,2A,1,1,2A,1
749,accepted,,cac1a3a25dd83342,False,2A,1,1,2B,1,1,1,2A,2A
750,accepted,,4c96f3ae06003cad,False,2A,1,2B,2A,2B,2A,2B,1,1
751,accepted,,c86b2561aa37c2bb,True,2A,2B,2B,2B,2A,2A,2B,2B,2A
752,accepted,,877e71b47136eee8,False,1,1,1,2A,2A,2B,2B,2B,1
753,accepted,,46ec7637072ccbd0,False,2A,1,1,2B,2A,2B,1,2B,2B
754,accepted,,88d9cb2d269ade00,False,1,2A,2B,2B,2A,2B,1,2B,1
755,accepted,,74693fc664992ef4,True,2A,1,1,2B,1,1,2B,2B,2A
756,accepted,,1ca42fda5163303e,False,2A,2B,2B,2B,2B,2B,1,2B,2B
757,accepted,,48f759b492169e3a,False,2A,2B,2B,2A,1,2B,1,2A,1
758,accepted,,869d4c2e19ba0567,True,2B,2B,1,2B,2A,2B,2B,1,2A
759,accepted,,5c230a1e3d7a981f,False,2A,2B,1,2A,1,1,2B,1,2B
760,accepted,,3e558ac19ad8cd68,False,2A,2B,2B,2A,2B,1,1,2A,2A
761,accepted,,0323ddf553a29efa,True,2A,1,1,2B,2B,2B,2B,2B,2A
762,accepted,,2359bb227eab55e3,False,1,2B,2B,2A,2B,2A,1,1,2A
763,accepted,,a6a84329b76d0ccd,False,2A,2A,2B,2A,2B,2A,1,2A,2A
764,accepted,,ea92749077b67566,False,1,2A,2B,2B,2B,2B,2B,2A,2A
765,accepted,,f8c9aa73ee51748d,False,1,1,2B,2A,2B,1,1,2A,1
766,accepted,,a22da7a0d0870853,True,2B,1,2B,2B,2B,2B,1,1,1
767,accepted,,a28588cc491ffe3a,True,1,2B,1,2A,2A,1,1,2B,2B
768,accepted,,3a873b6d2a18ca53,False,1,2B,1,2B,2B,2B,1,1,2A
769,accepted,,5f76e828026148d3,True,2A,1,1,2A,2B,2A,2B,2A,2B
770,accepted,,c340646b55e7cfbe,False,2A,2A,1,2A,1,1,2B,2A,2A
771,accepted,,a8410f3fe0dad805,False,2A,2B,2B,2A,2B,2B,1,2A,2B
772,accepted,,b307ff09499b2bc0,True,1,2A,1,2B,2A,2A,2B,2A,2B
773,accepted,,9b5cc8c99c3a39a5,True,2A,2A,1,2B,2B,2B,1,2B,2B
774,accepted,,9b5909e70200db37,True,2A,2B,2B,2B,2A,2B,2B,1,2B
775,accepted,,d01d1d5c32d21e40,False,2A,1,1,2B,2B,2B,1,2B,2B
776,accepted,,ff4699312b332f89,False,2B,2B,2B,2A,2A,1,2B,1,2A
777,accepted,,d39439ffa1a18b74,True,2A,2B,1,2B,2A,2B,2B,2B,2A
778,accepted,,cac59dfde282cb15,False,1,1,1,2A,2A,1,1,1,2A
779,accepted,,58d3b6aa05220ae0,False,2B,1,1,2B,1,1,1,2A,2A
780,accepted,,6b2b46b3f8ae39c4,False,1,2A,2B,2B,1,2B,2B,1,2B
781,accepted,,edebe21fdb4a9e64,False,2A,1,1,2B,2A,2B,1,1,2A
782,accepted,,3832857ca20739d4,False,1,2A,2B,2A,2A,2B,1,2A,1
783,accepted,,bc449128ab74c2ae,False,1,2A,2B,2B,1,2A,1,1,2B
784,accepted,,3c863afaba260c09,False,1,2A,2B,2A,2A,2A,1,1,1
785,accepted,,b74e96a2a0799171,False,2B,2A,2B,2A,1,1,2B,1,1
786,accepted,,9f9533ec6038070f,False,2A,2A,1,2A,1,2A,1,1,1
787,accepted,,2b1da97484aba73b,False,2A,2A,1,2B,1,1,2B,1,2B
788,accepted,,bcd0902b95aa444e,True,2A,2B,2B,2A,2A,1,1,2A,1
789,accepted,,525ae23c17c11f12,False,2A,2A,1,2B,2B,2A,1,2A,2A
790,accepted,,45a409e25de53d4a,True,2B,2A,2B,2A,1,1,1,2A,2B
791,accepted,,8ce5178753dc0770,False,2A,2B,1,2B,2B,1,1,1,2B
792,accepted,,489ecc961314f8f6,False,2A,1,2B,2A,1,2B,1,2B,2B
793,accepted,,727a089fa83cc9d2,False,2A,2B,2B,2A,2B,2B,1,2A,1
794,accepted,,0bc3e06339ba5b01,True,2B,1,1,2B,2A,2B,1,1,2A
795,accepted,,17ace9f6a7bdb5e8,False,2B,2B,1,2B,2A,1,1,1,1
796,accepted,,0edbe0beb31f7c3b,True,2A,2A,2B,2A,2A,2B,2B,2B,2B
797,accepted,,8be9d63d3c35f927,False,1,1,2B,2A,2B,2B,2B,1,1
798,accepted,,3d4ca44038dbda2b,False,1,2B,2B,2B,2A,1,2B,2A,1
799,accepted,,784d4455cc90dbcb,False,2A,1,2B,2A,2B,1,1,1,2A
800,accepted,,c1bbb2f813a90cda,False,2B,1,2B,2A,2A,2A,1,1,1
801,accepted,,55f6b020c6634994,False,2A,1,2B,2A,2A,1,2B,2B,2A
802,accepted,,e65b3da5da0679c6,True,1,1,2B,2B,2A,2B,2B,2A,2B
803,accepted,,6574529b7e1994d9,False,2B,2A,2B,2B,2A,2B,1,2A,2B
804,accepted,,41efd8bb65b71654,True,2B,2A,1,2A,2B,1,2B,1,1
805,accepted,,53d1cc2fcdd32094,False,2A,2B,2B,2B,1,2A,1,2B,2A
806,accepted,,7e8eefe11d9f064b,False,2A,2B,1,2A,2B,1,1,2A,1
807,accepted,,e4d855985a37b298,False,1,1,2B,2A,1,1,2B,1,2A
808,accepted,,49edc2157717fdd7,True,2B,2B,1,2B,1,2B,1,2A,2A
809,accepted,,040ce15b09451ee2,True,1,2B,2B,2B,1,2B,2B,2B,2B
810,accepted,,c3330d9343aebc9a,False,1,2A,2B,2B,2B,2A,2B,2A,2A
811,accepted,,469f68f403b437ce,True,1,2B,2B,2B,1,2B,1,1,2A
812,accepted,,7ea7255facf43e67,False,2A,2A,2B,2B,2A,2A,2B,1,1
813,accepted,,c8cdc8059acf6838,False,2A,1,2B,2A,2A,1,1,1,2B
814,accepted,,f0c93df5299fb5dd,True,1,2A,2B,2B,2B,1,2B,2A,2B
815,accepted,,5818e0e6ece7edb0,False,2A,2B,2B,2B,2A,1,1,1,2A
816,accepted,,b211d97dee66f055,True,1,1,1,2A,1,2B,2B,1,2B
817,accepted,,a8e39b229152da43,False,2B,1,1,2B,1,2B,1,2B,2B
818,accepted,,41be34d628e1f209,False,2A,1,2B,2A,2A,2B,1,1,2B
819,accepted,,dbb43600f8d6be33,True,1,2A,2B,2A,1,2B,2B,2A,1
820,accepted,,bee7e694f2f5d4b4,False,1,2A,2B,2B,2A,1,1,2B,1
821,accepted,,3880873dd40798ed,False,2B,1,2B,2A,1,1,2B,1,2B
822,accepted,,297d3bcc4e65123d,False,2B,2A,2B,2A,2B,2A,1,1,2A
823,accepted,,427b91a268a96e2a,False,1,2A,1,2A,2B,2A,2B,2A,2B
824,accepted,,14eeadf26b041817,False,2B,2A,2B,2A,1,1,2B,1,2B
825,accepted,,420fea5c15cdb576,False,2B,2A,2B,2B,2B,2B,2B,1,2B
826,accepted,,5344080580bd8860,False,1,2B,2B,2A,2B,2A,1,2A,1
827,accepted,,ed1bf715c4baccf3,True,2A,1,2B,2B,2B,2B,1,2A,2A
828,accepted,,9a57bc75eb8c73a3,True,2B,2A,2B,2A,2B,2A,1,2A,1
829,accepted,,21fe904f8da11f29,False,2A,2B,1,2B,2A,2A,1,2A,2A
830,accepted,,297484528b45e23c,False,1,2A,2B,2A,2A,2A,2B,1,1
831,accepted,,b07dc7bce868cdeb,True,2B,2A,1,2A,2B,2B,2B,1,1
832,accepted,,1f4935b3afc0c5fb,True,2A,2B,1,2B,2A,1,2B,2B,2A
833,accepted,,b333c45a7e6d1b80,False,1,2A,1,2A,2B,1,1,2B,2A
834,accepted,,a387329290219c11,False,2A,2A,1,2A,1,2A,2B,2A,2B
835,accepted,,6a4922b0d4f2c359,False,1,1,1,2B,2A,1,1,2B,2A
836,accepted,,b9fde17e9bd052a0,True,2B,1,2B,2A,1,2A,1,2A,2A
837,accepted,,ed2265d0b7fbf4a3,False,2A,2A,2B,2A,2A,2B,2B,2A,2A
838,accepted,,1904eb7971849eaf,True,2A,2B,2B,2B,1,2A,2B,1,1
839,accepted,,b77f04b3c5ec94fb,False,2A,2A,2B,2B,2A,2A,1,1,2B
840,accepted,,f34d9ed25a2e82c9,False,1,2A,1,2A,2B,2A,2B,2B,2B
841,accepted,,9fbceaea1184eb3c,False,1,2B,2B,2A,2B,1,2B,2A,1
842,accepted,,461c9c7d9db98beb,True,1,2B,1,2B,1,1,2B,1,2A
843,accepted,,1063d584a4b626da,False,1,2A,1,2B,2A,2A,1,2B,1
844,accepted,,1d59c370388dee02,True,2B,2B,1,2B,1,1,2B,2B,2A
845,accepted,,980dd277f8c2935a,False,2A,2B,1,2A,1,1,2B,2B,2A
846,accepted,,31796b986e62a08d,False,2B,1,2B,2A,2A,2A,1,2B,2A
847,accepted,,a65271df779403f9,True,2B,2B,2B,2A,2B,2A,1,2A,2A
848,accepted,,e95f23dd5253ba30,False,2A,2A,1,2B,2A,2A,1,2A,2B
849,accepted,,efe095376d18195b,False,2B,2B,2B,2B,2A,1,1,2B,1
850,accepted,,f2008f9d3bcfd8b5,True,2B,1,1,2B,1,2A,2B,2B,2B
851,accepted,,c7835bae22ab6b70,False,2A,2A,1,2B,1,2A,1,1,2B
852,accepted,,0367c8ce4cf8fa7c,False,2A,1,2B,2A,2A,2B,2B,1,2A
853,accepted,,0426ea9c63e030b6,True,2A,1,1,2A,1,2A,2B,1,1
854,accepted,,843f515903e2f6f8,False,1,2B,2B,2B,2A,1,1,2B,2B
855,accepted,,fdd8d57bc120347b,False,2B,2A,2B,2B,2B,2A,2B,1,1
856,accepted,,d7cc75d8d9cb1f21,False,2A,2A,1,2B,2B,1,2B,2B,2B
857,accepted,,2c034d3d226a4021,False,2A,2B,2B,2B,2B,2A,2B,1,2B
858,accepted,,d3910c435067b2a4,True,2A,1,2B,2B,1,1,2B,1,1
859,accepted,,702f5e224b118731,False,1,2B,2B,2B,2A,1,1,2B,2A
860,accepted,,fc14df49ed08e86b,True,2A,1,1,2A,2B,2A,1,2B,2B
861,accepted,,f6fa6e69d6310ee5,True,2B,2B,2B,2B,2B,2A,1,1,2B
862,accepted,,5a5056915c9ccf2d,True,1,2B,1,2B,1,2B,2B,2A,2B
863,accepted,,4c914f51c3acc093,True,2A,2A,2B,2B,2A,2B,2B,2A,2A
864,accepted,,8a6c2edcdcc4c9d3,False,1,2A,1,2A,2A,1,2B,1,1
865,accepted,,d80816cebd513ecc,False,2A,2B,2B,2A,2A,2B,2B,1,2A
866,accepted,,1a12797be72f9ad4,True,2B,2B,1,2B,1,2B,2B,2A,1
867,accepted,,87f7456ac6920a60,False,1,2A,2B,2A,2A,1,1,2A,2A
868,accepted,,0f9b64d6561866bb,False,2B,1,2B,2A,2B,2A,2B,2A,1
869,accepted,,7715bc5910afcab2,False,2A,2A,1,2A,1,2B,2B,2A,2B
870,accepted,,90680b4b2002792b,False,2B,1,1,2A,2B,2B,2B,1,2A
871,accepted,,42ef3334d04fbead,False,1,2A,2B,2A,2A,2A,2B,2B,2B
872,accepted,,e902cb7fa1bb651c,True,2B,2A,1,2A,1,2B,2B,2B,1
873,accepted,,66333baaa1308782,False,2A,2B,2B,2B,2B,2A,1,1,2B
874,accepted,,a85c19101f92747b,True,2B,2A,1,2B,1,2B,2B,2A,2B
875,accepted,,3510c841067e5f20,False,1,2A,2B,2B,1,2A,2B,2A,2A
876,accepted,,88683068c73c47ca,True,1,2A,1,2B,2B,2B,1,1,2A
877,accepted,,feac4c46d3d574f9,True,2A,1,2B,2B,2A,2A,1,1,1
878,accepted,,58ee7d4c18282648,False,1,2B,2B,2B,2B,2B,1,2A,1
879,accepted,,9028251dbb0538bf,False,1,2B,1,2B,1,2A,2B,1,2B
880,accepted,,ef7f970eda8b4878,False,2B,2B,2B,2B,2A,2A,2B,1,1
881,accepted,,dff7e624d76e0d59,False,1,1,1,2A,1,1,2B,2A,2B
882,accepted,,399654230848fe15,False,2B,2B,1,2A,1,1,2B,2B,2A
883,accepted,,c06edc615b49ef7a,False,1,2B,1,2A,2A,2A,1,2A,2B
884,accepted,,9d115cd616df38da,True,2A,1,1,2B,1,2A,1,1,2A
885,accepted,,077ba89fc7f28602,False,2A,2A,2B,2A,2A,2B,1,2A,2B
886,accepted,,4bdec5e6ac8b91c0,False,1,2A,2B,2A,2A,2B,1,2A,1
887,accepted,,b0180e208733cddc,True,2B,1,1,2A,2A,2A,2B,2A,2B
888,accepted,,a734621cb049f088,True,2B,2B,2B,2B,1,1,2B,1,2A
889,accepted,,1eb99e6cd62cf171,False,2A,2A,2B,2A,2B,1,1,2B,2A
890,accepted,,97d605eb6140f079,False,1,1,2B,2B,2B,2A,1,1,2B
891,accepted,,e8ff5ed810258fd2,True,1,2A,2B,2B,1,1,1,2B,2B
892,accepted,,4c66803723481581,False,1,2B,2B,2A,2B,2B,2B,2B,2A
893,accepted,,87da1f65a6c558a8,False,2A,2A,2B,2A,2A,2A,2B,2A,2A
894,accepted,,19a6a964e469f49a,False,2A,2A,1,2A,2A,1,2B,1,1
895,accepted,,7d2510ae1cdad34e,False,1,2B,1,2A,2B,1,1,2B,2B
896,accepted,,a62d598e6fd2740d,True,1,1,2B,2B,2A,1,2B,2B,1
897,accepted,,120be026f582c9f2,True,2B,2B,1,2B,2A,2B,2B,2B,2B
898,accepted,,3121219a2e783bf7,False,2B,2A,1,2A,2B,2B,1,2A,1
899,accepted,,66368ab75864b594,False,1,1,1,2A,2B,2A,1,1,1
900,accepted,,906d30c29e4c1ce5,True,1,2B,2B,2A,2A,2B,1,2B,2B
901,accepted,,72dea0a6fb604af6,False,2A,2B,2B,2B,2B,2B,1,2B,2A
902,accepted,,d9b32d85f5d75ca5,False,2B,2B,2B,2B,2A,2A,2B,1,2B
903,accepted,,18c4a9c76ca1d6cb,True,2A,2B,1,2A,1,2A,1,2B,2A
904,accepted,,4e73907b62a415e5,False,2A,2A,2B,2A,2A,2B,2B,2A,2A
905,accepted,,73cd1598e92118c8,False,1,1,1,2B,2B,2B,2B,2B,2B
906,accepted,,5bb792428b4d1cdb,False,1,2A,1,2A,2B,2A,2B,1,2B
907,accepted,,e06cd881b4eb8a14,False,2B,1,2B,2A,2B,1,1,2B,2B
908,accepted,,dd56a79f32027633,False,1,2B,1,2A,1,1,2B,1,2A
909,accepted,,9640436c5e1201f0,False,1,1,2B,2A,1,1,1,2A,1
910,accepted,,89c35b4764b14db3,True,2B,2A,2B,2B,2A,2A,1,2A,2A
911,accepted,,1d672523927e14b5,False,1,1,2B,2A,1,2B,1,1,2A
912,accepted,,b9416598e2f9255a,False,2A,1,1,2A,2B,2B,1,1,2B
913,accepted,,61273c6e91817d0d,True,1,2A,1,2B,2A,1,1,2B,2B
914,accepted,,7524134a34a09300,False,2A,2B,2B,2A,2A,2B,2B,1,2B
915,accepted,,1e27a7668dbd6274,True,1,2B,1,2B,1,2A,2B,2A,1
916,accepted,,c051f38f0263f7c1,False,1,1,2B,2A,2A,1,2B,1,1
917,accepted,,5c9a6905649a3b76,False,1,2A,1,2A,2B,2A,2B,2A,2B
918,accepted,,989fc04727fc9fc2,False,1,2A,2B,2B,2A,2B,2B,1,1
919,accepted,,7b609a5e0223aaa5,False,2A,1,2B,2A,2B,2B,1,1,2A
920,accepted,,fe35e87ca5ec7f20,False,1,2A,2B,2A,1,2B,2B,2B,1
921,accepted,,379df626597e3890,True,1,2B,1,2A,2A,1,1,2A,1
922,accepted,,349e821300ff64c0,True,1,2A,2B,2A,2B,1,2B,1,2A
923,accepted,,7d64f0b04c77331a,False,1,1,1,2A,2A,2B,2B,1,2B
924,accepted,,afa9e66dc46f9154,True,2A,1,2B,2B,2A,2B,2B,2B,2B
925,accepted,,4058c833cbfc6d5e,True,1,2A,1,2B,1,2A,2B,2A,1
926,accepted,,8e948bc924443cab,True,2B,2B,1,2A,2A,1,2B,2B,1
927,accepted,,4642fb6fd27d8f1c,False,2A,2B,1,2B,2A,1,2B,2B,1
928,accepted,,625bfa441873ca13,False,2B,1,1,2A,1,2B,1,1,2B
929,accepted,,76a5772e81fa76b8,True,1,2A,2B,2B,1,2A,1,2B,1
930,accepted,,4981dc842201002b,False,1,1,2B,2B,2B,2B,1,2B,2A
931,accepted,,4bd2318e4f2c72ee,False,2B,2B,1,2A,1,2A,2B,2B,1
932,accepted,,8bfd2d5b18600d8e,False,2A,2B,1,2A,1,2B,1,2A,1
933,accepted,,593727517efd00e2,True,1,2B,1,2B,1,2B,1,2B,2B
934,accepted,,6acb00a286fc3d64,False,1,2A,1,2B,2B,1,1,2A,1
935,accepted,,9d983a86caa91b76,False,1,1,1,2B,1,2A,1,2B,2B
936,accepted,,7157438f9078b9e4,False,1,2B,1,2A,1,1,2B,2B,2A
937,accepted,,97736803be12444d,True,2B,2A,2B,2B,2A,1,2B,2A,2B
938,accepted,,758e380e63de8516,True,1,1,1,2A,2A,2B,1,2B,1
939,accepted,,2be5690326a86536,False,2A,1,2B,2A,1,2B,2B,2A,2B
940,accepted,,18d55a6711111c42,True,2A,2A,2B,2B,1,1,2B,1,2B
941,accepted,,47c3797c03d96c4e,False,2A,2B,2B,2A,2B,1,2B,1,2B
942,accepted,,bf11091efbdbef5f,False,2A,2A,1,2A,1,2B,2B,2B,2B
943,accepted,,c09bd40453246596,False,2A,2A,2B,2B,1,2B,1,2A,1
944,accepted,,96cb3d283205f51a,False,1,2B,2B,2B,1,2B,2B,2B,2A
945,accepted,,0f740cfd7f60f06d,False,2A,2A,2B,2A,1,2A,1,2B,2B
946,accepted,,d4b14922a17681fd,False,2B,2A,1,2A,2A,2B,1,2A,1
947,accepted,,17012ab188f34bf8,False,1,2B,1,2A,2A,2B,1,2B,2A
948,accepted,,f14537bb2e16e3da,False,2B,2A,1,2B,2A,2A,2B,2A,2A
949,accepted,,e35d60b27fa23935,False,2B,1,2B,2A,2A,1,2B,1,1
950,accepted,,004f63e45de21501,False,2A,1,1,2B,2A,2A,2B,2A,2B
951,accepted,,bb77361b4ceede47,True,2A,1,1,2A,2B,1,2B,2B,2A
952,accepted,,64d8a433d3dcb0be,True,2A,2A,2B,2A,2B,1,2B,1,2A
953,accepted,,b0e8b893471aff44,False,2A,2B,1,2B,2A,1,1,2B,1
954,accepted,,0c20151dad37a843,False,2B,1,2B,2B,2B,1,2B,2A,2A
955,accepted,,dd0fb7d578fcb67d,True,2B,2A,2B,2B,2B,2A,1,1,2B
956,accepted,,aa5ac10755021426,False,1,2B,1,2B,2B,2A,1,2A,1
957,accepted,,9612287b58074181,True,2B,2A,1,2A,2A,2B,1,2A,2B
958,accepted,,1d53db0ae756a305,False,2B,2B,1,2B,2B,2B,1,2A,2B
959,accepted,,6d33520b5b4e6438,False,2B,2B,2B,2A,2B,2B,1,1,2B
960,accepted,,e5a7b237c039ca75,False,2A,1,1,2B,2A,2B,1,1,1
961,accepted,,8da6426c6d94bd19,True,2B,2A,2B,2B,2A,2B,1,1,2B
962,accepted,,b936cb05ce24e92c,False,2B,2A,1,2A,2A,2A,2B,1,2B
963,accepted,,a42295416f391750,True,2B,2B,1,2B,1,1,2B,2B,2B
964,accepted,,5acbdd0ab8928db5,False,1,2A,2B,2A,1,2B,2B,2B,2B
965,accepted,,487ca827ab7a57af,True,2A,2A,1,2B,1,1,1,1,2B
966,rejected,integration_exception: array must not contain infs or NaNs,,True,2A,2A,1,2B,2B,2B,1,2A,1
967,accepted,,372bd61d5a40bcbb,False,1,2A,1,2B,2A,2A,1,2A,2A
968,accepted,,4386775efadc5a06,False,2A,1,1,2A,1,2B,1,2B,1
969,accepted,,fd9b7fc3275559fc,False,2B,1,1,2B,2A,1,2B,2B,2B
970,accepted,,22b7c7e0d157e51d,True,2B,2A,1,2A,2B,2B,2B,2B,1
971,accepted,,b473cc938397bc73,False,2A,2A,1,2A,2B,1,2B,2B,2A
972,accepted,,b65cd9c4bec3a657,False,2A,2B,2B,2A,1,1,2B,2A,2B
973,accepted,,484909db15fa4d4d,False,2B,2A,2B,2A,2B,2B,1,2A,2A
974,accepted,,eb864dc18370d386,True,2A,2A,1,2B,2A,2A,2B,2A,2A
975,accepted,,cec226290a63f8d4,False,1,1,2B,2A,2A,1,1,2B,2B
976,accepted,,c73e856bac8e0a78,True,1,2B,2B,2B,2A,2A,1,2B,1
977,accepted,,609c66724e07964c,False,1,2B,1,2B,1,2B,2B,1,2B
978,accepted,,83d187cbfcc45fd0,True,2B,1,1,2B,2B,1,2B,1,1
979,accepted,,be10825dba0efa5e,True,1,2B,2B,2B,1,1,2B,2B,2A
980,accepted,,4f5a92bcd40bd186,True,2A,2B,1,2A,2B,1,2B,2A,2B
981,accepted,,0e3d3ca75911c3c1,False,2A,1,2B,2A,2B,2B,2B,2A,2B
982,accepted,,4df1644b63836da0,False,2A,2A,2B,2B,2A,2B,2B,2B,1
983,accepted,,1fcc8ce7c1e60ae8,False,1,2A,2B,2B,1,2A,1,2B,1
984,accepted,,ce609af60b259fcb,False,2B,1,1,2A,2A,2A,1,2A,2A
985,accepted,,adf2e1fe5315f2a5,True,2A,1,2B,2B,1,2A,1,1,2A
986,accepted,,ce1bdc37bfef086e,True,2A,1,2B,2A,2A,2A,2B,2B,2B
987,accepted,,076c8960a4492ef7,False,1,2A,2B,2B,1,2A,1,1,1
988,accepted,,83b84f5d4cef88b1,False,1,1,2B,2B,1,1,2B,2B,2B
989,accepted,,3d9c35334ea1c0fa,False,2B,2A,2B,2A,2A,1,1,2A,1
990,accepted,,afeb8df0438f9dc5,False,2B,2B,1,2A,1,2B,1,2A,1
991,accepted,,db390340fb791daa,False,2A,2B,2B,2A,2A,2A,1,1,2A
992,accepted,,43954da720271b40,True,1,1,1,2A,1,2A,1,1,2B
993,accepted,,eb79899506893719,False,1,2B,1,2A,2B,2A,1,1,1
994,accepted,,59f86ab09eb781cf,False,2B,1,2B,2A,2A,1,2B,1,2B
995,accepted,,242efea7a8c09c9b,True,2B,2B,1,2B,2A,2B,1,2B,2B
996,accepted,,cca90d284d55a0fd,True,1,2A,1,2A,2B,2A,1,2A,2A
997,accepted,,f42a6cc53dc28cdb,False,2A,2B,2B,2B,2A,1,1,2A,2B
998,accepted,,45e568ef17d277e2,True,2B,2A,2B,2A,2A,2B,1,2A,2B
999,accepted,,ad9c9a426b736ebe,False,2B,2A,1,2A,2B,1,1,2A,1
1000,accepted,,99a9bfe04e2f51ae,False,2A,2A,2B,2A,1,2B,1,1,1
1001,accepted,,6e0e1c4d67f2a745,True,2B,1,2B,2A,2B,2A,2B,2A,2B
1002,accepted,,e91bb48a2cb940fa,False,2A,1,1,2A,2B,1,2B,2A,2B
1003,accepted,,aa04a4bad29d4da5,True,2A,2B,1,2A,1,2A,1,2A,1
1004,accepted,,eb1b62d7618e8a18,False,2B,2A,2B,2A,2A,1,1,2A,1
1005,accepted,,dfca41c675f5c896,True,1,1,1,2A,2A,1,2B,2A,2A
1006,accepted,,34c7cb4fb9398587,True,2B,2A,2B,2B,2B,2A,2B,2A,2A
1007,accepted,,9a97024223cf71b9,False,1,2A,1,2B,2B,2A,2B,2A,2B
1008,accepted,,a4920a221d744a2a,True,2A,2B,1,2A,2A,1,1,1,2B
1009,accepted,,a571bd351a471127,True,2A,1,1,2A,1,2A,2B,2B,2A
1010,accepted,,6ce48334fa0c38d6,False,2B,2B,2B,2B,2B,2A,1,1,2A
1011,accepted,,5da94361a6286f63,False,2A,2A,2B,2B,1,1,1,2A,2A
1012,accepted,,17ecda2e1b77b471,False,1,1,2B,2A,1,1,2B,1,1
1013,accepted,,377498edd51cf110,True,2B,2A,1,2B,2B,1,2B,2A,1
1014,accepted,,dcedaf3c9181dcc6,False,2B,2B,1,2B,1,1,2B,2A,1
1015,accepted,,cb1b052d2d01f0b3,False,2B,2A,1,2A,1,2A,1,2B,1
1016,accepted,,3f6144a21a9a1787,True,2A,1,2B,2B,2A,2A,2B,1,1
1017,accepted,,b361c33af2922c86,False,2A,2B,2B,2B,1,2B,1,2B,2A
1018,accepted,,b29b75058e0b3800,False,1,2B,2B,2A,2B,2A,2B,1,2A
1019,accepted,,32b49903eedbe45f,True,2B,1,2B,2A,2A,2A,1,2A,2A
1020,accepted,,64308f9fe26513f7,False,1,1,2B,2A,2B,2A,2B,2A,1
1021,accepted,,2da9486836381284,True,1,2B,2B,2A,2A,1,1,1,2A
1022,accepted,,baca9c13f20d6ce9,True,2B,2A,1,2A,1,2A,2B,1,2A
1023,accepted,,1545452ff351113c,True,2B,2A,2B,2B,1,2A,1,1,2A
1024,accepted,,cb9f26e7349b00b2,False,1,2A,1,2A,2A,1,1,2B,1
1025,accepted,,aa23fdae71cee990,False,2B,1,1,2A,1,2A,1,2B,1
1026,accepted,,d39461dc76733c03,True,2B,1,2B,2B,2A,2B,1,2A,2A
1027,accepted,,ea5a5d010e07a09d,True,2B,2A,2B,2B,1,1,1,2B,2A
1028,accepted,,ddc845053a43b9d0,True,2B,1,2B,2A,1,1,1,1,2B
1029,accepted,,8f0fc50675f79821,True,2B,2B,2B,2B,2A,2B,2B,2B,1
1030,accepted,,0394a80d58b1905e,True,2A,2B,2B,2A,1,1,1,1,2A
1031,accepted,,3bc0bdf7702e8411,True,2B,2A,1,2B,2B,1,1,1,1
1032,accepted,,d38b8244c16aff9c,True,2A,1,2B,2A,2A,2A,1,2A,2B
1033,accepted,,ac855bdc9f1e244a,False,1,2B,1,2B,1,2B,1,2B,2B
1034,accepted,,ed7276156881aade,False,1,2B,2B,2B,2B,2B,2B,2A,1
1035,accepted,,015867b2d192acd9,False,2B,2B,1,2B,2A,2B,1,2A,2B
1036,accepted,,c246fca41954f26a,False,1,1,2B,2B,2B,2A,1,1,2B
1037,accepted,,c297d799beb65300,False,2A,1,1,2B,2B,2B,2B,1,2A
1038,accepted,,b80eaa11b6c3e579,False,2A,2B,1,2A,2A,2B,1,1,2B
1039,accepted,,2dda52b918654e7e,False,2B,2A,1,2B,2A,2B,2B,2A,1
1040,accepted,,65eef6cc8ad1c0ca,True,2A,2B,2B,2A,1,2B,2B,2B,1
1041,accepted,,45c659a73e3ecec0,True,2A,1,2B,2A,1,2B,2B,2B,2A
1042,accepted,,cc63fbc05299c717,False,2A,2B,1,2A,2A,1,1,2A,1
1043,accepted,,d712cddd985934ce,False,2A,2B,2B,2A,2A,2B,2B,2A,2A
1044,accepted,,9ec447fd3b57d4d5,False,1,2B,2B,2A,2B,2B,1,2A,1
1045,accepted,,30f02b87d0f93e72,True,2A,2A,1,2B,1,2A,2B,2A,2A
1046,accepted,,cc74200a664d3064,True,2A,1,1,2A,2B,2A,1,2B,2B
1047,accepted,,9e7411c3759ebcd8,False,2A,1,1,2B,2B,1,2B,1,2A
1048,accepted,,b76d47cefaee42e1,True,2B,2B,2B,2B,1,2B,1,2A,1
1049,accepted,,44cf65aeec76d451,False,2B,1,2B,2B,2B,2B,2B,1,2A
1050,accepted,,2373a3075e406c04,True,2B,2A,2B,2A,2A,2B,1,2B,2A
1051,accepted,,8fe9dbd563800433,False,2A,2A,2B,2A,1,1,2B,1,2A
1052,accepted,,08aa88e4d0dde750,False,2B,2B,2B,2B,2A,1,1,2A,2B
1053,accepted,,b5f4793f5c0997d3,False,2B,1,2B,2A,2A,1,2B,2B,2A
1054,accepted,,24afd0edded9ed7d,False,2A,2A,1,2B,2B,2B,2B,1,2B
1055,accepted,,49320d8e0796b1e7,False,2A,2B,1,2B,1,2A,2B,2A,2A
1056,accepted,,b804da27efa82bee,True,2B,2B,1,2A,2A,2A,2B,2B,2A
1057,accepted,,0408b8875ac3c360,True,2A,2B,1,2B,2B,2A,1,2B,1
1058,accepted,,f952f20311965bc7,False,1,2B,1,2A,1,2A,2B,2A,2B
1059,accepted,,ea23c5fb4d3e3505,False,2A,2A,1,2A,2A,2A,2B,1,2A
1060,accepted,,2fc8a10cadb9caf8,False,2B,1,2B,2B,1,2B,2B,2A,2B
1061,accepted,,accc08ee727b7612,False,2B,2A,2B,2B,1,2B,2B,2B,1
1062,accepted,,7abbf0139810efe1,True,2A,1,1,2A,2A,2A,2B,2B,2B
1063,accepted,,947f89f985f00f7e,False,2B,2A,2B,2B,2A,1,2B,1,2B
1064,accepted,,a59006e09419850f,True,2B,2A,2B,2A,1,2A,1,1,2A
1065,accepted,,2bb285c8cdeab06b,True,1,1,1,2B,2A,2B,2B,2A,2B
1066,accepted,,0e8dc3054bc9aa6e,False,2B,1,1,2B,2A,2A,1,2A,1
1067,accepted,,6c35fac7f7852ba3,True,2A,1,1,2B,1,2B,1,1,1
1068,accepted,,9ef526ec03c1a1fe,False,2A,2B,1,2A,1,2B,1,1,2A
1069,accepted,,aee41ba71b57ebd7,False,2A,2B,2B,2B,1,2A,1,2B,1
1070,accepted,,7fc599cc9f3b9278,False,2B,1,2B,2B,2A,1,1,2B,2A
1071,accepted,,e703b1007dbef39b,False,1,1,1,2A,2B,2B,1,2B,2A
1072,accepted,,b5382fe6d42bd1ce,True,2B,1,2B,2A,1,1,2B,2B,2A
1073,accepted,,87b5b292aa686ce5,False,2B,2A,2B,2A,2B,2B,1,2A,2A
1074,accepted,,ec60ba45c492923b,True,2B,2A,1,2B,1,1,1,1,1
1075,accepted,,09e8988256048c6b,False,2B,2B,1,2B,2A,2B,1,2A,1
1076,accepted,,c8c6fb07962f0cfc,True,2B,1,2B,2B,2B,2B,1,2A,1
1077,accepted,,0415d959d512ab40,True,2A,2B,1,2A,2B,1,1,2A,1
1078,accepted,,6bf8f24db3bff837,True,2A,2B,2B,2B,1,2B,1,2B,2A
1079,accepted,,5ec622dade0644d1,False,2A,2B,1,2B,1,1,1,1,1
1080,accepted,,cbc7577768056a34,False,2A,1,2B,2A,2B,1,1,2A,2A
1081,accepted,,622d92b6453868ca,False,2B,2A,1,2A,1,2B,2B,2B,2B
1082,accepted,,e5901822d03228f7,False,2B,1,2B,2A,2B,2B,1,2B,2A
1083,accepted,,3e95251b404c5ff1,False,2A,2B,1,2A,1,2B,1,2A,1
1084,accepted,,8a92262ac824dbef,False,2A,2B,1,2B,2B,2A,2B,2A,1
1085,accepted,,664cbb054f06189f,True,2B,2B,1,2A,2B,2B,1,2A,2A
1086,accepted,,654ad482737372d7,False,2B,1,2B,2B,2B,2A,1,1,1
1087,accepted,,7cdba30d1f6221dc,True,2A,2B,2B,2B,2B,2A,2B,2A,2B
1088,accepted,,9a267f3e736c07f9,False,2A,2A,1,2A,1,2B,1,1,2B
1089,accepted,,3ebeee6974ab34ff,False,2B,2B,1,2B,1,1,2B,1,2B
1090,accepted,,8b860e53d8f79ab2,True,1,1,2B,2A,1,2B,1,1,2B
1091,accepted,,ada982fc7dad74bc,True,1,2A,2B,2A,2B,2A,2B,2B,2B
1092,accepted,,9f922028558d1623,False,2A,1,1,2A,2A,2A,2B,2B,2A
1093,accepted,,3fb0f4ff5e83087e,True,2B,2B,1,2A,1,2B,1,2B,2B
1094,accepted,,df0ed1d1a5e117e5,False,2A,2A,1,2B,2B,2B,1,2B,2B
1095,accepted,,c1bd353fc7c674d7,True,2A,2B,2B,2A,2B,2B,2B,2A,2A
1096,accepted,,8d1ee021947d2214,False,2A,2A,2B,2A,1,2A,1,2A,1
1097,accepted,,9d98dc50b07af35f,False,1,1,2B,2B,1,2B,2B,1,2B
1098,accepted,,b6346dec80c00ee3,False,1,1,1,2A,2B,2B,2B,2B,1
1099,accepted,,f80e71ef551ec815,False,1,2A,1,2B,2B,2B,1,2A,1
1100,accepted,,7bf72554762bf4e5,True,1,2B,1,2B,2A,1,1,1,1
1101,accepted,,6e0e786d24fd8f73,False,1,1,2B,2B,2A,1,2B,1,2A
1102,accepted,,7e96dad3f68be7f1,True,2B,2A,2B,2B,2B,1,1,2A,1
1103,accepted,,ff97df5bb787277f,False,1,1,1,2A,1,1,1,1,2A
1104,accepted,,da4a3e4ab4440d92,False,2B,1,1,2A,2B,2B,2B,2A,2A
1105,accepted,,8ca8bbac3422fd69,False,2A,2A,1,2A,2B,2A,2B,2B,2A
1106,accepted,,fa231d61924a75ea,False,2B,2A,2B,2B,2A,2B,1,2B,2A
1107,accepted,,32fb4402bcfe97ce,False,2B,1,2B,2B,2B,2A,2B,2A,2A
1108,accepted,,4c1a7b14153aafe3,False,1,1,2B,2B,2B,1,1,2B,2B
1109,accepted,,870cbefe90fd53e1,False,1,2B,1,2B,2B,2A,2B,2B,1
1110,accepted,,d0a42a74e0cd1566,False,2B,1,1,2A,2B,2A,1,1,2B
1111,accepted,,f2bd11eb896c261e,True,2B,2B,1,2A,2A,2B,1,2B,1
1112,accepted,,e30e6c01bb7143a9,False,2B,1,1,2B,2A,2B,1,2A,1
1113,accepted,,48dcf28355302bd1,False,2A,1,2B,2A,2A,2B,1,2B,2B
1114,accepted,,c2468e85fb9f96ad,False,2B,2B,1,2A,2A,1,1,2A,1
1115,accepted,,f41208280fb0f2c3,False,2A,2A,2B,2A,2A,2B,2B,2B,1
1116,accepted,,85cfe68f9628125c,True,2A,2B,2B,2A,2A,1,1,1,2B
1117,accepted,,015616ca251d5969,True,2B,1,2B,2B,2B,2B,2B,1,1
1118,accepted,,69088cecf76382f3,True,2A,2B,2B,2B,1,1,1,2B,1
1119,accepted,,d67514ad2e3f1843,False,1,2A,2B,2B,1,2A,1,2A,2A
1120,accepted,,4804614594aae0d3,True,2A,2B,2B,2A,2B,1,2B,1,2B
1121,accepted,,b89a4292c0e50309,False,1,2B,1,2A,2B,2A,1,1,2A
1122,accepted,,4e54a26c97d8427c,False,2B,1,1,2A,2A,2B,2B,2B,2A
1123,accepted,,acbc255cf8d02f06,True,2B,1,2B,2B,2B,2B,1,1,2B
1124,accepted,,1fc8f96f2ecb848b,False,1,2B,1,2A,2B,1,2B,1,2B
1125,accepted,,72361041a66df996,False,2A,2B,2B,2B,2A,1,2B,2B,2B
1126,accepted,,832305d7a0cd86ce,True,2A,1,2B,2A,2B,1,1,2B,1
1127,accepted,,8fadedb3d9936a81,False,1,1,1,2A,2B,2B,2B,1,2A
1128,accepted,,41210977551d0fe4,False,1,2B,2B,2A,2A,2A,2B,2B,1
1129,accepted,,f9896ea5f0571271,False,2A,2B,1,2A,2B,2A,1,2A,1
1130,accepted,,58d1e0c4f092ba95,True,1,1,2B,2A,1,1,1,2B,2A
1131,accepted,,fdde141a601148b5,True,1,2A,2B,2B,2B,1,1,1,1
1132,accepted,,9fdeed854f3d6f6e,False,2B,1,2B,2A,1,1,1,1,1
1133,accepted,,4dd3bd4772fb5c55,True,2B,2B,1,2B,2B,1,2B,2B,1
1134,accepted,,3d0d07dd30eccedc,False,2A,2A,1,2A,2B,2A,1,2B,1
1135,accepted,,600fb72652d2a2b5,False,1,2B,2B,2B,2A,2B,1,1,2A
1136,accepted,,6cec8e831d2753a4,False,2A,2B,2B,2B,2B,2A,1,1,1
1137,accepted,,749a2fb3b6f7a364,False,1,1,1,2A,2B,2B,2B,2A,2A
1138,accepted,,39980e576492f3a3,False,1,2B,1,2A,2B,2A,2B,2B,2B
1139,accepted,,2284f5e043933cd9,True,2A,2A,1,2A,2B,1,1,1,2B
1140,accepted,,68f0d21301c550db,True,2B,2B,2B,2A,2B,2B,2B,2B,1
1141,accepted,,7b175e27e3eba647,False,1,2B,1,2B,2B,2B,1,2A,2A
1142,accepted,,0d3a74525539d0a1,False,1,2B,1,2B,2B,1,2B,2A,2A
1143,accepted,,710dd8ee8f64f641,False,1,2A,2B,2A,2A,2A,2B,2B,2A
1144,accepted,,dace42a21f457f44,False,2A,2A,1,2A,2B,1,1,1,2B
1145,accepted,,f9394943724610a4,False,2B,2B,2B,2B,2A,1,2B,1,2B
1146,accepted,,513cb13f818faa5f,True,1,1,1,2B,1,2B,1,2B,1
1147,accepted,,a31d3ce16330f83c,True,1,2A,2B,2B,1,1,1,2B,2A
1148,accepted,,ddcbd774861e4fef,True,2A,1,1,2B,1,1,2B,2B,2A
1149,accepted,,fa6c2e0b9e9eff7b,False,1,2B,2B,2B,2B,2B,1,2B,2B
1150,accepted,,c26a8490d3834036,False,1,1,2B,2A,1,2B,1,2B,2A
1151,accepted,,6a11cefc408a1283,True,2A,1,1,2B,2B,2B,2B,2B,2A
1152,accepted,,75e5f3772d4f7f49,False,2B,1,1,2B,2B,1,1,2A,2A
1153,accepted,,4f5ca7b775e90443,True,1,2A,1,2B,1,2B,1,1,2B
1154,accepted,,b2950462c26c55d3,True,2B,2B,1,2A,2B,1,2B,2A,1
1155,accepted,,81c88e98af8dc184,False,2A,1,1,2B,2A,1,2B,2B,2B
1156,accepted,,618f06c402ee292b,True,2B,2B,2B,2B,2A,1,1,1,2A
1157,accepted,,6e5e1f72440b6487,True,2B,1,1,2B,1,2A,1,2A,2A
1158,accepted,,eb29508c662daf6a,True,1,2B,1,2A,1,2B,2B,2B,2B
1159,accepted,,aa6500a915beaee6,True,2B,2B,2B,2A,1,2B,2B,2B,2B
1160,accepted,,4ee6bd0cffca65ac,True,2B,1,2B,2A,1,2A,1,2A,2A
1161,accepted,,0f02a92d335226b7,False,1,2B,1,2B,2B,2B,2B,2A,2A
1162,accepted,,80235c366f459745,True,2A,2A,1,2A,1,2B,1,1,1
1163,accepted,,6c7597b2a8311ec2,True,2B,1,1,2B,2B,2B,1,1,1
1164,accepted,,acba592e9c3c1d62,False,2B,2A,1,2B,2B,2B,1,1,2A
1165,accepted,,14c41d0349d1ceec,True,2B,1,2B,2B,2B,2A,1,1,2B
1166,accepted,,d6c621dea8740119,True,2A,2A,1,2B,1,1,1,2B,2A
1167,accepted,,cb3464a948f973e6,True,2A,1,2B,2B,1,1,1,1,2A
1168,accepted,,0d26cb6684a3f340,False,1,1,2B,2B,1,2A,2B,1,2B
1169,accepted,,b44a0a96fcea1ebb,False,2A,2A,2B,2B,2A,2A,2B,2B,2A
1170,accepted,,72eaa655bb3d2419,False,1,2A,1,2A,2B,2B,2B,1,2A
1171,accepted,,b075915b59637130,True,1,2B,2B,2B,1,2B,1,1,1
1172,accepted,,134b3f75562814c3,False,1,2B,2B,2B,2A,1,1,2B,1
1173,accepted,,9951b61e13374bfd,True,1,2A,2B,2A,2B,2B,2B,2B,2A
1174,accepted,,a5b33178765d6594,True,2A,2A,1,2B,1,2A,2B,2A,2A
1175,accepted,,248d046562a6d68d,True,1,1,2B,2A,2B,1,2B,2B,2B
1176,accepted,,6ec98681a92c875d,False,2B,2A,2B,2A,1,2A,2B,2A,2A
1177,accepted,,f8c5432834e9acc3,False,2A,1,2B,2B,2A,1,1,1,2B
1178,accepted,,6e71697be0662ab1,False,1,2B,2B,2A,2A,1,1,2A,2A
1179,accepted,,13f7e20eba640cce,True,1,1,2B,2B,1,2A,2B,1,2A
1180,accepted,,062734a8349e84b2,True,2A,2B,1,2A,2B,2B,2B,2A,2A
1181,accepted,,891a39307161d7d0,False,1,2B,1,2A,2B,2A,2B,2A,2A
1182,accepted,,4c279cc6543979b9,False,2B,2A,1,2A,2A,2B,1,1,2B
1183,accepted,,b69d51a2542ae191,False,2A,2A,2B,2A,1,2B,1,2B,1
1184,accepted,,f8a7dce8388ace38,False,2B,1,1,2A,2B,1,2B,2A,2B
1185,accepted,,0f980f826e3d6f9a,False,2B,2A,1,2B,2A,2A,1,2A,1
1186,accepted,,33ebc64515311c6f,False,2A,2A,1,2A,2A,2B,1,1,2A
1187,accepted,,e0a8793479e88654,True,2A,2B,2B,2B,2B,2A,2B,2B,2B
1188,accepted,,71202f304355420b,False,1,2B,1,2A,1,2B,1,2A,2B
1189,accepted,,8f31d6f8d44b21e2,False,2B,2A,2B,2A,2B,2A,1,2B,2A
1190,accepted,,452a0c469f4a0da5,True,2B,2B,1,2B,1,2A,2B,2B,1
1191,accepted,,df15ebb05a5338f9,False,2B,2B,2B,2A,1,2B,2B,1,2A
1192,accepted,,bedec43414e8da67,False,1,1,2B,2A,2B,2A,2B,2A,2A
1193,accepted,,debb980c68780e03,True,2A,2A,1,2A,2B,2B,1,1,2B
1194,accepted,,11abd399d753216e,True,1,1,1,2A,1,1,2B,1,2A
1195,accepted,,18341d33c3b0399d,False,1,2B,2B,2A,2A,2B,1,2A,2A
1196,accepted,,0906c4326106eecd,False,1,2B,1,2B,2A,2B,1,2B,2B
1197,accepted,,055bbd26f39034c2,True,2A,2A,1,2A,2B,2B,2B,2B,2B
1198,accepted,,54dcb3fa595ac845,False,2B,2A,2B,2B,2B,1,1,2B,1
1199,accepted,,d9a9aafe5bb4f024,True,2B,1,2B,2A,2A,2B,1,2B,1
1200,accepted,,71dcfc0105c395a7,False,2B,2A,2B,2A,2B,1,1,2A,1
1201,accepted,,f5e1958de66ec09e,False,2A,1,1,2B,1,2A,2B,2A,1
1202,accepted,,cc828b8235b2d037,False,2B,2A,2B,2B,2A,1,2B,2B,2A
1203,accepted,,321568fdc6c68d16,True,2A,2A,1,2B,2B,1,2B,1,2A
1204,accepted,,0f8e604f31a93e0b,True,2B,2A,1,2B,2B,2A,1,1,1
1205,accepted,,6e87c053659f08cb,True,1,2B,1,2B,1,1,2B,1,2B
1206,accepted,,f934fc7b388d4d95,False,2A,2A,1,2A,2A,2A,2B,1,2B
1207,accepted,,e0eccd64a5e823dc,True,2B,1,2B,2B,1,1,1,1,2A
1208,accepted,,5240f00c25ff08e5,False,1,2B,1,2B,2A,1,2B,2A,2A
1209,accepted,,0bf1de464dd4cbca,True,1,2B,1,2A,1,1,1,1,2A
1210,accepted,,03a298a67bd2c828,True,1,2A,1,2A,2B,2A,2B,2B,1
1211,accepted,,ea53f6fd230bc4e9,False,2A,2A,1,2B,2B,2B,1,2A,2B
1212,accepted,,93248c00d7243afd,True,1,2B,2B,2B,1,2B,1,2A,2A
1213,accepted,,410e1bbbe883d970,False,1,2B,2B,2A,2B,2A,2B,1,2B
1214,accepted,,92992286e8607cc1,False,2B,2B,2B,2B,2A,2B,1,1,2B
1215,accepted,,c5511cbe688509c5,True,2A,1,1,2B,2A,2A,1,2A,2B
1216,accepted,,dc308c9570140373,True,2A,2A,2B,2B,2B,2A,1,1,2B
1217,accepted,,8a7993e8634a4502,False,1,2B,1,2A,2B,1,2B,1,2A
1218,accepted,,8596a5e68cab8f42,True,2B,2B,2B,2A,2B,2B,1,2B,2B
1219,accepted,,620625ce8a58977d,True,1,2A,1,2A,2B,2A,2B,2B,2B
1220,accepted,,a9dcf3e41475ef7f,True,2B,2B,1,2B,2B,1,1,2A,1
1221,accepted,,9d50a38a6fca2e6c,True,2A,1,1,2A,2A,2B,2B,2B,2A
1222,accepted,,4217cf0b82cfe659,False,1,2A,2B,2B,1,1,1,2B,2A
1223,accepted,,3ba790ccff5b5eed,True,1,2B,2B,2B,2B,2A,1,2B,1
1224,accepted,,17b263a86e77dde2,True,1,2A,2B,2B,2A,2B,1,2A,2B
1225,accepted,,e820b7f5a577adf1,False,1,2B,1,2B,2B,1,2B,2B,2A
1226,accepted,,a38fe29475b26b18,True,2B,2B,2B,2B,2B,2B,1,1,1
1227,accepted,,5da29090a0eb4238,False,1,1,1,2A,2B,1,1,2B,1
1228,accepted,,bc5009f55c3a8d83,False,2A,2B,2B,2A,2B,2B,1,2B,2B
1229,accepted,,037118ac5c4af9e7,True,1,2B,2B,2A,2A,2B,2B,2B,1
1230,accepted,,a31dbde563342793,True,1,2B,2B,2B,2A,1,2B,2B,1
1231,accepted,,7a982bec89c70630,False,2A,2B,1,2B,2B,2A,2B,2B,1
1232,accepted,,7101bc4c1bc45358,False,2A,2A,2B,2A,1,2B,1,2A,1
1233,accepted,,dfc07e0a101d1e73,True,2B,1,1,2B,2B,2B,1,2B,2A
1234,accepted,,f9d4bad847390810,True,2A,1,2B,2B,1,2B,2B,1,1
1235,accepted,,2d7f8bd37f6e7eab,False,2A,2A,1,2B,1,1,1,2B,2B
1236,accepted,,d8ef0191f78bc02b,False,1,2A,1,2B,2A,2A,1,2A,2A
1237,accepted,,dc0e425dff416f25,False,2B,1,2B,2B,2B,2A,2B,2A,2A
1238,accepted,,a66acef06e49c65b,False,2B,2B,1,2A,2B,2A,1,1,2B
1239,accepted,,4d1922e8cb251b2b,False,2B,2B,1,2A,1,2B,1,2B,2A
1240,accepted,,e7940583596ff832,False,2B,2B,2B,2B,2B,2B,2B,2B,1
1241,accepted,,c25f3bb265979dd1,True,2A,1,2B,2A,2A,2A,2B,2A,2B
1242,accepted,,d768838946089454,False,1,1,1,2A,2A,2B,2B,2B,1
1243,accepted,,978ea09b70249256,False,2B,2B,1,2A,1,1,1,2B,1
1244,accepted,,8253c6e9daef9bea,False,1,2A,2B,2A,2B,2A,2B,2B,2A
1245,accepted,,ee2b4180805c584d,False,1,1,2B,2A,1,2B,2B,2B,1
1246,accepted,,a6650b0931a6e046,False,1,2A,1,2B,2B,2A,1,2B,2B
1247,accepted,,208ce5144cb38f91,True,2B,1,1,2A,2B,1,2B,2A,1
1248,accepted,,c94db7433ebfd27b,False,2A,2B,2B,2A,2A,2B,1,1,2B
1249,accepted,,3daf5388d580a5c8,True,1,1,2B,2A,2A,2B,1,2A,2B
1250,accepted,,d22aa5a5888631c4,False,2A,2A,2B,2A,2B,2B,2B,2B,2B
1251,accepted,,16fafdbe41e72bca,True,2B,1,1,2A,1,2A,1,2A,2B
1252,accepted,,31aca2df47ad5f39,False,2B,2A,2B,2A,1,2B,2B,1,1
1253,accepted,,bbc9218164d62b88,True,1,1,2B,2B,1,1,2B,1,2A
1254,accepted,,50f494042fe3a765,True,2A,1,2B,2A,1,2A,2B,2B,1
1255,accepted,,1a6bdda97a466f1e,False,2A,2B,1,2B,2B,2B,1,2A,1
1256,accepted,,d370ae23dfac98d3,True,2B,1,1,2A,2B,2A,1,1,2B
1257,accepted,,4b7b0f2bc8c507f5,False,2A,2A,2B,2B,2B,1,2B,2A,1
1258,accepted,,e71260ea7740fff0,True,1,1,1,2B,2B,2A,2B,2A,1
1259,accepted,,b4f8e864b8cf2942,False,1,1,2B,2A,2B,2B,2B,1,1
1260,accepted,,8a5a6788d9818351,True,2B,2A,2B,2B,2B,2A,2B,2B,2A
1261,accepted,,ec61f0fb75f11e51,True,1,2B,1,2A,2B,2B,1,2A,2A
1262,accepted,,2656337e50e323da,False,2B,2B,1,2A,2A,2B,2B,2B,2A
1263,accepted,,7ea6ea2d7f7cf023,True,2B,2A,1,2A,2A,2B,2B,2A,2A
1264,accepted,,35a2c48dbbea71d8,True,1,2B,1,2A,1,2A,2B,2B,2A
1265,accepted,,32983836df63cc4b,False,2A,1,1,2A,1,2A,1,2B,2B
1266,accepted,,64a59a225f81221f,True,2A,2A,1,2A,2B,2A,1,2B,1
1267,accepted,,e618938f0785053f,True,1,2A,2B,2A,2A,2A,2B,2A,2A
1268,accepted,,31502469f32d8a03,False,1,2A,1,2B,2A,1,1,1,2B
1269,accepted,,21b1c394d69c92b5,True,2B,1,1,2A,1,1,2B,2A,2A
1270,accepted,,24f41df7cd8e4144,False,1,2A,2B,2B,1,1,1,2B,2A
1271,accepted,,3a34b507292fff99,False,2A,1,1,2A,2B,2B,2B,2A,2B
1272,accepted,,612f90c141b717ce,False,1,1,2B,2A,2A,1,1,2A,2A
1273,accepted,,beeee04947ee2bcb,False,1,2B,2B,2B,1,2B,1,1,2B
1274,accepted,,80575d00dfe68bb3,True,2B,2B,1,2B,2B,1,1,2A,2B
1275,accepted,,52bb75c7243afd36,True,2B,2B,1,2B,2B,1,2B,2A,2B
1276,accepted,,dd626e48a7dfe284,False,2B,2A,1,2B,2B,1,1,2B,2A
1277,accepted,,9048c2bb2f9a2cb9,False,2B,2A,2B,2A,1,2A,2B,2B,1
1278,accepted,,44b35b685f2d43fa,False,2B,2A,1,2A,2A,2A,1,2A,1
1279,accepted,,2f926ea26b303b7e,False,1,2B,2B,2B,1,1,1,1,2A
1280,accepted,,a0554eecda2b75fa,True,1,1,1,2A,2A,1,1,2B,2B
1281,accepted,,9cfa7a51f374cc0e,True,1,2B,1,2A,2A,1,2B,2B,1
1282,accepted,,9133c0cb2923de9a,False,2B,2B,2B,2A,2A,2B,1,2A,2B
1283,accepted,,e4e3fc6b2b456bd0,False,1,2B,1,2B,1,2A,1,2A,1
1284,accepted,,00a05b650635ce29,True,2B,2A,1,2A,2A,2A,2B,1,2A
1285,accepted,,2c5f50e7d2483350,True,2B,1,1,2B,1,1,1,2B,1
1286,accepted,,ea144d21fbb909a6,True,2A,1,1,2A,2B,2B,2B,1,2B
1287,accepted,,e7f861c3e7038b3c,False,1,1,1,2A,2B,2A,1,1,1
1288,accepted,,eae0890d3de46210,True,2B,2B,1,2A,2A,2B,2B,2A,2B
1289,accepted,,8bbb55026c45575d,False,2A,2B,1,2A,1,2B,2B,1,1
1290,accepted,,5c9ae54b693c5334,True,1,2A,1,2A,2B,2B,2B,2B,2A
1291,accepted,,8809ccc83b1e392f,False,1,2B,2B,2A,2A,2A,2B,2B,1
1292,accepted,,8bcea88467930d0e,False,2B,1,2B,2B,1,2A,1,1,2B
1293,accepted,,c82803d059b6ebc1,True,2B,2B,2B,2A,2A,2B,2B,2B,2B
1294,accepted,,bbcabeb14c0f3165,True,2B,2A,2B,2B,2A,2A,2B,1,1
1295,accepted,,712a1102b0c58e09,False,2B,2B,1,2A,2A,1,1,2B,2A
1296,accepted,,a506efdf8bc66973,True,2A,2B,1,2B,2B,2A,2B,1,2B
1297,accepted,,f3b567f992734c40,False,1,1,2B,2A,2B,1,2B,1,2A
1298,accepted,,6fa4d0b7e85e7d9f,False,2A,1,1,2B,1,2A,2B,2B,1
1299,accepted,,4dadfea5b62c4932,True,2B,2B,1,2B,1,2A,2B,2A,2B
1300,accepted,,76257398943d8236,False,2B,1,2B,2A,2B,1,1,2A,2B
1301,accepted,,1e90a2c2eae03fbc,False,2A,2A,1,2A,2A,2A,2B,2A,1
1302,accepted,,49a6cf0aff6b81ab,False,2B,2B,1,2B,2A,2B,2B,2A,2A
1303,accepted,,41d54449b6636a2f,False,2B,1,1,2A,2B,2A,1,2A,1
1304,accepted,,95faabfa134a7175,False,2A,2B,2B,2A,2A,2A,1,1,2A
1305,accepted,,b5c0ac958cc3c299,False,1,2A,2B,2B,2A,2B,1,2B,1
1306,accepted,,accbd81bf0e68d9d,True,2A,1,2B,2A,2B,2B,1,2A,1
1307,accepted,,d15983d3dd1fc710,False,2B,2A,1,2A,2B,2A,2B,2A,2B
1308,accepted,,f8e001ea7cdfcc7d,False,2B,2B,2B,2A,2A,1,2B,2B,1
1309,accepted,,c2cc4c8d1771b930,False,1,2A,1,2B,1,2B,2B,2A,1
1310,accepted,,4f9fb12ea2e99b82,False,2A,1,1,2B,2B,2A,1,2A,1
1311,accepted,,0e18149d491a571c,False,2B,2B,1,2B,2B,2B,2B,2A,2A
1312,accepted,,0ba0268059d69dc3,True,1,1,1,2B,1,1,2B,1,2B
1313,accepted,,75226dbae078ae4a,False,2A,2B,1,2A,2A,1,2B,2B,2B
1314,accepted,,0ce78bb06b89ed78,True,2A,1,1,2A,2B,1,1,2B,2A
1315,accepted,,0b943f6cdf004b20,True,2B,2B,2B,2A,2A,2A,2B,1,2A
1316,accepted,,4e0b7d30656d2ac2,False,2A,1,1,2B,2B,2A,1,2A,1
1317,accepted,,44899812ad24ae07,True,2B,1,1,2A,2A,2A,1,2A,1
1318,accepted,,5ecd54469f9d750c,False,2A,1,2B,2B,1,1,2B,2B,1
1319,accepted,,9f8665936c264709,False,1,2A,2B,2A,1,1,2B,2B,2B
1320,accepted,,fc11af6c7e737bc1,False,2B,1,2B,2B,1,1,1,2A,2B
1321,accepted,,6449778478064fab,True,1,2A,2B,2A,2B,2B,1,1,2B
1322,accepted,,60392184ecaf3346,False,2A,1,1,2B,2A,1,2B,1,2A
1323,accepted,,ff7467b62183ad57,False,2B,1,2B,2B,2A,1,1,1,1
1324,accepted,,138337bb41ebef7c,False,2B,1,2B,2B,2B,2A,1,1,2B
1325,accepted,,e761cf9fce447391,False,2B,1,1,2B,1,2B,1,2A,1
1326,accepted,,c5bf941fd07082a2,False,2B,2B,2B,2B,2B,2A,2B,2B,2B
1327,accepted,,b3fb398f2759060f,False,1,2B,2B,2B,2A,2B,2B,2A,2A
1328,accepted,,5a22ab5cb5d7b91f,False,1,2B,1,2B,2B,2B,1,2B,2B
1329,accepted,,22502da92c0bebc1,False,2A,2B,2B,2B,1,2B,2B,1,2A
1330,accepted,,c1de7bb3215cd408,True,2A,1,2B,2B,2B,1,2B,2B,1
1331,accepted,,e2196603a8daa241,False,1,1,2B,2A,2A,1,1,1,2B
1332,accepted,,f44ce47717bcffe1,False,2A,2A,2B,2A,1,1,1,2B,2B
1333,accepted,,6c447735cd173a40,False,1,2A,1,2B,2A,2A,2B,1,2B
1334,accepted,,f2682da667d0ae6c,False,2B,1,2B,2A,2A,2A,1,2B,1
1335,accepted,,7fe37c4a083c15db,False,2B,2B,1,2B,2A,2B,1,1,2A
1336,accepted,,7bd8dc05bc01d7c4,True,2B,2B,1,2A,2B,1,2B,2A,1
1337,accepted,,6402e2065ab1fd75,False,2B,2B,2B,2B,2A,2A,1,2A,1
1338,accepted,,b0265b8d8f79859d,True,2B,2B,1,2A,2A,2B,1,1,2B
1339,accepted,,cc704768915b9156,False,1,2A,1,2A,2A,2B,2B,2A,2A
1340,accepted,,b0de195670214d68,False,1,1,2B,2A,2B,2B,1,2A,2B
1341,accepted,,0d3416f7071ccf01,True,2A,1,2B,2A,2A,2B,2B,2A,2A
1342,accepted,,4794f6c5951104e0,False,1,2B,2B,2A,1,2B,2B,2B,1
1343,accepted,,2c54da0b246cecba,False,2B,1,1,2A,2A,1,2B,1,2B
1344,accepted,,0cf6f4e15dd5f747,False,2B,2B,1,2A,1,1,2B,1,2B
1345,accepted,,a1ca7b731aeefb12,True,1,2A,1,2B,2A,1,2B,2A,2B
1346,accepted,,c5728bff4ada3567,False,2A,2A,2B,2B,1,1,2B,2B,2A
1347,accepted,,4f7c3890eb56518c,True,1,2A,2B,2A,1,1,2B,2B,2A
1348,accepted,,5c0e16c34976758d,False,1,2A,1,2B,2A,1,2B,2A,1
1349,accepted,,4fb7ea0e00e6c9dc,False,2B,2B,1,2A,2B,1,1,1,2B
1350,accepted,,a8ad987667f1f9d3,True,2A,2A,2B,2B,1,1,2B,2B,2B
1351,accepted,,0a0be2a7f2ddb0bd,True,2A,2A,2B,2B,2A,2B,2B,2B,1
1352,accepted,,833829e8bded888a,False,2A,1,1,2B,1,2B,1,2B,2B
1353,accepted,,fcd19fcfe14d0901,False,2A,2B,2B,2A,2B,1,1,2A,2A
1354,accepted,,ac0f9fa8e33e8007,False,2B,1,1,2B,2A,1,1,2B,2A
1355,accepted,,bf95333bf0c73ca5,False,2A,1,2B,2A,2A,2B,1,2B,2B
1356,accepted,,13a738c7aec2afd5,False,2A,2A,2B,2B,2A,2A,1,2A,2A
1357,accepted,,0cb0bc79059e9411,False,1,2B,2B,2A,2A,2A,1,1,2B
1358,accepted,,7476f3ec07c3aec7,False,2B,1,1,2A,2A,2B,2B,1,1
1359,accepted,,3284e2b3d4f87556,True,1,1,1,2A,2B,2B,2B,2A,2A
1360,accepted,,428a82354593bd95,False,2A,2B,1,2A,1,1,2B,1,2A
1361,accepted,,19dfffb1782891d6,False,2B,1,1,2B,1,2B,1,2B,2B
1362,accepted,,ce93e454c2c3b643,True,1,2A,2B,2B,2A,2A,1,2A,2B
1363,accepted,,7c09440be5e0cc10,True,2A,2B,1,2A,2A,1,2B,2B,2B
1364,accepted,,bed0d0af81e6976c,False,1,2B,1,2B,1,2A,2B,2B,1
1365,accepted,,14792bf1cd24a530,False,2B,1,2B,2B,2B,2A,1,1,2A
1366,accepted,,6a8475c9762d2c58,True,1,2B,2B,2A,2B,1,2B,1,2A
1367,accepted,,6fe425d57bd677bd,False,2B,2B,2B,2B,2B,2B,2B,2B,2A
1368,accepted,,b5beada618a392e2,False,2A,1,1,2A,2B,2B,2B,1,1
1369,accepted,,f51ad6713591d054,True,2A,2A,1,2A,2B,2A,1,2A,2A
1370,accepted,,84685001727244c2,False,2A,2B,1,2A,2B,1,2B,2A,2B
1371,accepted,,cf3c1cd9ddc99840,True,2B,2A,2B,2B,1,1,1,2B,2B
1372,accepted,,a0912d3c92124f2a,True,2B,1,1,2A,2B,2B,1,1,2B
1373,accepted,,51692763b1a742e7,False,2B,2A,1,2A,1,1,2B,2A,1
1374,accepted,,3bbd283875e2b491,True,2A,2B,2B,2A,2A,2A,1,2A,2A
1375,accepted,,5d80509033492586,False,2A,2A,1,2A,2B,2A,2B,2B,2A
1376,accepted,,b91fd10808706cf4,False,2A,2A,2B,2B,2B,2B,1,2B,2B
1377,accepted,,c85779792f3e17d2,True,2A,1,2B,2B,2A,1,1,2A,2A
1378,accepted,,5802a2b26ddb414e,True,2B,2A,2B,2A,2B,2B,2B,2B,2A
1379,accepted,,9eaa81906435add7,False,1,2A,2B,2B,2A,1,1,1,2A
1380,accepted,,296cb30a5cfed88b,True,2B,2A,1,2B,1,1,1,2B,1
1381,accepted,,4206a6a76b363dca,False,2B,2A,1,2A,1,1,1,2A,1
1382,accepted,,31a6fbcecbbed332,True,2A,1,1,2B,2B,2A,1,2B,2A
1383,accepted,,90910699cbeed570,False,1,2B,1,2B,1,2B,1,2A,2A
1384,accepted,,58a61fa0e8a93d26,False,2B,2A,1,2B,2A,2B,1,1,2B
1385,accepted,,0eace1d8b44ec3f0,False,2B,1,2B,2A,2A,2B,1,2B,2B
1386,accepted,,590a586fbdaa0b81,True,2A,2B,1,2B,2A,2A,1,1,2A
1387,accepted,,ee16e7618610fc4d,False,1,1,1,2B,2B,2B,1,1,2A
1388,accepted,,828d39cd1cad2995,True,1,2A,1,2B,1,2A,1,1,2A
1389,accepted,,e17664f5e58dbd5e,False,2A,1,1,2B,2B,1,2B,2A,2A
1390,accepted,,824c3aacd83d08f3,False,2B,1,2B,2A,2A,2A,1,2A,2A
1391,accepted,,d33174d3ff2209e3,True,1,2B,1,2A,1,2B,1,2A,1
1392,accepted,,a1d7ca7d8ecdf033,True,1,2A,2B,2A,2B,2B,1,1,2A
1393,accepted,,af7d4534d0057fbf,True,2B,1,1,2B,2B,1,2B,2B,2B
1394,accepted,,b640c341c3b1db58,False,2A,2A,1,2A,2B,1,2B,2B,1
1395,accepted,,84896e731fe92212,False,2A,2B,2B,2A,2B,1,1,2B,1
1396,accepted,,e2845061ed9adb5d,False,2A,2A,1,2A,2B,1,1,2A,2B
1397,accepted,,1c6a6ceab9b24d95,True,2A,1,2B,2B,2B,2A,1,2A,2A
1398,accepted,,f85acc3100013118,False,2B,2B,2B,2A,1,2A,2B,1,1
1399,accepted,,4824b72931f18c8a,True,2A,2B,2B,2A,2A,2B,1,2B,1
1400,accepted,,8301f9bbb7fcf4da,False,2A,2A,1,2A,1,2A,1,1,2B
1401,accepted,,b900c8086007d9f6,False,2A,2A,1,2B,1,1,2B,1,2A
1402,accepted,,e896d441cb5fec3b,False,2A,2B,2B,2A,2B,2A,2B,1,2B
1403,accepted,,bdab628d325303a8,False,2A,2B,1,2B,2A,2A,2B,2A,1
1404,accepted,,bdbc4c001afa3845,False,2B,2B,2B,2A,1,1,1,1,2B
1405,accepted,,c3b9f96a887a17f7,True,1,2B,1,2B,2A,2A,1,1,2B
1406,accepted,,6da0b1939658494f,False,2B,1,1,2B,2A,1,1,2B,1
1407,accepted,,aeff3fa52da44b9e,True,1,1,2B,2B,2B,2B,1,2A,2B
1408,accepted,,92a2215005ec80d1,True,1,1,1,2B,2A,2A,2B,1,2B
1409,accepted,,e5693c418dab41e7,False,2A,2A,1,2A,1,2B,1,2A,2A
1410,accepted,,49a128082e15fc24,False,2B,2B,2B,2B,2B,2A,1,2B,2B
1411,accepted,,4bc47f5869a55f5d,False,1,1,2B,2B,2B,1,1,2B,2B
1412,accepted,,054477afe2c88d6f,True,1,1,2B,2B,2B,2B,2B,2A,2B
1413,accepted,,9409be417c404c04,False,2B,2A,1,2A,2B,1,2B,2A,1
1414,accepted,,aa55623477e3674a,True,1,2B,2B,2B,2A,2A,1,2B,1
1415,accepted,,b2c87c1325372fc8,False,2B,1,2B,2B,1,1,2B,1,2B
1416,accepted,,ee3e8c93df3c4111,True,2A,2A,1,2A,1,1,1,1,2B
1417,accepted,,1a4d005452ab103d,True,2B,2A,2B,2A,2A,1,2B,1,2A
1418,accepted,,d3a4a5100216dd3b,False,2B,2B,1,2B,2A,1,2B,1,2A
1419,accepted,,58aa6de199fcc415,True,2A,2A,1,2A,2B,2A,1,2B,1
1420,accepted,,c81934188ea89574,False,2B,1,1,2B,2B,2A,1,2B,2B
1421,accepted,,81464cc3da1defc1,False,2A,2B,1,2A,1,2A,2B,1,1
1422,accepted,,9149a7e33ef22305,True,2A,2A,1,2A,1,2B,2B,1,2A
1423,accepted,,a2786bfd56c217f3,True,2A,1,2B,2A,2A,2A,2B,1,2A
1424,accepted,,968195d88dbc4775,True,2B,2B,2B,2B,1,2B,1,2B,1
1425,accepted,,610826b30fc42a2a,False,2A,2B,2B,2B,2B,2A,1,1,2B
1426,accepted,,3542170e25cc0d42,False,1,2B,1,2B,1,2A,2B,1,2B
1427,accepted,,a3454b6e0e8c91bf,False,1,2B,1,2B,2B,2B,1,1,2B
1428,accepted,,5cc87358e071780a,False,2A,2A,1,2A,2A,1,2B,1,1
1429,accepted,,88ad4f9e2c897ebe,True,2A,2A,1,2A,2B,2A,2B,2B,2B
1430,accepted,,555229cc01cac47c,True,1,2A,2B,2B,2B,2B,2B,1,2A
1431,accepted,,cbe4bb801bccff6c,True,1,2A,2B,2B,1,1,1,2A,1
1432,accepted,,873eddf7a00e9556,True,1,1,2B,2B,2A,2A,1,2A,1
1433,accepted,,1f4e3025216adce2,False,2A,1,1,2A,2B,1,1,2B,1
1434,accepted,,3187089d6768bb43,True,2B,2A,2B,2B,1,1,2B,1,2A
1435,accepted,,f8225bdd9baf8fe0,True,2A,2B,1,2B,2A,1,2B,2A,2A
1436,accepted,,09fbade2a6b71306,True,2A,2A,2B,2A,1,2B,2B,1,2B
1437,accepted,,bd959b95b0a5bbcc,True,2B,2A,1,2A,2B,2B,1,1,1
1438,accepted,,688d275355d84b2f,True,2A,2A,1,2A,2B,1,1,2A,2A
1439,accepted,,60dc0ed18a8656b5,False,1,2B,2B,2B,1,2A,1,1,2A
1440,accepted,,d7e1887b5a57d7c9,True,2B,2A,2B,2A,1,2A,2B,2B,1
1441,accepted,,2f97672f5f98142a,False,2B,2B,1,2B,2B,2B,2B,2B,2A
1442,accepted,,bfd0ac897673120a,True,2A,1,2B,2A,2B,1,1,2A,2A
1443,accepted,,90e13e9af8afe0c4,False,2B,1,2B,2A,1,2A,2B,2B,1
1444,accepted,,68b34886684a0b59,False,2B,2A,1,2B,1,1,1,2A,2B
1445,accepted,,4406b201cd9e7314,True,2B,2B,1,2A,2A,2A,2B,2B,2A
1446,accepted,,3c4ad7c5656271f1,False,1,2B,1,2B,1,2B,1,1,1
1447,accepted,,228cdd408a0e39b9,False,1,2B,2B,2A,2A,2A,2B,2A,2B
1448,accepted,,a4f444b31b007f6a,False,1,2A,2B,2A,1,2B,2B,1,2B
1449,accepted,,9488544bc142cd75,True,1,2A,2B,2A,2A,1,2B,2A,2B
1450,accepted,,7d22e50943ff3d90,False,2A,2B,2B,2A,1,2A,1,2A,2A
1451,accepted,,1195276d1e5349cc,False,2B,2B,1,2A,1,2B,2B,2B,2B
1452,accepted,,d730933d8be1908b,False,1,2B,1,2B,2A,1,2B,1,2A
1453,accepted,,3ccbf784379bfac1,False,2A,1,2B,2A,1,2A,1,2A,1
1454,accepted,,8968412ddf77b34d,False,2A,2B,2B,2A,2A,2A,1,1,2A
1455,accepted,,eb1036f9fee12dd9,True,2B,2A,1,2B,1,1,2B,2B,2B
1456,accepted,,62e9b7432d930e70,False,2A,2A,1,2A,2A,1,2B,1,2B
1457,accepted,,71cc5171c1efdc9c,False,2A,1,2B,2B,2A,1,2B,2B,1
1458,accepted,,01c76ba0f03b407b,False,1,2B,1,2A,2A,2A,2B,2B,2B
1459,accepted,,49bc63e76b3eb4e7,False,2B,1,2B,2B,2A,1,1,2A,2A
1460,accepted,,6b6d6103e67fc131,False,2B,2B,1,2B,2B,1,2B,1,1
1461,accepted,,9f71c8e3f76533af,False,1,2B,1,2B,2A,2B,1,2B,2A
1462,accepted,,bf73df89c3f4f60c,False,2B,2A,1,2A,2A,1,2B,2B,2A
1463,accepted,,28dbde3a9d26ece3,False,1,2A,2B,2A,1,1,1,1,2B
1464,accepted,,257ef80e4370e507,True,2A,2B,2B,2B,2A,2B,2B,1,1
1465,accepted,,ead5388fcad7a972,True,2B,1,1,2B,2B,1,1,2B,2B
1466,accepted,,6a20c1fc43638d0a,True,1,1,1,2B,2B,2B,1,2A,2B
1467,accepted,,89dee128ef66d441,True,2B,1,1,2A,2A,2A,1,2B,1
1468,accepted,,954e5307845e5f93,False,2B,2B,1,2A,2B,2A,2B,2B,2A
1469,accepted,,9b4d890c567a913d,False,2A,2B,1,2B,2B,2B,1,2A,2A
1470,accepted,,f20645f14566012a,False,2B,2A,2B,2B,2B,2B,1,2A,2A
1471,accepted,,0d61ab8dc646b0d1,False,2B,1,2B,2B,2B,2B,1,2B,2A
1472,accepted,,56aed9c2e9b99fbd,True,2A,1,2B,2A,2B,2B,2B,2B,2A
1473,accepted,,56191e3f50561216,True,1,2B,1,2A,2A,2B,1,2B,1
1474,accepted,,c234daf8bbe7d99b,True,2A,2A,1,2B,2A,1,1,1,2A
1475,accepted,,ea85cf8b4b25a058,False,2A,1,1,2A,2A,2B,1,2A,1
1476,accepted,,a52595a1648597f4,False,2B,1,1,2B,2A,1,1,2B,1
1477,accepted,,8c8d420f6ee6e543,True,2B,2B,2B,2B,2B,1,1,2B,2A
1478,accepted,,fdfb9c1ea3668504,True,2B,2B,2B,2B,2B,2A,1,2A,2A
1479,accepted,,59bc50a292fbc729,True,2B,2B,2B,2A,2A,1,1,1,2A
1480,accepted,,fd56f80ccf201298,True,2B,2B,2B,2A,1,2A,2B,1,2A
1481,accepted,,92b6ccabcd9e262a,True,2A,1,2B,2B,2B,1,2B,2A,1
1482,accepted,,6ba09644feacbdca,True,1,2B,2B,2A,2A,2A,2B,1,2B
1483,accepted,,7e4975e57f7c9fe7,False,2A,2B,2B,2A,2B,1,2B,1,1
1484,accepted,,9ffc1533248f48f7,False,2A,2B,2B,2B,2B,1,2B,2B,2A
1485,accepted,,f7c5212e052a0073,True,1,2B,2B,2A,2A,2A,1,2B,2B
1486,accepted,,b415e62e6a96042a,False,1,2B,1,2A,1,1,1,2B,1
1487,accepted,,ffbf55a0fa5d4a26,True,2A,2A,2B,2B,2B,2A,2B,1,2A
1488,accepted,,91aac6d4705bbacf,False,1,2A,1,2A,2A,1,2B,2A,1
1489,accepted,,abf3f82845db2a2e,False,2B,2B,2B,2B,2B,2A,1,2B,2A
1490,accepted,,8dfc32fa312e1945,False,2B,1,1,2A,2A,2A,2B,2A,2A
1491,accepted,,d2d528fae62803a1,False,2B,2B,1,2B,2B,1,1,1,2A
1492,accepted,,e41d5437426456f7,False,2A,2B,1,2B,2A,2A,2B,1,2B
1493,accepted,,2839efe3bc09cab2,False,2A,1,1,2A,2A,2B,1,2B,1
1494,accepted,,a14ff033ff4bd38c,True,1,1,1,2B,2B,2A,2B,1,1
1495,accepted,,13a3a8c09c387dbd,False,1,2A,1,2A,1,1,2B,2A,2B
1496,accepted,,7a54d43b2bc063d9,False,2A,1,1,2B,2A,2B,2B,2A,1
1497,accepted,,a87197a145f6108c,False,1,2A,2B,2A,2B,1,1,2B,2B
1498,accepted,,38a2eb806a9328dd,True,1,2B,2B,2B,2A,1,1,2B,1
1499,accepted,,00a89020fbd20565,False,2B,2B,1,2A,2A,2A,1,2B,1
1500,accepted,,4d622f2c30246664,False,2A,2B,1,2A,1,1,1,1,1
1501,accepted,,27c019efce06ac39,False,2A,2A,1,2B,1,1,1,2A,2A
1502,accepted,,234d5f329f5529d4,True,2B,2A,2B,2B,1,1,1,1,1
1503,accepted,,cbabd00d9aa102dd,False,2A,1,1,2B,2A,2B,2B,1,1
1504,accepted,,e70d7440c3e32676,True,2A,2A,1,2A,1,2A,1,2B,2A
1505,accepted,,a55daff545fd962b,True,1,1,1,2B,2B,2B,2B,2B,2A
1506,accepted,,e5188a43ddaaf90a,False,2B,2A,1,2A,2A,2B,1,1,2A
1507,accepted,,815eda291d7b70ff,False,2B,1,1,2A,2A,2A,1,2A,1
1508,accepted,,da00b524b71b4034,False,1,2A,1,2A,2A,2B,2B,2A,2A
1509,accepted,,420a91251225a09d,False,2B,1,1,2B,2B,1,2B,2B,1
1510,accepted,,93f2d0d001d98641,True,2A,1,2B,2B,2A,1,1,1,2A
1511,accepted,,f48138bf5296d215,True,1,2B,2B,2B,1,2B,2B,2B,2B
1512,accepted,,7d029308ca369e89,True,1,1,1,2B,1,2B,1,1,1
1513,accepted,,a3d8996eaa0febb7,False,2B,1,1,2B,1,1,2B,2B,2B
1514,accepted,,fd804626e949229f,False,2A,2A,2B,2A,2B,2A,2B,2B,2A
1515,accepted,,cfc9c25357774759,True,2B,2B,1,2B,1,2B,2B,2B,2B
1516,accepted,,f6db52c888e09540,False,2B,2A,2B,2B,2B,1,2B,1,2B
1517,accepted,,58913e72dabfb3d7,False,2A,2B,2B,2B,2A,2A,2B,2A,2A
1518,accepted,,75bd20a4d61e8d4a,False,2B,1,1,2B,2B,2A,1,2B,2B
1519,accepted,,dbe72d40e7b5a525,False,2A,1,1,2B,2B,1,2B,1,2A
1520,accepted,,8edf0681d8860097,False,1,1,2B,2A,2A,2B,2B,2A,2A
1521,accepted,,b3b8e92ba6b3a901,False,1,2A,1,2B,2A,2B,2B,2B,2A
1522,accepted,,282f52ee2b2d6857,False,2B,1,2B,2A,2A,2A,2B,1,1
1523,accepted,,8be4e98c1d6c878d,True,2A,1,1,2A,2B,2A,1,1,1
1524,accepted,,5c13ec9656b2aa00,True,2B,1,2B,2B,2B,2B,1,1,2A
1525,accepted,,a2c44b86b02181ea,False,2A,1,2B,2A,1,2A,2B,2B,1
1526,accepted,,af0b723a55335acd,False,2B,2B,1,2B,1,1,1,2A,2A
1527,accepted,,d4bb4abb25b68c23,False,2A,2B,2B,2A,2A,2B,2B,2B,2A
1528,accepted,,c355b7ea950ba931,True,2B,2A,1,2B,2A,1,2B,1,1
1529,accepted,,a9b77ec675fd4739,True,2A,1,1,2A,1,2B,2B,1,2B
1530,accepted,,caba4abee678b75f,True,2B,2B,1,2A,2B,2A,2B,2B,1
1531,accepted,,fefb1be8d589f277,True,2B,2B,2B,2A,2A,2A,2B,1,1
1532,accepted,,04f0076d23620eea,True,1,2B,1,2B,2A,2B,2B,2A,2A
1533,accepted,,785ade7824432a05,False,1,2B,1,2A,2B,2B,1,2B,2A
1534,accepted,,ac6b0272ff7a823c,True,2A,2A,1,2B,2A,2A,1,2B,1
1535,accepted,,837f65b620e47307,False,1,1,1,2B,2B,2A,1,2A,2B
1536,accepted,,cb410e03c28beae0,True,1,2A,1,2A,2B,1,2B,2A,2B
1537,accepted,,5799a2e275e91976,True,2A,2A,1,2A,2B,2A,2B,2B,2A
1538,accepted,,4320c8e9c7f508fe,False,2A,2A,2B,2B,2A,1,2B,2A,2A
1539,accepted,,0aa6fb33e4bdb750,True,2A,2A,1,2A,2B,1,1,2A,1
1540,accepted,,6be4786fe5edf60b,False,2B,2B,1,2A,2A,2B,2B,2B,2A
1541,accepted,,028d1ed440c90d78,True,2B,2A,1,2B,2B,2B,1,2A,2A
1542,accepted,,e3bfd4d5a8e66b41,False,2A,2B,2B,2B,2A,1,1,2A,2B
1543,accepted,,0867b6aaa5dd3331,False,2B,2B,1,2A,2A,2A,2B,1,1
1544,accepted,,e939fcd6159cdba8,True,2B,2A,1,2A,2A,2B,1,1,1
1545,accepted,,8570e11a52de8393,True,1,1,1,2A,1,1,2B,2B,2B
1546,accepted,,63741d77a2fe312e,False,1,2A,1,2A,2A,2A,1,1,2B
1547,accepted,,526fb4365cc1e8c0,False,1,1,2B,2A,2B,2A,2B,1,1
1548,accepted,,d08f405c7e169a53,True,2B,1,2B,2B,2B,2A,1,2B,2B
1549,accepted,,933ea1fc67704e0b,True,2B,2A,1,2B,1,2B,2B,1,2B
1550,accepted,,e26aa7b70efd6a52,False,1,2B,1,2B,1,2A,1,2A,2A
1551,accepted,,baa0c63e2b6a0668,False,1,1,2B,2B,1,1,1,1,1
1552,accepted,,152a75ed6e6e9821,True,1,2B,1,2B,1,1,1,2A,1
1553,accepted,,5c6fc61cd6a39c24,False,2A,2A,1,2B,1,2A,2B,2B,2A
1554,accepted,,dca67baf237175dd,False,2A,1,1,2A,1,2B,2B,2A,2B
1555,accepted,,0136569819f773d3,False,1,1,1,2A,2A,2A,2B,1,2A
1556,accepted,,e728e5acfbf9a2da,True,2A,2A,2B,2A,1,2B,1,1,2A
1557,accepted,,f173fa5569bdd807,False,2A,1,2B,2A,2B,2A,1,2A,2B
1558,accepted,,46734b535c285fe9,False,2B,2B,2B,2A,2B,1,1,2A,1
1559,accepted,,2a4fc82d8571b915,False,2A,2A,1,2A,1,2B,1,2A,2A
1560,accepted,,61fe67f1b950a058,True,1,1,2B,2B,2B,2A,2B,2A,2B
1561,accepted,,45df29ca4e97d8bc,True,2B,2A,1,2B,2A,1,2B,2A,1
1562,accepted,,9fe6b86d07890977,False,2A,2A,2B,2A,2A,2B,1,2B,2B
1563,accepted,,bf8444a6bffdbdc2,False,2A,2A,1,2B,2B,2B,2B,2A,2A
1564,accepted,,a72ba3ff5a866eb6,False,2A,1,1,2B,1,1,2B,2B,1
1565,accepted,,eff06dbf2927ba23,False,2B,1,1,2B,1,2A,2B,1,2B
1566,accepted,,2a4e9fb58abc3001,True,2A,2B,1,2B,2B,2A,2B,1,2B
1567,accepted,,cc56dea01ed6f5d0,True,1,2A,1,2A,2B,2B,2B,2A,1
1568,accepted,,41024a67969d9223,True,2B,2B,2B,2A,2A,1,2B,2A,1
1569,accepted,,f2e5b8ba428fd568,False,2A,1,2B,2A,1,2A,2B,2A,2A
1570,accepted,,85058612cb16be1c,True,2B,2B,2B,2B,2B,1,2B,2B,1
1571,accepted,,808aec0a4259846d,False,2B,2B,2B,2B,2B,2A,2B,2B,1
1572,accepted,,d59dfa962e6bd542,True,2B,1,2B,2B,2A,2B,2B,1,1
1573,accepted,,94b1db376f05b089,False,1,2A,1,2A,1,2A,1,1,1
1574,accepted,,99f90f0fb73f0bc1,True,1,2A,1,2B,1,1,1,2B,1
1575,accepted,,1094056458505120,True,1,2B,2B,2B,2B,2A,2B,1,2A
1576,accepted,,d719ef4202e31cba,False,1,2A,1,2B,1,2B,2B,2B,2A
1577,accepted,,c197b62f222291c6,True,2A,2B,2B,2B,1,2B,2B,1,2B
1578,accepted,,3cae2034d04efe15,False,2A,2A,2B,2B,2A,1,2B,1,2B
1579,accepted,,d81fa4b3d3599375,False,1,1,1,2B,1,2B,1,2B,1
1580,accepted,,a57ed77210d1c744,True,2B,1,1,2B,2B,2A,2B,1,2A
1581,accepted,,dd980030062c5d13,False,1,2A,2B,2A,1,2B,2B,2A,1
1582,accepted,,83e1104468558893,True,2B,1,2B,2A,2A,2B,2B,1,1
1583,accepted,,efb9c1854d610fa1,True,1,2B,2B,2B,2A,2A,1,2B,2B
1584,accepted,,7bded96ed25c5537,True,2B,2A,2B,2B,2A,1,2B,2B,1
1585,accepted,,38d65185021741b0,False,2A,2B,2B,2B,2A,2A,2B,1,2A
1586,accepted,,4e7c1d52f4f750c6,False,1,1,1,2B,2A,1,1,2A,2A
1587,accepted,,d233cdeb991ca1ad,False,2A,2B,2B,2A,1,2B,2B,2A,1
1588,accepted,,dac5e91e82434bb3,False,2B,2B,2B,2A,2A,1,2B,1,1
1589,accepted,,bdce231f4fd7859e,False,1,1,2B,2A,2B,2B,1,2B,2A
1590,accepted,,a72237d4eb0850cb,False,2B,1,1,2A,2A,2B,1,1,1
1591,accepted,,e77b3fa25cfe7115,False,1,2A,1,2A,1,2A,2B,1,2A
1592,accepted,,d978337a1160b0d1,False,2B,2B,2B,2B,2B,2B,1,1,2B
1593,accepted,,133c9e7af7cca76c,False,2A,2B,2B,2A,2B,2A,1,2B,2A
1594,accepted,,13a5ccd84b7e00b9,False,1,2A,2B,2B,2A,2B,2B,2B,1
1595,accepted,,8f0814a783fc451a,True,2B,1,1,2B,2B,2B,1,2B,1
1596,accepted,,ee3f948c444a90bd,True,2B,2A,2B,2A,2B,2B,2B,2B,2B
1597,accepted,,d1f18dfb97ba03fb,True,2B,1,1,2B,2B,2A,1,1,2B
1598,accepted,,4d2c951c9101a7f9,False,1,2A,2B,2A,1,1,2B,2B,2B
1599,accepted,,0b163b958897a3e4,False,2A,2A,1,2A,1,1,1,2B,2A
1600,accepted,,8d46437ecac0bf8d,True,2B,2A,1,2A,2B,2A,2B,2A,1
1601,accepted,,6c9553589155bfb7,False,1,2A,1,2A,2A,2A,2B,2B,2A
1602,accepted,,f52b02c1ca70c29b,False,2A,2A,1,2B,2A,1,2B,2B,2A
1603,accepted,,3804e5ed8c8fcd7c,True,2A,2A,1,2B,2A,1,1,1,2B
1604,accepted,,64bc25e01389d9e4,True,2B,2B,1,2A,2B,2B,2B,1,1
1605,accepted,,7634c835446a5475,False,2A,2B,1,2A,2B,2A,1,1,2A
1606,accepted,,f27d0b483f4d6a39,True,1,2B,2B,2B,2A,2B,1,1,2A
1607,accepted,,62e27cbbb293ddfc,True,2B,2B,1,2A,2B,2B,2B,2A,2A
1608,accepted,,34557f40c825401d,True,2A,1,2B,2A,2A,2A,1,2A,1
1609,accepted,,726478b702381125,True,2A,1,2B,2A,2A,2B,2B,2A,2A
1610,accepted,,fd0857af25c64636,False,1,2A,1,2B,2A,2B,2B,1,1
1611,accepted,,c0bf02450fa826f9,True,1,2B,2B,2B,1,2B,2B,1,1
1612,accepted,,abeda9c096903af2,False,2B,1,1,2B,2B,2B,1,1,2A
1613,accepted,,28b6cefe5b8aaa25,False,1,2B,1,2A,2A,2B,1,2A,2B
1614,accepted,,aa21779c30f37779,True,1,1,2B,2A,1,2B,2B,2B,2B
1615,accepted,,8b22e248b2f9221c,False,2A,2B,1,2A,2B,1,2B,2B,1
1616,accepted,,1ab29a23e9c60570,False,1,2A,2B,2A,2A,1,1,1,2B
1617,accepted,,38a3ee3333cbb1e7,False,2A,2A,1,2B,2B,2B,1,2B,2B
1618,accepted,,e0d76c198a8ec0ef,False,2B,2B,1,2B,2B,2B,1,2B,2B
1619,accepted,,d7e19f668c10f3f3,False,1,2A,2B,2B,1,2A,1,1,2A
1620,accepted,,848b0b3356881a8c,False,2B,2B,1,2B,2B,2B,2B,1,1
1621,accepted,,79c53b00940f0724,False,2B,1,1,2A,2B,2B,2B,1,1
1622,accepted,,63220d22a2afb55e,False,2A,2A,1,2B,2A,1,2B,2A,2A
1623,accepted,,0dfe86fe113d90a6,False,1,1,2B,2A,1,1,2B,2A,2B
1624,accepted,,275e2d6d110a3c51,True,2A,1,1,2B,1,1,1,2B,2A
1625,accepted,,a1db6481e4162453,True,1,1,2B,2B,1,2A,1,1,2A
1626,accepted,,3840216d4cc5de4e,True,2B,2B,1,2A,2A,1,1,1,2A
1627,accepted,,c83fd372b943e27f,True,2A,2A,1,2B,2A,2B,1,2B,2A
1628,accepted,,abf1cc3cacd61a37,False,2B,2B,2B,2B,1,2A,2B,2B,2A
1629,accepted,,d7fd62117a4f941d,True,1,1,2B,2A,1,2B,2B,1,2B
1630,accepted,,f9ffce425aaed2d7,False,2B,2B,1,2B,1,2B,1,2A,2A
1631,accepted,,875e91cb0970e882,True,2B,2B,1,2B,2A,2A,2B,1,1
1632,accepted,,60cc76ae565342c6,True,1,2A,1,2B,1,1,1,1,1
1633,accepted,,0b04b7a60c980196,True,2A,2A,1,2B,2A,2A,2B,1,2A
1634,accepted,,bab45812bc0e5292,True,2A,2B,1,2B,1,1,1,2B,2A
1635,accepted,,610936a5251dd9ab,False,1,2B,2B,2B,2B,2B,1,1,2B
1636,accepted,,fa4a2eee3fa95bac,True,2A,2B,1,2B,1,2A,2B,1,2B
1637,accepted,,35e3ef7bd5807294,False,2B,2B,1,2B,2B,2A,1,1,1
1638,accepted,,21891cf76c80a956,False,1,2A,1,2A,2A,2B,1,2B,2B
1639,accepted,,7f3b935f3ffd2e87,False,2B,2A,2B,2A,2A,2B,2B,2A,2A
1640,accepted,,a6e1df6dd83c17ef,False,1,2A,2B,2B,1,1,2B,2A,2A
1641,accepted,,a31f8b48ea253efa,False,2B,1,1,2A,2B,2B,2B,2A,2B
1642,accepted,,796302b14db0c21e,True,2A,1,2B,2B,2B,2B,2B,2A,1
1643,accepted,,b4259029ddbbcb0f,False,1,1,2B,2B,2A,2A,1,2A,1
1644,accepted,,50a829ba21f20906,False,2B,2B,1,2B,1,2A,2B,2B,1
1645,accepted,,19acd8df5b1e9874,False,2A,1,1,2A,1,2B,2B,2B,1
1646,accepted,,65c3711f8f5a38cd,False,1,1,1,2A,2B,2B,1,1,2B
1647,accepted,,d5f22b34b2f0af9f,True,2B,2A,1,2B,2A,1,1,1,1
1648,accepted,,d38c0a6a01a14f6c,False,2B,1,1,2B,2B,2B,2B,2B,2A
1649,accepted,,d2b2195165157c64,False,2A,2B,1,2A,2A,2B,2B,2A,2A
1650,accepted,,bd6c5e85dc082abd,False,1,2B,1,2B,2B,2B,2B,1,1
1651,accepted,,d8af9eaafe539bbc,True,1,2A,2B,2B,1,2B,1,1,1
1652,accepted,,28a287706d94ff58,False,1,1,2B,2B,2A,1,1,1,2A
1653,accepted,,724a79e8d77a7ae7,False,2B,2B,2B,2A,1,2B,1,2B,2A
1654,accepted,,d7df1030bdb79bc6,True,2B,1,1,2B,1,2B,1,1,1
1655,accepted,,4a362a38817907c3,False,2A,2B,1,2B,1,2B,1,1,2B
1656,accepted,,a9fcc70135fc073a,True,2B,2A,2B,2B,2A,2A,1,1,1
1657,accepted,,70c81e2681c69eef,False,2B,1,2B,2A,1,2A,1,2B,2A
1658,accepted,,0b4483992529675e,True,1,2A,2B,2B,1,2A,2B,2B,2B
1659,accepted,,f9dcd646925c8e3e,False,2B,2A,2B,2A,2B,1,1,2A,2B
1660,accepted,,5d5b943c5944ef4a,False,2A,2A,1,2B,1,1,2B,1,2B
1661,accepted,,722aa18e357e290b,False,2B,1,1,2A,1,2B,2B,2B,2B
1662,accepted,,8a2d132b724d926d,False,2B,2A,2B,2B,2A,1,1,2B,1
1663,accepted,,21a4ed263c8f8962,True,1,2B,1,2A,2B,1,1,1,2A
1664,accepted,,ed9fc283515e83c3,False,2B,2A,2B,2B,2B,2B,1,2B,1
1665,accepted,,9e0890ce7d6f4bcc,False,2B,2A,1,2A,2B,1,2B,1,2A
1666,accepted,,192775931b993b8a,False,2A,1,1,2A,1,1,2B,2B,2A
1667,accepted,,dc54d0115d179095,True,2B,1,2B,2A,2A,1,2B,2A,1
1668,accepted,,6b63012ec9e0d4ff,False,2A,2B,2B,2B,1,1,2B,2A,2A
1669,accepted,,1fb7487c893139e8,False,2B,1,1,2A,2A,1,2B,1,2A
1670,accepted,,10181a0c3138055a,True,2B,2A,2B,2A,1,2A,2B,2B,2B
1671,accepted,,52bbd028e9dcb5d7,False,2A,1,2B,2A,1,2A,1,1,1
1672,accepted,,aa2ef34f00ad607c,False,2A,1,2B,2A,2B,1,2B,1,1
1673,accepted,,b616f4ca6ab83632,False,2B,1,1,2A,2A,2B,2B,2A,2B
1674,accepted,,ff651106a95b352f,True,2B,1,2B,2A,1,2A,1,1,2A
1675,accepted,,cd6e25f9d8d2e77e,False,2A,2A,2B,2B,2A,2A,2B,2A,2A
1676,accepted,,5419913fb40f9384,True,2B,1,2B,2A,2B,2A,1,1,1
1677,accepted,,bef3ce04f5100dfd,False,1,2A,1,2A,2A,2B,1,2B,2A
1678,accepted,,57a31c32943be458,True,2B,2A,2B,2B,2B,2B,2B,2B,2A
1679,accepted,,f33357661680f8d4,True,2B,2B,2B,2A,2B,2B,2B,2A,1
1680,accepted,,e6982ed723f8731e,False,2A,1,2B,2B,2A,2A,1,2A,2B
1681,accepted,,2832705a19d13ffd,True,2B,2B,2B,2A,1,2A,1,2A,1
1682,accepted,,ca130cafb0967b28,False,2B,1,2B,2A,2A,1,1,2A,2A
1683,accepted,,49737a1a5a223914,True,2B,1,2B,2B,1,2A,2B,2B,2A
1684,accepted,,be656bc9408db47f,False,2B,2A,2B,2B,2A,1,1,1,2B
1685,accepted,,1fa40ac50d686449,True,1,1,2B,2A,1,1,2B,1,1
1686,accepted,,71d27d952ca6c5d4,False,1,1,1,2A,2B,2A,1,2B,2B
1687,accepted,,a54996b2138043e0,False,1,1,2B,2B,1,1,1,2B,2A
1688,accepted,,f5b4fbc3bf0f3c01,False,2B,2A,1,2A,1,1,2B,2A,2B
1689,accepted,,249273da5762de56,False,2A,2B,1,2B,2B,2A,2B,2A,2B
1690,accepted,,f9956e15f4fb3a15,True,1,2B,1,2A,1,2B,2B,2A,2B
1691,accepted,,a326e4fef8cf2a2c,False,2B,2A,2B,2A,2B,1,1,2B,1
1692,accepted,,c92b1549fa7a775e,False,2A,2A,1,2B,2A,2B,2B,1,2A
1693,accepted,,6a64b4392fe54b39,False,2A,2B,2B,2B,2A,1,2B,2B,2B
1694,accepted,,716f12eb973ac84d,False,1,2A,2B,2A,2B,2A,2B,2B,2A
1695,accepted,,3f05fd75de536165,False,2A,2A,1,2A,2A,2A,1,2B,2B
1696,accepted,,ffed06983a54b2db,False,2B,2A,2B,2B,2B,2A,1,1,2A
1697,accepted,,37254753322b393c,False,2B,2B,2B,2A,1,2B,2B,1,2A
1698,accepted,,1316fd5deed39368,True,2A,2A,1,2B,1,2B,1,2B,2A
1699,accepted,,f7491c6f66bc0471,False,2B,2B,2B,2A,2B,2A,2B,2A,2A
1700,accepted,,b161e2ea558894c6,True,2A,2A,2B,2B,2A,2A,2B,1,1
1701,accepted,,5cf21eec47d227fe,False,2B,2A,2B,2A,2A,1,2B,2A,2A
1702,accepted,,770097ba705a6519,False,2A,2A,1,2A,1,2B,2B,2A,2B
1703,accepted,,4f7e52e1d5243fb7,False,1,2A,2B,2B,2B,2B,2B,1,2B
1704,accepted,,2eb02cbbf8fd888e,False,1,1,2B,2B,1,2B,1,2A,1
1705,accepted,,f63af7ebd884eb23,True,2A,2B,1,2A,1,2A,1,2B,2A
1706,accepted,,74c20b965d6ad6d7,True,2B,2B,2B,2A,1,1,1,2B,2A
1707,accepted,,11d641391e85fb5c,False,2A,2B,1,2A,1,2B,1,2A,1
1708,accepted,,609bee1c0010b5d0,True,2A,2B,2B,2B,2A,2A,2B,2B,2B
1709,accepted,,9b78b3e4d941f54b,False,2B,2A,1,2B,2B,1,2B,1,1
1710,accepted,,e403a6a75248bd2d,False,2A,1,2B,2B,2B,1,1,2B,1
1711,accepted,,8a3b76b7fac83833,True,2B,1,2B,2B,1,2A,2B,2B,2A
1712,accepted,,31d4bc75462f3dee,True,1,2B,1,2A,1,1,2B,1,2B
1713,accepted,,7437d7f036b2ee8e,False,2A,2A,2B,2A,2B,2B,1,2A,2B
1714,accepted,,280d2d0d327f9609,True,1,2A,2B,2A,1,2B,2B,2A,2B
1715,accepted,,ab59d8b4a14b70b0,True,1,2B,1,2B,1,2B,1,2A,2B
1716,accepted,,2d94d744d6d79094,False,1,1,2B,2B,2B,2A,1,2B,1
1717,accepted,,c46cd33a4412d4b3,True,2A,1,1,2A,2A,2B,2B,2A,1
1718,accepted,,72ba3569b82744c2,False,2B,2B,2B,2B,2B,2B,1,2A,2B
1719,accepted,,c50467cc6f9152ea,True,2B,2A,1,2B,2B,2A,2B,2B,2A
1720,accepted,,1c6a9c10e3ad0a14,True,2B,1,1,2B,2A,2B,2B,1,1
1721,accepted,,84b3cdd531643fe4,False,1,1,2B,2A,2A,1,1,1,2A
1722,accepted,,0fb8cab92741128f,True,1,2A,2B,2B,1,2A,2B,2A,2A
1723,accepted,,1a2f2f3b37673ae7,True,2B,2B,1,2B,2A,2A,1,2A,1
1724,accepted,,ea1d02076055fd0b,False,2A,2A,2B,2A,2B,2A,1,1,1
1725,accepted,,f4a006d83e40ac30,False,2B,2B,1,2A,2A,2A,2B,2B,2B
1726,accepted,,46931d5c65367b96,True,2B,1,2B,2A,2B,1,1,2A,2A
1727,accepted,,2d578e35c3700f8d,False,1,2A,1,2B,2A,2A,1,2A,2B
1728,accepted,,ab2cc5b0680853ea,False,2B,2A,1,2A,2A,2A,1,2B,1
1729,accepted,,c34d87d4f0cb1848,False,1,2A,1,2A,1,2A,2B,2B,2B
1730,accepted,,d3ba31fef30a70e6,False,2A,2A,2B,2A,2B,2A,1,2A,1
1731,accepted,,d057a4f3fd102897,True,2A,2A,2B,2B,1,2B,1,1,1
1732,accepted,,5ac6fd85a0a4ec49,False,2A,2B,2B,2A,1,1,2B,1,2A
1733,accepted,,806c59433e151a7a,True,2B,2A,1,2B,1,1,1,2A,2A
1734,accepted,,4c0ff26b521ff486,True,2B,2B,2B,2B,1,2A,1,2B,2A
1735,accepted,,2b4aca68693eab90,False,1,2B,1,2B,2A,2B,2B,2B,2A
1736,accepted,,41cfa82e29886cc9,True,1,2A,2B,2B,1,1,2B,2B,2A
1737,accepted,,2e2d5975d4f5525e,False,1,1,1,2A,1,2A,1,1,2A
1738,accepted,,d5c656420ec74bc8,False,2B,1,2B,2B,1,1,1,1,2A
1739,accepted,,d1a8d039383ac508,False,1,1,1,2A,2A,2A,2B,1,1
1740,accepted,,515613a6497c01ba,False,2A,1,2B,2A,1,2B,2B,2A,2B
1741,accepted,,d837aa41f07d5401,True,2A,1,1,2B,1,1,1,2A,2B
1742,accepted,,e07f3b97825511a5,False,2B,2A,1,2B,2B,2A,2B,2B,2B
1743,accepted,,f0ab9c770f765119,True,2B,1,1,2B,1,1,1,2B,2B
1744,accepted,,4d1ed37ba5a009a0,True,2B,2A,2B,2B,2B,2B,2B,2A,1
1745,rejected,integration_exception: array must not contain infs or NaNs,,True,2A,2A,2B,2B,2B,2B,1,1,1
1746,accepted,,1076edbead1dcc5b,True,1,2B,1,2A,2A,2A,2B,2A,1
1747,accepted,,f5930930a4202046,True,2A,2A,1,2B,2B,2B,2B,2A,2B
1748,accepted,,5aaa7251a03683a5,True,2A,2B,1,2B,1,2A,1,2A,2B
1749,accepted,,1c76e9d4ed9d5f3b,False,2B,2A,1,2A,2A,2B,2B,2B,1
1750,accepted,,575dc2a2486508d0,True,2B,2A,1,2B,2B,2A,2B,2B,2A
1751,accepted,,738738efc8428ce5,False,2B,2A,1,2A,2B,2B,2B,2A,2A
1752,accepted,,230d6f61f41ce8ab,False,2A,2A,2B,2B,2B,1,1,1,2B
1753,accepted,,35bccb93bdeb2068,True,2A,1,2B,2B,1,2B,1,2B,2A
1754,accepted,,e6566bd21014d50a,False,1,1,1,2A,2B,2B,1,2A,2B
1755,accepted,,94bf019dcf0b27be,False,2B,1,2B,2A,2A,2A,2B,2B,2A
1756,accepted,,b8fea3edd5cfb8bf,False,1,2B,1,2B,2A,1,2B,2B,1
1757,accepted,,3baaeb22f5d0f8a6,False,2B,1,2B,2A,1,2B,2B,1,2A
1758,accepted,,67089e37e923faa6,False,2A,2B,1,2B,2A,2A,1,2A,2B
1759,accepted,,7296c6b4ad05fa7a,True,2B,2A,2B,2A,1,2B,2B,2B,2A
1760,accepted,,b8b75ada519af4d5,True,1,2A,1,2B,2A,2B,2B,2B,2B
1761,accepted,,f41212a3500eaa15,True,2B,1,2B,2A,2B,2A,1,2B,2B
1762,accepted,,e35c2dc685af5f46,True,2B,2B,1,2B,1,1,1,2A,2A
1763,accepted,,eaf5f4be0918cab8,True,2A,1,1,2A,2A,2A,2B,1,1
1764,accepted,,21ec52479640e881,True,1,2B,2B,2A,2B,1,1,2A,2B
1765,accepted,,a94a245a8f74e9af,False,2A,2A,1,2B,2A,1,1,2B,2A
1766,accepted,,db8fbc3c35ef40fd,False,2A,2B,1,2A,2B,1,1,1,2B
1767,accepted,,62308dd54b2dffc7,False,1,2B,2B,2B,1,2B,1,2A,2B
1768,accepted,,fb7416c0db9add4d,True,2A,2B,1,2A,2A,2A,2B,2A,2B
1769,accepted,,d7c29de53e368cfe,False,1,2B,1,2B,1,1,1,2A,2B
1770,accepted,,5cb42ade94414ac3,True,2A,2A,2B,2B,2A,1,2B,2A,2B
1771,accepted,,744c9dd094a18588,False,2A,2B,2B,2B,2A,2B,1,1,2A
1772,accepted,,86438f01b9027ec1,False,2B,2A,2B,2A,1,2A,2B,1,2B
1773,accepted,,3d09a52a25d56a62,True,1,1,2B,2B,2B,2B,2B,1,2B
1774,accepted,,e266d1d8bc496b2e,True,2B,1,2B,2A,2A,2B,2B,2A,1
1775,accepted,,54bdbf9e4f09df2d,False,2B,1,2B,2B,1,1,2B,1,2A
1776,accepted,,7d55b2f99ab1a426,False,2A,2B,2B,2A,2B,1,1,1,2B
1777,accepted,,553e1efe7f784cc4,False,2A,2B,2B,2B,1,2A,1,1,2A
1778,accepted,,11f3573e35723b9b,False,2B,2A,2B,2A,2B,2B,1,1,2B
1779,accepted,,ff3d105504b7de7b,True,2A,2A,1,2A,2B,2B,2B,2B,2B
1780,accepted,,ea645ec9accb02e5,False,1,2B,2B,2B,1,2A,2B,1,1
1781,accepted,,3d19f2c39944da63,True,1,1,1,2B,2A,2B,2B,1,2B
1782,accepted,,ea689f1502e8c32d,False,2A,1,2B,2B,1,2B,1,2B,1
1783,accepted,,0ded80d41a94ecb1,False,1,2B,2B,2A,2B,2A,2B,1,2A
1784,accepted,,12c736d023f4b4df,False,2A,1,2B,2B,2A,2A,2B,2A,1
1785,accepted,,811c113015779199,False,2A,1,1,2A,2B,1,2B,1,2B
1786,accepted,,de86220148f5af74,True,2A,2B,2B,2A,2B,2A,2B,2B,1
1787,accepted,,6c3327030e31afde,False,2B,1,1,2B,2A,2B,2B,2B,2A
1788,accepted,,b99c830a7d540964,True,2A,2B,1,2A,1,1,2B,2B,1
1789,accepted,,9efca4d1388fa25e,True,1,2B,1,2A,1,2A,1,1,2B
1790,accepted,,0758b4499d933d00,False,1,2A,2B,2B,1,1,2B,1,1
1791,accepted,,f02589bc2127c8b2,False,2A,1,2B,2A,1,2B,2B,1,2A
1792,accepted,,e95317d693e6ec46,False,2B,2A,1,2B,2A,1,1,2B,2A
1793,accepted,,3360f07ae8a49cca,True,1,2B,1,2A,1,2B,2B,1,1
1794,accepted,,eff80fb48b9ba555,True,2A,2B,2B,2B,1,1,1,2B,1
1795,accepted,,afed7da5b5fd9393,False,1,1,1,2B,2B,2A,2B,2A,2B
1796,accepted,,da64c3b27df73ae5,False,2A,2A,2B,2A,2B,2A,2B,1,2A
1797,accepted,,1fff1c41faccb51e,True,1,2B,1,2B,2A,2A,2B,1,2B
1798,accepted,,f63ea9b8fceea9c0,False,2B,2B,1,2B,1,2A,1,2A,2B
1799,accepted,,ab1ad184819ca3ca,False,1,2A,2B,2A,2A,1,1,2A,1
1800,accepted,,fd243e53d9a0dfff,False,2A,2B,2B,2B,2B,1,2B,2A,1
1801,accepted,,c5417b389bc9c30f,True,2A,2A,1,2A,2B,2B,2B,2A,2A
1802,accepted,,86f5757b53f0995c,False,1,1,2B,2A,2A,1,1,1,2B
1803,accepted,,15925fc03bba2cd7,False,2B,2B,2B,2A,2B,1,2B,1,2B
1804,accepted,,3572e9b152241ed6,False,2A,1,2B,2A,2A,2A,1,2A,1
1805,accepted,,b8666b7a21e3caa2,False,1,2A,1,2B,1,2A,2B,2B,2A
1806,accepted,,06865f0ce12fb8c6,False,2B,2B,2B,2A,2A,1,2B,2B,2A
1807,accepted,,cb8e4236d65db468,True,2A,2B,1,2B,2A,1,1,2B,1
1808,accepted,,43981227e1b31abe,False,1,2A,2B,2B,2A,1,2B,2B,2A
1809,rejected,integration_exception: array must not contain infs or NaNs,,True,2B,2A,2B,2B,1,2A,1,2A,2A
1810,accepted,,1e38f612f7e35f55,False,1,2A,1,2B,2B,2A,2B,2A,2B
1811,accepted,,7f4186b972200848,False,2B,2B,1,2A,1,2B,1,1,2B
1812,accepted,,c9cd4fcf9ef5ea99,False,1,1,1,2B,2A,2B,1,2A,2B
1813,accepted,,b390db04fed7d940,False,2B,2A,1,2A,2B,2B,1,1,2A
1814,accepted,,3d795a296ad70eb5,True,2A,2B,2B,2B,1,1,1,2B,1
1815,accepted,,50e8699c43c44a0f,True,1,2B,1,2A,1,1,1,2A,1
1816,accepted,,20ffba4ba5fd0b5b,False,1,2B,2B,2A,2A,1,2B,2A,2B
1817,accepted,,ede92df5f9915fb9,False,1,2A,1,2B,2B,1,1,1,2A
1818,accepted,,7c5b82b30f11354a,False,2A,2B,1,2B,2A,1,1,1,1
1819,accepted,,776b009eea5f2df0,True,1,1,1,2A,2A,1,2B,2B,2A
1820,accepted,,1f705ddb7e1a1f11,True,2B,2A,1,2A,1,2B,1,1,1
1821,accepted,,885022544c1b048d,False,1,2B,1,2B,2B,2B,2B,2B,1
1822,accepted,,991e6f5e12225ea9,False,1,1,2B,2B,2A,1,2B,1,1
1823,accepted,,a4bd8483ab0c48a8,False,1,2A,1,2B,1,2A,2B,1,2B
1824,accepted,,73a4eb0b64770d04,True,2B,1,1,2B,2B,2A,2B,2B,2A
1825,accepted,,1cc5993dcf6a9c58,True,2B,2B,2B,2A,2A,2B,1,2B,1
1826,accepted,,1d00b18e726bb4fe,False,2B,1,2B,2A,2B,1,1,2B,2B
1827,accepted,,aebb549b72e5f8ea,True,1,2A,1,2A,2A,1,2B,2B,2B
1828,accepted,,194d481d3a737100,True,2A,1,2B,2B,2A,2B,1,1,1
1829,accepted,,1593af4f4b513481,True,2A,2B,1,2B,2A,2B,2B,1,2B
1830,accepted,,a992993b97ccadbf,False,2B,2B,1,2A,2A,2A,1,1,2A
1831,accepted,,828b292681212824,False,2A,2A,2B,2A,1,2A,1,2B,1
1832,accepted,,54d8a1a9a959b68b,True,1,1,2B,2A,2B,1,1,1,1
1833,accepted,,79b3f71b47f0d3ab,False,2A,2B,1,2A,1,1,1,1,2A
1834,accepted,,d625820d479dc230,False,2B,1,1,2A,1,1,2B,1,1
1835,accepted,,688391f8f63c28a1,False,2A,2A,1,2B,1,1,1,1,1
1836,accepted,,1c67bfcf0fcd6fd9,False,2B,1,2B,2B,1,2A,1,2B,2A
1837,accepted,,12703a4515843b6e,False,1,1,2B,2A,2B,1,2B,2A,1
1838,accepted,,8233e6f55acf0085,False,1,2A,1,2B,1,1,1,2B,1
1839,accepted,,e08077e25564b41d,False,1,1,1,2B,2B,2A,2B,1,1
1840,accepted,,a5ddddd5833ff2b4,True,2A,1,2B,2A,1,1,1,2B,1
1841,accepted,,65eab1a132af1ee3,False,1,2A,1,2B,2B,1,2B,2A,2A
1842,accepted,,1628b2433f2f47f9,True,2A,2A,1,2B,1,2B,1,2A,2B
1843,accepted,,096882d20fdf3f54,False,2A,2B,2B,2A,1,2A,2B,2B,1
1844,accepted,,2d20990d6be63f8b,False,1,2B,1,2A,2A,1,1,1,1
1845,accepted,,a0c779bffb0e2fe6,False,2A,2B,2B,2A,1,2A,1,2B,2A
1846,accepted,,9cd61cc26c7fd7b9,True,2B,1,2B,2B,2B,2A,2B,2A,2B
1847,accepted,,9fc5b903131b8e3a,False,2A,2B,1,2B,1,1,2B,2A,1
1848,accepted,,bf37ad012423e876,False,2B,2A,1,2B,2B,1,2B,1,2A
1849,accepted,,bb3ead1052607a22,False,2B,2A,1,2B,2B,2B,1,2A,1
1850,accepted,,b6fa9cba010049bb,False,2A,2B,2B,2B,2B,2B,1,2A,2A
1851,accepted,,ffe58767ac705359,False,1,1,1,2B,2B,2A,1,2A,2B
1852,accepted,,2216ddbd9a5e63f3,True,1,1,1,2B,1,1,1,2A,2B
1853,accepted,,2a96f0ec3a94d98c,True,2B,2A,1,2B,1,2B,2B,2B,1
1854,accepted,,1af98aefb2a441b2,True,1,1,2B,2B,2A,2B,1,2A,2B
1855,accepted,,883125cfacd99729,True,2A,1,1,2A,1,2B,1,2B,1
1856,accepted,,fe74050029cd28bf,True,2B,2A,2B,2B,2A,1,1,1,1
1857,accepted,,90a913007b48c93a,False,2B,2B,1,2A,1,2A,1,1,2A
1858,accepted,,0fc3b2244019c610,True,2A,2A,2B,2A,1,1,2B,2A,1
1859,accepted,,2311b661e845c3b1,False,2B,2A,1,2B,1,2A,1,2A,2A
1860,accepted,,306c0b0665e0c771,True,1,2A,1,2B,1,2A,1,1,2B
1861,accepted,,b4998ba67b20fecd,True,2B,2B,2B,2B,2A,1,1,1,1
1862,accepted,,076d19a5ab8e277b,False,1,2A,1,2A,1,2A,2B,1,1
1863,accepted,,c88f4f1903f591b8,False,1,1,1,2A,2B,2B,1,2A,2A
1864,accepted,,2d5451d6002e7e77,True,1,2A,1,2B,2B,2A,1,2A,1
1865,accepted,,0aca82eb16e7384c,False,1,2B,2B,2A,2A,2B,1,1,2A
1866,accepted,,5048b954fc225d94,False,2A,2A,2B,2A,2B,2A,2B,2B,2A
1867,accepted,,dda2215758f56621,True,2A,1,1,2B,2A,2B,1,1,1
1868,accepted,,e6164bb84af497ca,True,2A,1,1,2A,2B,2B,1,2B,1
1869,accepted,,0773e3d3de226f71,True,2B,2A,1,2B,2B,1,2B,1,2B
1870,accepted,,e66e53e3d92038da,True,1,1,2B,2A,2B,2A,1,1,2B
1871,accepted,,47fcd97d71ac0986,False,2B,1,1,2B,2B,2A,1,2B,1
1872,accepted,,fcb152058e941e2a,True,2A,2A,1,2B,1,2B,1,1,1
1873,accepted,,590e1944a5d56c40,True,2B,1,1,2B,2B,2A,1,1,1
1874,accepted,,6e08e33c8d9c8b5e,True,2A,2B,2B,2A,1,2A,1,2A,2A
1875,accepted,,dd42971dbde01a33,True,2B,1,2B,2A,2B,2B,2B,2A,2A
1876,accepted,,a78299c9b739fe7f,False,2A,2A,1,2B,2A,1,2B,1,2A
1877,accepted,,a105ee63b2962615,True,2A,1,1,2A,1,2A,1,2B,1
1878,accepted,,6db1b0521d1fd816,True,2A,2A,2B,2A,2B,1,2B,2A,2A
1879,accepted,,d94e4fb549d06689,True,1,2A,1,2B,2B,2A,2B,2B,2B
1880,accepted,,d70ac56b63e22d47,False,2B,1,2B,2A,2B,2A,2B,1,1
1881,accepted,,2e3f42d74bc66a5d,False,2B,2A,2B,2B,2B,2B,1,2A,2A
1882,accepted,,52a19eb3551e54d4,False,1,2A,2B,2B,2A,2A,1,2A,2B
1883,accepted,,4a64c3d9d3dc830c,False,2B,2A,1,2A,2A,1,1,1,1
1884,accepted,,e8df84406e93acb4,True,2B,2A,2B,2A,2A,2A,2B,2A,2B
1885,accepted,,5518dc8ca871052f,True,2B,1,1,2A,2A,1,2B,2B,2A
1886,rejected,integration_exception: array must not contain infs or NaNs,,True,2A,2B,2B,2B,2B,1,1,2B,1
1887,accepted,,77e90d5238cd9d67,True,2A,2B,1,2A,1,2B,1,2A,2A
1888,accepted,,f34e819a6f974ebb,False,1,2B,2B,2A,2B,2A,1,2B,2B
1889,accepted,,6779c0ebb6309039,True,2B,2B,1,2B,1,2B,1,1,2B
1890,accepted,,86e503b219bb6586,False,2A,2B,1,2B,1,2B,2B,2A,2A
1891,accepted,,bb78fdddb79c37a6,True,2A,2A,2B,2B,2B,1,1,1,1
1892,accepted,,359d53eadf3aac6f,False,2A,1,1,2B,2A,2A,1,2A,2A
1893,accepted,,ce6b715d19da8429,True,2A,2A,2B,2A,2A,2B,2B,2B,2A
1894,accepted,,6f67213c882d66ed,False,1,1,1,2A,1,2B,1,2A,2A
1895,accepted,,e12950cfa4cc390d,True,1,1,2B,2B,2B,2A,2B,1,1
1896,accepted,,dde1f57601a8c2bd,False,2B,2A,1,2B,2A,2A,1,2B,2B
1897,accepted,,3c6b4f1531512461,False,2A,1,2B,2A,2A,2B,2B,2A,2B
1898,accepted,,e6ff060f458030a1,True,2A,2A,2B,2A,1,2B,1,2B,2B
1899,accepted,,17faad11aaa8224f,True,1,1,2B,2B,2A,2B,2B,2A,1
1900,accepted,,5f220e9f6090e85a,True,2B,2B,2B,2B,1,2A,1,2A,1
1901,accepted,,39ddec87dd90ed4d,True,1,1,1,2A,2A,2A,1,2B,2A
1902,accepted,,c8578f1f327835de,True,2B,1,1,2B,1,2B,2B,2A,2A
1903,accepted,,cbfde885125a1c7d,False,2A,2B,2B,2B,2B,2B,2B,2B,1
1904,accepted,,88ed87d59f5ffe1f,False,2B,2B,2B,2B,2A,2B,2B,1,2A
1905,accepted,,4bdf0c09ce5c4b23,False,2B,2B,1,2A,2A,1,2B,1,2B
1906,accepted,,5b9a7b4a5fe6088f,False,2A,2A,1,2A,2A,2A,2B,2A,2B
1907,accepted,,4f8190cd296a199b,False,2A,1,1,2A,2A,2A,2B,1,2B
1908,accepted,,df181e40ca6974ce,False,2A,2B,2B,2B,2B,1,1,1,1
1909,accepted,,ddee163d1f028c2e,False,1,1,1,2B,2B,2B,1,1,2B
1910,accepted,,502dae95189d0dfa,True,1,2A,1,2B,2B,2B,2B,2A,2A
1911,accepted,,362bed8257e3df4f,True,2B,1,2B,2A,1,2A,1,2A,2A
1912,accepted,,d70b1926b1be5f4c,False,2A,2A,1,2A,2B,2A,2B,2B,1
1913,accepted,,172dde9491cd9d42,False,1,1,1,2B,2A,2B,1,1,1
1914,accepted,,f61bb67412b4304f,True,2A,2B,1,2A,1,2B,1,2A,2A
1915,accepted,,c1d7436b51a05ac8,False,1,2B,1,2B,2B,2A,1,1,2B
1916,accepted,,1c346708a9e1a980,False,2A,2B,2B,2A,1,2A,1,2A,1
1917,accepted,,f488c707933ed8e4,False,2B,1,1,2A,2B,2B,1,2B,2A
1918,accepted,,2627692a04892359,False,2A,2A,1,2B,2A,2A,1,2A,2B
1919,accepted,,78ddb29218622818,False,2A,1,1,2B,2A,2A,2B,1,1
1920,accepted,,874005fd87e4c582,False,2A,2B,2B,2B,2B,2B,2B,1,2A
1921,accepted,,0dc739353808b6f2,False,1,2A,2B,2A,1,2B,2B,2A,2B
1922,accepted,,edc505eb48d4accd,False,1,2A,1,2A,2B,1,1,1,1
1923,accepted,,d064814124a96fc3,True,2A,2B,1,2A,2A,2B,1,2B,2B
1924,accepted,,699e1bc6ae7c51c4,True,2A,1,2B,2A,2B,1,2B,2B,2B
1925,accepted,,8c388d676c4ad89f,False,2B,2B,2B,2B,1,2A,2B,2A,1
1926,accepted,,dd46d68b1ddaf663,True,1,1,1,2B,2A,2B,2B,2B,1
1927,accepted,,7f427f008cb04dd9,True,1,1,1,2B,1,2A,2B,2B,2B
1928,accepted,,75e85969e79bacb5,True,1,2A,1,2B,1,2B,2B,2A,2A
1929,accepted,,9bf3cb80ce3d72b1,True,2A,2B,2B,2B,2A,1,2B,2B,1
1930,accepted,,d8117d4f2f4d289e,False,1,2B,2B,2A,2B,1,2B,1,2B
1931,accepted,,901b0ae1c35c5518,True,1,1,2B,2A,2B,1,2B,2A,1
1932,accepted,,ac8f30fa939a21a9,False,1,2B,1,2B,2A,1,2B,1,2B
1933,accepted,,90ec7ebe5dee9161,False,2A,1,2B,2B,1,1,2B,2A,2A
1934,accepted,,e952bc49b67f6455,False,1,2B,2B,2A,1,1,2B,2B,2B
1935,accepted,,237093ce843e47ec,False,1,2A,1,2A,2B,2A,2B,2A,1
1936,accepted,,9f12c8022b081427,False,1,2A,1,2B,2B,1,1,2B,2B
1937,accepted,,f5b7e8142469ec13,False,2A,2A,1,2B,1,2B,2B,2A,1
1938,accepted,,0a2eadeffbbcf0bc,False,1,1,2B,2B,1,1,2B,1,2B
1939,accepted,,76af81d74eddd700,True,2B,2A,2B,2A,1,2A,1,1,2A
1940,accepted,,f76333001a163c2a,True,2B,2B,1,2B,2A,2B,2B,2B,2A
1941,accepted,,002b714c0a65a9c7,True,2A,1,1,2A,2A,2A,1,2B,2A
1942,accepted,,3a1e3142c6dc8069,False,2A,2B,2B,2B,2B,1,2B,2B,2A
1943,accepted,,5e88975415f58604,True,1,2A,1,2A,2B,1,2B,1,2A
1944,accepted,,e388199ba99c7844,True,2A,2B,1,2A,2A,1,1,2B,2B
1945,accepted,,220b9ed3c11ac385,False,1,2A,2B,2B,2A,1,2B,1,2A
1946,accepted,,9cdfb7bfaf74c3bb,False,2B,1,1,2A,2B,1,1,2B,2B
1947,accepted,,6446a7c30091c007,False,2A,2A,2B,2A,2A,2B,2B,2B,2B
1948,accepted,,3b356277c80c40cf,False,2B,2B,1,2B,2A,1,1,2A,1
1949,accepted,,73278cb9e22d2549,True,1,2A,1,2B,1,2A,2B,2B,2B
1950,accepted,,5d22e33f65c2aec7,False,2A,2A,2B,2B,2B,1,1,1,2B
1951,accepted,,c99f7164a9c7d5ad,True,2A,1,1,2B,2A,2A,1,1,2B
1952,accepted,,bd6ea093c811a7c6,False,2B,2B,1,2A,2B,2A,2B,2A,2B
1953,accepted,,1bdae503d7b5a41b,False,2B,1,2B,2B,2B,1,2B,1,1
1954,accepted,,ffebe46220a41d6e,False,2A,2B,1,2A,2B,1,2B,2B,2A
1955,accepted,,961724ff71836978,False,1,2A,2B,2A,2B,2B,2B,1,1
1956,accepted,,c25b6739ac0f36ea,False,2B,1,2B,2B,1,2B,1,2A,1
1957,accepted,,6fe52c33768c41b1,False,2A,1,2B,2A,2A,2A,1,2B,1
1958,accepted,,f2624f06d2036c4f,False,1,2A,2B,2A,1,1,2B,1,2A
1959,accepted,,9ca80b4e55e30add,False,2A,2A,1,2B,1,2B,2B,2A,2B
1960,accepted,,3de89256c235136f,False,2B,1,1,2A,2B,2B,1,1,1
1961,accepted,,339e1363c0a2fed4,False,2B,2A,2B,2A,1,2B,2B,2A,1
1962,accepted,,93ffc7ff8035a2f3,False,1,2A,2B,2B,1,2B,2B,2A,1
1963,accepted,,64f05c758babf77a,True,2B,2B,2B,2A,2B,2B,1,2A,2A
1964,accepted,,c90f703759ade1d3,False,1,2A,2B,2B,2B,1,2B,2B,1
1965,accepted,,8ddff9d46496fc49,True,2A,2A,1,2B,2A,2B,2B,1,2B
1966,accepted,,116470f53f7c4573,False,2B,2B,1,2B,2A,2A,1,2A,2B
1967,accepted,,28a6ac8fcc30c9a8,True,2A,2B,1,2B,1,2B,2B,2A,1
1968,accepted,,b88d22263054659f,False,2B,1,1,2B,2B,2B,1,2B,2B
1969,accepted,,152fe0ba8d2f10e4,False,1,1,1,2B,1,2A,1,2B,1
1970,accepted,,4d000419a7dbcfc0,False,1,2A,2B,2A,2A,2B,2B,2B,2B
1971,accepted,,1793e0f06fb65543,True,2B,2A,1,2A,2B,2B,2B,2B,2B
1972,accepted,,3e1fa605be697fb2,True,1,2A,2B,2A,2B,2A,1,2A,1
1973,accepted,,1edbdc2c45429274,False,1,2B,2B,2B,2A,2A,2B,2B,2A
1974,accepted,,91579c2e632959f7,True,1,1,2B,2A,1,2A,1,1,1
1975,accepted,,575d2067089dc445,False,2A,1,1,2A,2B,2A,1,2A,2A
1976,accepted,,d379b8e8eaba60b4,True,2B,1,1,2A,2B,2A,2B,2B,1
1977,accepted,,d292dd35e56cec23,False,1,2B,2B,2A,2A,2B,1,1,1
1978,accepted,,469a7d63cb38c2a7,False,2A,2A,2B,2B,1,2A,1,1,1
1979,accepted,,f2d80bad5dcce7b4,False,2A,2A,2B,2B,1,2A,1,1,2B
1980,accepted,,ec2411a58def312f,False,2B,1,1,2A,2A,2A,1,2A,2B
1981,accepted,,1f12f028776f9b57,False,1,2A,1,2A,1,2A,2B,2B,2A
1982,accepted,,9595365e989a18f6,True,2B,1,1,2B,2A,2A,2B,2B,2A
1983,accepted,,7dcf55008afb5cc2,True,2B,2B,2B,2A,2B,1,1,2B,2A
1984,accepted,,6c47f468ad690163,True,1,2A,1,2B,2A,1,1,1,1
1985,accepted,,2f7fe32dbef602a5,True,2B,2B,1,2A,2A,2A,1,2B,2A
1986,accepted,,6603e591a54eaf4f,True,2A,1,2B,2A,2B,1,2B,2A,1
1987,accepted,,b9127ed9f035f8a0,False,2A,2B,2B,2B,1,1,2B,2B,2A
1988,accepted,,9ca71d9a83300d1d,False,1,1,1,2A,1,2A,1,1,2A
1989,accepted,,ff06aca4bdd16a6e,False,1,2A,2B,2B,2A,1,1,1,1
1990,accepted,,f0d214c08181b9d9,True,2B,2A,1,2B,2A,2B,2B,1,2A
1991,accepted,,6d9a0c2f6c47b3f0,False,2B,2A,1,2B,1,2B,1,1,1
1992,accepted,,897f899d76e3f5bc,False,2A,2A,2B,2B,2B,2B,1,1,1
1993,accepted,,82a87c2470754670,False,2B,1,2B,2B,1,1,2B,2A,2A
1994,accepted,,4ba8a023ec7bfe94,False,2B,2B,2B,2B,2B,1,2B,2B,1
1995,accepted,,42687b99cfa28420,True,2B,2B,1,2A,2A,1,1,1,2B
1996,accepted,,284ab190451d261b,False,1,1,2B,2B,2A,2B,2B,2A,2B
1997,accepted,,10860a2dd5883118,False,2A,2A,2B,2A,1,2A,2B,1,1
1998,accepted,,907b7a416278b4c2,False,2A,2B,2B,2B,2A,2A,1,1,1
1999,accepted,,3af0e0891533c469,False,1,2A,1,2A,1,2A,1,1,1
2000,accepted,,7e6bd5fdcef5e5e4,False,2B,1,2B,2A,1,2A,1,2A,2A
2001,accepted,,5d7cd757ae32bb17,False,1,2A,2B,2B,1,2A,1,2B,2A
2002,accepted,,5db47d2c3e4badc8,False,2A,2A,1,2A,2B,2B,2B,2A,2B
2003,accepted,,5596a2d41909544b,False,2B,2B,2B,2A,1,2A,2B,2B,2B
2004,accepted,,21d78c142c4fa038,False,2B,2B,1,2A,1,2B,2B,1,1
2005,accepted,,8fcc5e5aeb3ae626,False,2A,1,2B,2A,2A,2B,1,1,2A
2006,accepted,,6c2c685c12586d57,False,2A,1,1,2A,2A,1,2B,1,2A
2007,accepted,,e6b1e52406ae8f04,False,2B,1,1,2B,2B,2A,1,1,1
2008,accepted,,fd565118ff7b74e3,False,2A,2A,2B,2B,2A,2A,1,1,1
2009,accepted,,042626edb714167d,False,2B,2B,2B,2A,2B,2B,1,2A,2B
2010,accepted,,470da564169e433c,False,2B,2A,1,2A,2A,1,2B,2A,2B
2011,accepted,,e9ec900a68d8db55,True,1,2A,1,2B,2A,2A,1,2B,2A
2012,accepted,,ae1458d6f7f71b69,False,1,1,1,2B,2B,1,2B,2B,1
2013,accepted,,02f920777128208f,False,1,2B,2B,2A,2B,2B,2B,2B,2A
2014,accepted,,1ccde109b8eb66c2,False,2B,1,1,2A,2A,1,1,2A,1
2015,accepted,,9bd3c4671005ed6d,False,2A,2A,1,2A,2A,2B,1,1,1
2016,accepted,,71a3118336666d53,False,2A,2B,2B,2B,2A,1,2B,2B,2A
2017,accepted,,c874672c83d19e7b,True,2B,1,1,2A,2A,2B,2B,2A,2A
2018,accepted,,7c73605aa14adc43,True,2B,2A,1,2A,2A,2B,1,2A,2A
2019,accepted,,2077a457ac6affa2,False,2B,1,2B,2B,2B,1,2B,1,2B
2020,accepted,,4729aa72a2db7c4e,False,2B,2A,1,2A,2A,2B,1,2A,2B
2021,accepted,,b7eaf6ced4874436,False,2B,1,2B,2B,2B,2A,2B,1,1
2022,accepted,,2a8ff874dd06d6c1,False,2A,1,1,2A,2A,2A,2B,1,2A
2023,accepted,,73b9492a708efaa5,False,2A,2A,1,2B,2A,2A,1,2A,2A
2024,accepted,,ec503390c7cce6ac,False,1,1,2B,2A,2B,1,1,2B,1
2025,accepted,,c06ef88f38e631d4,False,1,2A,2B,2B,1,1,2B,2A,2B
2026,accepted,,4838d6558b083ae8,False,1,1,1,2A,2B,1,2B,1,2B
2027,accepted,,39f6c33b90786247,False,2A,1,2B,2B,1,2B,1,1,2A
2028,accepted,,08f1d216b972cf14,False,2A,1,2B,2A,2A,2B,1,1,2B
2029,accepted,,829716c215a83550,True,2B,2A,1,2B,1,1,1,2B,2B
2030,accepted,,254b7f169615939b,True,2A,2A,1,2A,2B,1,2B,2A,2A
2031,accepted,,89361fbbd9c24b0d,False,1,2B,2B,2B,2A,1,1,2B,2A
2032,accepted,,10ba0be3693df283,False,2A,1,2B,2B,1,1,2B,2B,2A
2033,accepted,,47eb38400aace0f3,False,2B,2B,1,2B,1,2B,2B,1,2A
2034,accepted,,2e19b59e75144cd4,True,2A,2B,1,2B,2B,1,1,2B,2B
2035,accepted,,9c351bc29752c22e,False,2A,1,1,2B,2B,2B,2B,1,1
2036,accepted,,62d7072124dc8db2,True,1,2B,2B,2B,2A,1,2B,1,1
2037,accepted,,725eb0d702e69032,True,2A,1,2B,2A,1,1,2B,1,2B
2038,accepted,,c3f2e20f6f8efd9c,True,2B,2A,2B,2A,1,2A,2B,1,2B
2039,accepted,,11806a3c20fbaec9,False,2A,1,1,2A,1,2A,1,2B,2B
2040,accepted,,8f5c61a8882c6cb6,False,1,2A,2B,2A,2A,2B,2B,2A,2A
2041,accepted,,b5a7f5e9ae8d0745,False,1,2A,2B,2B,2A,2A,1,2B,2A
2042,accepted,,d58a37d51877ec41,True,2A,1,2B,2B,2B,2B,1,1,2B
2043,accepted,,dfa1ad8fa555429f,False,2A,1,1,2A,2B,2B,2B,1,2A
2044,accepted,,8f84a879dcf9ef5c,False,2B,2B,1,2A,2A,1,1,2A,2B
2045,accepted,,b5f06b7a9a819352,True,2A,1,1,2B,2A,1,2B,2A,2B
2046,accepted,,097b1a4f0ae32bc9,False,1,1,2B,2A,2A,2B,2B,2B,2B
2047,accepted,,e1f4ced125ae0b2b,False,2A,2A,1,2A,2A,2A,2B,1,2B
