trial_id,state_variable,reference_dydt,reconstructed_dydt,abs_error,rel_error,pass
sex=0_AP=0_trial=0,ABi,-6.944653690220973e-08,-6.944653690220973e-08,0.0,0.0,True
sex=0_AP=0_trial=0,ABmo,3.4945153179609926e-07,3.4945153179609926e-07,0.0,0.0,True
sex=0_AP=0_trial=0,ABoo,-6.553885606367474e-10,-6.553885606367474e-10,0.0,0.0,True
sex=0_AP=0_trial=0,ABpo,-2.2995372228896748e-15,-2.2995372228896748e-15,0.0,0.0,True
sex=0_AP=0_trial=0,G,-4.443499400237635e-06,-4.443499400237635e-06,0.0,0.0,True
sex=0_AP=0_trial=0,tau,-1.2319199197196112e-08,-1.2319199197196112e-08,0.0,0.0,True
sex=0_AP=0_trial=0,Fi,4.483396033885489e-14,4.483396033885489e-14,0.0,0.0,True
sex=0_AP=0_trial=0,Fo,2.537078543964964e-18,2.537078543964964e-18,0.0,0.0,True
sex=0_AP=0_trial=0,N,-3.216841335707717e-08,-3.216841335707717e-08,0.0,0.0,True
sex=0_AP=0_trial=0,A,1.562527598999954e-15,1.562527598999954e-15,0.0,0.0,True
sex=0_AP=0_trial=0,M_NA,-1.9688962773204858e-07,-1.9688962773204858e-07,0.0,0.0,True
sex=0_AP=0_trial=0,M_pro,1.6676558946361804e-15,1.6676558946361804e-15,0.0,0.0,True
sex=0_AP=0_trial=0,M_anti,1.9688962606439264e-07,1.9688962606439264e-07,0.0,0.0,True
sex=0_AP=0_trial=0,Mh_pro,1.2630264768358814e-25,1.2630264768358814e-25,0.0,0.0,True
sex=0_AP=0_trial=0,Mh_anti,1.5305761934358749e-16,1.5305761934358749e-16,0.0,0.0,True
sex=0_AP=0_trial=0,Tb,4.245181109005343e-12,4.245181109005343e-12,0.0,0.0,True
sex=0_AP=0_trial=0,I10,-5.397806786547189e-13,-5.397806786547189e-13,0.0,0.0,True
sex=0_AP=0_trial=0,Ta,-4.056897380885328e-20,-4.056897380885328e-20,0.0,0.0,True
sex=0_AP=0_trial=0,P,-2.1324132278457097e-19,-2.1324132278457097e-19,0.0,0.0,True
sex=0_AP=0_trial=1,ABi,3.8651918381203815e-07,3.8651918381203815e-07,0.0,0.0,True
sex=0_AP=0_trial=1,ABmo,4.864256083885821e-07,4.864256083885821e-07,0.0,0.0,True
sex=0_AP=0_trial=1,ABoo,-6.631655214982468e-09,-6.631655214982468e-09,0.0,0.0,True
sex=0_AP=0_trial=1,ABpo,3.0342536971299024e-15,3.0342536971299024e-15,0.0,0.0,True
sex=0_AP=0_trial=1,G,3.990407104521933e-06,3.990407104521933e-06,0.0,0.0,True
sex=0_AP=0_trial=1,tau,1.9276643734586355e-08,1.9276643734586355e-08,0.0,0.0,True
sex=0_AP=0_trial=1,Fi,-5.528273011024331e-14,-5.528273011024331e-14,0.0,0.0,True
sex=0_AP=0_trial=1,Fo,1.0142045620294184e-16,1.0142045620294185e-16,1.232595164407831e-32,1.215331906949239e-16,True
sex=0_AP=0_trial=1,N,-7.011303748424251e-07,-7.011303748424252e-07,1.0587911840678754e-22,1.5101202601667806e-16,True
sex=0_AP=0_trial=1,A,2.3110355867527986e-15,2.3110355867527986e-15,0.0,0.0,True
sex=0_AP=0_trial=1,M_NA,-3.1390780129731095e-07,-3.1390780129731095e-07,0.0,0.0,True
sex=0_AP=0_trial=1,M_pro,5.498063660173678e-16,5.498063660173678e-16,0.0,0.0,True
sex=0_AP=0_trial=1,M_anti,3.1390780074750456e-07,3.1390780074750456e-07,0.0,0.0,True
sex=0_AP=0_trial=1,Mh_pro,3.91508118819076e-25,3.91508118819076e-25,0.0,0.0,True
sex=0_AP=0_trial=1,Mh_anti,3.072614352568248e-16,3.072614352568248e-16,0.0,0.0,True
sex=0_AP=0_trial=1,Tb,-7.727324415950096e-13,-7.727324415950096e-13,0.0,0.0,True
sex=0_AP=0_trial=1,I10,-1.8031218383412483e-11,-1.8031218383412483e-11,0.0,0.0,True
sex=0_AP=0_trial=1,Ta,-5.630960790485838e-20,-5.630960790485838e-20,0.0,0.0,True
sex=0_AP=0_trial=1,P,-6.928648257536811e-19,-6.928648257536811e-19,0.0,0.0,True
sex=0_AP=0_trial=2,ABi,-2.7499174637838326e-07,-2.7499174637838326e-07,0.0,0.0,True
sex=0_AP=0_trial=2,ABmo,-7.859393308400814e-08,-7.859393308400814e-08,0.0,0.0,True
sex=0_AP=0_trial=2,ABoo,-4.1996616456539576e-09,-4.1996616456539576e-09,0.0,0.0,True
sex=0_AP=0_trial=2,ABpo,-1.6072798881840165e-16,-1.6072798881840165e-16,0.0,0.0,True
sex=0_AP=0_trial=2,G,-4.62275080047823e-06,-4.62275080047823e-06,0.0,0.0,True
sex=0_AP=0_trial=2,tau,-4.893618790013363e-08,-4.893618790013363e-08,0.0,0.0,True
sex=0_AP=0_trial=2,Fi,2.0582017575904675e-14,2.0582017575904675e-14,0.0,0.0,True
sex=0_AP=0_trial=2,Fo,-5.681715934451158e-19,-5.681715934451158e-19,0.0,0.0,True
sex=0_AP=0_trial=2,N,-3.0159493496460878e-09,-3.0159493496460878e-09,0.0,0.0,True
sex=0_AP=0_trial=2,A,2.071329131083697e-15,2.071329131083697e-15,0.0,0.0,True
sex=0_AP=0_trial=2,M_NA,-1.852802374883283e-07,-1.852802374883283e-07,0.0,0.0,True
sex=0_AP=0_trial=2,M_pro,2.31751682528998e-15,2.31751682528998e-15,0.0,0.0,True
sex=0_AP=0_trial=2,M_anti,1.8528023517081148e-07,1.8528023517081148e-07,0.0,0.0,True
sex=0_AP=0_trial=2,Mh_pro,1.64156591832699e-25,1.64156591832699e-25,0.0,0.0,True
sex=0_AP=0_trial=2,Mh_anti,1.418731922443648e-16,1.418731922443648e-16,0.0,0.0,True
sex=0_AP=0_trial=2,Tb,4.520459601996532e-12,4.520459601996532e-12,0.0,0.0,True
sex=0_AP=0_trial=2,I10,3.2379637148488594e-11,3.2379637148488594e-11,0.0,0.0,True
sex=0_AP=0_trial=2,Ta,-5.499630380460566e-20,-5.499630380460566e-20,0.0,0.0,True
sex=0_AP=0_trial=2,P,6.840394662908653e-21,6.840394662908653e-21,0.0,0.0,True
sex=0_AP=0_trial=3,ABi,-2.3408130760222624e-08,-2.3408130760222624e-08,0.0,0.0,True
sex=0_AP=0_trial=3,ABmo,2.661126391478758e-07,2.661126391478758e-07,0.0,0.0,True
sex=0_AP=0_trial=3,ABoo,-1.534802357106467e-09,-1.534802357106467e-09,0.0,0.0,True
sex=0_AP=0_trial=3,ABpo,-2.800381201182263e-15,-2.800381201182263e-15,0.0,0.0,True
sex=0_AP=0_trial=3,G,3.2634547626674643e-06,3.2634547626674643e-06,0.0,0.0,True
sex=0_AP=0_trial=3,tau,-3.070411217182044e-08,-3.070411217182044e-08,0.0,0.0,True
sex=0_AP=0_trial=3,Fi,1.2228452290119315e-14,1.2228452290119315e-14,0.0,0.0,True
sex=0_AP=0_trial=3,Fo,-8.636409509523656e-19,-8.636409509523656e-19,0.0,0.0,True
sex=0_AP=0_trial=3,N,-3.6878475051571356e-09,-3.6878475051571356e-09,0.0,0.0,True
sex=0_AP=0_trial=3,A,2.5802322254085725e-15,2.5802322254085725e-15,0.0,0.0,True
sex=0_AP=0_trial=3,M_NA,-2.3582370434636495e-07,-2.3582370434636495e-07,0.0,0.0,True
sex=0_AP=0_trial=3,M_pro,2.9083828879829714e-17,2.9083828879829714e-17,0.0,0.0,True
sex=0_AP=0_trial=3,M_anti,2.3582370431728117e-07,2.3582370431728117e-07,0.0,0.0,True
sex=0_AP=0_trial=3,Mh_pro,4.37753491216008e-25,4.37753491216008e-25,0.0,0.0,True
sex=0_AP=0_trial=3,Mh_anti,3.12332543100293e-16,3.12332543100293e-16,0.0,0.0,True
sex=0_AP=0_trial=3,Tb,8.406117715626419e-14,8.406117715626419e-14,0.0,0.0,True
sex=0_AP=0_trial=3,I10,-1.1717271118501333e-11,-1.1717271118501333e-11,0.0,0.0,True
sex=0_AP=0_trial=3,Ta,-1.0752171145929922e-20,-1.0752171145929922e-20,0.0,0.0,True
sex=0_AP=0_trial=3,P,-3.6973440762184284e-20,-3.6973440762184284e-20,0.0,0.0,True
sex=0_AP=0_trial=4,ABi,-4.121064053732534e-07,-4.121064053732534e-07,0.0,0.0,True
sex=0_AP=0_trial=4,ABmo,1.2191142568449393e-07,1.2191142568449393e-07,0.0,0.0,True
sex=0_AP=0_trial=4,ABoo,-1.3762314808594405e-09,-1.3762314808594405e-09,0.0,0.0,True
sex=0_AP=0_trial=4,ABpo,1.1969700970655417e-15,1.1969700970655417e-15,0.0,0.0,True
sex=0_AP=0_trial=4,G,-1.5804629413883124e-06,-1.5804629413883124e-06,0.0,0.0,True
sex=0_AP=0_trial=4,tau,-2.896860301506803e-08,-2.896860301506803e-08,0.0,0.0,True
sex=0_AP=0_trial=4,Fi,-2.386534981118663e-14,-2.386534981118663e-14,0.0,0.0,True
sex=0_AP=0_trial=4,Fo,6.725048867705494e-18,6.725048867705494e-18,0.0,0.0,True
sex=0_AP=0_trial=4,N,-3.903754317024686e-08,-3.903754317024686e-08,0.0,0.0,True
sex=0_AP=0_trial=4,A,2.537431012335936e-15,2.537431012335936e-15,0.0,0.0,True
sex=0_AP=0_trial=4,M_NA,-3.956758182101735e-07,-3.956758182101735e-07,0.0,0.0,True
sex=0_AP=0_trial=4,M_pro,-2.195791868180403e-15,-2.195791868180403e-15,0.0,0.0,True
sex=0_AP=0_trial=4,M_anti,3.9567582040596535e-07,3.9567582040596535e-07,0.0,0.0,True
sex=0_AP=0_trial=4,Mh_pro,4.360576657377762e-25,4.360576657377762e-25,0.0,0.0,True
sex=0_AP=0_trial=4,Mh_anti,2.9272728816596286e-16,2.9272728816596286e-16,0.0,0.0,True
sex=0_AP=0_trial=4,Tb,-5.795559869773162e-12,-5.795559869773162e-12,0.0,0.0,True
sex=0_AP=0_trial=4,I10,-5.332239583873206e-12,-5.332239583873206e-12,0.0,0.0,True
sex=0_AP=0_trial=4,Ta,-7.515617418753803e-22,-7.515617418753803e-22,0.0,0.0,True
sex=0_AP=0_trial=4,P,1.3105830706683189e-19,1.3105830706683189e-19,0.0,0.0,True
sex=0_AP=0_trial=5,ABi,-2.2965893076609566e-07,-2.2965893076609566e-07,0.0,0.0,True
sex=0_AP=0_trial=5,ABmo,-4.436009882609487e-08,-4.436009882609487e-08,0.0,0.0,True
sex=0_AP=0_trial=5,ABoo,-7.316675956446001e-09,-7.316675956446001e-09,0.0,0.0,True
sex=0_AP=0_trial=5,ABpo,-3.861332277881658e-16,-3.861332277881658e-16,0.0,0.0,True
sex=0_AP=0_trial=5,G,-2.994875154200882e-06,-2.994875154200882e-06,0.0,0.0,True
sex=0_AP=0_trial=5,tau,-2.042516751380565e-08,-2.042516751380565e-08,0.0,0.0,True
sex=0_AP=0_trial=5,Fi,-2.4252126576467067e-14,-2.4252126576467067e-14,0.0,0.0,True
sex=0_AP=0_trial=5,Fo,-3.5639760627474677e-20,-3.5639760627474677e-20,0.0,0.0,True
sex=0_AP=0_trial=5,N,-7.525381631336697e-09,-7.525381631336697e-09,0.0,0.0,True
sex=0_AP=0_trial=5,A,1.0093405441667442e-15,1.0093405441667442e-15,0.0,0.0,True
sex=0_AP=0_trial=5,M_NA,-2.396153705256831e-07,-2.396153705256831e-07,0.0,0.0,True
sex=0_AP=0_trial=5,M_pro,2.261609111326749e-16,2.261609111326749e-16,0.0,0.0,True
sex=0_AP=0_trial=5,M_anti,2.396153702995222e-07,2.396153702995222e-07,0.0,0.0,True
sex=0_AP=0_trial=5,Mh_pro,1.3484674249699126e-25,1.3484674249699126e-25,0.0,0.0,True
sex=0_AP=0_trial=5,Mh_anti,2.775021785811675e-16,2.775021785811675e-16,0.0,0.0,True
sex=0_AP=0_trial=5,Tb,1.4040765319895718e-12,1.4040765319895718e-12,0.0,0.0,True
sex=0_AP=0_trial=5,I10,-1.889709279514128e-11,-1.889709279514128e-11,0.0,0.0,True
sex=0_AP=0_trial=5,Ta,-2.1866797514100268e-21,-2.1866797514100268e-21,0.0,0.0,True
sex=0_AP=0_trial=5,P,-8.20262604297694e-19,-8.20262604297694e-19,0.0,0.0,True
sex=0_AP=0_trial=6,ABi,-1.1081860506749605e-07,-1.1081860506749605e-07,0.0,0.0,True
sex=0_AP=0_trial=6,ABmo,3.700526521621666e-08,3.700526521621666e-08,0.0,0.0,True
sex=0_AP=0_trial=6,ABoo,-7.423750823471658e-09,-7.423750823471658e-09,0.0,0.0,True
sex=0_AP=0_trial=6,ABpo,5.816420703810828e-15,5.816420703810828e-15,0.0,0.0,True
sex=0_AP=0_trial=6,G,-7.0026691671886e-07,-7.0026691671886e-07,0.0,0.0,True
sex=0_AP=0_trial=6,tau,1.0818506962589464e-09,1.0818506962589464e-09,0.0,0.0,True
sex=0_AP=0_trial=6,Fi,-6.803360351466808e-14,-6.803360351466808e-14,0.0,0.0,True
sex=0_AP=0_trial=6,Fo,3.471583740492568e-17,3.471583740492568e-17,0.0,0.0,True
sex=0_AP=0_trial=6,N,-1.468855494949408e-07,-1.468855494949408e-07,0.0,0.0,True
sex=0_AP=0_trial=6,A,1.7437558754735967e-15,1.7437558754735967e-15,0.0,0.0,True
sex=0_AP=0_trial=6,M_NA,-9.636828993921887e-08,-9.636828993921887e-08,0.0,0.0,True
sex=0_AP=0_trial=6,M_pro,7.284697824376954e-16,7.284697824376954e-16,0.0,0.0,True
sex=0_AP=0_trial=6,M_anti,9.63682892107491e-08,9.63682892107491e-08,0.0,0.0,True
sex=0_AP=0_trial=6,Mh_pro,2.87657015322364e-25,2.87657015322364e-25,0.0,0.0,True
sex=0_AP=0_trial=6,Mh_anti,3.158292645380814e-16,3.158292645380814e-16,0.0,0.0,True
sex=0_AP=0_trial=6,Tb,2.700271911442226e-12,2.700271911442226e-12,0.0,0.0,True
sex=0_AP=0_trial=6,I10,-7.470884586150361e-13,-7.470884586150361e-13,0.0,0.0,True
sex=0_AP=0_trial=6,Ta,-7.625646851524e-21,-7.625646851524e-21,0.0,0.0,True
sex=0_AP=0_trial=6,P,-5.676445086279181e-19,-5.676445086279181e-19,0.0,0.0,True
sex=0_AP=0_trial=7,ABi,-9.089589820078347e-08,-9.089589820078347e-08,0.0,0.0,True
sex=0_AP=0_trial=7,ABmo,-6.665499281092227e-08,-6.665499281092227e-08,0.0,0.0,True
sex=0_AP=0_trial=7,ABoo,-3.2211304232057213e-09,-3.2211304232057213e-09,0.0,0.0,True
sex=0_AP=0_trial=7,ABpo,7.832246902876838e-15,7.832246902876838e-15,0.0,0.0,True
sex=0_AP=0_trial=7,G,4.2641102748256937e-07,4.2641102748256937e-07,0.0,0.0,True
sex=0_AP=0_trial=7,tau,-5.0359877183493025e-08,-5.0359877183493025e-08,0.0,0.0,True
sex=0_AP=0_trial=7,Fi,5.857098309457686e-14,5.857098309457686e-14,0.0,0.0,True
sex=0_AP=0_trial=7,Fo,-8.146930449163616e-19,-8.146930449163616e-19,0.0,0.0,True
sex=0_AP=0_trial=7,N,-2.245106614962998e-09,-2.245106614962998e-09,0.0,0.0,True
sex=0_AP=0_trial=7,A,1.011013534334874e-15,1.011013534334874e-15,0.0,0.0,True
sex=0_AP=0_trial=7,M_NA,-1.1164856893794525e-07,-1.1164856893794525e-07,0.0,0.0,True
sex=0_AP=0_trial=7,M_pro,-1.1198642225537234e-15,-1.1198642225537234e-15,0.0,0.0,True
sex=0_AP=0_trial=7,M_anti,1.1164857005780947e-07,1.1164857005780947e-07,0.0,0.0,True
sex=0_AP=0_trial=7,Mh_pro,1.4768384454118733e-25,1.4768384454118733e-25,0.0,0.0,True
sex=0_AP=0_trial=7,Mh_anti,2.847476484839186e-16,2.847476484839186e-16,0.0,0.0,True
sex=0_AP=0_trial=7,Tb,-3.3711282609326864e-12,-3.3711282609326864e-12,0.0,0.0,True
sex=0_AP=0_trial=7,I10,-5.720956059963982e-11,-5.720956059963982e-11,0.0,0.0,True
sex=0_AP=0_trial=7,Ta,1.7228864667145942e-20,1.7228864667145942e-20,0.0,0.0,True
sex=0_AP=0_trial=7,P,-6.020633732777147e-19,-6.020633732777147e-19,0.0,0.0,True
sex=0_AP=0_trial=8,ABi,3.942234399875137e-07,3.942234399875137e-07,0.0,0.0,True
sex=0_AP=0_trial=8,ABmo,6.59670866087136e-07,6.59670866087136e-07,0.0,0.0,True
sex=0_AP=0_trial=8,ABoo,-1.970043433489496e-09,-1.970043433489496e-09,0.0,0.0,True
sex=0_AP=0_trial=8,ABpo,-1.8318898355033397e-15,-1.8318898355033397e-15,0.0,0.0,True
sex=0_AP=0_trial=8,G,9.764222799505323e-06,9.764222799505323e-06,0.0,0.0,True
sex=0_AP=0_trial=8,tau,4.104253130221819e-08,4.104253130221819e-08,0.0,0.0,True
sex=0_AP=0_trial=8,Fi,-1.4896944100515394e-15,-1.4896944100515394e-15,0.0,0.0,True
sex=0_AP=0_trial=8,Fo,-6.002804546451297e-19,-6.002804546451297e-19,0.0,0.0,True
sex=0_AP=0_trial=8,N,-8.607659342673028e-09,-8.607659342673028e-09,0.0,0.0,True
sex=0_AP=0_trial=8,A,2.5206727640818486e-15,2.5206727640818486e-15,0.0,0.0,True
sex=0_AP=0_trial=8,M_NA,-1.5909398686709358e-07,-1.5909398686709358e-07,0.0,0.0,True
sex=0_AP=0_trial=8,M_pro,-1.6685051523656768e-15,-1.6685051523656768e-15,0.0,0.0,True
sex=0_AP=0_trial=8,M_anti,1.5909398853559878e-07,1.5909398853559878e-07,0.0,0.0,True
sex=0_AP=0_trial=8,Mh_pro,4.071126957212653e-25,4.071126957212653e-25,0.0,0.0,True
sex=0_AP=0_trial=8,Mh_anti,3.0446273275141236e-16,3.0446273275141236e-16,0.0,0.0,True
sex=0_AP=0_trial=8,Tb,-3.22163556528233e-12,-3.22163556528233e-12,0.0,0.0,True
sex=0_AP=0_trial=8,I10,-2.2085612351371013e-11,-2.2085612351371013e-11,0.0,0.0,True
sex=0_AP=0_trial=8,Ta,5.875407098752268e-21,5.875407098752268e-21,0.0,0.0,True
sex=0_AP=0_trial=8,P,1.2036267514795852e-19,1.2036267514795852e-19,0.0,0.0,True
sex=0_AP=0_trial=9,ABi,-2.553208915010588e-07,-2.553208915010588e-07,0.0,0.0,True
sex=0_AP=0_trial=9,ABmo,4.0666677941942244e-07,4.0666677941942244e-07,0.0,0.0,True
sex=0_AP=0_trial=9,ABoo,-1.4227391761843106e-09,-1.4227391761843106e-09,0.0,0.0,True
sex=0_AP=0_trial=9,ABpo,-3.555369772675313e-15,-3.555369772675313e-15,0.0,0.0,True
sex=0_AP=0_trial=9,G,-1.7425076498117566e-07,-1.7425076498117566e-07,0.0,0.0,True
sex=0_AP=0_trial=9,tau,4.323186332592994e-08,4.323186332592994e-08,0.0,0.0,True
sex=0_AP=0_trial=9,Fi,-2.749626405159569e-14,-2.749626405159569e-14,0.0,0.0,True
sex=0_AP=0_trial=9,Fo,-2.470268811262521e-19,-2.470268811262521e-19,0.0,0.0,True
sex=0_AP=0_trial=9,N,-1.0591112522385269e-08,-1.0591112522385267e-08,1.6543612251060553e-24,1.5620278054920237e-16,True
sex=0_AP=0_trial=9,A,2.044014349662097e-15,2.044014349662097e-15,0.0,0.0,True
sex=0_AP=0_trial=9,M_NA,-1.1195857282065713e-07,-1.1195857282065713e-07,0.0,0.0,True
sex=0_AP=0_trial=9,M_pro,2.9058357638792545e-16,2.9058357638792545e-16,0.0,0.0,True
sex=0_AP=0_trial=9,M_anti,1.1195857253007354e-07,1.1195857253007354e-07,0.0,0.0,True
sex=0_AP=0_trial=9,Mh_pro,3.989768666957534e-25,3.989768666957534e-25,0.0,0.0,True
sex=0_AP=0_trial=9,Mh_anti,3.2255769385278506e-16,3.2255769385278506e-16,0.0,0.0,True
sex=0_AP=0_trial=9,Tb,-3.018847936225068e-13,-3.018847936225068e-13,0.0,0.0,True
sex=0_AP=0_trial=9,I10,2.54661100689482e-11,2.54661100689482e-11,0.0,0.0,True
sex=0_AP=0_trial=9,Ta,-2.7788426748485765e-20,-2.7788426748485765e-20,0.0,0.0,True
sex=0_AP=0_trial=9,P,-6.320777918197612e-19,-6.320777918197612e-19,0.0,0.0,True
sex=0_AP=0_trial=10,ABi,1.1015079392034501e-07,1.1015079392034501e-07,0.0,0.0,True
sex=0_AP=0_trial=10,ABmo,4.0789061787347424e-07,4.0789061787347424e-07,0.0,0.0,True
sex=0_AP=0_trial=10,ABoo,-6.198499528311991e-09,-6.198499528311991e-09,0.0,0.0,True
sex=0_AP=0_trial=10,ABpo,4.628698075755106e-15,4.628698075755106e-15,0.0,0.0,True
sex=0_AP=0_trial=10,G,2.818978932530706e-06,2.818978932530706e-06,0.0,0.0,True
sex=0_AP=0_trial=10,tau,-2.252387640796108e-09,-2.252387640796108e-09,0.0,0.0,True
sex=0_AP=0_trial=10,Fi,-3.940109647223159e-14,-3.940109647223159e-14,0.0,0.0,True
sex=0_AP=0_trial=10,Fo,7.169083794590038e-17,7.169083794590038e-17,0.0,0.0,True
sex=0_AP=0_trial=10,N,-4.1763810557946554e-07,-4.176381055794655e-07,5.293955920339377e-23,1.2675940843554268e-16,True
sex=0_AP=0_trial=10,A,1.459507356340391e-15,1.459507356340391e-15,0.0,0.0,True
sex=0_AP=0_trial=10,M_NA,-5.5563893457064507e-08,-5.5563893457064507e-08,0.0,0.0,True
sex=0_AP=0_trial=10,M_pro,-5.397163650385068e-16,-5.397163650385068e-16,0.0,0.0,True
sex=0_AP=0_trial=10,M_anti,5.5563893996780884e-08,5.5563893996780884e-08,0.0,0.0,True
sex=0_AP=0_trial=10,Mh_pro,2.2926385669394424e-25,2.2926385669394424e-25,0.0,0.0,True
sex=0_AP=0_trial=10,Mh_anti,3.001147653819367e-16,3.001147653819367e-16,0.0,0.0,True
sex=0_AP=0_trial=10,Tb,-1.4817687091427745e-12,-1.4817687091427745e-12,0.0,0.0,True
sex=0_AP=0_trial=10,I10,-5.089786158060761e-11,-5.089786158060761e-11,0.0,0.0,True
sex=0_AP=0_trial=10,Ta,-7.440017628502797e-21,-7.440017628502797e-21,0.0,0.0,True
sex=0_AP=0_trial=10,P,-6.578909949626301e-19,-6.578909949626301e-19,0.0,0.0,True
sex=0_AP=0_trial=11,ABi,-2.2553129172939538e-07,-2.2553129172939538e-07,0.0,0.0,True
sex=0_AP=0_trial=11,ABmo,5.753632008212449e-07,5.753632008212449e-07,0.0,0.0,True
sex=0_AP=0_trial=11,ABoo,-1.9571186091549363e-09,-1.9571186091549363e-09,0.0,0.0,True
sex=0_AP=0_trial=11,ABpo,-1.077459090508068e-15,-1.077459090508068e-15,0.0,0.0,True
sex=0_AP=0_trial=11,G,2.1106065764114656e-06,2.1106065764114656e-06,0.0,0.0,True
sex=0_AP=0_trial=11,tau,2.575437440931602e-08,2.575437440931602e-08,0.0,0.0,True
sex=0_AP=0_trial=11,Fi,1.2096030326024558e-14,1.2096030326024558e-14,0.0,0.0,True
sex=0_AP=0_trial=11,Fo,1.1930626559139541e-18,1.1930626559139545e-18,3.851859888774472e-34,3.2285478635015416e-16,True
sex=0_AP=0_trial=11,N,-1.99220722738538e-08,-1.9922072273853803e-08,3.308722450212111e-24,1.6608324700009028e-16,True
sex=0_AP=0_trial=11,A,2.0835240067121094e-15,2.0835240067121094e-15,0.0,0.0,True
sex=0_AP=0_trial=11,M_NA,-8.944469450791152e-08,-8.944469450791152e-08,0.0,0.0,True
sex=0_AP=0_trial=11,M_pro,4.313687487161334e-16,4.313687487161334e-16,0.0,0.0,True
sex=0_AP=0_trial=11,M_anti,8.944469407654276e-08,8.944469407654276e-08,0.0,0.0,True
sex=0_AP=0_trial=11,Mh_pro,2.3179108489594166e-25,2.3179108489594166e-25,0.0,0.0,True
sex=0_AP=0_trial=11,Mh_anti,1.8840606309604302e-16,1.8840606309604302e-16,0.0,0.0,True
sex=0_AP=0_trial=11,Tb,-4.4666627801820073e-13,-4.4666627801820073e-13,0.0,0.0,True
sex=0_AP=0_trial=11,I10,1.667759270208799e-11,1.667759270208799e-11,0.0,0.0,True
sex=0_AP=0_trial=11,Ta,-3.8658144293153826e-20,-3.8658144293153826e-20,0.0,0.0,True
sex=0_AP=0_trial=11,P,-2.905625461734721e-20,-2.905625461734721e-20,0.0,0.0,True
sex=0_AP=0_trial=12,ABi,-5.247583010576871e-08,-5.247583010576871e-08,0.0,0.0,True
sex=0_AP=0_trial=12,ABmo,-1.0415564254996888e-07,-1.0415564254996888e-07,0.0,0.0,True
sex=0_AP=0_trial=12,ABoo,8.04867356255634e-09,8.04867356255634e-09,0.0,0.0,True
sex=0_AP=0_trial=12,ABpo,1.1427613522785255e-15,1.1427613522785255e-15,0.0,0.0,True
sex=0_AP=0_trial=12,G,-1.1961320590007608e-05,-1.1961320590007608e-05,0.0,0.0,True
sex=0_AP=0_trial=12,tau,2.2013643159676738e-08,2.2013643159676738e-08,0.0,0.0,True
sex=0_AP=0_trial=12,Fi,-3.278137997613445e-14,-3.278137997613445e-14,0.0,0.0,True
sex=0_AP=0_trial=12,Fo,3.756593782992424e-18,3.756593782992424e-18,0.0,0.0,True
sex=0_AP=0_trial=12,N,-2.564337155226277e-08,-2.564337155226277e-08,0.0,0.0,True
sex=0_AP=0_trial=12,A,9.895182383716016e-16,9.895182383716016e-16,0.0,0.0,True
sex=0_AP=0_trial=12,M_NA,-1.3288418980136708e-07,-1.3288418980136708e-07,0.0,0.0,True
sex=0_AP=0_trial=12,M_pro,3.0669393902526507e-16,3.0669393902526507e-16,0.0,0.0,True
sex=0_AP=0_trial=12,M_anti,1.3288418949467313e-07,1.3288418949467313e-07,0.0,0.0,True
sex=0_AP=0_trial=12,Mh_pro,1.198908479233997e-25,1.198908479233997e-25,0.0,0.0,True
sex=0_AP=0_trial=12,Mh_anti,2.398046979940296e-16,2.398046979940296e-16,0.0,0.0,True
sex=0_AP=0_trial=12,Tb,4.3623972755629216e-12,4.3623972755629216e-12,0.0,0.0,True
sex=0_AP=0_trial=12,I10,1.1839181763697092e-11,1.1839181763697092e-11,0.0,0.0,True
sex=0_AP=0_trial=12,Ta,1.652758011701302e-20,1.652758011701302e-20,0.0,0.0,True
sex=0_AP=0_trial=12,P,-4.1208956614517573e-19,-4.1208956614517573e-19,0.0,0.0,True
sex=0_AP=0_trial=13,ABi,-2.9814082489859213e-07,-2.9814082489859213e-07,0.0,0.0,True
sex=0_AP=0_trial=13,ABmo,3.443909349527221e-07,3.443909349527221e-07,0.0,0.0,True
sex=0_AP=0_trial=13,ABoo,-6.4098570205446385e-09,-6.4098570205446385e-09,0.0,0.0,True
sex=0_AP=0_trial=13,ABpo,6.461407861766119e-15,6.461407861766119e-15,0.0,0.0,True
sex=0_AP=0_trial=13,G,6.328245134713343e-06,6.328245134713343e-06,0.0,0.0,True
sex=0_AP=0_trial=13,tau,-4.0550930864222675e-09,-4.0550930864222675e-09,0.0,0.0,True
sex=0_AP=0_trial=13,Fi,-2.6203521804174628e-14,-2.6203521804174628e-14,0.0,0.0,True
sex=0_AP=0_trial=13,Fo,1.8363472929773174e-18,1.8363472929773174e-18,0.0,0.0,True
sex=0_AP=0_trial=13,N,-1.8975037851032572e-08,-1.8975037851032572e-08,0.0,0.0,True
sex=0_AP=0_trial=13,A,1.3882898442839862e-15,1.3882898442839862e-15,0.0,0.0,True
sex=0_AP=0_trial=13,M_NA,-1.500674391121327e-07,-1.500674391121327e-07,0.0,0.0,True
sex=0_AP=0_trial=13,M_pro,-2.8042005277051034e-15,-2.8042005277051034e-15,0.0,0.0,True
sex=0_AP=0_trial=13,M_anti,1.5006744191633321e-07,1.5006744191633321e-07,0.0,0.0,True
sex=0_AP=0_trial=13,Mh_pro,2.348678795869207e-25,2.348678795869207e-25,0.0,0.0,True
sex=0_AP=0_trial=13,Mh_anti,3.230623490935794e-16,3.230623490935794e-16,0.0,0.0,True
sex=0_AP=0_trial=13,Tb,-5.575345020976998e-12,-5.575345020976998e-12,0.0,0.0,True
sex=0_AP=0_trial=13,I10,-4.503664862660353e-11,-4.503664862660353e-11,0.0,0.0,True
sex=0_AP=0_trial=13,Ta,4.789409860881211e-20,4.789409860881211e-20,0.0,0.0,True
sex=0_AP=0_trial=13,P,-2.1181020077219284e-19,-2.1181020077219284e-19,0.0,0.0,True
sex=0_AP=0_trial=14,ABi,4.702082594147702e-08,4.702082594147702e-08,0.0,0.0,True
sex=0_AP=0_trial=14,ABmo,2.8940780006839887e-07,2.8940780006839887e-07,0.0,0.0,True
sex=0_AP=0_trial=14,ABoo,-5.150317990433079e-10,-5.150317990433079e-10,0.0,0.0,True
sex=0_AP=0_trial=14,ABpo,6.9705382732061115e-15,6.9705382732061115e-15,0.0,0.0,True
sex=0_AP=0_trial=14,G,-2.3915981005872924e-06,-2.3915981005872924e-06,0.0,0.0,True
sex=0_AP=0_trial=14,tau,1.838380357932927e-08,1.838380357932927e-08,0.0,0.0,True
sex=0_AP=0_trial=14,Fi,2.527930421177876e-14,2.527930421177876e-14,0.0,0.0,True
sex=0_AP=0_trial=14,Fo,-4.655210068725879e-19,-4.655210068725879e-19,0.0,0.0,True
sex=0_AP=0_trial=14,N,-6.770502587062491e-09,-6.77050258706249e-09,8.271806125530277e-25,1.2217418159379442e-16,True
sex=0_AP=0_trial=14,A,2.4090010597407646e-15,2.4090010597407646e-15,0.0,0.0,True
sex=0_AP=0_trial=14,M_NA,-1.618371130753577e-07,-1.618371130753577e-07,0.0,0.0,True
sex=0_AP=0_trial=14,M_pro,1.4203750181030752e-15,1.4203750181030752e-15,0.0,0.0,True
sex=0_AP=0_trial=14,M_anti,1.618371116549827e-07,1.618371116549827e-07,0.0,0.0,True
sex=0_AP=0_trial=14,Mh_pro,3.352164107831706e-25,3.352164107831706e-25,0.0,0.0,True
sex=0_AP=0_trial=14,Mh_anti,2.3346998132828634e-16,2.3346998132828634e-16,0.0,0.0,True
sex=0_AP=0_trial=14,Tb,-6.813453045598911e-13,-6.813453045598911e-13,0.0,0.0,True
sex=0_AP=0_trial=14,I10,1.7954671051414408e-11,1.7954671051414408e-11,0.0,0.0,True
sex=0_AP=0_trial=14,Ta,-8.542488667555271e-20,-8.542488667555271e-20,0.0,0.0,True
sex=0_AP=0_trial=14,P,-5.708351605892961e-19,-5.708351605892961e-19,0.0,0.0,True
sex=0_AP=0_trial=15,ABi,1.1032692593008934e-07,1.1032692593008934e-07,0.0,0.0,True
sex=0_AP=0_trial=15,ABmo,7.581259100179757e-07,7.581259100179757e-07,0.0,0.0,True
sex=0_AP=0_trial=15,ABoo,3.5015372628102734e-09,3.5015372628102734e-09,0.0,0.0,True
sex=0_AP=0_trial=15,ABpo,-5.916634358410697e-15,-5.916634358410697e-15,0.0,0.0,True
sex=0_AP=0_trial=15,G,2.117379281527166e-05,2.117379281527166e-05,0.0,0.0,True
sex=0_AP=0_trial=15,tau,-2.6567974221757714e-08,-2.6567974221757714e-08,0.0,0.0,True
sex=0_AP=0_trial=15,Fi,8.777857614570113e-14,8.777857614570113e-14,0.0,0.0,True
sex=0_AP=0_trial=15,Fo,1.0383049458091046e-18,1.0383049458091046e-18,0.0,0.0,True
sex=0_AP=0_trial=15,N,-3.4465880731775686e-08,-3.4465880731775686e-08,0.0,0.0,True
sex=0_AP=0_trial=15,A,1.2269187003879694e-15,1.2269187003879694e-15,0.0,0.0,True
sex=0_AP=0_trial=15,M_NA,-7.006195125824722e-08,-7.006195125824722e-08,0.0,0.0,True
sex=0_AP=0_trial=15,M_pro,3.534527640467497e-16,3.534527640467497e-16,0.0,0.0,True
sex=0_AP=0_trial=15,M_anti,7.006195090479447e-08,7.006195090479447e-08,0.0,0.0,True
sex=0_AP=0_trial=15,Mh_pro,8.549423859353035e-26,8.549423859353035e-26,0.0,0.0,True
sex=0_AP=0_trial=15,Mh_anti,1.3576997262734719e-16,1.3576997262734719e-16,0.0,0.0,True
sex=0_AP=0_trial=15,Tb,3.569673361208723e-12,3.569673361208723e-12,0.0,0.0,True
sex=0_AP=0_trial=15,I10,2.2044274516823927e-12,2.2044274516823927e-12,0.0,0.0,True
sex=0_AP=0_trial=15,Ta,8.88884403189449e-21,8.88884403189449e-21,0.0,0.0,True
sex=0_AP=0_trial=15,P,1.6795419923780588e-19,1.6795419923780588e-19,0.0,0.0,True
sex=0_AP=0_trial=16,ABi,-1.3071522178267837e-07,-1.3071522178267837e-07,0.0,0.0,True
sex=0_AP=0_trial=16,ABmo,1.9409372293215623e-07,1.9409372293215623e-07,0.0,0.0,True
sex=0_AP=0_trial=16,ABoo,-5.71705864995002e-09,-5.71705864995002e-09,0.0,0.0,True
sex=0_AP=0_trial=16,ABpo,7.994513226119425e-15,7.994513226119425e-15,0.0,0.0,True
sex=0_AP=0_trial=16,G,-4.501107931761043e-06,-4.501107931761043e-06,0.0,0.0,True
sex=0_AP=0_trial=16,tau,3.1171478184335196e-08,3.1171478184335196e-08,0.0,0.0,True
sex=0_AP=0_trial=16,Fi,-1.4032847049631411e-14,-1.4032847049631411e-14,0.0,0.0,True
sex=0_AP=0_trial=16,Fo,-6.124680856863855e-19,-6.124680856863855e-19,0.0,0.0,True
sex=0_AP=0_trial=16,N,-3.357685657392039e-09,-3.357685657392039e-09,0.0,0.0,True
sex=0_AP=0_trial=16,A,1.5915721289347778e-15,1.5915721289347778e-15,0.0,0.0,True
sex=0_AP=0_trial=16,M_NA,-3.16199669646108e-07,-3.16199669646108e-07,0.0,0.0,True
sex=0_AP=0_trial=16,M_pro,1.7055776262973958e-16,1.7055776262973958e-16,0.0,0.0,True
sex=0_AP=0_trial=16,M_anti,3.1619966947555024e-07,3.1619966947555024e-07,0.0,0.0,True
sex=0_AP=0_trial=16,Mh_pro,1.1904048382380944e-25,1.1904048382380944e-25,0.0,0.0,True
sex=0_AP=0_trial=16,Mh_anti,1.4060257815021523e-16,1.4060257815021523e-16,0.0,0.0,True
sex=0_AP=0_trial=16,Tb,-2.7753679185602557e-12,-2.7753679185602557e-12,0.0,0.0,True
sex=0_AP=0_trial=16,I10,-2.065221854037539e-11,-2.065221854037539e-11,0.0,0.0,True
sex=0_AP=0_trial=16,Ta,-3.000386464925102e-20,-3.000386464925102e-20,0.0,0.0,True
sex=0_AP=0_trial=16,P,-1.7674514469194893e-20,-1.7674514469194893e-20,0.0,0.0,True
sex=0_AP=0_trial=17,ABi,1.8706548756166954e-07,1.8706548756166954e-07,0.0,0.0,True
sex=0_AP=0_trial=17,ABmo,-3.0754696966702366e-08,-3.0754696966702366e-08,0.0,0.0,True
sex=0_AP=0_trial=17,ABoo,9.142609093485881e-10,9.142609093485881e-10,0.0,0.0,True
sex=0_AP=0_trial=17,ABpo,1.4273261022430362e-15,1.4273261022430362e-15,0.0,0.0,True
sex=0_AP=0_trial=17,G,-3.4329993688376523e-06,-3.4329993688376523e-06,0.0,0.0,True
sex=0_AP=0_trial=17,tau,3.807925965520351e-08,3.807925965520351e-08,0.0,0.0,True
sex=0_AP=0_trial=17,Fi,-2.6930119555820614e-14,-2.6930119555820614e-14,0.0,0.0,True
sex=0_AP=0_trial=17,Fo,-4.1343083357896267e-19,-4.1343083357896267e-19,0.0,0.0,True
sex=0_AP=0_trial=17,N,-4.5796099002137865e-09,-4.5796099002137865e-09,0.0,0.0,True
sex=0_AP=0_trial=17,A,2.3396282306329276e-15,2.3396282306329276e-15,0.0,0.0,True
sex=0_AP=0_trial=17,M_NA,-2.551477032943317e-07,-2.551477032943317e-07,0.0,0.0,True
sex=0_AP=0_trial=17,M_pro,1.8353130377735092e-15,1.8353130377735092e-15,0.0,0.0,True
sex=0_AP=0_trial=17,M_anti,2.551477014590187e-07,2.551477014590187e-07,0.0,0.0,True
sex=0_AP=0_trial=17,Mh_pro,1.9995337000897837e-25,1.9995337000897837e-25,0.0,0.0,True
sex=0_AP=0_trial=17,Mh_anti,1.6029084657843813e-16,1.6029084657843813e-16,0.0,0.0,True
sex=0_AP=0_trial=17,Tb,1.5767592344655257e-12,1.5767592344655257e-12,0.0,0.0,True
sex=0_AP=0_trial=17,I10,-9.382718021899881e-12,-9.382718021899881e-12,0.0,0.0,True
sex=0_AP=0_trial=17,Ta,-7.562113685233563e-20,-7.562113685233563e-20,0.0,0.0,True
sex=0_AP=0_trial=17,P,-1.5093809800115364e-19,-1.5093809800115364e-19,0.0,0.0,True
sex=0_AP=0_trial=18,ABi,1.6063607343991123e-07,1.6063607343991123e-07,0.0,0.0,True
sex=0_AP=0_trial=18,ABmo,6.174861227432969e-07,6.174861227432969e-07,0.0,0.0,True
sex=0_AP=0_trial=18,ABoo,5.550927694907786e-10,5.550927694907786e-10,0.0,0.0,True
sex=0_AP=0_trial=18,ABpo,1.7261808557502302e-15,1.7261808557502302e-15,0.0,0.0,True
sex=0_AP=0_trial=18,G,2.373754193875218e-05,2.373754193875218e-05,0.0,0.0,True
sex=0_AP=0_trial=18,tau,2.7830550689176117e-09,2.7830550689176117e-09,0.0,0.0,True
sex=0_AP=0_trial=18,Fi,-3.553987206860054e-14,-3.553987206860054e-14,0.0,0.0,True
sex=0_AP=0_trial=18,Fo,2.4734725882813695e-18,2.47347258828137e-18,3.851859888774472e-34,1.5572680720310064e-16,True
sex=0_AP=0_trial=18,N,-4.415890616410213e-08,-4.4158906164102133e-08,6.617444900424222e-24,1.4985527213542502e-16,True
sex=0_AP=0_trial=18,A,1.2889918316703808e-15,1.2889918316703808e-15,0.0,0.0,True
sex=0_AP=0_trial=18,M_NA,-8.42629687758347e-08,-8.42629687758347e-08,0.0,0.0,True
sex=0_AP=0_trial=18,M_pro,-8.725741526744104e-16,-8.725741526744104e-16,0.0,0.0,True
sex=0_AP=0_trial=18,M_anti,8.426296964840884e-08,8.426296964840884e-08,0.0,0.0,True
sex=0_AP=0_trial=18,Mh_pro,1.4920214348210809e-25,1.4920214348210809e-25,0.0,0.0,True
sex=0_AP=0_trial=18,Mh_anti,1.9493034411627564e-16,1.9493034411627564e-16,0.0,0.0,True
sex=0_AP=0_trial=18,Tb,-2.9162373108574303e-12,-2.9162373108574303e-12,0.0,0.0,True
sex=0_AP=0_trial=18,I10,6.4645865262032635e-12,6.4645865262032635e-12,0.0,0.0,True
sex=0_AP=0_trial=18,Ta,3.478620489819491e-21,3.478620489819491e-21,0.0,0.0,True
sex=0_AP=0_trial=18,P,-1.2534077252134652e-19,-1.2534077252134652e-19,0.0,0.0,True
sex=0_AP=0_trial=19,ABi,5.050412841282456e-07,5.050412841282456e-07,0.0,0.0,True
sex=0_AP=0_trial=19,ABmo,5.987868699708937e-07,5.987868699708937e-07,0.0,0.0,True
sex=0_AP=0_trial=19,ABoo,-9.531415719482631e-09,-9.531415719482631e-09,0.0,0.0,True
sex=0_AP=0_trial=19,ABpo,8.213124733405572e-15,8.213124733405572e-15,0.0,0.0,True
sex=0_AP=0_trial=19,G,2.1399012875457003e-06,2.1399012875457003e-06,0.0,0.0,True
sex=0_AP=0_trial=19,tau,3.59524327887249e-09,3.59524327887249e-09,0.0,0.0,True
sex=0_AP=0_trial=19,Fi,6.991445862266582e-14,6.991445862266582e-14,0.0,0.0,True
sex=0_AP=0_trial=19,Fo,1.484338010282986e-19,1.484338010282986e-19,0.0,0.0,True
sex=0_AP=0_trial=19,N,-1.3849775893651635e-08,-1.3849775893651633e-08,1.6543612251060553e-24,1.1945039672911748e-16,True
sex=0_AP=0_trial=19,A,9.701922912579723e-16,9.701922912579723e-16,0.0,0.0,True
sex=0_AP=0_trial=19,M_NA,-2.1233839456244878e-07,-2.1233839456244878e-07,0.0,0.0,True
sex=0_AP=0_trial=19,M_pro,-6.556900971056965e-16,-6.556900971056965e-16,0.0,0.0,True
sex=0_AP=0_trial=19,M_anti,2.1233839521813884e-07,2.1233839521813884e-07,0.0,0.0,True
sex=0_AP=0_trial=19,Mh_pro,8.926001445265923e-26,8.926001445265923e-26,0.0,0.0,True
sex=0_AP=0_trial=19,Mh_anti,1.7580900037630248e-16,1.7580900037630248e-16,0.0,0.0,True
sex=0_AP=0_trial=19,Tb,2.887420115420718e-12,2.887420115420718e-12,0.0,0.0,True
sex=0_AP=0_trial=19,I10,-4.562687748567682e-12,-4.562687748567682e-12,0.0,0.0,True
sex=0_AP=0_trial=19,Ta,6.005510328274261e-20,6.005510328274261e-20,0.0,0.0,True
sex=0_AP=0_trial=19,P,3.8690208229455783e-19,3.8690208229455783e-19,0.0,0.0,True
sex=0_AP=0_trial=20,ABi,-1.3884333880297092e-08,-1.3884333880297092e-08,0.0,0.0,True
sex=0_AP=0_trial=20,ABmo,-2.3187614585866766e-07,-2.3187614585866766e-07,0.0,0.0,True
sex=0_AP=0_trial=20,ABoo,1.3041270028970261e-08,1.3041270028970261e-08,0.0,0.0,True
sex=0_AP=0_trial=20,ABpo,-2.607076534922569e-15,-2.607076534922569e-15,0.0,0.0,True
sex=0_AP=0_trial=20,G,-1.0518163440026064e-06,-1.0518163440026064e-06,0.0,0.0,True
sex=0_AP=0_trial=20,tau,-6.734699741753898e-08,-6.734699741753898e-08,0.0,0.0,True
sex=0_AP=0_trial=20,Fi,4.1732254136585744e-14,4.1732254136585744e-14,0.0,0.0,True
sex=0_AP=0_trial=20,Fo,-7.698330307876413e-19,-7.698330307876413e-19,0.0,0.0,True
sex=0_AP=0_trial=20,N,-3.870446639323427e-09,-3.870446639323427e-09,0.0,0.0,True
sex=0_AP=0_trial=20,A,2.2691274244709074e-15,2.2691274244709074e-15,0.0,0.0,True
sex=0_AP=0_trial=20,M_NA,-2.7105365578784933e-07,-2.7105365578784933e-07,0.0,0.0,True
sex=0_AP=0_trial=20,M_pro,1.3251524859038486e-15,1.3251524859038486e-15,0.0,0.0,True
sex=0_AP=0_trial=20,M_anti,2.710536544626969e-07,2.710536544626969e-07,0.0,0.0,True
sex=0_AP=0_trial=20,Mh_pro,2.6895854799872405e-25,2.6895854799872405e-25,0.0,0.0,True
sex=0_AP=0_trial=20,Mh_anti,2.2037080882671243e-16,2.2037080882671243e-16,0.0,0.0,True
sex=0_AP=0_trial=20,Tb,1.3443138161253732e-12,1.3443138161253732e-12,0.0,0.0,True
sex=0_AP=0_trial=20,I10,1.934641067941176e-11,1.934641067941176e-11,0.0,0.0,True
sex=0_AP=0_trial=20,Ta,-2.289231530716874e-20,-2.289231530716874e-20,0.0,0.0,True
sex=0_AP=0_trial=20,P,1.0798046650206937e-19,1.0798046650206937e-19,0.0,0.0,True
sex=0_AP=0_trial=21,ABi,-2.3305602875232068e-07,-2.3305602875232068e-07,0.0,0.0,True
sex=0_AP=0_trial=21,ABmo,1.7424511118082344e-07,1.7424511118082344e-07,0.0,0.0,True
sex=0_AP=0_trial=21,ABoo,-7.071327647571101e-09,-7.071327647571101e-09,0.0,0.0,True
sex=0_AP=0_trial=21,ABpo,4.4489992526462375e-15,4.4489992526462375e-15,0.0,0.0,True
sex=0_AP=0_trial=21,G,-5.609514451530226e-06,-5.609514451530226e-06,0.0,0.0,True
sex=0_AP=0_trial=21,tau,3.638128606587131e-09,3.638128606587131e-09,0.0,0.0,True
sex=0_AP=0_trial=21,Fi,-3.694727635358564e-14,-3.694727635358564e-14,0.0,0.0,True
sex=0_AP=0_trial=21,Fo,4.7440221849635204e-18,4.7440221849635204e-18,0.0,0.0,True
sex=0_AP=0_trial=21,N,-2.997694646897666e-08,-2.997694646897666e-08,0.0,0.0,True
sex=0_AP=0_trial=21,A,1.1978402336973125e-15,1.1978402336973125e-15,0.0,0.0,True
sex=0_AP=0_trial=21,M_NA,-1.4072634527761467e-07,-1.4072634527761467e-07,0.0,0.0,True
sex=0_AP=0_trial=21,M_pro,-5.026851125505533e-16,-5.026851125505533e-16,0.0,0.0,True
sex=0_AP=0_trial=21,M_anti,1.4072634578029977e-07,1.4072634578029977e-07,0.0,0.0,True
sex=0_AP=0_trial=21,Mh_pro,9.343479682816693e-26,9.343479682816693e-26,0.0,0.0,True
sex=0_AP=0_trial=21,Mh_anti,1.4164106160418726e-16,1.4164106160418726e-16,0.0,0.0,True
sex=0_AP=0_trial=21,Tb,1.170695092143516e-12,1.170695092143516e-12,0.0,0.0,True
sex=0_AP=0_trial=21,I10,1.5892954761018457e-11,1.5892954761018457e-11,0.0,0.0,True
sex=0_AP=0_trial=21,Ta,2.972219475747134e-20,2.972219475747134e-20,0.0,0.0,True
sex=0_AP=0_trial=21,P,3.7326531490816157e-19,3.7326531490816157e-19,0.0,0.0,True
sex=0_AP=0_trial=22,ABi,-2.900256970592378e-07,-2.900256970592378e-07,0.0,0.0,True
sex=0_AP=0_trial=22,ABmo,2.776148749909674e-07,2.776148749909674e-07,0.0,0.0,True
sex=0_AP=0_trial=22,ABoo,-9.911013448993772e-09,-9.911013448993772e-09,0.0,0.0,True
sex=0_AP=0_trial=22,ABpo,6.148642393111695e-15,6.148642393111695e-15,0.0,0.0,True
sex=0_AP=0_trial=22,G,-9.489971733511436e-07,-9.489971733511436e-07,0.0,0.0,True
sex=0_AP=0_trial=22,tau,-3.17274413040929e-08,-3.17274413040929e-08,0.0,0.0,True
sex=0_AP=0_trial=22,Fi,1.2600323546176402e-14,1.2600323546176402e-14,0.0,0.0,True
sex=0_AP=0_trial=22,Fo,8.468752642584013e-19,8.468752642584011e-19,1.925929944387236e-34,2.274160110312999e-16,True
sex=0_AP=0_trial=22,N,-1.196812988261541e-08,-1.1968129882615408e-08,1.6543612251060553e-24,1.382305540909225e-16,True
sex=0_AP=0_trial=22,A,1.3667380302208357e-15,1.3667380302208357e-15,0.0,0.0,True
sex=0_AP=0_trial=22,M_NA,-1.7990223141890476e-07,-1.7990223141890476e-07,0.0,0.0,True
sex=0_AP=0_trial=22,M_pro,-1.0129062801582412e-15,-1.0129062801582412e-15,0.0,0.0,True
sex=0_AP=0_trial=22,M_anti,1.79902232431811e-07,1.79902232431811e-07,0.0,0.0,True
sex=0_AP=0_trial=22,Mh_pro,9.123126287620204e-26,9.123126287620204e-26,0.0,0.0,True
sex=0_AP=0_trial=22,Mh_anti,1.319706472002386e-16,1.319706472002386e-16,0.0,0.0,True
sex=0_AP=0_trial=22,Tb,7.807004006077539e-13,7.807004006077539e-13,0.0,0.0,True
sex=0_AP=0_trial=22,I10,-2.289404932844265e-11,-2.289404932844265e-11,0.0,0.0,True
sex=0_AP=0_trial=22,Ta,4.994138686120015e-20,4.994138686120015e-20,0.0,0.0,True
sex=0_AP=0_trial=22,P,7.326074513706946e-19,7.326074513706946e-19,0.0,0.0,True
sex=0_AP=0_trial=23,ABi,-3.287692938717761e-07,-3.287692938717761e-07,0.0,0.0,True
sex=0_AP=0_trial=23,ABmo,3.529703876126052e-07,3.529703876126052e-07,0.0,0.0,True
sex=0_AP=0_trial=23,ABoo,-3.1828856448695043e-09,-3.1828856448695043e-09,0.0,0.0,True
sex=0_AP=0_trial=23,ABpo,-3.24181670975932e-15,-3.24181670975932e-15,0.0,0.0,True
sex=0_AP=0_trial=23,G,-5.470137390516772e-06,-5.470137390516772e-06,0.0,0.0,True
sex=0_AP=0_trial=23,tau,1.881218265455156e-08,1.881218265455156e-08,0.0,0.0,True
sex=0_AP=0_trial=23,Fi,1.3149091961309211e-14,1.3149091961309211e-14,0.0,0.0,True
sex=0_AP=0_trial=23,Fo,-1.8332918032519891e-19,-1.8332918032519891e-19,0.0,0.0,True
sex=0_AP=0_trial=23,N,-4.176674715621023e-09,-4.176674715621023e-09,0.0,0.0,True
sex=0_AP=0_trial=23,A,1.378889573234689e-15,1.378889573234689e-15,0.0,0.0,True
sex=0_AP=0_trial=23,M_NA,-1.9772714604925172e-08,-1.9772714604925172e-08,0.0,0.0,True
sex=0_AP=0_trial=23,M_pro,6.152234088939056e-17,6.152234088939056e-17,0.0,0.0,True
sex=0_AP=0_trial=23,M_anti,1.977271454340284e-08,1.977271454340284e-08,0.0,0.0,True
sex=0_AP=0_trial=23,Mh_pro,1.077860485848727e-25,1.077860485848727e-25,0.0,0.0,True
sex=0_AP=0_trial=23,Mh_anti,1.521129268361126e-16,1.521129268361126e-16,0.0,0.0,True
sex=0_AP=0_trial=23,Tb,-1.5904095859916277e-12,-1.5904095859916277e-12,0.0,0.0,True
sex=0_AP=0_trial=23,I10,-2.0933736588385083e-11,-2.0933736588385083e-11,0.0,0.0,True
sex=0_AP=0_trial=23,Ta,-2.3194715642901436e-20,-2.3194715642901436e-20,0.0,0.0,True
sex=0_AP=0_trial=23,P,-1.6275493892599595e-19,-1.6275493892599595e-19,0.0,0.0,True
sex=0_AP=0_trial=24,ABi,1.762259303934777e-07,1.762259303934777e-07,0.0,0.0,True
sex=0_AP=0_trial=24,ABmo,4.005989511306176e-07,4.005989511306176e-07,0.0,0.0,True
sex=0_AP=0_trial=24,ABoo,-4.4707259250570786e-11,-4.4707259250570786e-11,0.0,0.0,True
sex=0_AP=0_trial=24,ABpo,7.544729132342761e-16,7.544729132342761e-16,0.0,0.0,True
sex=0_AP=0_trial=24,G,5.484178915928933e-06,5.484178915928933e-06,0.0,0.0,True
sex=0_AP=0_trial=24,tau,-3.7812382300314265e-09,-3.7812382300314265e-09,0.0,0.0,True
sex=0_AP=0_trial=24,Fi,1.078427359482711e-14,1.078427359482711e-14,0.0,0.0,True
sex=0_AP=0_trial=24,Fo,1.9013598287181946e-18,1.9013598287181946e-18,0.0,0.0,True
sex=0_AP=0_trial=24,N,-2.6485008156813722e-08,-2.6485008156813722e-08,0.0,0.0,True
sex=0_AP=0_trial=24,A,2.5388043452125792e-15,2.5388043452125792e-15,0.0,0.0,True
sex=0_AP=0_trial=24,M_NA,-7.09710264455253e-08,-7.09710264455253e-08,0.0,0.0,True
sex=0_AP=0_trial=24,M_pro,1.478965475555275e-15,1.478965475555275e-15,0.0,0.0,True
sex=0_AP=0_trial=24,M_anti,7.097102496655979e-08,7.097102496655979e-08,0.0,0.0,True
sex=0_AP=0_trial=24,Mh_pro,2.46462174153964e-25,2.46462174153964e-25,0.0,0.0,True
sex=0_AP=0_trial=24,Mh_anti,1.7622829363188264e-16,1.7622829363188264e-16,0.0,0.0,True
sex=0_AP=0_trial=24,Tb,9.370749627955448e-13,9.370749627955448e-13,0.0,0.0,True
sex=0_AP=0_trial=24,I10,-1.3396005546407118e-12,-1.3396005546407118e-12,0.0,0.0,True
sex=0_AP=0_trial=24,Ta,-7.806495152113436e-20,-7.806495152113436e-20,0.0,0.0,True
sex=0_AP=0_trial=24,P,-1.1301987989600003e-19,-1.1301987989600003e-19,0.0,0.0,True
sex=0_AP=1_trial=0,ABi,7.180429107092739e-07,7.180429107092739e-07,0.0,0.0,True
sex=0_AP=1_trial=0,ABmo,2.550606321665879e-07,2.550606321665879e-07,0.0,0.0,True
sex=0_AP=1_trial=0,ABoo,1.1666092731708892e-08,1.1666092731708892e-08,0.0,0.0,True
sex=0_AP=1_trial=0,ABpo,1.1975380058410204e-13,1.1975380058410204e-13,0.0,0.0,True
sex=0_AP=1_trial=0,G,1.949058075838732e-05,1.949058075838732e-05,0.0,0.0,True
sex=0_AP=1_trial=0,tau,-2.993058037720664e-08,-2.993058037720664e-08,0.0,0.0,True
sex=0_AP=1_trial=0,Fi,2.2445918093496373e-14,2.2445918093496373e-14,0.0,0.0,True
sex=0_AP=1_trial=0,Fo,-1.0584435361034215e-18,-1.0584435361034215e-18,0.0,0.0,True
sex=0_AP=1_trial=0,N,-6.2106819347608e-09,-6.210681934760799e-09,8.271806125530277e-25,1.3318676133185139e-16,True
sex=0_AP=1_trial=0,A,5.482876090919001e-15,5.482876090919001e-15,0.0,0.0,True
sex=0_AP=1_trial=0,M_NA,-4.7498944810387086e-07,-4.7498944810387086e-07,0.0,0.0,True
sex=0_AP=1_trial=0,M_pro,9.417269305428706e-16,9.417269305428706e-16,0.0,0.0,True
sex=0_AP=1_trial=0,M_anti,4.7498944716214397e-07,4.7498944716214397e-07,0.0,0.0,True
sex=0_AP=1_trial=0,Mh_pro,2.158478849377553e-25,2.158478849377553e-25,0.0,0.0,True
sex=0_AP=1_trial=0,Mh_anti,1.909256101662843e-16,1.909256101662843e-16,0.0,0.0,True
sex=0_AP=1_trial=0,Tb,-9.252115794627908e-13,-9.252115794627908e-13,0.0,0.0,True
sex=0_AP=1_trial=0,I10,2.894394551132372e-11,2.894394551132372e-11,0.0,0.0,True
sex=0_AP=1_trial=0,Ta,-2.896434982882086e-20,-2.896434982882086e-20,0.0,0.0,True
sex=0_AP=1_trial=0,P,1.504718511377289e-20,1.504718511377289e-20,0.0,0.0,True
sex=0_AP=1_trial=1,ABi,3.684876290160835e-07,3.684876290160835e-07,0.0,0.0,True
sex=0_AP=1_trial=1,ABmo,5.818729940199664e-07,5.818729940199664e-07,0.0,0.0,True
sex=0_AP=1_trial=1,ABoo,1.1459326472536181e-08,1.1459326472536181e-08,0.0,0.0,True
sex=0_AP=1_trial=1,ABpo,-3.0250749506087126e-14,-3.0250749506087126e-14,0.0,0.0,True
sex=0_AP=1_trial=1,G,1.2211700102249527e-05,1.2211700102249527e-05,0.0,0.0,True
sex=0_AP=1_trial=1,tau,-3.050792546768861e-08,-3.050792546768861e-08,0.0,0.0,True
sex=0_AP=1_trial=1,Fi,3.047352725153143e-14,3.047352725153143e-14,0.0,0.0,True
sex=0_AP=1_trial=1,Fo,3.115026328049035e-18,3.1150263280490343e-18,7.703719777548943e-34,2.473083359900153e-16,True
sex=0_AP=1_trial=1,N,-4.073314904282667e-08,-4.0733149042826663e-08,6.617444900424222e-24,1.624584657932208e-16,True
sex=0_AP=1_trial=1,A,4.152987441328093e-15,4.152987441328093e-15,0.0,0.0,True
sex=0_AP=1_trial=1,M_NA,-3.0238003945140553e-07,-3.0238003945140553e-07,0.0,0.0,True
sex=0_AP=1_trial=1,M_pro,4.574268557435006e-16,4.574268557435006e-16,0.0,0.0,True
sex=0_AP=1_trial=1,M_anti,3.0238003899397873e-07,3.0238003899397873e-07,0.0,0.0,True
sex=0_AP=1_trial=1,Mh_pro,1.1583099237610238e-25,1.1583099237610238e-25,0.0,0.0,True
sex=0_AP=1_trial=1,Mh_anti,1.3636668932089086e-16,1.3636668932089086e-16,0.0,0.0,True
sex=0_AP=1_trial=1,Tb,3.911539165545426e-12,3.911539165545426e-12,0.0,0.0,True
sex=0_AP=1_trial=1,I10,2.919096627849682e-11,2.919096627849682e-11,0.0,0.0,True
sex=0_AP=1_trial=1,Ta,2.95749179213169e-20,2.95749179213169e-20,0.0,0.0,True
sex=0_AP=1_trial=1,P,6.102155703326405e-19,6.102155703326405e-19,0.0,0.0,True
sex=0_AP=1_trial=2,ABi,-3.2991400093461173e-07,-3.2991400093461173e-07,0.0,0.0,True
sex=0_AP=1_trial=2,ABmo,4.915341550316473e-07,4.915341550316473e-07,0.0,0.0,True
sex=0_AP=1_trial=2,ABoo,-1.4341056873610112e-08,-1.4341056873610112e-08,0.0,0.0,True
sex=0_AP=1_trial=2,ABpo,9.475637808076936e-15,9.475637808076936e-15,0.0,0.0,True
sex=0_AP=1_trial=2,G,-3.52726944100466e-07,-3.52726944100466e-07,0.0,0.0,True
sex=0_AP=1_trial=2,tau,4.516601900393857e-08,4.516601900393857e-08,0.0,0.0,True
sex=0_AP=1_trial=2,Fi,-2.2488858335403813e-14,-2.2488858335403813e-14,0.0,0.0,True
sex=0_AP=1_trial=2,Fo,-4.2813954702462515e-19,-4.2813954702462524e-19,9.62964972193618e-35,2.249184825101502e-16,True
sex=0_AP=1_trial=2,N,-6.389625755068814e-09,-6.389625755068813e-09,8.271806125530277e-25,1.2945681707521526e-16,True
sex=0_AP=1_trial=2,A,6.199052055447215e-15,6.199052055447215e-15,0.0,0.0,True
sex=0_AP=1_trial=2,M_NA,-2.7822279667932375e-07,-2.7822279667932375e-07,0.0,0.0,True
sex=0_AP=1_trial=2,M_pro,-2.757545755065155e-16,-2.757545755065155e-16,0.0,0.0,True
sex=0_AP=1_trial=2,M_anti,2.782227969550783e-07,2.782227969550783e-07,0.0,0.0,True
sex=0_AP=1_trial=2,Mh_pro,1.414236589051662e-25,1.414236589051662e-25,0.0,0.0,True
sex=0_AP=1_trial=2,Mh_anti,2.3074390225692145e-16,2.3074390225692145e-16,0.0,0.0,True
sex=0_AP=1_trial=2,Tb,1.9743292275775203e-13,1.9743292275775203e-13,0.0,0.0,True
sex=0_AP=1_trial=2,I10,-3.8964793910472564e-11,-3.8964793910472564e-11,0.0,0.0,True
sex=0_AP=1_trial=2,Ta,1.0866278343805581e-20,1.0866278343805581e-20,0.0,0.0,True
sex=0_AP=1_trial=2,P,-2.9333752998712184e-19,-2.9333752998712184e-19,0.0,0.0,True
sex=0_AP=1_trial=3,ABi,1.9569202402218656e-07,1.9569202402218656e-07,0.0,0.0,True
sex=0_AP=1_trial=3,ABmo,4.1972606435254843e-07,4.1972606435254843e-07,0.0,0.0,True
sex=0_AP=1_trial=3,ABoo,4.5559560626115853e-08,4.5559560626115853e-08,0.0,0.0,True
sex=0_AP=1_trial=3,ABpo,-1.1141471602344423e-15,-1.1141471602344423e-15,0.0,0.0,True
sex=0_AP=1_trial=3,G,1.8713826024938213e-05,1.8713826024938213e-05,0.0,0.0,True
sex=0_AP=1_trial=3,tau,2.446692888790993e-09,2.446692888790993e-09,0.0,0.0,True
sex=0_AP=1_trial=3,Fi,-3.393485479541415e-14,-3.393485479541415e-14,0.0,0.0,True
sex=0_AP=1_trial=3,Fo,1.6962073970706448e-18,1.6962073970706448e-18,0.0,0.0,True
sex=0_AP=1_trial=3,N,-2.830018986060216e-08,-2.8300189860602163e-08,3.308722450212111e-24,1.1691520327283447e-16,True
sex=0_AP=1_trial=3,A,4.438600866007394e-15,4.438600866007394e-15,0.0,0.0,True
sex=0_AP=1_trial=3,M_NA,-1.3808324929299172e-07,-1.3808324929299172e-07,0.0,0.0,True
sex=0_AP=1_trial=3,M_pro,-4.0938585986378314e-16,-4.0938585986378314e-16,0.0,0.0,True
sex=0_AP=1_trial=3,M_anti,1.3808324970237757e-07,1.3808324970237757e-07,0.0,0.0,True
sex=0_AP=1_trial=3,Mh_pro,1.2026863354693204e-25,1.2026863354693204e-25,0.0,0.0,True
sex=0_AP=1_trial=3,Mh_anti,1.6825206601007803e-16,1.6825206601007803e-16,0.0,0.0,True
sex=0_AP=1_trial=3,Tb,-2.962195659266505e-13,-2.962195659266505e-13,0.0,0.0,True
sex=0_AP=1_trial=3,I10,-4.959420091275154e-11,-4.959420091275154e-11,0.0,0.0,True
sex=0_AP=1_trial=3,Ta,5.0300434748516586e-21,5.0300434748516586e-21,0.0,0.0,True
sex=0_AP=1_trial=3,P,8.479916445439502e-20,8.479916445439502e-20,0.0,0.0,True
sex=0_AP=1_trial=4,ABi,-4.423045684106252e-07,-4.423045684106252e-07,0.0,0.0,True
sex=0_AP=1_trial=4,ABmo,-1.8793136771951314e-07,-1.8793136771951314e-07,0.0,0.0,True
sex=0_AP=1_trial=4,ABoo,1.9901382872249624e-08,1.9901382872249624e-08,0.0,0.0,True
sex=0_AP=1_trial=4,ABpo,-1.008202424297437e-13,-1.008202424297437e-13,0.0,0.0,True
sex=0_AP=1_trial=4,G,-1.159561343970472e-05,-1.159561343970472e-05,0.0,0.0,True
sex=0_AP=1_trial=4,tau,-6.64576773568338e-09,-6.64576773568338e-09,0.0,0.0,True
sex=0_AP=1_trial=4,Fi,-1.0515628155376695e-14,-1.0515628155376695e-14,0.0,0.0,True
sex=0_AP=1_trial=4,Fo,2.6056471915804402e-18,2.6056471915804402e-18,0.0,0.0,True
sex=0_AP=1_trial=4,N,-1.7430163355705944e-08,-1.7430163355705944e-08,0.0,0.0,True
sex=0_AP=1_trial=4,A,6.1894339143484815e-15,6.1894339143484815e-15,0.0,0.0,True
sex=0_AP=1_trial=4,M_NA,-2.177818157240356e-07,-2.177818157240356e-07,0.0,0.0,True
sex=0_AP=1_trial=4,M_pro,3.2156004435055245e-16,3.2156004435055245e-16,0.0,0.0,True
sex=0_AP=1_trial=4,M_anti,2.177818154024756e-07,2.177818154024756e-07,0.0,0.0,True
sex=0_AP=1_trial=4,Mh_pro,1.9242434918811503e-25,1.9242434918811503e-25,0.0,0.0,True
sex=0_AP=1_trial=4,Mh_anti,2.9270468378431693e-16,2.9270468378431693e-16,0.0,0.0,True
sex=0_AP=1_trial=4,Tb,3.047192817756082e-12,3.047192817756082e-12,0.0,0.0,True
sex=0_AP=1_trial=4,I10,1.6405658913476242e-11,1.6405658913476242e-11,0.0,0.0,True
sex=0_AP=1_trial=4,Ta,1.3218549500502681e-20,1.3218549500502681e-20,0.0,0.0,True
sex=0_AP=1_trial=4,P,-5.386430163586355e-19,-5.386430163586355e-19,0.0,0.0,True
sex=0_AP=1_trial=5,ABi,2.110038776199588e-10,2.110038776199588e-10,0.0,0.0,True
sex=0_AP=1_trial=5,ABmo,-4.5925998023306035e-08,-4.5925998023306035e-08,0.0,0.0,True
sex=0_AP=1_trial=5,ABoo,6.4503557236171355e-09,6.4503557236171355e-09,0.0,0.0,True
sex=0_AP=1_trial=5,ABpo,5.41963351346724e-14,5.41963351346724e-14,0.0,0.0,True
sex=0_AP=1_trial=5,G,-9.610538795188295e-06,-9.610538795188295e-06,0.0,0.0,True
sex=0_AP=1_trial=5,tau,9.748532842868748e-09,9.748532842868748e-09,0.0,0.0,True
sex=0_AP=1_trial=5,Fi,-6.9679840527170856e-15,-6.9679840527170856e-15,0.0,0.0,True
sex=0_AP=1_trial=5,Fo,-6.106687292533399e-19,-6.106687292533399e-19,0.0,0.0,True
sex=0_AP=1_trial=5,N,-1.8266365035578605e-09,-1.8266365035578607e-09,2.0679515313825692e-25,1.1321089485262578e-16,True
sex=0_AP=1_trial=5,A,6.511073497747073e-15,6.511073497747073e-15,0.0,0.0,True
sex=0_AP=1_trial=5,M_NA,-2.9851651791322637e-07,-2.9851651791322637e-07,0.0,0.0,True
sex=0_AP=1_trial=5,M_pro,-5.381523299864062e-16,-5.381523299864062e-16,0.0,0.0,True
sex=0_AP=1_trial=5,M_anti,2.9851651845137875e-07,2.9851651845137875e-07,0.0,0.0,True
sex=0_AP=1_trial=5,Mh_pro,7.71196527183617e-26,7.71196527183617e-26,0.0,0.0,True
sex=0_AP=1_trial=5,Mh_anti,1.2896686272674606e-16,1.2896686272674606e-16,0.0,0.0,True
sex=0_AP=1_trial=5,Tb,-1.1750731329544825e-12,-1.1750731329544825e-12,0.0,0.0,True
sex=0_AP=1_trial=5,I10,-3.4332208519812835e-11,-3.4332208519812835e-11,0.0,0.0,True
sex=0_AP=1_trial=5,Ta,1.1353986562816498e-20,1.1353986562816498e-20,0.0,0.0,True
sex=0_AP=1_trial=5,P,1.897042292541488e-19,1.897042292541488e-19,0.0,0.0,True
sex=0_AP=1_trial=6,ABi,2.9311467200659607e-07,2.9311467200659607e-07,0.0,0.0,True
sex=0_AP=1_trial=6,ABmo,8.831320384225333e-07,8.831320384225333e-07,0.0,0.0,True
sex=0_AP=1_trial=6,ABoo,2.349303206169878e-09,2.349303206169878e-09,0.0,0.0,True
sex=0_AP=1_trial=6,ABpo,-2.0378848412784535e-14,-2.0378848412784535e-14,0.0,0.0,True
sex=0_AP=1_trial=6,G,1.1898043708466217e-05,1.1898043708466217e-05,0.0,0.0,True
sex=0_AP=1_trial=6,tau,4.720719834298196e-08,4.720719834298196e-08,0.0,0.0,True
sex=0_AP=1_trial=6,Fi,-3.621028595804896e-14,-3.621028595804896e-14,0.0,0.0,True
sex=0_AP=1_trial=6,Fo,6.016458777074825e-18,6.016458777074825e-18,0.0,0.0,True
sex=0_AP=1_trial=6,N,-8.13182452029564e-08,-8.131824520295639e-08,1.3234889800848443e-23,1.6275424743630935e-16,True
sex=0_AP=1_trial=6,A,6.86834483367269e-15,6.86834483367269e-15,0.0,0.0,True
sex=0_AP=1_trial=6,M_NA,-1.4248829884146518e-07,-1.4248829884146518e-07,0.0,0.0,True
sex=0_AP=1_trial=6,M_pro,-2.495955508745093e-15,-2.495955508745093e-15,0.0,0.0,True
sex=0_AP=1_trial=6,M_anti,1.424883013374207e-07,1.424883013374207e-07,0.0,0.0,True
sex=0_AP=1_trial=6,Mh_pro,1.1158588788396095e-25,1.1158588788396095e-25,0.0,0.0,True
sex=0_AP=1_trial=6,Mh_anti,1.406149272790582e-16,1.406149272790582e-16,0.0,0.0,True
sex=0_AP=1_trial=6,Tb,-3.7893878755678654e-12,-3.7893878755678654e-12,0.0,0.0,True
sex=0_AP=1_trial=6,I10,-2.4947026041567394e-11,-2.4947026041567394e-11,0.0,0.0,True
sex=0_AP=1_trial=6,Ta,5.696248465195124e-20,5.696248465195124e-20,0.0,0.0,True
sex=0_AP=1_trial=6,P,8.407552803236254e-19,8.407552803236254e-19,0.0,0.0,True
sex=0_AP=1_trial=7,ABi,1.2577393330479167e-07,1.2577393330479167e-07,0.0,0.0,True
sex=0_AP=1_trial=7,ABmo,2.6632223843263773e-07,2.6632223843263773e-07,0.0,0.0,True
sex=0_AP=1_trial=7,ABoo,-3.005765110942041e-08,-3.005765110942041e-08,0.0,0.0,True
sex=0_AP=1_trial=7,ABpo,4.77401749962121e-14,4.77401749962121e-14,0.0,0.0,True
sex=0_AP=1_trial=7,G,-1.1339676030343871e-05,-1.1339676030343871e-05,0.0,0.0,True
sex=0_AP=1_trial=7,tau,2.980257873000682e-08,2.980257873000682e-08,0.0,0.0,True
sex=0_AP=1_trial=7,Fi,-3.309474079239004e-14,-3.309474079239004e-14,0.0,0.0,True
sex=0_AP=1_trial=7,Fo,1.419557938619427e-17,1.419557938619427e-17,0.0,0.0,True
sex=0_AP=1_trial=7,N,-8.449471693801673e-08,-8.449471693801673e-08,0.0,0.0,True
sex=0_AP=1_trial=7,A,5.178450379715683e-15,5.178450379715683e-15,0.0,0.0,True
sex=0_AP=1_trial=7,M_NA,-2.3620615459257622e-07,-2.3620615459257622e-07,0.0,0.0,True
sex=0_AP=1_trial=7,M_pro,-9.622803593805429e-16,-9.622803593805429e-16,0.0,0.0,True
sex=0_AP=1_trial=7,M_anti,2.3620615555485658e-07,2.3620615555485658e-07,0.0,0.0,True
sex=0_AP=1_trial=7,Mh_pro,7.986552246577426e-26,7.986552246577426e-26,0.0,0.0,True
sex=0_AP=1_trial=7,Mh_anti,1.5189193215080144e-16,1.5189193215080144e-16,0.0,0.0,True
sex=0_AP=1_trial=7,Tb,-5.881139603591963e-13,-5.881139603591963e-13,0.0,0.0,True
sex=0_AP=1_trial=7,I10,4.569402506784578e-11,4.569402506784578e-11,0.0,0.0,True
sex=0_AP=1_trial=7,Ta,3.3570856005489104e-20,3.3570856005489104e-20,0.0,0.0,True
sex=0_AP=1_trial=7,P,1.6592627159691435e-19,1.6592627159691435e-19,0.0,0.0,True
sex=0_AP=1_trial=8,ABi,-6.885239094493016e-07,-6.885239094493016e-07,0.0,0.0,True
sex=0_AP=1_trial=8,ABmo,3.980720530630649e-07,3.980720530630649e-07,0.0,0.0,True
sex=0_AP=1_trial=8,ABoo,-3.409699304693255e-08,-3.409699304693255e-08,0.0,0.0,True
sex=0_AP=1_trial=8,ABpo,2.0301028222503927e-14,2.0301028222503927e-14,0.0,0.0,True
sex=0_AP=1_trial=8,G,6.233680720541231e-06,6.233680720541231e-06,0.0,0.0,True
sex=0_AP=1_trial=8,tau,-1.490353143043832e-08,-1.490353143043832e-08,0.0,0.0,True
sex=0_AP=1_trial=8,Fi,-2.3471179455393853e-14,-2.3471179455393853e-14,0.0,0.0,True
sex=0_AP=1_trial=8,Fo,2.1130252931774083e-19,2.1130252931774083e-19,0.0,0.0,True
sex=0_AP=1_trial=8,N,-7.370289708419848e-09,-7.370289708419848e-09,0.0,0.0,True
sex=0_AP=1_trial=8,A,5.517302629340376e-15,5.517302629340376e-15,0.0,0.0,True
sex=0_AP=1_trial=8,M_NA,-4.4474414440228866e-07,-4.4474414440228866e-07,0.0,0.0,True
sex=0_AP=1_trial=8,M_pro,8.094982233580447e-16,8.094982233580447e-16,0.0,0.0,True
sex=0_AP=1_trial=8,M_anti,4.447441435927905e-07,4.447441435927905e-07,0.0,0.0,True
sex=0_AP=1_trial=8,Mh_pro,1.233030888287075e-25,1.233030888287075e-25,0.0,0.0,True
sex=0_AP=1_trial=8,Mh_anti,2.0743324485016069e-16,2.0743324485016069e-16,0.0,0.0,True
sex=0_AP=1_trial=8,Tb,5.679694376305442e-12,5.679694376305442e-12,0.0,0.0,True
sex=0_AP=1_trial=8,I10,2.5184462507054324e-11,2.5184462507054324e-11,0.0,0.0,True
sex=0_AP=1_trial=8,Ta,1.9127268967726512e-20,1.9127268967726512e-20,0.0,0.0,True
sex=0_AP=1_trial=8,P,-1.2578063134970182e-19,-1.2578063134970182e-19,0.0,0.0,True
sex=0_AP=1_trial=9,ABi,5.516469495968861e-07,5.516469495968861e-07,0.0,0.0,True
sex=0_AP=1_trial=9,ABmo,8.387540126390348e-07,8.387540126390348e-07,0.0,0.0,True
sex=0_AP=1_trial=9,ABoo,-2.6152351793133366e-08,-2.6152351793133366e-08,0.0,0.0,True
sex=0_AP=1_trial=9,ABpo,5.601276726657731e-14,5.601276726657731e-14,0.0,0.0,True
sex=0_AP=1_trial=9,G,1.955615260850106e-05,1.955615260850106e-05,0.0,0.0,True
sex=0_AP=1_trial=9,tau,3.3910116425256042e-09,3.3910116425256042e-09,0.0,0.0,True
sex=0_AP=1_trial=9,Fi,-4.528484035997346e-14,-4.528484035997346e-14,0.0,0.0,True
sex=0_AP=1_trial=9,Fo,8.511780792928571e-18,8.51178079292857e-18,1.5407439555097887e-33,1.8101311499819286e-16,True
sex=0_AP=1_trial=9,N,-1.0930006274003353e-07,-1.0930006274003351e-07,1.3234889800848443e-23,1.2108766883626752e-16,True
sex=0_AP=1_trial=9,A,5.805136351255168e-15,5.805136351255168e-15,0.0,0.0,True
sex=0_AP=1_trial=9,M_NA,-2.2713492814467347e-07,-2.2713492814467347e-07,0.0,0.0,True
sex=0_AP=1_trial=9,M_pro,3.5951482133917354e-16,3.5951482133917354e-16,0.0,0.0,True
sex=0_AP=1_trial=9,M_anti,2.2713492778515862e-07,2.2713492778515862e-07,0.0,0.0,True
sex=0_AP=1_trial=9,Mh_pro,2.411807231005688e-25,2.411807231005688e-25,0.0,0.0,True
sex=0_AP=1_trial=9,Mh_anti,3.2415565874181426e-16,3.2415565874181426e-16,0.0,0.0,True
sex=0_AP=1_trial=9,Tb,9.239570445217637e-13,9.239570445217637e-13,0.0,0.0,True
sex=0_AP=1_trial=9,I10,-2.1446505768747662e-11,-2.1446505768747662e-11,0.0,0.0,True
sex=0_AP=1_trial=9,Ta,-1.6638965451579918e-20,-1.6638965451579918e-20,0.0,0.0,True
sex=0_AP=1_trial=9,P,-9.16142729715603e-19,-9.16142729715603e-19,0.0,0.0,True
sex=0_AP=1_trial=10,ABi,-2.964093841684512e-07,-2.964093841684512e-07,0.0,0.0,True
sex=0_AP=1_trial=10,ABmo,4.5547352640943695e-07,4.5547352640943695e-07,0.0,0.0,True
sex=0_AP=1_trial=10,ABoo,-3.238158680003994e-08,-3.238158680003994e-08,0.0,0.0,True
sex=0_AP=1_trial=10,ABpo,2.5837291936848594e-14,2.5837291936848594e-14,0.0,0.0,True
sex=0_AP=1_trial=10,G,1.9745039707669215e-06,1.9745039707669215e-06,0.0,0.0,True
sex=0_AP=1_trial=10,tau,2.1203505392806858e-08,2.1203505392806858e-08,0.0,0.0,True
sex=0_AP=1_trial=10,Fi,-6.471539906346082e-14,-6.471539906346082e-14,0.0,0.0,True
sex=0_AP=1_trial=10,Fo,5.164830242102546e-17,5.1648302421025467e-17,6.162975822039155e-33,1.1932581581868749e-16,True
sex=0_AP=1_trial=10,N,-3.355599919969901e-07,-3.3555999199699017e-07,5.293955920339377e-23,1.5776481245079009e-16,True
sex=0_AP=1_trial=10,A,6.4529743716983824e-15,6.4529743716983824e-15,0.0,0.0,True
sex=0_AP=1_trial=10,M_NA,-3.6865431269039435e-07,-3.6865431269039435e-07,0.0,0.0,True
sex=0_AP=1_trial=10,M_pro,1.9729004804099683e-15,1.9729004804099683e-15,0.0,0.0,True
sex=0_AP=1_trial=10,M_anti,3.686543107174938e-07,3.686543107174938e-07,0.0,0.0,True
sex=0_AP=1_trial=10,Mh_pro,3.3891238387941243e-25,3.3891238387941243e-25,0.0,0.0,True
sex=0_AP=1_trial=10,Mh_anti,2.6584269639697524e-16,2.6584269639697524e-16,0.0,0.0,True
sex=0_AP=1_trial=10,Tb,9.143258781967237e-13,9.143258781967237e-13,0.0,0.0,True
sex=0_AP=1_trial=10,I10,-7.778447483924866e-12,-7.778447483924866e-12,0.0,0.0,True
sex=0_AP=1_trial=10,Ta,-5.742234589862187e-20,-5.742234589862187e-20,0.0,0.0,True
sex=0_AP=1_trial=10,P,-4.1024333969217184e-19,-4.1024333969217184e-19,0.0,0.0,True
sex=0_AP=1_trial=11,ABi,2.794596773967624e-07,2.794596773967624e-07,0.0,0.0,True
sex=0_AP=1_trial=11,ABmo,3.648429863324282e-07,3.648429863324282e-07,0.0,0.0,True
sex=0_AP=1_trial=11,ABoo,1.1326210145640985e-08,1.1326210145640985e-08,0.0,0.0,True
sex=0_AP=1_trial=11,ABpo,-4.156433966651939e-14,-4.156433966651939e-14,0.0,0.0,True
sex=0_AP=1_trial=11,G,1.0703381649859144e-05,1.0703381649859144e-05,0.0,0.0,True
sex=0_AP=1_trial=11,tau,-4.796741417432434e-08,-4.796741417432434e-08,0.0,0.0,True
sex=0_AP=1_trial=11,Fi,-6.390523169147264e-15,-6.390523169147264e-15,0.0,0.0,True
sex=0_AP=1_trial=11,Fo,2.5460238928806974e-17,2.546023892880697e-17,3.0814879110195774e-33,1.210313822912726e-16,True
sex=0_AP=1_trial=11,N,-1.7258346275657805e-07,-1.7258346275657802e-07,2.6469779601696886e-23,1.5337378899988485e-16,True
sex=0_AP=1_trial=11,A,5.353507027352839e-15,5.353507027352839e-15,0.0,0.0,True
sex=0_AP=1_trial=11,M_NA,-2.2286120888710418e-07,-2.2286120888710418e-07,0.0,0.0,True
sex=0_AP=1_trial=11,M_pro,2.8935003601152424e-16,2.8935003601152424e-16,0.0,0.0,True
sex=0_AP=1_trial=11,M_anti,2.2286120859775413e-07,2.2286120859775413e-07,0.0,0.0,True
sex=0_AP=1_trial=11,Mh_pro,9.541633261099414e-26,9.541633261099414e-26,0.0,0.0,True
sex=0_AP=1_trial=11,Mh_anti,1.3458948674920568e-16,1.3458948674920568e-16,0.0,0.0,True
sex=0_AP=1_trial=11,Tb,2.0290349566038137e-12,2.0290349566038137e-12,0.0,0.0,True
sex=0_AP=1_trial=11,I10,-2.406185416941639e-11,-2.406185416941639e-11,0.0,0.0,True
sex=0_AP=1_trial=11,Ta,4.4243545697936206e-21,4.4243545697936206e-21,0.0,0.0,True
sex=0_AP=1_trial=11,P,2.4494563184136116e-19,2.4494563184136116e-19,0.0,0.0,True
sex=0_AP=1_trial=12,ABi,5.385155872654253e-07,5.385155872654253e-07,0.0,0.0,True
sex=0_AP=1_trial=12,ABmo,7.557456413154802e-07,7.557456413154802e-07,0.0,0.0,True
sex=0_AP=1_trial=12,ABoo,-5.770196408536426e-09,-5.770196408536426e-09,0.0,0.0,True
sex=0_AP=1_trial=12,ABpo,3.3219094609678934e-14,3.3219094609678934e-14,0.0,0.0,True
sex=0_AP=1_trial=12,G,2.371434364981065e-05,2.371434364981065e-05,0.0,0.0,True
sex=0_AP=1_trial=12,tau,-8.369352012239199e-08,-8.369352012239199e-08,0.0,0.0,True
sex=0_AP=1_trial=12,Fi,9.72167556457531e-14,9.72167556457531e-14,0.0,0.0,True
sex=0_AP=1_trial=12,Fo,1.821136034586566e-17,1.8211360345865657e-17,3.0814879110195774e-33,1.6920690450887355e-16,True
sex=0_AP=1_trial=12,N,-1.8646929987371462e-07,-1.864692998737146e-07,2.6469779601696886e-23,1.419524802185851e-16,True
sex=0_AP=1_trial=12,A,4.486854013459422e-15,4.486854013459422e-15,0.0,0.0,True
sex=0_AP=1_trial=12,M_NA,-1.306336076616109e-07,-1.306336076616109e-07,0.0,0.0,True
sex=0_AP=1_trial=12,M_pro,-1.1755362370746015e-15,-1.1755362370746015e-15,0.0,0.0,True
sex=0_AP=1_trial=12,M_anti,1.3063360883714713e-07,1.3063360883714713e-07,0.0,0.0,True
sex=0_AP=1_trial=12,Mh_pro,1.69700792610691e-25,1.69700792610691e-25,0.0,0.0,True
sex=0_AP=1_trial=12,Mh_anti,2.4672181491620154e-16,2.4672181491620154e-16,0.0,0.0,True
sex=0_AP=1_trial=12,Tb,7.707223242458038e-14,7.707223242458038e-14,0.0,0.0,True
sex=0_AP=1_trial=12,I10,2.058191467505052e-11,2.058191467505052e-11,0.0,0.0,True
sex=0_AP=1_trial=12,Ta,4.5408868436614065e-20,4.5408868436614065e-20,0.0,0.0,True
sex=0_AP=1_trial=12,P,5.3082549837991945e-20,5.3082549837991945e-20,0.0,0.0,True
sex=0_AP=1_trial=13,ABi,4.147172951509793e-07,4.147172951509793e-07,0.0,0.0,True
sex=0_AP=1_trial=13,ABmo,6.309614942508607e-07,6.309614942508607e-07,0.0,0.0,True
sex=0_AP=1_trial=13,ABoo,-4.3624887098102425e-08,-4.3624887098102425e-08,0.0,0.0,True
sex=0_AP=1_trial=13,ABpo,1.2470141895513082e-13,1.2470141895513082e-13,0.0,0.0,True
sex=0_AP=1_trial=13,G,1.156160336260653e-05,1.156160336260653e-05,0.0,0.0,True
sex=0_AP=1_trial=13,tau,-4.6737484541625926e-08,-4.6737484541625926e-08,0.0,0.0,True
sex=0_AP=1_trial=13,Fi,7.540765837979954e-14,7.540765837979954e-14,0.0,0.0,True
sex=0_AP=1_trial=13,Fo,-9.346212423456844e-19,-9.346212423456844e-19,0.0,0.0,True
sex=0_AP=1_trial=13,N,-3.888499385119176e-09,-3.888499385119176e-09,0.0,0.0,True
sex=0_AP=1_trial=13,A,8.094173113145116e-15,8.094173113145116e-15,0.0,0.0,True
sex=0_AP=1_trial=13,M_NA,-3.5011291394265183e-07,-3.5011291394265183e-07,0.0,0.0,True
sex=0_AP=1_trial=13,M_pro,-7.355887079879178e-16,-7.355887079879178e-16,0.0,0.0,True
sex=0_AP=1_trial=13,M_anti,3.5011291467824065e-07,3.5011291467824065e-07,0.0,0.0,True
sex=0_AP=1_trial=13,Mh_pro,5.947714196551758e-26,5.947714196551758e-26,0.0,0.0,True
sex=0_AP=1_trial=13,Mh_anti,1.2450113159523277e-16,1.2450113159523277e-16,0.0,0.0,True
sex=0_AP=1_trial=13,Tb,6.996129981272568e-13,6.996129981272568e-13,0.0,0.0,True
sex=0_AP=1_trial=13,I10,-1.5757694318482067e-11,-1.5757694318482067e-11,0.0,0.0,True
sex=0_AP=1_trial=13,Ta,4.5500951913133846e-20,4.5500951913133846e-20,0.0,0.0,True
sex=0_AP=1_trial=13,P,4.371027646987426e-19,4.371027646987426e-19,0.0,0.0,True
sex=0_AP=1_trial=14,ABi,5.924487875230177e-08,5.924487875230177e-08,0.0,0.0,True
sex=0_AP=1_trial=14,ABmo,5.385466078197042e-07,5.385466078197042e-07,0.0,0.0,True
sex=0_AP=1_trial=14,ABoo,-4.351465049244235e-08,-4.351465049244235e-08,0.0,0.0,True
sex=0_AP=1_trial=14,ABpo,1.6410721639903103e-13,1.6410721639903103e-13,0.0,0.0,True
sex=0_AP=1_trial=14,G,8.645384155598461e-06,8.645384155598461e-06,0.0,0.0,True
sex=0_AP=1_trial=14,tau,-7.177832055852313e-09,-7.177832055852313e-09,0.0,0.0,True
sex=0_AP=1_trial=14,Fi,-5.954622087315331e-14,-5.954622087315331e-14,0.0,0.0,True
sex=0_AP=1_trial=14,Fo,5.765825377348265e-17,5.765825377348265e-17,0.0,0.0,True
sex=0_AP=1_trial=14,N,-3.2023791720439977e-07,-3.2023791720439977e-07,0.0,0.0,True
sex=0_AP=1_trial=14,A,4.749091616085204e-15,4.749091616085204e-15,0.0,0.0,True
sex=0_AP=1_trial=14,M_NA,-6.105642406237902e-07,-6.105642406237902e-07,0.0,0.0,True
sex=0_AP=1_trial=14,M_pro,-7.76635518119438e-17,-7.76635518119438e-17,0.0,0.0,True
sex=0_AP=1_trial=14,M_anti,6.105642407014537e-07,6.105642407014537e-07,0.0,0.0,True
sex=0_AP=1_trial=14,Mh_pro,1.4116430818737643e-25,1.4116430818737643e-25,0.0,0.0,True
sex=0_AP=1_trial=14,Mh_anti,1.7837944826044722e-16,1.7837944826044722e-16,0.0,0.0,True
sex=0_AP=1_trial=14,Tb,-1.2844653130705916e-12,-1.2844653130705916e-12,0.0,0.0,True
sex=0_AP=1_trial=14,I10,-5.465560767194448e-12,-5.465560767194448e-12,0.0,0.0,True
sex=0_AP=1_trial=14,Ta,-3.738740324170361e-21,-3.738740324170361e-21,0.0,0.0,True
sex=0_AP=1_trial=14,P,-6.989563124801374e-20,-6.989563124801374e-20,0.0,0.0,True
sex=0_AP=1_trial=15,ABi,-3.1501048719112846e-07,-3.1501048719112846e-07,0.0,0.0,True
sex=0_AP=1_trial=15,ABmo,4.3655903180511886e-07,4.3655903180511886e-07,0.0,0.0,True
sex=0_AP=1_trial=15,ABoo,1.3817120510936e-08,1.3817120510936e-08,0.0,0.0,True
sex=0_AP=1_trial=15,ABpo,-1.252893718691919e-13,-1.252893718691919e-13,0.0,0.0,True
sex=0_AP=1_trial=15,G,1.1390528126687774e-06,1.1390528126687774e-06,0.0,0.0,True
sex=0_AP=1_trial=15,tau,5.303042019237012e-08,5.303042019237012e-08,0.0,0.0,True
sex=0_AP=1_trial=15,Fi,-3.030655422680756e-14,-3.030655422680756e-14,0.0,0.0,True
sex=0_AP=1_trial=15,Fo,1.342303309067765e-19,1.342303309067767e-19,1.925929944387236e-34,1.4347949017013165e-15,True
sex=0_AP=1_trial=15,N,-9.91578597700415e-09,-9.915785977004151e-09,1.6543612251060553e-24,1.6684115903093408e-16,True
sex=0_AP=1_trial=15,A,7.799890385049535e-15,7.799890385049535e-15,0.0,0.0,True
sex=0_AP=1_trial=15,M_NA,-5.267412459515093e-08,-5.267412459515093e-08,0.0,0.0,True
sex=0_AP=1_trial=15,M_pro,2.4221893078261184e-15,2.4221893078261184e-15,0.0,0.0,True
sex=0_AP=1_trial=15,M_anti,5.267412217296163e-08,5.267412217296163e-08,0.0,0.0,True
sex=0_AP=1_trial=15,Mh_pro,2.251526602282304e-25,2.251526602282304e-25,0.0,0.0,True
sex=0_AP=1_trial=15,Mh_anti,1.782299521090559e-16,1.782299521090559e-16,0.0,0.0,True
sex=0_AP=1_trial=15,Tb,4.805163074140578e-12,4.805163074140578e-12,0.0,0.0,True
sex=0_AP=1_trial=15,I10,4.671927662851827e-11,4.671927662851827e-11,0.0,0.0,True
sex=0_AP=1_trial=15,Ta,-4.6250493677584253e-20,-4.6250493677584253e-20,0.0,0.0,True
sex=0_AP=1_trial=15,P,3.1260873624100254e-20,3.1260873624100254e-20,0.0,0.0,True
sex=0_AP=1_trial=16,ABi,3.766860795494431e-07,3.766860795494431e-07,0.0,0.0,True
sex=0_AP=1_trial=16,ABmo,8.792170213156282e-07,8.792170213156282e-07,0.0,0.0,True
sex=0_AP=1_trial=16,ABoo,-9.295131868343181e-10,-9.295131868343181e-10,0.0,0.0,True
sex=0_AP=1_trial=16,ABpo,-3.727059114763426e-14,-3.727059114763426e-14,0.0,0.0,True
sex=0_AP=1_trial=16,G,1.4482345013464632e-05,1.4482345013464632e-05,0.0,0.0,True
sex=0_AP=1_trial=16,tau,3.345833748031102e-08,3.345833748031102e-08,0.0,0.0,True
sex=0_AP=1_trial=16,Fi,-2.2515651387353255e-15,-2.2515651387353255e-15,0.0,0.0,True
sex=0_AP=1_trial=16,Fo,-2.331854991476114e-19,-2.331854991476115e-19,9.62964972193618e-35,4.129609155430546e-16,True
sex=0_AP=1_trial=16,N,-5.186740880018819e-09,-5.186740880018818e-09,8.271806125530277e-25,1.594798413276482e-16,True
sex=0_AP=1_trial=16,A,8.080882365170653e-15,8.080882365170653e-15,0.0,0.0,True
sex=0_AP=1_trial=16,M_NA,-2.648662034077215e-07,-2.648662034077215e-07,0.0,0.0,True
sex=0_AP=1_trial=16,M_pro,-1.949932544645228e-15,-1.949932544645228e-15,0.0,0.0,True
sex=0_AP=1_trial=16,M_anti,2.64866205357654e-07,2.64866205357654e-07,0.0,0.0,True
sex=0_AP=1_trial=16,Mh_pro,1.3334713436075042e-25,1.3334713436075042e-25,0.0,0.0,True
sex=0_AP=1_trial=16,Mh_anti,1.3586684163078156e-16,1.3586684163078156e-16,0.0,0.0,True
sex=0_AP=1_trial=16,Tb,-3.313826369241018e-12,-3.313826369241018e-12,0.0,0.0,True
sex=0_AP=1_trial=16,I10,8.769759170695714e-12,8.769759170695714e-12,0.0,0.0,True
sex=0_AP=1_trial=16,Ta,4.0868153508551274e-20,4.0868153508551274e-20,0.0,0.0,True
sex=0_AP=1_trial=16,P,7.937959196561741e-19,7.937959196561741e-19,0.0,0.0,True
sex=0_AP=1_trial=17,ABi,1.3791361009274184e-08,1.3791361009274184e-08,0.0,0.0,True
sex=0_AP=1_trial=17,ABmo,1.6984060540881777e-07,1.6984060540881777e-07,0.0,0.0,True
sex=0_AP=1_trial=17,ABoo,5.581493103555178e-09,5.581493103555178e-09,0.0,0.0,True
sex=0_AP=1_trial=17,ABpo,-5.039865037500847e-14,-5.039865037500847e-14,0.0,0.0,True
sex=0_AP=1_trial=17,G,8.552899023829737e-06,8.552899023829737e-06,0.0,0.0,True
sex=0_AP=1_trial=17,tau,-6.027928695249487e-08,-6.027928695249487e-08,0.0,0.0,True
sex=0_AP=1_trial=17,Fi,-5.005386543258573e-15,-5.005386543258573e-15,0.0,0.0,True
sex=0_AP=1_trial=17,Fo,4.1285241145103047e-17,4.128524114510306e-17,1.232595164407831e-32,2.985558834634619e-16,True
sex=0_AP=1_trial=17,N,-2.5914111472998755e-07,-2.591411147299876e-07,5.293955920339377e-23,2.0428853699481158e-16,True
sex=0_AP=1_trial=17,A,5.525539003914564e-15,5.525539003914564e-15,0.0,0.0,True
sex=0_AP=1_trial=17,M_NA,-9.701065735920148e-08,-9.701065735920148e-08,0.0,0.0,True
sex=0_AP=1_trial=17,M_pro,1.0928381688425046e-16,1.0928381688425046e-16,0.0,0.0,True
sex=0_AP=1_trial=17,M_anti,9.701065724991767e-08,9.701065724991767e-08,0.0,0.0,True
sex=0_AP=1_trial=17,Mh_pro,1.43383499118702e-25,1.43383499118702e-25,0.0,0.0,True
sex=0_AP=1_trial=17,Mh_anti,2.1967861639488163e-16,2.1967861639488163e-16,0.0,0.0,True
sex=0_AP=1_trial=17,Tb,4.154511858192418e-12,4.154511858192418e-12,0.0,0.0,True
sex=0_AP=1_trial=17,I10,1.060918815830156e-11,1.060918815830156e-11,0.0,0.0,True
sex=0_AP=1_trial=17,Ta,3.439426203159789e-20,3.439426203159789e-20,0.0,0.0,True
sex=0_AP=1_trial=17,P,4.602524418405228e-20,4.602524418405228e-20,0.0,0.0,True
sex=0_AP=1_trial=18,ABi,1.7312382146139017e-07,1.7312382146139017e-07,0.0,0.0,True
sex=0_AP=1_trial=18,ABmo,1.5095190851232147e-07,1.5095190851232147e-07,0.0,0.0,True
sex=0_AP=1_trial=18,ABoo,4.860383954380495e-09,4.860383954380495e-09,0.0,0.0,True
sex=0_AP=1_trial=18,ABpo,3.588461323234719e-14,3.588461323234719e-14,0.0,0.0,True
sex=0_AP=1_trial=18,G,-9.029001073956944e-06,-9.029001073956944e-06,0.0,0.0,True
sex=0_AP=1_trial=18,tau,4.663491540843667e-10,4.663491540843667e-10,0.0,0.0,True
sex=0_AP=1_trial=18,Fi,3.2155397647203576e-14,3.2155397647203576e-14,0.0,0.0,True
sex=0_AP=1_trial=18,Fo,1.536381349097824e-18,1.5363813490978244e-18,3.851859888774472e-34,2.507098833916668e-16,True
sex=0_AP=1_trial=18,N,-2.085766751466188e-08,-2.0857667514661884e-08,3.308722450212111e-24,1.5863338735677164e-16,True
sex=0_AP=1_trial=18,A,5.401704042242729e-15,5.401704042242729e-15,0.0,0.0,True
sex=0_AP=1_trial=18,M_NA,-4.471044557054232e-07,-4.471044557054232e-07,0.0,0.0,True
sex=0_AP=1_trial=18,M_pro,-5.973802655454401e-17,-5.973802655454401e-17,0.0,0.0,True
sex=0_AP=1_trial=18,M_anti,4.471044557651612e-07,4.471044557651612e-07,0.0,0.0,True
sex=0_AP=1_trial=18,Mh_pro,2.3092264043223423e-25,2.3092264043223423e-25,0.0,0.0,True
sex=0_AP=1_trial=18,Mh_anti,1.9793404927374667e-16,1.9793404927374667e-16,0.0,0.0,True
sex=0_AP=1_trial=18,Tb,-8.318476292863221e-13,-8.318476292863221e-13,0.0,0.0,True
sex=0_AP=1_trial=18,I10,-4.5127861811627584e-11,-4.5127861811627584e-11,0.0,0.0,True
sex=0_AP=1_trial=18,Ta,-1.2857743354830387e-20,-1.2857743354830387e-20,0.0,0.0,True
sex=0_AP=1_trial=18,P,2.853401621309752e-19,2.853401621309752e-19,0.0,0.0,True
sex=0_AP=1_trial=19,ABi,-3.131980521887181e-07,-3.131980521887181e-07,0.0,0.0,True
sex=0_AP=1_trial=19,ABmo,1.8872840506947413e-07,1.8872840506947413e-07,0.0,0.0,True
sex=0_AP=1_trial=19,ABoo,4.998475307131068e-09,4.998475307131068e-09,0.0,0.0,True
sex=0_AP=1_trial=19,ABpo,9.023325316916156e-15,9.023325316916156e-15,0.0,0.0,True
sex=0_AP=1_trial=19,G,-3.166589182194802e-07,-3.166589182194802e-07,0.0,0.0,True
sex=0_AP=1_trial=19,tau,5.349765872241653e-09,5.349765872241653e-09,0.0,0.0,True
sex=0_AP=1_trial=19,Fi,-1.8909082518685183e-14,-1.8909082518685183e-14,0.0,0.0,True
sex=0_AP=1_trial=19,Fo,8.254075836508004e-19,8.254075836508004e-19,0.0,0.0,True
sex=0_AP=1_trial=19,N,-1.586200604623658e-08,-1.586200604623658e-08,0.0,0.0,True
sex=0_AP=1_trial=19,A,8.071648070587397e-15,8.071648070587397e-15,0.0,0.0,True
sex=0_AP=1_trial=19,M_NA,-3.612163523345298e-07,-3.612163523345298e-07,0.0,0.0,True
sex=0_AP=1_trial=19,M_pro,2.168645868567353e-16,2.168645868567353e-16,0.0,0.0,True
sex=0_AP=1_trial=19,M_anti,3.612163521176651e-07,3.612163521176651e-07,0.0,0.0,True
sex=0_AP=1_trial=19,Mh_pro,1.7889813828437358e-25,1.7889813828437358e-25,0.0,0.0,True
sex=0_AP=1_trial=19,Mh_anti,2.0882392095577793e-16,2.0882392095577793e-16,0.0,0.0,True
sex=0_AP=1_trial=19,Tb,-2.8753743533321018e-12,-2.8753743533321018e-12,0.0,0.0,True
sex=0_AP=1_trial=19,I10,1.3878263818075203e-11,1.3878263818075203e-11,0.0,0.0,True
sex=0_AP=1_trial=19,Ta,-2.942148016291335e-20,-2.942148016291335e-20,0.0,0.0,True
sex=0_AP=1_trial=19,P,-4.398263668661417e-19,-4.398263668661417e-19,0.0,0.0,True
sex=0_AP=1_trial=20,ABi,-5.803293726709232e-07,-5.803293726709232e-07,0.0,0.0,True
sex=0_AP=1_trial=20,ABmo,-1.021428259535149e-07,-1.021428259535149e-07,0.0,0.0,True
sex=0_AP=1_trial=20,ABoo,-2.067839334051644e-08,-2.067839334051644e-08,0.0,0.0,True
sex=0_AP=1_trial=20,ABpo,9.515973370919746e-14,9.515973370919746e-14,0.0,0.0,True
sex=0_AP=1_trial=20,G,-8.415606753959918e-06,-8.415606753959918e-06,0.0,0.0,True
sex=0_AP=1_trial=20,tau,5.554690235247532e-11,5.554690235247532e-11,0.0,0.0,True
sex=0_AP=1_trial=20,Fi,6.71568690941087e-15,6.71568690941087e-15,0.0,0.0,True
sex=0_AP=1_trial=20,Fo,1.8652405579840993e-18,1.8652405579840993e-18,0.0,0.0,True
sex=0_AP=1_trial=20,N,-1.9604544625386685e-08,-1.9604544625386685e-08,0.0,0.0,True
sex=0_AP=1_trial=20,A,5.20537611964784e-15,5.20537611964784e-15,0.0,0.0,True
sex=0_AP=1_trial=20,M_NA,-5.016208930474593e-07,-5.016208930474593e-07,0.0,0.0,True
sex=0_AP=1_trial=20,M_pro,4.527280487343566e-16,4.527280487343566e-16,0.0,0.0,True
sex=0_AP=1_trial=20,M_anti,5.016208925947312e-07,5.016208925947312e-07,0.0,0.0,True
sex=0_AP=1_trial=20,Mh_pro,1.7234239672159753e-25,1.7234239672159753e-25,0.0,0.0,True
sex=0_AP=1_trial=20,Mh_anti,2.1271502928438265e-16,2.1271502928438265e-16,0.0,0.0,True
sex=0_AP=1_trial=20,Tb,2.6673595076726137e-12,2.6673595076726137e-12,0.0,0.0,True
sex=0_AP=1_trial=20,I10,4.094069165860972e-11,4.094069165860972e-11,0.0,0.0,True
sex=0_AP=1_trial=20,Ta,1.8992514542729156e-20,1.8992514542729156e-20,0.0,0.0,True
sex=0_AP=1_trial=20,P,5.434003442810481e-20,5.434003442810481e-20,0.0,0.0,True
sex=0_AP=1_trial=21,ABi,3.551356540190638e-08,3.551356540190638e-08,0.0,0.0,True
sex=0_AP=1_trial=21,ABmo,4.705954189105332e-07,4.705954189105332e-07,0.0,0.0,True
sex=0_AP=1_trial=21,ABoo,-2.303895811472437e-08,-2.303895811472437e-08,0.0,0.0,True
sex=0_AP=1_trial=21,ABpo,-1.732127995183558e-14,-1.732127995183558e-14,0.0,0.0,True
sex=0_AP=1_trial=21,G,8.186991911106675e-06,8.186991911106675e-06,0.0,0.0,True
sex=0_AP=1_trial=21,tau,-8.593860596444337e-09,-8.593860596444337e-09,0.0,0.0,True
sex=0_AP=1_trial=21,Fi,-5.550954936372978e-14,-5.550954936372978e-14,0.0,0.0,True
sex=0_AP=1_trial=21,Fo,1.5608980646088345e-17,1.5608980646088345e-17,0.0,0.0,True
sex=0_AP=1_trial=21,N,-1.0170375381332201e-07,-1.0170375381332201e-07,0.0,0.0,True
sex=0_AP=1_trial=21,A,6.304660742359683e-15,6.304660742359683e-15,0.0,0.0,True
sex=0_AP=1_trial=21,M_NA,-2.2024686975055463e-07,-2.2024686975055463e-07,0.0,0.0,True
sex=0_AP=1_trial=21,M_pro,-2.4417139652266023e-16,-2.4417139652266023e-16,0.0,0.0,True
sex=0_AP=1_trial=21,M_anti,2.2024686999472598e-07,2.2024686999472598e-07,0.0,0.0,True
sex=0_AP=1_trial=21,Mh_pro,1.638544112581183e-25,1.638544112581183e-25,0.0,0.0,True
sex=0_AP=1_trial=21,Mh_anti,2.3257708720160444e-16,2.3257708720160444e-16,0.0,0.0,True
sex=0_AP=1_trial=21,Tb,2.5302902110562373e-12,2.5302902110562373e-12,0.0,0.0,True
sex=0_AP=1_trial=21,I10,2.067844695011053e-11,2.067844695011053e-11,0.0,0.0,True
sex=0_AP=1_trial=21,Ta,3.963981457509154e-20,3.963981457509154e-20,0.0,0.0,True
sex=0_AP=1_trial=21,P,3.312929833418329e-20,3.312929833418329e-20,0.0,0.0,True
sex=0_AP=1_trial=22,ABi,-5.513051311075039e-08,-5.513051311075039e-08,0.0,0.0,True
sex=0_AP=1_trial=22,ABmo,2.798880615012081e-07,2.798880615012081e-07,0.0,0.0,True
sex=0_AP=1_trial=22,ABoo,3.0925422385321326e-08,3.0925422385321326e-08,0.0,0.0,True
sex=0_AP=1_trial=22,ABpo,-3.088783356818358e-14,-3.088783356818358e-14,0.0,0.0,True
sex=0_AP=1_trial=22,G,-2.88964358731273e-06,-2.88964358731273e-06,0.0,0.0,True
sex=0_AP=1_trial=22,tau,4.707108267200945e-08,4.707108267200945e-08,0.0,0.0,True
sex=0_AP=1_trial=22,Fi,-2.4404774592445724e-14,-2.4404774592445724e-14,0.0,0.0,True
sex=0_AP=1_trial=22,Fo,1.9679221716724258e-18,1.9679221716724254e-18,3.851859888774472e-34,1.9573232845387345e-16,True
sex=0_AP=1_trial=22,N,-2.814467222492003e-08,-2.8144672224920027e-08,3.308722450212111e-24,1.1756123588046198e-16,True
sex=0_AP=1_trial=22,A,3.847064232074991e-15,3.847064232074991e-15,0.0,0.0,True
sex=0_AP=1_trial=22,M_NA,-2.5262979564178485e-07,-2.5262979564178485e-07,0.0,0.0,True
sex=0_AP=1_trial=22,M_pro,-9.837515804101956e-17,-9.837515804101956e-17,0.0,0.0,True
sex=0_AP=1_trial=22,M_anti,2.5262979574015995e-07,2.5262979574015995e-07,0.0,0.0,True
sex=0_AP=1_trial=22,Mh_pro,1.6343847421008588e-25,1.6343847421008588e-25,0.0,0.0,True
sex=0_AP=1_trial=22,Mh_anti,3.176156301292971e-16,3.176156301292971e-16,0.0,0.0,True
sex=0_AP=1_trial=22,Tb,7.021329414494082e-14,7.021329414494082e-14,0.0,0.0,True
sex=0_AP=1_trial=22,I10,2.0196105031837483e-11,2.0196105031837483e-11,0.0,0.0,True
sex=0_AP=1_trial=22,Ta,4.674982838158364e-21,4.674982838158364e-21,0.0,0.0,True
sex=0_AP=1_trial=22,P,-9.58446627721389e-19,-9.58446627721389e-19,0.0,0.0,True
sex=0_AP=1_trial=23,ABi,-6.633888958996361e-08,-6.633888958996361e-08,0.0,0.0,True
sex=0_AP=1_trial=23,ABmo,4.21206630436972e-07,4.21206630436972e-07,0.0,0.0,True
sex=0_AP=1_trial=23,ABoo,-1.6413244070289383e-08,-1.6413244070289383e-08,0.0,0.0,True
sex=0_AP=1_trial=23,ABpo,6.853472935288984e-14,6.853472935288984e-14,0.0,0.0,True
sex=0_AP=1_trial=23,G,1.2842556507419693e-05,1.2842556507419693e-05,0.0,0.0,True
sex=0_AP=1_trial=23,tau,-3.836978470761929e-08,-3.836978470761929e-08,0.0,0.0,True
sex=0_AP=1_trial=23,Fi,3.001406142015538e-14,3.001406142015538e-14,0.0,0.0,True
sex=0_AP=1_trial=23,Fo,-7.866778590093881e-19,-7.866778590093881e-19,0.0,0.0,True
sex=0_AP=1_trial=23,N,-4.7157873108613636e-09,-4.7157873108613636e-09,0.0,0.0,True
sex=0_AP=1_trial=23,A,7.25285420360793e-15,7.25285420360793e-15,0.0,0.0,True
sex=0_AP=1_trial=23,M_NA,-4.3559432054769383e-07,-4.3559432054769383e-07,0.0,0.0,True
sex=0_AP=1_trial=23,M_pro,1.9760422124763993e-15,1.9760422124763993e-15,0.0,0.0,True
sex=0_AP=1_trial=23,M_anti,4.355943185716516e-07,4.355943185716516e-07,0.0,0.0,True
sex=0_AP=1_trial=23,Mh_pro,3.051327117987136e-25,3.051327117987136e-25,0.0,0.0,True
sex=0_AP=1_trial=23,Mh_anti,2.3366489347388033e-16,2.3366489347388033e-16,0.0,0.0,True
sex=0_AP=1_trial=23,Tb,1.2173474907147252e-12,1.2173474907147252e-12,0.0,0.0,True
sex=0_AP=1_trial=23,I10,-6.9480385198647306e-12,-6.9480385198647306e-12,0.0,0.0,True
sex=0_AP=1_trial=23,Ta,-7.582252541313766e-20,-7.582252541313766e-20,0.0,0.0,True
sex=0_AP=1_trial=23,P,-4.636490014760779e-19,-4.636490014760779e-19,0.0,0.0,True
sex=0_AP=1_trial=24,ABi,-2.720276099609701e-07,-2.720276099609701e-07,0.0,0.0,True
sex=0_AP=1_trial=24,ABmo,2.097498461946891e-07,2.097498461946891e-07,0.0,0.0,True
sex=0_AP=1_trial=24,ABoo,1.0040552291620275e-08,1.0040552291620275e-08,0.0,0.0,True
sex=0_AP=1_trial=24,ABpo,1.1656208447454718e-13,1.1656208447454718e-13,0.0,0.0,True
sex=0_AP=1_trial=24,G,1.0477216582421473e-05,1.0477216582421473e-05,0.0,0.0,True
sex=0_AP=1_trial=24,tau,-4.386529574741736e-08,-4.386529574741736e-08,0.0,0.0,True
sex=0_AP=1_trial=24,Fi,5.190630504419151e-14,5.190630504419151e-14,0.0,0.0,True
sex=0_AP=1_trial=24,Fo,4.888860932044345e-22,4.888860932044345e-22,0.0,0.0,True
sex=0_AP=1_trial=24,N,-7.0691621707183265e-09,-7.069162170718327e-09,8.271806125530277e-25,1.1701253876723194e-16,True
sex=0_AP=1_trial=24,A,4.24667949404924e-15,4.24667949404924e-15,0.0,0.0,True
sex=0_AP=1_trial=24,M_NA,-3.190876213603512e-07,-3.190876213603512e-07,0.0,0.0,True
sex=0_AP=1_trial=24,M_pro,-3.08423801889278e-16,-3.08423801889278e-16,0.0,0.0,True
sex=0_AP=1_trial=24,M_anti,3.1908762166877506e-07,3.1908762166877506e-07,0.0,0.0,True
sex=0_AP=1_trial=24,Mh_pro,1.045896842464005e-25,1.045896842464005e-25,0.0,0.0,True
sex=0_AP=1_trial=24,Mh_anti,1.3198240095158848e-16,1.3198240095158848e-16,0.0,0.0,True
sex=0_AP=1_trial=24,Tb,-2.240689972210278e-12,-2.240689972210278e-12,0.0,0.0,True
sex=0_AP=1_trial=24,I10,2.513270908720219e-11,2.513270908720219e-11,0.0,0.0,True
sex=0_AP=1_trial=24,Ta,-3.1594959355680058e-21,-3.1594959355680058e-21,0.0,0.0,True
sex=0_AP=1_trial=24,P,1.4441197378104021e-19,1.4441197378104021e-19,0.0,0.0,True
sex=1_AP=0_trial=0,ABi,1.4683802780019061e-08,1.4683802780019061e-08,0.0,0.0,True
sex=1_AP=0_trial=0,ABmo,-7.792675994655122e-08,-7.792675994655122e-08,0.0,0.0,True
sex=1_AP=0_trial=0,ABoo,6.284856049200013e-09,6.284856049200013e-09,0.0,0.0,True
sex=1_AP=0_trial=0,ABpo,1.8967059981318322e-17,1.8967059981318322e-17,0.0,0.0,True
sex=1_AP=0_trial=0,G,-2.083116840737331e-06,-2.083116840737331e-06,0.0,0.0,True
sex=1_AP=0_trial=0,tau,-2.6502971428776505e-08,-2.6502971428776505e-08,0.0,0.0,True
sex=1_AP=0_trial=0,Fi,1.0414538878166536e-14,1.0414538878166536e-14,0.0,0.0,True
sex=1_AP=0_trial=0,Fo,-9.140399520941e-20,-9.140399520941e-20,0.0,0.0,True
sex=1_AP=0_trial=0,N,-3.524276962939555e-09,-3.524276962939555e-09,0.0,0.0,True
sex=1_AP=0_trial=0,A,1.1934471606807256e-15,1.1934471606807256e-15,0.0,0.0,True
sex=1_AP=0_trial=0,M_NA,-8.01825906523894e-09,-8.01825906523894e-09,0.0,0.0,True
sex=1_AP=0_trial=0,M_pro,-4.595485387030608e-16,-4.595485387030608e-16,0.0,0.0,True
sex=1_AP=0_trial=0,M_anti,8.018259524787467e-09,8.018259524787467e-09,0.0,0.0,True
sex=1_AP=0_trial=0,Mh_pro,1.8165807749748329e-25,1.8165807749748329e-25,0.0,0.0,True
sex=1_AP=0_trial=0,Mh_anti,3.1988006382250477e-16,3.1988006382250477e-16,0.0,0.0,True
sex=1_AP=0_trial=0,Tb,-2.832986390955302e-12,-2.832986390955302e-12,0.0,0.0,True
sex=1_AP=0_trial=0,I10,2.1752353807029954e-11,2.1752353807029954e-11,0.0,0.0,True
sex=1_AP=0_trial=0,Ta,-3.160708788332167e-21,-3.160708788332167e-21,0.0,0.0,True
sex=1_AP=0_trial=0,P,-1.0240496663952402e-18,-1.0240496663952402e-18,0.0,0.0,True
sex=1_AP=0_trial=1,ABi,-1.5738955927608218e-07,-1.5738955927608218e-07,0.0,0.0,True
sex=1_AP=0_trial=1,ABmo,2.2719624965107412e-07,2.2719624965107412e-07,0.0,0.0,True
sex=1_AP=0_trial=1,ABoo,2.9777748012436814e-09,2.9777748012436814e-09,0.0,0.0,True
sex=1_AP=0_trial=1,ABpo,-8.251117511912101e-15,-8.251117511912101e-15,0.0,0.0,True
sex=1_AP=0_trial=1,G,1.2114730742029179e-06,1.2114730742029179e-06,0.0,0.0,True
sex=1_AP=0_trial=1,tau,1.9145872929734217e-09,1.9145872929734217e-09,0.0,0.0,True
sex=1_AP=0_trial=1,Fi,-3.4297444265752783e-15,-3.4297444265752783e-15,0.0,0.0,True
sex=1_AP=0_trial=1,Fo,-3.286925028879341e-19,-3.286925028879341e-19,0.0,0.0,True
sex=1_AP=0_trial=1,N,-3.2246293511235748e-09,-3.2246293511235748e-09,0.0,0.0,True
sex=1_AP=0_trial=1,A,1.983374537276413e-15,1.983374537276413e-15,0.0,0.0,True
sex=1_AP=0_trial=1,M_NA,-8.403333649684874e-10,-8.403333649684874e-10,0.0,0.0,True
sex=1_AP=0_trial=1,M_pro,7.197654180152923e-16,7.197654180152923e-16,0.0,0.0,True
sex=1_AP=0_trial=1,M_anti,8.403326452030876e-10,8.403326452030876e-10,0.0,0.0,True
sex=1_AP=0_trial=1,Mh_pro,2.4190717488974607e-25,2.4190717488974607e-25,0.0,0.0,True
sex=1_AP=0_trial=1,Mh_anti,2.6384270455266614e-16,2.6384270455266614e-16,0.0,0.0,True
sex=1_AP=0_trial=1,Tb,4.072236285710634e-12,4.072236285710634e-12,0.0,0.0,True
sex=1_AP=0_trial=1,I10,4.039938438833061e-11,4.039938438833061e-11,0.0,0.0,True
sex=1_AP=0_trial=1,Ta,5.488398055846067e-21,5.488398055846067e-21,0.0,0.0,True
sex=1_AP=0_trial=1,P,-2.3959385405898504e-19,-2.3959385405898504e-19,0.0,0.0,True
sex=1_AP=0_trial=2,ABi,2.9157322538550553e-08,2.9157322538550553e-08,0.0,0.0,True
sex=1_AP=0_trial=2,ABmo,1.9448563912205737e-07,1.9448563912205737e-07,0.0,0.0,True
sex=1_AP=0_trial=2,ABoo,-1.6148244893602138e-09,-1.6148244893602138e-09,0.0,0.0,True
sex=1_AP=0_trial=2,ABpo,-1.0068347547712131e-15,-1.0068347547712131e-15,0.0,0.0,True
sex=1_AP=0_trial=2,G,-2.262109279707516e-06,-2.262109279707516e-06,0.0,0.0,True
sex=1_AP=0_trial=2,tau,9.033662590652556e-09,9.033662590652556e-09,0.0,0.0,True
sex=1_AP=0_trial=2,Fi,-3.2566791707376386e-14,-3.2566791707376386e-14,0.0,0.0,True
sex=1_AP=0_trial=2,Fo,4.678962884976775e-18,4.678962884976775e-18,0.0,0.0,True
sex=1_AP=0_trial=2,N,-2.6277298079898583e-08,-2.6277298079898583e-08,0.0,0.0,True
sex=1_AP=0_trial=2,A,2.9049121372118174e-15,2.9049121372118174e-15,0.0,0.0,True
sex=1_AP=0_trial=2,M_NA,-8.710146654477603e-08,-8.710146654477603e-08,0.0,0.0,True
sex=1_AP=0_trial=2,M_pro,-3.4632865909925544e-16,-3.4632865909925544e-16,0.0,0.0,True
sex=1_AP=0_trial=2,M_anti,8.710146689110468e-08,8.710146689110468e-08,0.0,0.0,True
sex=1_AP=0_trial=2,Mh_pro,1.7495279112307836e-25,1.7495279112307836e-25,0.0,0.0,True
sex=1_AP=0_trial=2,Mh_anti,1.2451611387754743e-16,1.2451611387754743e-16,0.0,0.0,True
sex=1_AP=0_trial=2,Tb,-3.844771345411371e-12,-3.844771345411371e-12,0.0,0.0,True
sex=1_AP=0_trial=2,I10,-1.0490128667838204e-12,-1.0490128667838204e-12,0.0,0.0,True
sex=1_AP=0_trial=2,Ta,-5.450666534391592e-20,-5.450666534391592e-20,0.0,0.0,True
sex=1_AP=0_trial=2,P,3.284056292581498e-19,3.284056292581498e-19,0.0,0.0,True
sex=1_AP=0_trial=3,ABi,5.468284300700064e-07,5.468284300700064e-07,0.0,0.0,True
sex=1_AP=0_trial=3,ABmo,7.035531316870214e-07,7.035531316870214e-07,0.0,0.0,True
sex=1_AP=0_trial=3,ABoo,-8.1587434432404e-09,-8.1587434432404e-09,0.0,0.0,True
sex=1_AP=0_trial=3,ABpo,4.80345200728255e-15,4.80345200728255e-15,0.0,0.0,True
sex=1_AP=0_trial=3,G,1.2889960665278824e-06,1.2889960665278824e-06,0.0,0.0,True
sex=1_AP=0_trial=3,tau,4.0493866130453194e-10,4.0493866130453194e-10,0.0,0.0,True
sex=1_AP=0_trial=3,Fi,7.968183225800944e-14,7.968183225800944e-14,0.0,0.0,True
sex=1_AP=0_trial=3,Fo,1.540733760020524e-17,1.540733760020524e-17,0.0,0.0,True
sex=1_AP=0_trial=3,N,-1.5474120437187464e-07,-1.5474120437187464e-07,0.0,0.0,True
sex=1_AP=0_trial=3,A,1.4215772152922616e-15,1.4215772152922616e-15,0.0,0.0,True
sex=1_AP=0_trial=3,M_NA,-1.0285117487916524e-08,-1.0285117487916524e-08,0.0,0.0,True
sex=1_AP=0_trial=3,M_pro,-1.0326485327593508e-15,-1.0326485327593508e-15,0.0,0.0,True
sex=1_AP=0_trial=3,M_anti,1.0285118520565042e-08,1.0285118520565042e-08,0.0,0.0,True
sex=1_AP=0_trial=3,Mh_pro,8.652193183199888e-26,8.652193183199888e-26,0.0,0.0,True
sex=1_AP=0_trial=3,Mh_anti,1.395266909000588e-16,1.395266909000588e-16,0.0,0.0,True
sex=1_AP=0_trial=3,Tb,2.1446108992990317e-12,2.1446108992990317e-12,0.0,0.0,True
sex=1_AP=0_trial=3,I10,6.219136706102242e-12,6.219136706102242e-12,0.0,0.0,True
sex=1_AP=0_trial=3,Ta,6.047456610613338e-20,6.047456610613338e-20,0.0,0.0,True
sex=1_AP=0_trial=3,P,7.068538834633432e-19,7.068538834633432e-19,0.0,0.0,True
sex=1_AP=0_trial=4,ABi,-1.0136681380192852e-07,-1.0136681380192852e-07,0.0,0.0,True
sex=1_AP=0_trial=4,ABmo,3.399098852286592e-07,3.399098852286592e-07,0.0,0.0,True
sex=1_AP=0_trial=4,ABoo,-3.7185194428370517e-09,-3.7185194428370517e-09,0.0,0.0,True
sex=1_AP=0_trial=4,ABpo,-1.9435667805623536e-15,-1.9435667805623536e-15,0.0,0.0,True
sex=1_AP=0_trial=4,G,5.672655031821188e-07,5.672655031821188e-07,0.0,0.0,True
sex=1_AP=0_trial=4,tau,9.810364539529153e-09,9.810364539529153e-09,0.0,0.0,True
sex=1_AP=0_trial=4,Fi,-1.8562467426399078e-14,-1.8562467426399078e-14,0.0,0.0,True
sex=1_AP=0_trial=4,Fo,-3.701383709965072e-19,-3.701383709965072e-19,0.0,0.0,True
sex=1_AP=0_trial=4,N,-6.828782550179316e-09,-6.828782550179317e-09,8.271806125530277e-25,1.2113149107834849e-16,True
sex=1_AP=0_trial=4,A,2.7412602298396655e-15,2.7412602298396655e-15,0.0,0.0,True
sex=1_AP=0_trial=4,M_NA,-1.1057294592301251e-07,-1.1057294592301251e-07,0.0,0.0,True
sex=1_AP=0_trial=4,M_pro,5.765029614836672e-17,5.765029614836672e-17,0.0,0.0,True
sex=1_AP=0_trial=4,M_anti,1.1057294586536219e-07,1.1057294586536219e-07,0.0,0.0,True
sex=1_AP=0_trial=4,Mh_pro,2.0402729756744373e-25,2.0402729756744373e-25,0.0,0.0,True
sex=1_AP=0_trial=4,Mh_anti,1.5693755076102337e-16,1.5693755076102337e-16,0.0,0.0,True
sex=1_AP=0_trial=4,Tb,6.763668676559788e-13,6.763668676559788e-13,0.0,0.0,True
sex=1_AP=0_trial=4,I10,1.296140742167034e-12,1.296140742167034e-12,0.0,0.0,True
sex=1_AP=0_trial=4,Ta,-1.529060627689484e-20,-1.529060627689484e-20,0.0,0.0,True
sex=1_AP=0_trial=4,P,4.797950738233951e-19,4.797950738233951e-19,0.0,0.0,True
sex=1_AP=0_trial=5,ABi,1.7635801467985282e-08,1.7635801467985282e-08,0.0,0.0,True
sex=1_AP=0_trial=5,ABmo,1.1525710667997113e-07,1.1525710667997113e-07,0.0,0.0,True
sex=1_AP=0_trial=5,ABoo,2.8962029613758627e-09,2.8962029613758627e-09,0.0,0.0,True
sex=1_AP=0_trial=5,ABpo,-2.709840850717289e-15,-2.709840850717289e-15,0.0,0.0,True
sex=1_AP=0_trial=5,G,-2.8914579360270454e-06,-2.8914579360270454e-06,0.0,0.0,True
sex=1_AP=0_trial=5,tau,4.8120841736148086e-08,4.8120841736148086e-08,0.0,0.0,True
sex=1_AP=0_trial=5,Fi,-1.7827692898462466e-14,-1.7827692898462466e-14,0.0,0.0,True
sex=1_AP=0_trial=5,Fo,-7.917581692595329e-19,-7.917581692595329e-19,0.0,0.0,True
sex=1_AP=0_trial=5,N,-1.6548569428287803e-09,-1.6548569428287803e-09,0.0,0.0,True
sex=1_AP=0_trial=5,A,1.7901463142962927e-15,1.7901463142962927e-15,0.0,0.0,True
sex=1_AP=0_trial=5,M_NA,-1.2473959608136176e-07,-1.2473959608136176e-07,0.0,0.0,True
sex=1_AP=0_trial=5,M_pro,1.1318966011430827e-15,1.1318966011430827e-15,0.0,0.0,True
sex=1_AP=0_trial=5,M_anti,1.2473959494946512e-07,1.2473959494946512e-07,0.0,0.0,True
sex=1_AP=0_trial=5,Mh_pro,1.4301185456656635e-25,1.4301185456656635e-25,0.0,0.0,True
sex=1_AP=0_trial=5,Mh_anti,1.6313429933034346e-16,1.6313429933034346e-16,0.0,0.0,True
sex=1_AP=0_trial=5,Tb,4.6785919834678084e-12,4.6785919834678084e-12,0.0,0.0,True
sex=1_AP=0_trial=5,I10,4.5654187744788834e-11,4.5654187744788834e-11,0.0,0.0,True
sex=1_AP=0_trial=5,Ta,-8.753419232453411e-21,-8.753419232453411e-21,0.0,0.0,True
sex=1_AP=0_trial=5,P,3.6148119058450315e-20,3.6148119058450315e-20,0.0,0.0,True
sex=1_AP=0_trial=6,ABi,-1.89257399091714e-07,-1.89257399091714e-07,0.0,0.0,True
sex=1_AP=0_trial=6,ABmo,1.2952855145561374e-07,1.2952855145561374e-07,0.0,0.0,True
sex=1_AP=0_trial=6,ABoo,7.462099078441327e-10,7.462099078441327e-10,0.0,0.0,True
sex=1_AP=0_trial=6,ABpo,-6.736155710503224e-15,-6.736155710503224e-15,0.0,0.0,True
sex=1_AP=0_trial=6,G,-2.004821102915218e-06,-2.004821102915218e-06,0.0,0.0,True
sex=1_AP=0_trial=6,tau,3.098322382351568e-10,3.098322382351568e-10,0.0,0.0,True
sex=1_AP=0_trial=6,Fi,-3.2936201748794065e-14,-3.2936201748794065e-14,0.0,0.0,True
sex=1_AP=0_trial=6,Fo,1.1904788168079556e-17,1.1904788168079558e-17,1.5407439555097887e-33,1.29422206742074e-16,True
sex=1_AP=0_trial=6,N,-5.574263385658998e-08,-5.5742633856589984e-08,6.617444900424222e-24,1.187142487283438e-16,True
sex=1_AP=0_trial=6,A,1.2276437399942098e-15,1.2276437399942098e-15,0.0,0.0,True
sex=1_AP=0_trial=6,M_NA,-1.9746187378559922e-09,-1.9746187378559922e-09,0.0,0.0,True
sex=1_AP=0_trial=6,M_pro,2.1055032358874557e-17,2.1055032358874557e-17,0.0,0.0,True
sex=1_AP=0_trial=6,M_anti,1.97461871680095e-09,1.97461871680095e-09,0.0,0.0,True
sex=1_AP=0_trial=6,Mh_pro,1.5047249144011e-25,1.5047249144011e-25,0.0,0.0,True
sex=1_AP=0_trial=6,Mh_anti,2.8717494403578373e-16,2.8717494403578373e-16,0.0,0.0,True
sex=1_AP=0_trial=6,Tb,6.114223668783518e-12,6.114223668783518e-12,0.0,0.0,True
sex=1_AP=0_trial=6,I10,3.376488372237651e-11,3.376488372237651e-11,0.0,0.0,True
sex=1_AP=0_trial=6,Ta,5.137204450262454e-20,5.137204450262454e-20,0.0,0.0,True
sex=1_AP=0_trial=6,P,-2.5883412805357254e-19,-2.5883412805357254e-19,0.0,0.0,True
sex=1_AP=0_trial=7,ABi,-9.67477648870157e-09,-9.67477648870157e-09,0.0,0.0,True
sex=1_AP=0_trial=7,ABmo,-5.987833182293127e-09,-5.987833182293127e-09,0.0,0.0,True
sex=1_AP=0_trial=7,ABoo,-8.457224208268073e-09,-8.457224208268073e-09,0.0,0.0,True
sex=1_AP=0_trial=7,ABpo,3.566711966871338e-15,3.566711966871338e-15,0.0,0.0,True
sex=1_AP=0_trial=7,G,-5.81285606341093e-06,-5.81285606341093e-06,0.0,0.0,True
sex=1_AP=0_trial=7,tau,2.8079744856938874e-08,2.8079744856938874e-08,0.0,0.0,True
sex=1_AP=0_trial=7,Fi,-1.8491003636603122e-14,-1.8491003636603122e-14,0.0,0.0,True
sex=1_AP=0_trial=7,Fo,2.468855280136963e-18,2.468855280136963e-18,0.0,0.0,True
sex=1_AP=0_trial=7,N,-1.5509080489474214e-08,-1.5509080489474214e-08,0.0,0.0,True
sex=1_AP=0_trial=7,A,1.9226911412008706e-15,1.9226911412008706e-15,0.0,0.0,True
sex=1_AP=0_trial=7,M_NA,-8.280589480961204e-08,-8.280589480961204e-08,0.0,0.0,True
sex=1_AP=0_trial=7,M_pro,8.85098122719089e-16,8.85098122719089e-16,0.0,0.0,True
sex=1_AP=0_trial=7,M_anti,8.280589392451393e-08,8.280589392451393e-08,0.0,0.0,True
sex=1_AP=0_trial=7,Mh_pro,1.9855476775495172e-25,1.9855476775495172e-25,0.0,0.0,True
sex=1_AP=0_trial=7,Mh_anti,2.1520672199269178e-16,2.1520672199269178e-16,0.0,0.0,True
sex=1_AP=0_trial=7,Tb,2.527444999880483e-12,2.527444999880483e-12,0.0,0.0,True
sex=1_AP=0_trial=7,I10,2.0659538450762008e-11,2.0659538450762008e-11,0.0,0.0,True
sex=1_AP=0_trial=7,Ta,-3.4329398951443906e-20,-3.4329398951443906e-20,0.0,0.0,True
sex=1_AP=0_trial=7,P,-4.574299256898753e-19,-4.574299256898753e-19,0.0,0.0,True
sex=1_AP=0_trial=8,ABi,-1.9673028302631304e-07,-1.9673028302631304e-07,0.0,0.0,True
sex=1_AP=0_trial=8,ABmo,4.9899164606614796e-08,4.9899164606614796e-08,0.0,0.0,True
sex=1_AP=0_trial=8,ABoo,8.355060439681628e-09,8.355060439681628e-09,0.0,0.0,True
sex=1_AP=0_trial=8,ABpo,-4.5435037036551735e-15,-4.5435037036551735e-15,0.0,0.0,True
sex=1_AP=0_trial=8,G,-3.008582717166646e-06,-3.008582717166646e-06,0.0,0.0,True
sex=1_AP=0_trial=8,tau,2.3596672000807074e-08,2.3596672000807074e-08,0.0,0.0,True
sex=1_AP=0_trial=8,Fi,1.4158300569723666e-14,1.4158300569723666e-14,0.0,0.0,True
sex=1_AP=0_trial=8,Fo,-1.1297700151665519e-18,-1.1297700151665519e-18,0.0,0.0,True
sex=1_AP=0_trial=8,N,-3.450447817892716e-09,-3.4504478178927165e-09,4.1359030627651384e-25,1.1986568935539064e-16,True
sex=1_AP=0_trial=8,A,1.2750522257558375e-15,1.2750522257558375e-15,0.0,0.0,True
sex=1_AP=0_trial=8,M_NA,-1.0997036780477014e-07,-1.0997036780477014e-07,0.0,0.0,True
sex=1_AP=0_trial=8,M_pro,-5.079335282971827e-16,-5.079335282971827e-16,0.0,0.0,True
sex=1_AP=0_trial=8,M_anti,1.0997036831270366e-07,1.0997036831270366e-07,0.0,0.0,True
sex=1_AP=0_trial=8,Mh_pro,7.851993185885706e-26,7.851993185885706e-26,0.0,0.0,True
sex=1_AP=0_trial=8,Mh_anti,1.4655498475003426e-16,1.4655498475003426e-16,0.0,0.0,True
sex=1_AP=0_trial=8,Tb,4.158254377856409e-12,4.158254377856409e-12,0.0,0.0,True
sex=1_AP=0_trial=8,I10,8.248119055413014e-13,8.248119055413014e-13,0.0,0.0,True
sex=1_AP=0_trial=8,Ta,6.001113448165006e-20,6.001113448165006e-20,0.0,0.0,True
sex=1_AP=0_trial=8,P,5.788815787748952e-19,5.788815787748952e-19,0.0,0.0,True
sex=1_AP=0_trial=9,ABi,-1.0839328862343472e-07,-1.0839328862343472e-07,0.0,0.0,True
sex=1_AP=0_trial=9,ABmo,3.8488471808874455e-07,3.8488471808874455e-07,0.0,0.0,True
sex=1_AP=0_trial=9,ABoo,-3.6357349560687815e-09,-3.6357349560687815e-09,0.0,0.0,True
sex=1_AP=0_trial=9,ABpo,-1.6565419705141807e-16,-1.6565419705141807e-16,0.0,0.0,True
sex=1_AP=0_trial=9,G,-1.5374139605775474e-06,-1.5374139605775474e-06,0.0,0.0,True
sex=1_AP=0_trial=9,tau,6.692698089185945e-08,6.692698089185945e-08,0.0,0.0,True
sex=1_AP=0_trial=9,Fi,-6.799450240406115e-14,-6.799450240406115e-14,0.0,0.0,True
sex=1_AP=0_trial=9,Fo,3.5328615257033004e-17,3.532861525703301e-17,6.162975822039155e-33,1.744471380267945e-16,True
sex=1_AP=0_trial=9,N,-2.390217587116279e-07,-2.3902175871162796e-07,5.293955920339377e-23,2.2148426774511207e-16,True
sex=1_AP=0_trial=9,A,1.2944895739163186e-15,1.2944895739163186e-15,0.0,0.0,True
sex=1_AP=0_trial=9,M_NA,-2.8929035277775887e-08,-2.8929035277775887e-08,0.0,0.0,True
sex=1_AP=0_trial=9,M_pro,-8.114794809898259e-16,-8.114794809898259e-16,0.0,0.0,True
sex=1_AP=0_trial=9,M_anti,2.8929036089255374e-08,2.8929036089255374e-08,0.0,0.0,True
sex=1_AP=0_trial=9,Mh_pro,1.0326061244189179e-25,1.0326061244189179e-25,0.0,0.0,True
sex=1_AP=0_trial=9,Mh_anti,1.8659874749256306e-16,1.8659874749256306e-16,0.0,0.0,True
sex=1_AP=0_trial=9,Tb,-1.072210202561711e-13,-1.072210202561711e-13,0.0,0.0,True
sex=1_AP=0_trial=9,I10,-4.2837388204104666e-11,-4.2837388204104666e-11,0.0,0.0,True
sex=1_AP=0_trial=9,Ta,3.031753352285439e-20,3.031753352285439e-20,0.0,0.0,True
sex=1_AP=0_trial=9,P,6.932565628143092e-20,6.932565628143092e-20,0.0,0.0,True
sex=1_AP=0_trial=10,ABi,-1.19649405002502e-07,-1.19649405002502e-07,0.0,0.0,True
sex=1_AP=0_trial=10,ABmo,-5.332083173841135e-08,-5.332083173841135e-08,0.0,0.0,True
sex=1_AP=0_trial=10,ABoo,-4.6718290086947896e-09,-4.6718290086947896e-09,0.0,0.0,True
sex=1_AP=0_trial=10,ABpo,2.5613409929917445e-15,2.5613409929917445e-15,0.0,0.0,True
sex=1_AP=0_trial=10,G,-2.079184156319564e-06,-2.079184156319564e-06,0.0,0.0,True
sex=1_AP=0_trial=10,tau,-1.117251819477548e-08,-1.117251819477548e-08,0.0,0.0,True
sex=1_AP=0_trial=10,Fi,-3.952161544993431e-14,-3.952161544993431e-14,0.0,0.0,True
sex=1_AP=0_trial=10,Fo,1.3659885856020936e-17,1.3659885856020936e-17,0.0,0.0,True
sex=1_AP=0_trial=10,N,-5.7645636197360664e-08,-5.7645636197360664e-08,0.0,0.0,True
sex=1_AP=0_trial=10,A,1.5423176691841352e-15,1.5423176691841352e-15,0.0,0.0,True
sex=1_AP=0_trial=10,M_NA,-6.520307560557321e-08,-6.520307560557321e-08,0.0,0.0,True
sex=1_AP=0_trial=10,M_pro,-1.1650713806117024e-15,-1.1650713806117024e-15,0.0,0.0,True
sex=1_AP=0_trial=10,M_anti,6.520307677064458e-08,6.520307677064458e-08,0.0,0.0,True
sex=1_AP=0_trial=10,Mh_pro,2.2808086464404906e-25,2.2808086464404906e-25,0.0,0.0,True
sex=1_AP=0_trial=10,Mh_anti,3.1593698463870463e-16,3.1593698463870463e-16,0.0,0.0,True
sex=1_AP=0_trial=10,Tb,1.039285692708289e-12,1.039285692708289e-12,0.0,0.0,True
sex=1_AP=0_trial=10,I10,2.053210830670119e-11,2.053210830670119e-11,0.0,0.0,True
sex=1_AP=0_trial=10,Ta,5.801714258743125e-20,5.801714258743125e-20,0.0,0.0,True
sex=1_AP=0_trial=10,P,-1.3575419563581218e-19,-1.3575419563581218e-19,0.0,0.0,True
sex=1_AP=0_trial=11,ABi,1.1511577248676158e-07,1.1511577248676158e-07,0.0,0.0,True
sex=1_AP=0_trial=11,ABmo,4.095407638659401e-08,4.095407638659401e-08,0.0,0.0,True
sex=1_AP=0_trial=11,ABoo,-4.85545941244915e-09,-4.85545941244915e-09,0.0,0.0,True
sex=1_AP=0_trial=11,ABpo,3.2354346804023796e-15,3.2354346804023796e-15,0.0,0.0,True
sex=1_AP=0_trial=11,G,-2.2222063551742126e-06,-2.2222063551742126e-06,0.0,0.0,True
sex=1_AP=0_trial=11,tau,1.1001878047465016e-09,1.1001878047465016e-09,0.0,0.0,True
sex=1_AP=0_trial=11,Fi,7.815630909365596e-16,7.815630909365596e-16,0.0,0.0,True
sex=1_AP=0_trial=11,Fo,1.1534452741841683e-19,1.1534452741841664e-19,1.925929944387236e-34,1.6697193941424277e-15,True
sex=1_AP=0_trial=11,N,-9.371787168999436e-09,-9.371787168999434e-09,1.6543612251060553e-24,1.765256930480081e-16,True
sex=1_AP=0_trial=11,A,1.313288010616395e-15,1.313288010616395e-15,0.0,0.0,True
sex=1_AP=0_trial=11,M_NA,-1.6595020781108274e-07,-1.6595020781108274e-07,0.0,0.0,True
sex=1_AP=0_trial=11,M_pro,-3.7530249022502736e-16,-3.7530249022502736e-16,0.0,0.0,True
sex=1_AP=0_trial=11,M_anti,1.6595020818638522e-07,1.6595020818638522e-07,0.0,0.0,True
sex=1_AP=0_trial=11,Mh_pro,8.82252311546506e-26,8.82252311546506e-26,0.0,0.0,True
sex=1_AP=0_trial=11,Mh_anti,1.4813608860686687e-16,1.4813608860686687e-16,0.0,0.0,True
sex=1_AP=0_trial=11,Tb,-2.828562573031053e-12,-2.828562573031053e-12,0.0,0.0,True
sex=1_AP=0_trial=11,I10,-7.660345893189116e-12,-7.660345893189116e-12,0.0,0.0,True
sex=1_AP=0_trial=11,Ta,-7.963971381767812e-21,-7.963971381767812e-21,0.0,0.0,True
sex=1_AP=0_trial=11,P,-1.451088885575953e-19,-1.451088885575953e-19,0.0,0.0,True
sex=1_AP=0_trial=12,ABi,-2.8609706298077107e-07,-2.8609706298077107e-07,0.0,0.0,True
sex=1_AP=0_trial=12,ABmo,1.4826843873836668e-07,1.4826843873836668e-07,0.0,0.0,True
sex=1_AP=0_trial=12,ABoo,-3.6657734662684747e-09,-3.6657734662684747e-09,0.0,0.0,True
sex=1_AP=0_trial=12,ABpo,-6.262638012002031e-17,-6.262638012002031e-17,0.0,0.0,True
sex=1_AP=0_trial=12,G,-5.365554001890244e-07,-5.365554001890244e-07,0.0,0.0,True
sex=1_AP=0_trial=12,tau,4.728800826991663e-09,4.728800826991663e-09,0.0,0.0,True
sex=1_AP=0_trial=12,Fi,-1.4355041431681163e-14,-1.4355041431681163e-14,0.0,0.0,True
sex=1_AP=0_trial=12,Fo,-1.2704031599115392e-18,-1.2704031599115392e-18,0.0,0.0,True
sex=1_AP=0_trial=12,N,-1.430664456167386e-09,-1.430664456167386e-09,0.0,0.0,True
sex=1_AP=0_trial=12,A,1.5174287452502205e-15,1.5174287452502205e-15,0.0,0.0,True
sex=1_AP=0_trial=12,M_NA,-8.663427660673549e-08,-8.663427660673549e-08,0.0,0.0,True
sex=1_AP=0_trial=12,M_pro,8.837956656116885e-16,8.837956656116885e-16,0.0,0.0,True
sex=1_AP=0_trial=12,M_anti,8.66342757229398e-08,8.66342757229398e-08,0.0,0.0,True
sex=1_AP=0_trial=12,Mh_pro,1.7869671788022778e-25,1.7869671788022778e-25,0.0,0.0,True
sex=1_AP=0_trial=12,Mh_anti,2.7797852534328584e-16,2.7797852534328584e-16,0.0,0.0,True
sex=1_AP=0_trial=12,Tb,4.329146744096606e-12,4.329146744096606e-12,0.0,0.0,True
sex=1_AP=0_trial=12,I10,-1.28690617976921e-11,-1.28690617976921e-11,0.0,0.0,True
sex=1_AP=0_trial=12,Ta,-1.3101935153890733e-20,-1.3101935153890733e-20,0.0,0.0,True
sex=1_AP=0_trial=12,P,-7.51149390533992e-19,-7.51149390533992e-19,0.0,0.0,True
sex=1_AP=0_trial=13,ABi,-2.595688533029651e-07,-2.595688533029651e-07,0.0,0.0,True
sex=1_AP=0_trial=13,ABmo,2.6349330743136886e-07,2.6349330743136886e-07,0.0,0.0,True
sex=1_AP=0_trial=13,ABoo,-3.845505228680012e-09,-3.845505228680012e-09,0.0,0.0,True
sex=1_AP=0_trial=13,ABpo,-4.002056663110821e-15,-4.002056663110821e-15,0.0,0.0,True
sex=1_AP=0_trial=13,G,-1.3659503011708482e-06,-1.3659503011708482e-06,0.0,0.0,True
sex=1_AP=0_trial=13,tau,-1.4309203643857266e-08,-1.4309203643857266e-08,0.0,0.0,True
sex=1_AP=0_trial=13,Fi,1.4969903396314388e-14,1.4969903396314388e-14,0.0,0.0,True
sex=1_AP=0_trial=13,Fo,1.3418197899935697e-18,1.3418197899935697e-18,0.0,0.0,True
sex=1_AP=0_trial=13,N,-1.7180435475210853e-08,-1.7180435475210853e-08,0.0,0.0,True
sex=1_AP=0_trial=13,A,2.041612972782493e-15,2.041612972782493e-15,0.0,0.0,True
sex=1_AP=0_trial=13,M_NA,-1.277398164243363e-07,-1.277398164243363e-07,0.0,0.0,True
sex=1_AP=0_trial=13,M_pro,1.3111703831270706e-15,1.3111703831270706e-15,0.0,0.0,True
sex=1_AP=0_trial=13,M_anti,1.277398151131659e-07,1.277398151131659e-07,0.0,0.0,True
sex=1_AP=0_trial=13,Mh_pro,2.5077338163896043e-25,2.5077338163896043e-25,0.0,0.0,True
sex=1_AP=0_trial=13,Mh_anti,2.531867548762778e-16,2.531867548762778e-16,0.0,0.0,True
sex=1_AP=0_trial=13,Tb,1.3945442109607262e-12,1.3945442109607262e-12,0.0,0.0,True
sex=1_AP=0_trial=13,I10,4.11028838796596e-11,4.11028838796596e-11,0.0,0.0,True
sex=1_AP=0_trial=13,Ta,-4.576754884266559e-20,-4.576754884266559e-20,0.0,0.0,True
sex=1_AP=0_trial=13,P,-7.142680094166916e-19,-7.142680094166916e-19,0.0,0.0,True
sex=1_AP=0_trial=14,ABi,-1.5006766606925657e-08,-1.5006766606925657e-08,0.0,0.0,True
sex=1_AP=0_trial=14,ABmo,3.7984666093006103e-07,3.7984666093006103e-07,0.0,0.0,True
sex=1_AP=0_trial=14,ABoo,5.180225094676629e-09,5.180225094676629e-09,0.0,0.0,True
sex=1_AP=0_trial=14,ABpo,-3.076785542097635e-15,-3.076785542097635e-15,0.0,0.0,True
sex=1_AP=0_trial=14,G,3.4736630477776772e-06,3.4736630477776772e-06,0.0,0.0,True
sex=1_AP=0_trial=14,tau,-2.0309960362356567e-08,-2.0309960362356567e-08,0.0,0.0,True
sex=1_AP=0_trial=14,Fi,2.290333738823784e-14,2.290333738823784e-14,0.0,0.0,True
sex=1_AP=0_trial=14,Fo,-1.0428684040259202e-18,-1.0428684040259202e-18,0.0,0.0,True
sex=1_AP=0_trial=14,N,-3.329604637146548e-09,-3.3296046371465476e-09,4.1359030627651384e-25,1.2421604104653049e-16,True
sex=1_AP=0_trial=14,A,2.4874776367669526e-15,2.4874776367669526e-15,0.0,0.0,True
sex=1_AP=0_trial=14,M_NA,-1.9895847902031248e-07,-1.9895847902031248e-07,0.0,0.0,True
sex=1_AP=0_trial=14,M_pro,9.093670237833262e-16,9.093670237833262e-16,0.0,0.0,True
sex=1_AP=0_trial=14,M_anti,1.989584781109455e-07,1.989584781109455e-07,0.0,0.0,True
sex=1_AP=0_trial=14,Mh_pro,3.111141026809671e-25,3.111141026809671e-25,0.0,0.0,True
sex=1_AP=0_trial=14,Mh_anti,2.8104764659324347e-16,2.8104764659324347e-16,0.0,0.0,True
sex=1_AP=0_trial=14,Tb,4.187077351991384e-13,4.187077351991384e-13,0.0,0.0,True
sex=1_AP=0_trial=14,I10,-1.9014080754122984e-11,-1.9014080754122984e-11,0.0,0.0,True
sex=1_AP=0_trial=14,Ta,-6.563215593342378e-20,-6.563215593342378e-20,0.0,0.0,True
sex=1_AP=0_trial=14,P,-8.387412495054542e-19,-8.387412495054542e-19,0.0,0.0,True
sex=1_AP=0_trial=15,ABi,-4.6051702258392534e-07,-4.6051702258392534e-07,0.0,0.0,True
sex=1_AP=0_trial=15,ABmo,-1.0253175490476805e-07,-1.0253175490476805e-07,0.0,0.0,True
sex=1_AP=0_trial=15,ABoo,-3.802440365854514e-09,-3.802440365854514e-09,0.0,0.0,True
sex=1_AP=0_trial=15,ABpo,9.394098216018507e-17,9.394098216018507e-17,0.0,0.0,True
sex=1_AP=0_trial=15,G,-4.243505453903797e-07,-4.243505453903797e-07,0.0,0.0,True
sex=1_AP=0_trial=15,tau,3.10441642500651e-09,3.10441642500651e-09,0.0,0.0,True
sex=1_AP=0_trial=15,Fi,-4.254313514457602e-14,-4.254313514457602e-14,0.0,0.0,True
sex=1_AP=0_trial=15,Fo,7.424596485763745e-19,7.424596485763745e-19,0.0,0.0,True
sex=1_AP=0_trial=15,N,-7.3077412240946796e-09,-7.3077412240946796e-09,0.0,0.0,True
sex=1_AP=0_trial=15,A,1.6227172027476562e-15,1.6227172027476562e-15,0.0,0.0,True
sex=1_AP=0_trial=15,M_NA,-6.120063639559149e-08,-6.120063639559149e-08,0.0,0.0,True
sex=1_AP=0_trial=15,M_pro,-1.2772107963588e-15,-1.2772107963588e-15,0.0,0.0,True
sex=1_AP=0_trial=15,M_anti,6.12006376728023e-08,6.12006376728023e-08,0.0,0.0,True
sex=1_AP=0_trial=15,Mh_pro,1.0298704210757306e-25,1.0298704210757306e-25,0.0,0.0,True
sex=1_AP=0_trial=15,Mh_anti,1.4295962328404605e-16,1.4295962328404605e-16,0.0,0.0,True
sex=1_AP=0_trial=15,Tb,1.6861415126345053e-13,1.6861415126345053e-13,0.0,0.0,True
sex=1_AP=0_trial=15,I10,-7.536415558611371e-12,-7.536415558611371e-12,0.0,0.0,True
sex=1_AP=0_trial=15,Ta,5.715699427990385e-20,5.715699427990385e-20,0.0,0.0,True
sex=1_AP=0_trial=15,P,7.386336268319372e-19,7.386336268319372e-19,0.0,0.0,True
sex=1_AP=0_trial=16,ABi,-7.826535569271112e-09,-7.826535569271112e-09,0.0,0.0,True
sex=1_AP=0_trial=16,ABmo,1.09381739333038e-07,1.09381739333038e-07,0.0,0.0,True
sex=1_AP=0_trial=16,ABoo,-1.2976943268640548e-09,-1.2976943268640548e-09,0.0,0.0,True
sex=1_AP=0_trial=16,ABpo,-1.7367300935687627e-15,-1.7367300935687627e-15,0.0,0.0,True
sex=1_AP=0_trial=16,G,9.945389464293603e-08,9.945389464293603e-08,0.0,0.0,True
sex=1_AP=0_trial=16,tau,-1.5700302937949485e-08,-1.5700302937949485e-08,0.0,0.0,True
sex=1_AP=0_trial=16,Fi,-2.2308378127773164e-14,-2.2308378127773164e-14,0.0,0.0,True
sex=1_AP=0_trial=16,Fo,-7.333284424924748e-20,-7.333284424924748e-20,0.0,0.0,True
sex=1_AP=0_trial=16,N,-2.780454251774379e-09,-2.780454251774379e-09,0.0,0.0,True
sex=1_AP=0_trial=16,A,1.6130536392773125e-15,1.6130536392773125e-15,0.0,0.0,True
sex=1_AP=0_trial=16,M_NA,7.658150018551427e-09,7.658150018551427e-09,0.0,0.0,True
sex=1_AP=0_trial=16,M_pro,2.532797953642635e-16,2.532797953642635e-16,0.0,0.0,True
sex=1_AP=0_trial=16,M_anti,-7.658150271831233e-09,-7.658150271831233e-09,0.0,0.0,True
sex=1_AP=0_trial=16,Mh_pro,1.1607026318757781e-25,1.1607026318757781e-25,0.0,0.0,True
sex=1_AP=0_trial=16,Mh_anti,1.663152106835264e-16,1.663152106835264e-16,0.0,0.0,True
sex=1_AP=0_trial=16,Tb,-7.815312808999632e-13,-7.815312808999632e-13,0.0,0.0,True
sex=1_AP=0_trial=16,I10,-2.6787317418888735e-11,-2.6787317418888735e-11,0.0,0.0,True
sex=1_AP=0_trial=16,Ta,-2.503854263234874e-20,-2.503854263234874e-20,0.0,0.0,True
sex=1_AP=0_trial=16,P,-2.559700819162195e-19,-2.559700819162195e-19,0.0,0.0,True
sex=1_AP=0_trial=17,ABi,1.9626863928325233e-07,1.9626863928325233e-07,0.0,0.0,True
sex=1_AP=0_trial=17,ABmo,3.769040831090068e-07,3.769040831090068e-07,0.0,0.0,True
sex=1_AP=0_trial=17,ABoo,-3.703859475218893e-09,-3.703859475218893e-09,0.0,0.0,True
sex=1_AP=0_trial=17,ABpo,-4.4357436803476785e-16,-4.4357436803476785e-16,0.0,0.0,True
sex=1_AP=0_trial=17,G,3.069081285826452e-06,3.069081285826452e-06,0.0,0.0,True
sex=1_AP=0_trial=17,tau,-6.438743511862357e-09,-6.438743511862357e-09,0.0,0.0,True
sex=1_AP=0_trial=17,Fi,-5.6647247101299914e-14,-5.6647247101299914e-14,0.0,0.0,True
sex=1_AP=0_trial=17,Fo,1.6695634414491242e-17,1.6695634414491242e-17,0.0,0.0,True
sex=1_AP=0_trial=17,N,-1.1817214118896081e-07,-1.1817214118896082e-07,1.3234889800848443e-23,1.1199669962555265e-16,True
sex=1_AP=0_trial=17,A,2.4739261905045987e-15,2.4739261905045987e-15,0.0,0.0,True
sex=1_AP=0_trial=17,M_NA,-8.869141752716735e-08,-8.869141752716735e-08,0.0,0.0,True
sex=1_AP=0_trial=17,M_pro,7.544918662107994e-16,7.544918662107994e-16,0.0,0.0,True
sex=1_AP=0_trial=17,M_anti,8.869141677267551e-08,8.869141677267551e-08,0.0,0.0,True
sex=1_AP=0_trial=17,Mh_pro,2.714958929077944e-25,2.714958929077944e-25,0.0,0.0,True
sex=1_AP=0_trial=17,Mh_anti,2.3911246571390014e-16,2.3911246571390014e-16,0.0,0.0,True
sex=1_AP=0_trial=17,Tb,3.394327422362563e-13,3.394327422362563e-13,0.0,0.0,True
sex=1_AP=0_trial=17,I10,-1.323065981031603e-11,-1.323065981031603e-11,0.0,0.0,True
sex=1_AP=0_trial=17,Ta,-6.644273168820601e-20,-6.644273168820601e-20,0.0,0.0,True
sex=1_AP=0_trial=17,P,-6.28526134751373e-19,-6.28526134751373e-19,0.0,0.0,True
sex=1_AP=0_trial=18,ABi,-2.424898995774264e-07,-2.424898995774264e-07,0.0,0.0,True
sex=1_AP=0_trial=18,ABmo,-4.4133504725653715e-07,-4.4133504725653715e-07,0.0,0.0,True
sex=1_AP=0_trial=18,ABoo,7.215186416224061e-09,7.215186416224061e-09,0.0,0.0,True
sex=1_AP=0_trial=18,ABpo,8.629973622611646e-16,8.629973622611646e-16,0.0,0.0,True
sex=1_AP=0_trial=18,G,-5.634253689003445e-06,-5.634253689003445e-06,0.0,0.0,True
sex=1_AP=0_trial=18,tau,1.2635781572063998e-08,1.2635781572063998e-08,0.0,0.0,True
sex=1_AP=0_trial=18,Fi,-2.6506625988285624e-14,-2.6506625988285624e-14,0.0,0.0,True
sex=1_AP=0_trial=18,Fo,3.0380674752815694e-17,3.0380674752815694e-17,0.0,0.0,True
sex=1_AP=0_trial=18,N,-1.110179851819798e-07,-1.110179851819798e-07,0.0,0.0,True
sex=1_AP=0_trial=18,A,1.3832686708159422e-15,1.3832686708159422e-15,0.0,0.0,True
sex=1_AP=0_trial=18,M_NA,-1.5664379637154829e-07,-1.5664379637154829e-07,0.0,0.0,True
sex=1_AP=0_trial=18,M_pro,-2.6230876167132326e-15,-2.6230876167132326e-15,0.0,0.0,True
sex=1_AP=0_trial=18,M_anti,1.5664379899463592e-07,1.5664379899463592e-07,0.0,0.0,True
sex=1_AP=0_trial=18,Mh_pro,1.9601354578187272e-25,1.9601354578187272e-25,0.0,0.0,True
sex=1_AP=0_trial=18,Mh_anti,3.2797576933516645e-16,3.2797576933516645e-16,0.0,0.0,True
sex=1_AP=0_trial=18,Tb,-3.2646199817973105e-12,-3.2646199817973105e-12,0.0,0.0,True
sex=1_AP=0_trial=18,I10,-5.4540555651992674e-11,-5.4540555651992674e-11,0.0,0.0,True
sex=1_AP=0_trial=18,Ta,7.85989235035096e-20,7.85989235035096e-20,0.0,0.0,True
sex=1_AP=0_trial=18,P,-5.0243069528495864e-20,-5.0243069528495864e-20,0.0,0.0,True
sex=1_AP=0_trial=19,ABi,2.7486188877620064e-07,2.7486188877620064e-07,0.0,0.0,True
sex=1_AP=0_trial=19,ABmo,4.141750296142906e-07,4.141750296142906e-07,0.0,0.0,True
sex=1_AP=0_trial=19,ABoo,-3.5442957136859027e-09,-3.5442957136859027e-09,0.0,0.0,True
sex=1_AP=0_trial=19,ABpo,-3.989906606960082e-15,-3.989906606960082e-15,0.0,0.0,True
sex=1_AP=0_trial=19,G,-3.5109051108337123e-07,-3.5109051108337123e-07,0.0,0.0,True
sex=1_AP=0_trial=19,tau,-1.605159156019857e-08,-1.605159156019857e-08,0.0,0.0,True
sex=1_AP=0_trial=19,Fi,7.554322331098553e-14,7.554322331098553e-14,0.0,0.0,True
sex=1_AP=0_trial=19,Fo,4.207647556474813e-19,4.207647556474813e-19,0.0,0.0,True
sex=1_AP=0_trial=19,N,-1.2748047884354716e-08,-1.2748047884354716e-08,0.0,0.0,True
sex=1_AP=0_trial=19,A,2.3206197359271643e-15,2.3206197359271643e-15,0.0,0.0,True
sex=1_AP=0_trial=19,M_NA,-1.310087111485993e-07,-1.310087111485993e-07,0.0,0.0,True
sex=1_AP=0_trial=19,M_pro,2.0931615129796375e-16,2.0931615129796375e-16,0.0,0.0,True
sex=1_AP=0_trial=19,M_anti,1.3100871093928316e-07,1.3100871093928316e-07,0.0,0.0,True
sex=1_AP=0_trial=19,Mh_pro,3.359102029195593e-25,3.359102029195593e-25,0.0,0.0,True
sex=1_AP=0_trial=19,Mh_anti,2.970111858245652e-16,2.970111858245652e-16,0.0,0.0,True
sex=1_AP=0_trial=19,Tb,-9.044632792499815e-13,-9.044632792499815e-13,0.0,0.0,True
sex=1_AP=0_trial=19,I10,5.3407230513850164e-11,5.3407230513850164e-11,0.0,0.0,True
sex=1_AP=0_trial=19,Ta,-1.295561584404856e-20,-1.295561584404856e-20,0.0,0.0,True
sex=1_AP=0_trial=19,P,-4.303596671053315e-19,-4.303596671053315e-19,0.0,0.0,True
sex=1_AP=0_trial=20,ABi,-5.074559530964059e-07,-5.074559530964059e-07,0.0,0.0,True
sex=1_AP=0_trial=20,ABmo,1.0408143743301493e-07,1.0408143743301493e-07,0.0,0.0,True
sex=1_AP=0_trial=20,ABoo,-2.9641829443028296e-09,-2.9641829443028296e-09,0.0,0.0,True
sex=1_AP=0_trial=20,ABpo,-3.336830016535069e-15,-3.336830016535069e-15,0.0,0.0,True
sex=1_AP=0_trial=20,G,-4.9171979256820785e-06,-4.9171979256820785e-06,0.0,0.0,True
sex=1_AP=0_trial=20,tau,6.815543762821137e-08,6.815543762821137e-08,0.0,0.0,True
sex=1_AP=0_trial=20,Fi,-4.834981294622769e-14,-4.834981294622769e-14,0.0,0.0,True
sex=1_AP=0_trial=20,Fo,4.1500546061936546e-18,4.150054606193654e-18,7.703719777548943e-34,1.8562935933545794e-16,True
sex=1_AP=0_trial=20,N,-2.7081661913588464e-08,-2.708166191358846e-08,3.308722450212111e-24,1.2217575349583439e-16,True
sex=1_AP=0_trial=20,A,2.9356355548374013e-15,2.9356355548374013e-15,0.0,0.0,True
sex=1_AP=0_trial=20,M_NA,-8.910248095297551e-08,-8.910248095297551e-08,0.0,0.0,True
sex=1_AP=0_trial=20,M_pro,8.719508014710759e-17,8.719508014710759e-17,0.0,0.0,True
sex=1_AP=0_trial=20,M_anti,8.910248086578041e-08,8.910248086578041e-08,0.0,0.0,True
sex=1_AP=0_trial=20,Mh_pro,2.897130535384817e-25,2.897130535384817e-25,0.0,0.0,True
sex=1_AP=0_trial=20,Mh_anti,2.247857312049347e-16,2.247857312049347e-16,0.0,0.0,True
sex=1_AP=0_trial=20,Tb,4.895998556288685e-13,4.895998556288685e-13,0.0,0.0,True
sex=1_AP=0_trial=20,I10,2.5563512942702613e-12,2.5563512942702613e-12,0.0,0.0,True
sex=1_AP=0_trial=20,Ta,1.412188714550616e-21,1.412188714550616e-21,0.0,0.0,True
sex=1_AP=0_trial=20,P,4.508203908295368e-19,4.508203908295368e-19,0.0,0.0,True
sex=1_AP=0_trial=21,ABi,3.081059747815402e-07,3.081059747815402e-07,0.0,0.0,True
sex=1_AP=0_trial=21,ABmo,6.685182042325793e-07,6.685182042325793e-07,0.0,0.0,True
sex=1_AP=0_trial=21,ABoo,-1.055824927220372e-08,-1.055824927220372e-08,0.0,0.0,True
sex=1_AP=0_trial=21,ABpo,6.28682680123297e-15,6.28682680123297e-15,0.0,0.0,True
sex=1_AP=0_trial=21,G,4.512049602359166e-06,4.512049602359166e-06,0.0,0.0,True
sex=1_AP=0_trial=21,tau,-5.6344786118904484e-08,-5.6344786118904484e-08,0.0,0.0,True
sex=1_AP=0_trial=21,Fi,9.542205894014328e-14,9.542205894014328e-14,0.0,0.0,True
sex=1_AP=0_trial=21,Fo,7.207778847757704e-18,7.207778847757704e-18,0.0,0.0,True
sex=1_AP=0_trial=21,N,-8.990042848529766e-08,-8.990042848529766e-08,0.0,0.0,True
sex=1_AP=0_trial=21,A,1.1837952089421733e-15,1.1837952089421733e-15,0.0,0.0,True
sex=1_AP=0_trial=21,M_NA,-4.64202010863384e-08,-4.64202010863384e-08,0.0,0.0,True
sex=1_AP=0_trial=21,M_pro,-1.474121559067651e-17,-1.474121559067651e-17,0.0,0.0,True
sex=1_AP=0_trial=21,M_anti,4.642020110107962e-08,4.642020110107962e-08,0.0,0.0,True
sex=1_AP=0_trial=21,Mh_pro,1.2253726871540463e-25,1.2253726871540463e-25,0.0,0.0,True
sex=1_AP=0_trial=21,Mh_anti,2.5374359222912213e-16,2.5374359222912213e-16,0.0,0.0,True
sex=1_AP=0_trial=21,Tb,3.259524852473615e-13,3.259524852473615e-13,0.0,0.0,True
sex=1_AP=0_trial=21,I10,-2.439199649270656e-11,-2.439199649270656e-11,0.0,0.0,True
sex=1_AP=0_trial=21,Ta,-1.9967341437965514e-21,-1.9967341437965514e-21,0.0,0.0,True
sex=1_AP=0_trial=21,P,-7.005088502998327e-19,-7.005088502998327e-19,0.0,0.0,True
sex=1_AP=0_trial=22,ABi,-3.412417336684741e-07,-3.412417336684741e-07,0.0,0.0,True
sex=1_AP=0_trial=22,ABmo,2.926062631497075e-07,2.926062631497075e-07,0.0,0.0,True
sex=1_AP=0_trial=22,ABoo,-3.3535876403694818e-09,-3.3535876403694818e-09,0.0,0.0,True
sex=1_AP=0_trial=22,ABpo,-3.953552600869018e-15,-3.953552600869018e-15,0.0,0.0,True
sex=1_AP=0_trial=22,G,-5.874089810882555e-07,-5.874089810882555e-07,0.0,0.0,True
sex=1_AP=0_trial=22,tau,3.166240379673573e-08,3.166240379673573e-08,0.0,0.0,True
sex=1_AP=0_trial=22,Fi,-1.4665642474933816e-14,-1.4665642474933816e-14,0.0,0.0,True
sex=1_AP=0_trial=22,Fo,-5.328216239785201e-19,-5.328216239785201e-19,0.0,0.0,True
sex=1_AP=0_trial=22,N,-1.8952568830682624e-09,-1.8952568830682624e-09,0.0,0.0,True
sex=1_AP=0_trial=22,A,1.5138625642966057e-15,1.5138625642966057e-15,0.0,0.0,True
sex=1_AP=0_trial=22,M_NA,-1.0727618234596837e-07,-1.0727618234596837e-07,0.0,0.0,True
sex=1_AP=0_trial=22,M_pro,-1.2529589909476203e-16,-1.2529589909476203e-16,0.0,0.0,True
sex=1_AP=0_trial=22,M_anti,1.072761824712643e-07,1.072761824712643e-07,0.0,0.0,True
sex=1_AP=0_trial=22,Mh_pro,8.205106540208242e-26,8.205106540208242e-26,0.0,0.0,True
sex=1_AP=0_trial=22,Mh_anti,1.2873932056401617e-16,1.2873932056401617e-16,0.0,0.0,True
sex=1_AP=0_trial=22,Tb,-5.473028688831484e-13,-5.473028688831484e-13,0.0,0.0,True
sex=1_AP=0_trial=22,I10,-2.2767502408396014e-11,-2.2767502408396014e-11,0.0,0.0,True
sex=1_AP=0_trial=22,Ta,-9.205991408904101e-21,-9.205991408904101e-21,0.0,0.0,True
sex=1_AP=0_trial=22,P,8.376175672402818e-21,8.376175672402818e-21,0.0,0.0,True
sex=1_AP=0_trial=23,ABi,1.6847489040295978e-07,1.6847489040295978e-07,0.0,0.0,True
sex=1_AP=0_trial=23,ABmo,1.7437828444742104e-07,1.7437828444742104e-07,0.0,0.0,True
sex=1_AP=0_trial=23,ABoo,-3.230415672940988e-09,-3.230415672940988e-09,0.0,0.0,True
sex=1_AP=0_trial=23,ABpo,1.1271372424219727e-14,1.1271372424219727e-14,0.0,0.0,True
sex=1_AP=0_trial=23,G,1.9362121572453504e-06,1.9362121572453504e-06,0.0,0.0,True
sex=1_AP=0_trial=23,tau,-5.29387785023029e-08,-5.29387785023029e-08,0.0,0.0,True
sex=1_AP=0_trial=23,Fi,5.0352205255834365e-15,5.0352205255834365e-15,0.0,0.0,True
sex=1_AP=0_trial=23,Fo,3.2692929689161185e-18,3.2692929689161185e-18,0.0,0.0,True
sex=1_AP=0_trial=23,N,-2.9574794527103318e-08,-2.9574794527103318e-08,0.0,0.0,True
sex=1_AP=0_trial=23,A,1.1580181464401257e-15,1.1580181464401257e-15,0.0,0.0,True
sex=1_AP=0_trial=23,M_NA,-1.5343948286169843e-07,-1.5343948286169843e-07,0.0,0.0,True
sex=1_AP=0_trial=23,M_pro,-2.6996076115472163e-15,-2.6996076115472163e-15,0.0,0.0,True
sex=1_AP=0_trial=23,M_anti,1.53439485561306e-07,1.53439485561306e-07,0.0,0.0,True
sex=1_AP=0_trial=23,Mh_pro,1.4303511302701214e-25,1.4303511302701214e-25,0.0,0.0,True
sex=1_AP=0_trial=23,Mh_anti,2.845291283981939e-16,2.845291283981939e-16,0.0,0.0,True
sex=1_AP=0_trial=23,Tb,-4.7060504730102005e-12,-4.7060504730102005e-12,0.0,0.0,True
sex=1_AP=0_trial=23,I10,-4.013056951956714e-11,-4.013056951956714e-11,0.0,0.0,True
sex=1_AP=0_trial=23,Ta,6.623392959507483e-20,6.623392959507483e-20,0.0,0.0,True
sex=1_AP=0_trial=23,P,-9.03834931787597e-20,-9.03834931787597e-20,0.0,0.0,True
sex=1_AP=0_trial=24,ABi,5.503869056294232e-08,5.503869056294232e-08,0.0,0.0,True
sex=1_AP=0_trial=24,ABmo,2.3239892683168393e-07,2.3239892683168393e-07,0.0,0.0,True
sex=1_AP=0_trial=24,ABoo,2.817218957757304e-10,2.817218957757304e-10,0.0,0.0,True
sex=1_AP=0_trial=24,ABpo,2.003122371743096e-15,2.003122371743096e-15,0.0,0.0,True
sex=1_AP=0_trial=24,G,1.8124591598252178e-06,1.8124591598252178e-06,0.0,0.0,True
sex=1_AP=0_trial=24,tau,-5.692487344009175e-08,-5.692487344009175e-08,0.0,0.0,True
sex=1_AP=0_trial=24,Fi,4.6360318743578e-14,4.6360318743578e-14,0.0,0.0,True
sex=1_AP=0_trial=24,Fo,2.9241556574223247e-18,2.924155657422325e-18,3.851859888774472e-34,1.3172554200380455e-16,True
sex=1_AP=0_trial=24,N,-2.8869888729508658e-08,-2.886988872950866e-08,3.308722450212111e-24,1.146080776830352e-16,True
sex=1_AP=0_trial=24,A,2.8298698885663e-15,2.8298698885663e-15,0.0,0.0,True
sex=1_AP=0_trial=24,M_NA,-1.0501720870587213e-07,-1.0501720870587213e-07,0.0,0.0,True
sex=1_AP=0_trial=24,M_pro,-4.596394638891604e-16,-4.596394638891604e-16,0.0,0.0,True
sex=1_AP=0_trial=24,M_anti,1.0501720916551162e-07,1.0501720916551162e-07,0.0,0.0,True
sex=1_AP=0_trial=24,Mh_pro,3.274179947611001e-25,3.274179947611001e-25,0.0,0.0,True
sex=1_AP=0_trial=24,Mh_anti,2.551917367674265e-16,2.551917367674265e-16,0.0,0.0,True
sex=1_AP=0_trial=24,Tb,-3.0487745904960037e-12,-3.0487745904960037e-12,0.0,0.0,True
sex=1_AP=0_trial=24,I10,-2.913777922099945e-11,-2.913777922099945e-11,0.0,0.0,True
sex=1_AP=0_trial=24,Ta,-4.323797329364012e-20,-4.323797329364012e-20,0.0,0.0,True
sex=1_AP=0_trial=24,P,-2.3310771372319975e-19,-2.3310771372319975e-19,0.0,0.0,True
sex=1_AP=1_trial=0,ABi,1.655366165025907e-07,1.655366165025907e-07,0.0,0.0,True
sex=1_AP=1_trial=0,ABmo,2.3562810479480448e-07,2.3562810479480448e-07,0.0,0.0,True
sex=1_AP=1_trial=0,ABoo,2.1170955061023917e-08,2.1170955061023917e-08,0.0,0.0,True
sex=1_AP=1_trial=0,ABpo,-1.6332903041664824e-14,-1.6332903041664824e-14,0.0,0.0,True
sex=1_AP=1_trial=0,G,2.4862297247139868e-06,2.4862297247139868e-06,0.0,0.0,True
sex=1_AP=1_trial=0,tau,-3.7125205022582883e-08,-3.7125205022582883e-08,0.0,0.0,True
sex=1_AP=1_trial=0,Fi,-3.5322252276669164e-14,-3.5322252276669164e-14,0.0,0.0,True
sex=1_AP=1_trial=0,Fo,1.403879783847004e-17,1.403879783847004e-17,0.0,0.0,True
sex=1_AP=1_trial=0,N,-7.79192366150822e-08,-7.79192366150822e-08,0.0,0.0,True
sex=1_AP=1_trial=0,A,5.181691675108805e-15,5.181691675108805e-15,0.0,0.0,True
sex=1_AP=1_trial=0,M_NA,-1.8185812822904126e-07,-1.8185812822904126e-07,0.0,0.0,True
sex=1_AP=1_trial=0,M_pro,-8.259434518081728e-16,-8.259434518081728e-16,0.0,0.0,True
sex=1_AP=1_trial=0,M_anti,1.8185812905498467e-07,1.8185812905498467e-07,0.0,0.0,True
sex=1_AP=1_trial=0,Mh_pro,1.547850538863231e-25,1.547850538863231e-25,0.0,0.0,True
sex=1_AP=1_trial=0,Mh_anti,1.840388568949736e-16,1.840388568949736e-16,0.0,0.0,True
sex=1_AP=1_trial=0,Tb,-1.6731226578224333e-12,-1.6731226578224333e-12,0.0,0.0,True
sex=1_AP=1_trial=0,I10,-2.0717927442279876e-11,-2.0717927442279876e-11,0.0,0.0,True
sex=1_AP=1_trial=0,Ta,1.1054062181949482e-20,1.1054062181949482e-20,0.0,0.0,True
sex=1_AP=1_trial=0,P,1.9996347918051395e-19,1.9996347918051395e-19,0.0,0.0,True
sex=1_AP=1_trial=1,ABi,1.0580558165793393e-07,1.0580558165793393e-07,0.0,0.0,True
sex=1_AP=1_trial=1,ABmo,6.382340923293918e-07,6.382340923293918e-07,0.0,0.0,True
sex=1_AP=1_trial=1,ABoo,2.1589918224766913e-09,2.1589918224766913e-09,0.0,0.0,True
sex=1_AP=1_trial=1,ABpo,-1.7792860152657247e-14,-1.7792860152657247e-14,0.0,0.0,True
sex=1_AP=1_trial=1,G,-8.335875662475761e-07,-8.335875662475761e-07,0.0,0.0,True
sex=1_AP=1_trial=1,tau,2.9999553856281697e-09,2.9999553856281697e-09,0.0,0.0,True
sex=1_AP=1_trial=1,Fi,1.0542401789437866e-13,1.0542401789437866e-13,0.0,0.0,True
sex=1_AP=1_trial=1,Fo,-3.396667162154715e-19,-3.396667162154715e-19,0.0,0.0,True
sex=1_AP=1_trial=1,N,-2.4658413325725228e-09,-2.4658413325725228e-09,0.0,0.0,True
sex=1_AP=1_trial=1,A,6.6643491877545465e-15,6.6643491877545465e-15,0.0,0.0,True
sex=1_AP=1_trial=1,M_NA,-1.3706070274009736e-07,-1.3706070274009736e-07,0.0,0.0,True
sex=1_AP=1_trial=1,M_pro,7.178575716308452e-16,7.178575716308452e-16,0.0,0.0,True
sex=1_AP=1_trial=1,M_anti,1.370607020222398e-07,1.370607020222398e-07,0.0,0.0,True
sex=1_AP=1_trial=1,Mh_pro,1.8335231014678724e-25,1.8335231014678724e-25,0.0,0.0,True
sex=1_AP=1_trial=1,Mh_anti,1.3548735032654379e-16,1.3548735032654379e-16,0.0,0.0,True
sex=1_AP=1_trial=1,Tb,-2.5016578786199783e-12,-2.5016578786199783e-12,0.0,0.0,True
sex=1_AP=1_trial=1,I10,4.968021098615327e-12,4.968021098615327e-12,0.0,0.0,True
sex=1_AP=1_trial=1,Ta,-7.376029285675062e-20,-7.376029285675062e-20,0.0,0.0,True
sex=1_AP=1_trial=1,P,1.5902664042313086e-20,1.5902664042313086e-20,0.0,0.0,True
sex=1_AP=1_trial=2,ABi,-1.994418990689764e-08,-1.994418990689764e-08,0.0,0.0,True
sex=1_AP=1_trial=2,ABmo,2.0854743057349143e-07,2.0854743057349143e-07,0.0,0.0,True
sex=1_AP=1_trial=2,ABoo,-3.821752941686853e-08,-3.821752941686853e-08,0.0,0.0,True
sex=1_AP=1_trial=2,ABpo,1.8680877245822422e-13,1.8680877245822422e-13,0.0,0.0,True
sex=1_AP=1_trial=2,G,-3.4546884757303422e-06,-3.4546884757303422e-06,0.0,0.0,True
sex=1_AP=1_trial=2,tau,5.733180045136307e-08,5.733180045136307e-08,0.0,0.0,True
sex=1_AP=1_trial=2,Fi,-4.27246489056956e-14,-4.27246489056956e-14,0.0,0.0,True
sex=1_AP=1_trial=2,Fo,7.518952650521119e-19,7.518952650521119e-19,0.0,0.0,True
sex=1_AP=1_trial=2,N,-1.141106588189319e-08,-1.1411065881893188e-08,1.6543612251060553e-24,1.449786761577774e-16,True
sex=1_AP=1_trial=2,A,4.5223370834412556e-15,4.5223370834412556e-15,0.0,0.0,True
sex=1_AP=1_trial=2,M_NA,-3.824717883710977e-07,-3.824717883710977e-07,0.0,0.0,True
sex=1_AP=1_trial=2,M_pro,-5.11703162902674e-16,-5.11703162902674e-16,0.0,0.0,True
sex=1_AP=1_trial=2,M_anti,3.82471788882801e-07,3.82471788882801e-07,0.0,0.0,True
sex=1_AP=1_trial=2,Mh_pro,7.516272795788338e-26,7.516272795788338e-26,0.0,0.0,True
sex=1_AP=1_trial=2,Mh_anti,1.419336737398097e-16,1.419336737398097e-16,0.0,0.0,True
sex=1_AP=1_trial=2,Tb,1.3750131877046457e-12,1.3750131877046457e-12,0.0,0.0,True
sex=1_AP=1_trial=2,I10,-4.9331002648718795e-11,-4.9331002648718795e-11,0.0,0.0,True
sex=1_AP=1_trial=2,Ta,4.3542716955365014e-20,4.3542716955365014e-20,0.0,0.0,True
sex=1_AP=1_trial=2,P,4.179717603012321e-19,4.179717603012321e-19,0.0,0.0,True
sex=1_AP=1_trial=3,ABi,1.8957739655886224e-07,1.8957739655886224e-07,0.0,0.0,True
sex=1_AP=1_trial=3,ABmo,6.45598947546526e-07,6.45598947546526e-07,0.0,0.0,True
sex=1_AP=1_trial=3,ABoo,9.984585681994311e-09,9.984585681994311e-09,0.0,0.0,True
sex=1_AP=1_trial=3,ABpo,-3.740848036186954e-14,-3.740848036186954e-14,0.0,0.0,True
sex=1_AP=1_trial=3,G,4.956360559611842e-06,4.956360559611842e-06,0.0,0.0,True
sex=1_AP=1_trial=3,tau,-6.142615280970527e-08,-6.142615280970527e-08,0.0,0.0,True
sex=1_AP=1_trial=3,Fi,9.89371240954036e-14,9.89371240954036e-14,0.0,0.0,True
sex=1_AP=1_trial=3,Fo,2.8302000553096315e-19,2.8302000553096315e-19,0.0,0.0,True
sex=1_AP=1_trial=3,N,-1.9721426040417254e-08,-1.9721426040417254e-08,0.0,0.0,True
sex=1_AP=1_trial=3,A,5.760866810605071e-15,5.760866810605071e-15,0.0,0.0,True
sex=1_AP=1_trial=3,M_NA,-3.1253509941274637e-07,-3.1253509941274637e-07,0.0,0.0,True
sex=1_AP=1_trial=3,M_pro,-1.7594231510441918e-17,-1.7594231510441918e-17,0.0,0.0,True
sex=1_AP=1_trial=3,M_anti,3.125350994303406e-07,3.125350994303406e-07,0.0,0.0,True
sex=1_AP=1_trial=3,Mh_pro,1.461988347530882e-25,1.461988347530882e-25,0.0,0.0,True
sex=1_AP=1_trial=3,Mh_anti,1.7232945976711508e-16,1.7232945976711508e-16,0.0,0.0,True
sex=1_AP=1_trial=3,Tb,1.6200888749399167e-12,1.6200888749399167e-12,0.0,0.0,True
sex=1_AP=1_trial=3,I10,1.9343567624210348e-11,1.9343567624210348e-11,0.0,0.0,True
sex=1_AP=1_trial=3,Ta,2.0427188722890676e-20,2.0427188722890676e-20,0.0,0.0,True
sex=1_AP=1_trial=3,P,3.0133048394592593e-19,3.0133048394592593e-19,0.0,0.0,True
sex=1_AP=1_trial=4,ABi,4.029350005954693e-08,4.029350005954693e-08,0.0,0.0,True
sex=1_AP=1_trial=4,ABmo,-5.277159239683432e-07,-5.277159239683432e-07,0.0,0.0,True
sex=1_AP=1_trial=4,ABoo,4.548978057844297e-08,4.548978057844297e-08,0.0,0.0,True
sex=1_AP=1_trial=4,ABpo,3.772613423799131e-14,3.772613423799131e-14,0.0,0.0,True
sex=1_AP=1_trial=4,G,-3.916646213650533e-06,-3.916646213650533e-06,0.0,0.0,True
sex=1_AP=1_trial=4,tau,3.530235485285117e-08,3.530235485285117e-08,0.0,0.0,True
sex=1_AP=1_trial=4,Fi,-5.1819165712805487e-14,-5.1819165712805487e-14,0.0,0.0,True
sex=1_AP=1_trial=4,Fo,2.1501719297495192e-17,2.1501719297495192e-17,0.0,0.0,True
sex=1_AP=1_trial=4,N,-9.26319639052883e-08,-9.26319639052883e-08,0.0,0.0,True
sex=1_AP=1_trial=4,A,7.553767596140706e-15,7.553767596140706e-15,0.0,0.0,True
sex=1_AP=1_trial=4,M_NA,-2.9102580183377883e-07,-2.9102580183377883e-07,0.0,0.0,True
sex=1_AP=1_trial=4,M_pro,3.014456742770575e-16,3.014456742770575e-16,0.0,0.0,True
sex=1_AP=1_trial=4,M_anti,2.9102580153233315e-07,2.9102580153233315e-07,0.0,0.0,True
sex=1_AP=1_trial=4,Mh_pro,3.3254749975965993e-25,3.3254749975965993e-25,0.0,0.0,True
sex=1_AP=1_trial=4,Mh_anti,2.392468485909784e-16,2.392468485909784e-16,0.0,0.0,True
sex=1_AP=1_trial=4,Tb,-3.069559024282426e-13,-3.069559024282426e-13,0.0,0.0,True
sex=1_AP=1_trial=4,I10,-1.6499694358829837e-11,-1.6499694358829837e-11,0.0,0.0,True
sex=1_AP=1_trial=4,Ta,-3.176401716496982e-20,-3.176401716496982e-20,0.0,0.0,True
sex=1_AP=1_trial=4,P,7.9228496660816e-20,7.9228496660816e-20,0.0,0.0,True
sex=1_AP=1_trial=5,ABi,1.7256085069983132e-07,1.7256085069983132e-07,0.0,0.0,True
sex=1_AP=1_trial=5,ABmo,2.9646496344644746e-07,2.9646496344644746e-07,0.0,0.0,True
sex=1_AP=1_trial=5,ABoo,3.360810383893176e-08,3.360810383893176e-08,0.0,0.0,True
sex=1_AP=1_trial=5,ABpo,1.0678315730525416e-14,1.0678315730525416e-14,0.0,0.0,True
sex=1_AP=1_trial=5,G,1.010369038412556e-06,1.010369038412556e-06,0.0,0.0,True
sex=1_AP=1_trial=5,tau,2.7099792699846465e-08,2.7099792699846465e-08,0.0,0.0,True
sex=1_AP=1_trial=5,Fi,-1.3743242926185367e-14,-1.3743242926185367e-14,0.0,0.0,True
sex=1_AP=1_trial=5,Fo,3.889753643466216e-18,3.889753643466216e-18,0.0,0.0,True
sex=1_AP=1_trial=5,N,-4.488903385078482e-08,-4.488903385078482e-08,0.0,0.0,True
sex=1_AP=1_trial=5,A,6.767685113775057e-15,6.767685113775057e-15,0.0,0.0,True
sex=1_AP=1_trial=5,M_NA,-2.470002392075711e-07,-2.470002392075711e-07,0.0,0.0,True
sex=1_AP=1_trial=5,M_pro,-5.598971364214303e-16,-5.598971364214303e-16,0.0,0.0,True
sex=1_AP=1_trial=5,M_anti,2.470002397674682e-07,2.470002397674682e-07,0.0,0.0,True
sex=1_AP=1_trial=5,Mh_pro,2.1277405808532277e-25,2.1277405808532277e-25,0.0,0.0,True
sex=1_AP=1_trial=5,Mh_anti,2.760769920439348e-16,2.760769920439348e-16,0.0,0.0,True
sex=1_AP=1_trial=5,Tb,1.7257236045396174e-12,1.7257236045396174e-12,0.0,0.0,True
sex=1_AP=1_trial=5,I10,2.1327154129908984e-11,2.1327154129908984e-11,0.0,0.0,True
sex=1_AP=1_trial=5,Ta,4.944158892267179e-20,4.944158892267179e-20,0.0,0.0,True
sex=1_AP=1_trial=5,P,-2.99072548160629e-20,-2.99072548160629e-20,0.0,0.0,True
sex=1_AP=1_trial=6,ABi,1.954180757729074e-07,1.954180757729074e-07,0.0,0.0,True
sex=1_AP=1_trial=6,ABmo,3.5994264221243854e-07,3.5994264221243854e-07,0.0,0.0,True
sex=1_AP=1_trial=6,ABoo,-2.397535986157158e-08,-2.397535986157158e-08,0.0,0.0,True
sex=1_AP=1_trial=6,ABpo,-4.963563852769652e-15,-4.963563852769652e-15,0.0,0.0,True
sex=1_AP=1_trial=6,G,-1.1156344759087624e-06,-1.1156344759087624e-06,0.0,0.0,True
sex=1_AP=1_trial=6,tau,2.7620216149537917e-08,2.7620216149537917e-08,0.0,0.0,True
sex=1_AP=1_trial=6,Fi,-2.7640535958046712e-14,-2.7640535958046712e-14,0.0,0.0,True
sex=1_AP=1_trial=6,Fo,6.450466239517179e-19,6.450466239517179e-19,0.0,0.0,True
sex=1_AP=1_trial=6,N,-1.0536449656153219e-08,-1.053644965615322e-08,1.6543612251060553e-24,1.5701315709698466e-16,True
sex=1_AP=1_trial=6,A,5.741094557704795e-15,5.741094557704795e-15,0.0,0.0,True
sex=1_AP=1_trial=6,M_NA,-1.3257632605244055e-07,-1.3257632605244055e-07,0.0,0.0,True
sex=1_AP=1_trial=6,M_pro,1.246731564700229e-15,1.246731564700229e-15,0.0,0.0,True
sex=1_AP=1_trial=6,M_anti,1.32576324805709e-07,1.32576324805709e-07,0.0,0.0,True
sex=1_AP=1_trial=6,Mh_pro,1.1509800636832464e-25,1.1509800636832464e-25,0.0,0.0,True
sex=1_AP=1_trial=6,Mh_anti,1.441021331175032e-16,1.441021331175032e-16,0.0,0.0,True
sex=1_AP=1_trial=6,Tb,4.532546847126797e-12,4.532546847126797e-12,0.0,0.0,True
sex=1_AP=1_trial=6,I10,4.505671393124391e-11,4.505671393124391e-11,0.0,0.0,True
sex=1_AP=1_trial=6,Ta,-2.2575986545270165e-20,-2.2575986545270165e-20,0.0,0.0,True
sex=1_AP=1_trial=6,P,-1.0461659362693822e-19,-1.0461659362693822e-19,0.0,0.0,True
sex=1_AP=1_trial=7,ABi,-1.6121006908448612e-07,-1.6121006908448612e-07,0.0,0.0,True
sex=1_AP=1_trial=7,ABmo,4.960613750410883e-07,4.960613750410883e-07,0.0,0.0,True
sex=1_AP=1_trial=7,ABoo,-1.179260026853019e-08,-1.179260026853019e-08,0.0,0.0,True
sex=1_AP=1_trial=7,ABpo,-4.742931797067018e-14,-4.742931797067018e-14,0.0,0.0,True
sex=1_AP=1_trial=7,G,2.6189844835964467e-06,2.6189844835964467e-06,0.0,0.0,True
sex=1_AP=1_trial=7,tau,-6.068295257215878e-09,-6.068295257215878e-09,0.0,0.0,True
sex=1_AP=1_trial=7,Fi,-6.427778801275294e-14,-6.427778801275294e-14,0.0,0.0,True
sex=1_AP=1_trial=7,Fo,4.175342667274247e-17,4.175342667274246e-17,6.162975822039155e-33,1.4760407260327876e-16,True
sex=1_AP=1_trial=7,N,-2.315225422469816e-07,-2.3152254224698158e-07,2.6469779601696886e-23,1.143291678849124e-16,True
sex=1_AP=1_trial=7,A,1.1313088257588191e-14,1.1313088257588191e-14,0.0,0.0,True
sex=1_AP=1_trial=7,M_NA,-1.7077627665913983e-07,-1.7077627665913983e-07,0.0,0.0,True
sex=1_AP=1_trial=7,M_pro,-4.488876835105088e-16,-4.488876835105088e-16,0.0,0.0,True
sex=1_AP=1_trial=7,M_anti,1.707762771080275e-07,1.707762771080275e-07,0.0,0.0,True
sex=1_AP=1_trial=7,Mh_pro,3.9643690224787443e-25,3.9643690224787443e-25,0.0,0.0,True
sex=1_AP=1_trial=7,Mh_anti,2.9498844729853806e-16,2.9498844729853806e-16,0.0,0.0,True
sex=1_AP=1_trial=7,Tb,-3.0049282988657617e-12,-3.0049282988657617e-12,0.0,0.0,True
sex=1_AP=1_trial=7,I10,8.613976052947021e-13,8.613976052947021e-13,0.0,0.0,True
sex=1_AP=1_trial=7,Ta,-3.6422594644428806e-20,-3.6422594644428806e-20,0.0,0.0,True
sex=1_AP=1_trial=7,P,-4.182839825300873e-19,-4.182839825300873e-19,0.0,0.0,True
sex=1_AP=1_trial=8,ABi,9.012459856070994e-08,9.012459856070994e-08,0.0,0.0,True
sex=1_AP=1_trial=8,ABmo,8.536766988259208e-07,8.536766988259208e-07,0.0,0.0,True
sex=1_AP=1_trial=8,ABoo,-1.6695296439758661e-09,-1.6695296439758661e-09,0.0,0.0,True
sex=1_AP=1_trial=8,ABpo,-7.553587225016204e-14,-7.553587225016204e-14,0.0,0.0,True
sex=1_AP=1_trial=8,G,3.607106554433879e-06,3.607106554433879e-06,0.0,0.0,True
sex=1_AP=1_trial=8,tau,3.644644926720309e-08,3.644644926720309e-08,0.0,0.0,True
sex=1_AP=1_trial=8,Fi,-4.9054490477838984e-14,-4.9054490477838984e-14,0.0,0.0,True
sex=1_AP=1_trial=8,Fo,1.256547220439177e-17,1.2565472204391768e-17,1.5407439555097887e-33,1.2261727457972346e-16,True
sex=1_AP=1_trial=8,N,-1.436125121736731e-07,-1.4361251217367307e-07,2.6469779601696886e-23,1.843138818551306e-16,True
sex=1_AP=1_trial=8,A,1.0064947980307994e-14,1.0064947980307994e-14,0.0,0.0,True
sex=1_AP=1_trial=8,M_NA,-1.4839570721974713e-07,-1.4839570721974713e-07,0.0,0.0,True
sex=1_AP=1_trial=8,M_pro,-1.7408336803183555e-15,-1.7408336803183555e-15,0.0,0.0,True
sex=1_AP=1_trial=8,M_anti,1.483957089605808e-07,1.483957089605808e-07,0.0,0.0,True
sex=1_AP=1_trial=8,Mh_pro,8.591491199874043e-26,8.591491199874043e-26,0.0,0.0,True
sex=1_AP=1_trial=8,Mh_anti,1.111671725197355e-16,1.111671725197355e-16,0.0,0.0,True
sex=1_AP=1_trial=8,Tb,-1.1535936487221908e-12,-1.1535936487221908e-12,0.0,0.0,True
sex=1_AP=1_trial=8,I10,1.4972562639444586e-11,1.4972562639444586e-11,0.0,0.0,True
sex=1_AP=1_trial=8,Ta,6.233815929353745e-20,6.233815929353745e-20,0.0,0.0,True
sex=1_AP=1_trial=8,P,9.37748726059e-19,9.37748726059e-19,0.0,0.0,True
sex=1_AP=1_trial=9,ABi,1.8926304354017236e-07,1.8926304354017236e-07,0.0,0.0,True
sex=1_AP=1_trial=9,ABmo,4.3940182603888245e-07,4.3940182603888245e-07,0.0,0.0,True
sex=1_AP=1_trial=9,ABoo,-1.2895756238682784e-08,-1.2895756238682784e-08,0.0,0.0,True
sex=1_AP=1_trial=9,ABpo,4.9985861729526206e-14,4.9985861729526206e-14,0.0,0.0,True
sex=1_AP=1_trial=9,G,-1.9172281850726535e-06,-1.9172281850726535e-06,0.0,0.0,True
sex=1_AP=1_trial=9,tau,6.870562898124972e-08,6.870562898124972e-08,0.0,0.0,True
sex=1_AP=1_trial=9,Fi,-8.349643624577988e-15,-8.349643624577988e-15,0.0,0.0,True
sex=1_AP=1_trial=9,Fo,-6.140460428624316e-19,-6.140460428624317e-19,9.62964972193618e-35,1.568229261285797e-16,True
sex=1_AP=1_trial=9,N,-3.178232175758828e-09,-3.1782321757588277e-09,4.1359030627651384e-25,1.3013218777126183e-16,True
sex=1_AP=1_trial=9,A,4.969794586254184e-15,4.969794586254184e-15,0.0,0.0,True
sex=1_AP=1_trial=9,M_NA,-3.9092303966341454e-07,-3.9092303966341454e-07,0.0,0.0,True
sex=1_AP=1_trial=9,M_pro,4.0679148753007984e-17,4.0679148753007984e-17,0.0,0.0,True
sex=1_AP=1_trial=9,M_anti,3.909230396227354e-07,3.909230396227354e-07,0.0,0.0,True
sex=1_AP=1_trial=9,Mh_pro,2.273908827145951e-25,2.273908827145951e-25,0.0,0.0,True
sex=1_AP=1_trial=9,Mh_anti,2.92895138754671e-16,2.92895138754671e-16,0.0,0.0,True
sex=1_AP=1_trial=9,Tb,-2.0144675519961534e-12,-2.0144675519961534e-12,0.0,0.0,True
sex=1_AP=1_trial=9,I10,-3.691823746303392e-11,-3.691823746303392e-11,0.0,0.0,True
sex=1_AP=1_trial=9,Ta,-2.5103086548611583e-20,-2.5103086548611583e-20,0.0,0.0,True
sex=1_AP=1_trial=9,P,-8.127742333978819e-19,-8.127742333978819e-19,0.0,0.0,True
sex=1_AP=1_trial=10,ABi,-1.661520734048854e-07,-1.661520734048854e-07,0.0,0.0,True
sex=1_AP=1_trial=10,ABmo,3.5115645534310714e-07,3.5115645534310714e-07,0.0,0.0,True
sex=1_AP=1_trial=10,ABoo,-1.1000853349946322e-08,-1.1000853349946322e-08,0.0,0.0,True
sex=1_AP=1_trial=10,ABpo,-6.538296086921695e-14,-6.538296086921695e-14,0.0,0.0,True
sex=1_AP=1_trial=10,G,-8.847641717161805e-07,-8.847641717161805e-07,0.0,0.0,True
sex=1_AP=1_trial=10,tau,1.818826782461587e-08,1.818826782461587e-08,0.0,0.0,True
sex=1_AP=1_trial=10,Fi,-7.315916258371186e-15,-7.315916258371186e-15,0.0,0.0,True
sex=1_AP=1_trial=10,Fo,-6.31669665777883e-19,-6.31669665777883e-19,0.0,0.0,True
sex=1_AP=1_trial=10,N,-1.603473207468274e-09,-1.603473207468274e-09,0.0,0.0,True
sex=1_AP=1_trial=10,A,7.387476993383422e-15,7.387476993383422e-15,0.0,0.0,True
sex=1_AP=1_trial=10,M_NA,-1.5482702556371144e-07,-1.5482702556371144e-07,0.0,0.0,True
sex=1_AP=1_trial=10,M_pro,-2.543316320187892e-15,-2.543316320187892e-15,0.0,0.0,True
sex=1_AP=1_trial=10,M_anti,1.5482702810702773e-07,1.5482702810702773e-07,0.0,0.0,True
sex=1_AP=1_trial=10,Mh_pro,1.4150357649774186e-25,1.4150357649774186e-25,0.0,0.0,True
sex=1_AP=1_trial=10,Mh_anti,2.544785265099019e-16,2.544785265099019e-16,0.0,0.0,True
sex=1_AP=1_trial=10,Tb,-2.20307932911401e-12,-2.20307932911401e-12,0.0,0.0,True
sex=1_AP=1_trial=10,I10,1.138336233920249e-11,1.138336233920249e-11,0.0,0.0,True
sex=1_AP=1_trial=10,Ta,7.404191530156812e-20,7.404191530156812e-20,0.0,0.0,True
sex=1_AP=1_trial=10,P,1.8458792309925267e-19,1.8458792309925267e-19,0.0,0.0,True
sex=1_AP=1_trial=11,ABi,-4.6339158426401895e-07,-4.6339158426401895e-07,0.0,0.0,True
sex=1_AP=1_trial=11,ABmo,-2.61250697489159e-07,-2.61250697489159e-07,0.0,0.0,True
sex=1_AP=1_trial=11,ABoo,-7.906089222042597e-09,-7.906089222042597e-09,0.0,0.0,True
sex=1_AP=1_trial=11,ABpo,1.061696897162205e-13,1.061696897162205e-13,0.0,0.0,True
sex=1_AP=1_trial=11,G,-6.22838368018474e-07,-6.22838368018474e-07,0.0,0.0,True
sex=1_AP=1_trial=11,tau,-5.329083075263882e-08,-5.329083075263882e-08,0.0,0.0,True
sex=1_AP=1_trial=11,Fi,3.3830016275736235e-14,3.3830016275736235e-14,0.0,0.0,True
sex=1_AP=1_trial=11,Fo,-1.0579038577536527e-18,-1.0579038577536527e-18,0.0,0.0,True
sex=1_AP=1_trial=11,N,-1.8600956584656279e-09,-1.860095658465628e-09,2.0679515313825692e-25,1.1117447223592787e-16,True
sex=1_AP=1_trial=11,A,7.006193602796192e-15,7.006193602796192e-15,0.0,0.0,True
sex=1_AP=1_trial=11,M_NA,-5.058017042058011e-07,-5.058017042058011e-07,0.0,0.0,True
sex=1_AP=1_trial=11,M_pro,3.9043788742430665e-16,3.9043788742430665e-16,0.0,0.0,True
sex=1_AP=1_trial=11,M_anti,5.058017038153632e-07,5.058017038153632e-07,0.0,0.0,True
sex=1_AP=1_trial=11,Mh_pro,1.5392333110007452e-25,1.5392333110007452e-25,0.0,0.0,True
sex=1_AP=1_trial=11,Mh_anti,1.6221884670528268e-16,1.6221884670528268e-16,0.0,0.0,True
sex=1_AP=1_trial=11,Tb,-3.2146679711380716e-12,-3.2146679711380716e-12,0.0,0.0,True
sex=1_AP=1_trial=11,I10,4.114822505058256e-12,4.114822505058256e-12,0.0,0.0,True
sex=1_AP=1_trial=11,Ta,-3.8306715364378153e-20,-3.8306715364378153e-20,0.0,0.0,True
sex=1_AP=1_trial=11,P,-1.7968528505133004e-19,-1.7968528505133004e-19,0.0,0.0,True
sex=1_AP=1_trial=12,ABi,-1.2829137107862475e-08,-1.2829137107862475e-08,0.0,0.0,True
sex=1_AP=1_trial=12,ABmo,-1.961950308335918e-07,-1.961950308335918e-07,0.0,0.0,True
sex=1_AP=1_trial=12,ABoo,3.051794954842148e-08,3.051794954842148e-08,0.0,0.0,True
sex=1_AP=1_trial=12,ABpo,-5.4796261922502275e-15,-5.4796261922502275e-15,0.0,0.0,True
sex=1_AP=1_trial=12,G,-3.730916050006509e-06,-3.730916050006509e-06,0.0,0.0,True
sex=1_AP=1_trial=12,tau,-3.5285844077982994e-09,-3.5285844077982994e-09,0.0,0.0,True
sex=1_AP=1_trial=12,Fi,1.9056935423603424e-14,1.9056935423603424e-14,0.0,0.0,True
sex=1_AP=1_trial=12,Fo,2.3661342697827274e-18,2.3661342697827274e-18,0.0,0.0,True
sex=1_AP=1_trial=12,N,-1.812676762366657e-08,-1.812676762366657e-08,0.0,0.0,True
sex=1_AP=1_trial=12,A,7.055052063659329e-15,7.055052063659329e-15,0.0,0.0,True
sex=1_AP=1_trial=12,M_NA,-1.094654761837023e-07,-1.094654761837023e-07,0.0,0.0,True
sex=1_AP=1_trial=12,M_pro,-5.284706380157933e-16,-5.284706380157933e-16,0.0,0.0,True
sex=1_AP=1_trial=12,M_anti,1.0946547671217295e-07,1.0946547671217295e-07,0.0,0.0,True
sex=1_AP=1_trial=12,Mh_pro,1.6546721262536324e-25,1.6546721262536324e-25,0.0,0.0,True
sex=1_AP=1_trial=12,Mh_anti,1.446345002370892e-16,1.446345002370892e-16,0.0,0.0,True
sex=1_AP=1_trial=12,Tb,4.974518961534098e-13,4.974518961534098e-13,0.0,0.0,True
sex=1_AP=1_trial=12,I10,-1.0166765696313591e-11,-1.0166765696313591e-11,0.0,0.0,True
sex=1_AP=1_trial=12,Ta,1.8205279115759402e-20,1.8205279115759402e-20,0.0,0.0,True
sex=1_AP=1_trial=12,P,8.040738148153395e-19,8.040738148153395e-19,0.0,0.0,True
sex=1_AP=1_trial=13,ABi,-1.7035350913228498e-07,-1.7035350913228498e-07,0.0,0.0,True
sex=1_AP=1_trial=13,ABmo,2.5379506393813816e-07,2.5379506393813816e-07,0.0,0.0,True
sex=1_AP=1_trial=13,ABoo,-3.261548477320953e-08,-3.261548477320953e-08,0.0,0.0,True
sex=1_AP=1_trial=13,ABpo,1.508415036618629e-13,1.508415036618629e-13,0.0,0.0,True
sex=1_AP=1_trial=13,G,-1.102593450568614e-06,-1.102593450568614e-06,0.0,0.0,True
sex=1_AP=1_trial=13,tau,-4.004431256096126e-08,-4.004431256096126e-08,0.0,0.0,True
sex=1_AP=1_trial=13,Fi,2.6799688390926095e-14,2.6799688390926095e-14,0.0,0.0,True
sex=1_AP=1_trial=13,Fo,1.0219642889269902e-19,1.0219642889269882e-19,1.925929944387236e-34,1.8845374200006178e-15,True
sex=1_AP=1_trial=13,N,-6.619474995523688e-09,-6.619474995523687e-09,8.271806125530277e-25,1.2496166434836525e-16,True
sex=1_AP=1_trial=13,A,8.773058361519143e-15,8.773058361519143e-15,0.0,0.0,True
sex=1_AP=1_trial=13,M_NA,-2.6808827705099955e-07,-2.6808827705099955e-07,0.0,0.0,True
sex=1_AP=1_trial=13,M_pro,-4.708936914914451e-16,-4.708936914914451e-16,0.0,0.0,True
sex=1_AP=1_trial=13,M_anti,2.6808827752189327e-07,2.6808827752189327e-07,0.0,0.0,True
sex=1_AP=1_trial=13,Mh_pro,2.680557384843995e-25,2.680557384843995e-25,0.0,0.0,True
sex=1_AP=1_trial=13,Mh_anti,2.1924074264185618e-16,2.1924074264185618e-16,0.0,0.0,True
sex=1_AP=1_trial=13,Tb,-3.3606060015711446e-12,-3.3606060015711446e-12,0.0,0.0,True
sex=1_AP=1_trial=13,I10,8.331692536549728e-13,8.331692536549728e-13,0.0,0.0,True
sex=1_AP=1_trial=13,Ta,-3.097420817055656e-20,-3.097420817055656e-20,0.0,0.0,True
sex=1_AP=1_trial=13,P,-1.6537855037619422e-19,-1.6537855037619422e-19,0.0,0.0,True
sex=1_AP=1_trial=14,ABi,-7.717706540106155e-07,-7.717706540106155e-07,0.0,0.0,True
sex=1_AP=1_trial=14,ABmo,8.716058554712028e-08,8.716058554712028e-08,0.0,0.0,True
sex=1_AP=1_trial=14,ABoo,2.5612447899189754e-09,2.5612447899189754e-09,0.0,0.0,True
sex=1_AP=1_trial=14,ABpo,-2.27581230176088e-14,-2.27581230176088e-14,0.0,0.0,True
sex=1_AP=1_trial=14,G,-9.33949892872254e-07,-9.33949892872254e-07,0.0,0.0,True
sex=1_AP=1_trial=14,tau,-8.10530809408953e-09,-8.10530809408953e-09,0.0,0.0,True
sex=1_AP=1_trial=14,Fi,-1.6025077214058746e-14,-1.6025077214058746e-14,0.0,0.0,True
sex=1_AP=1_trial=14,Fo,-1.9055003888361155e-19,-1.9055003888361155e-19,0.0,0.0,True
sex=1_AP=1_trial=14,N,-3.00868506836653e-09,-3.00868506836653e-09,0.0,0.0,True
sex=1_AP=1_trial=14,A,6.314030130829802e-15,6.314030130829802e-15,0.0,0.0,True
sex=1_AP=1_trial=14,M_NA,-9.672686224424515e-08,-9.672686224424515e-08,0.0,0.0,True
sex=1_AP=1_trial=14,M_pro,-7.959359085384811e-16,-7.959359085384811e-16,0.0,0.0,True
sex=1_AP=1_trial=14,M_anti,9.672686304018107e-08,9.672686304018107e-08,0.0,0.0,True
sex=1_AP=1_trial=14,Mh_pro,7.878374925323565e-26,7.878374925323565e-26,0.0,0.0,True
sex=1_AP=1_trial=14,Mh_anti,1.3339659530971678e-16,1.3339659530971678e-16,0.0,0.0,True
sex=1_AP=1_trial=14,Tb,6.70675627211639e-13,6.70675627211639e-13,0.0,0.0,True
sex=1_AP=1_trial=14,I10,-3.317201335645493e-11,-3.317201335645493e-11,0.0,0.0,True
sex=1_AP=1_trial=14,Ta,4.147863284017755e-20,4.147863284017755e-20,0.0,0.0,True
sex=1_AP=1_trial=14,P,4.966997376773876e-19,4.966997376773876e-19,0.0,0.0,True
sex=1_AP=1_trial=15,ABi,-3.007633065081462e-08,-3.007633065081462e-08,0.0,0.0,True
sex=1_AP=1_trial=15,ABmo,5.0229981486801195e-08,5.0229981486801195e-08,0.0,0.0,True
sex=1_AP=1_trial=15,ABoo,1.3171544252462048e-08,1.3171544252462048e-08,0.0,0.0,True
sex=1_AP=1_trial=15,ABpo,-9.159565064028134e-14,-9.159565064028134e-14,0.0,0.0,True
sex=1_AP=1_trial=15,G,-1.0541351090198635e-06,-1.0541351090198635e-06,0.0,0.0,True
sex=1_AP=1_trial=15,tau,2.091887582233694e-08,2.091887582233694e-08,0.0,0.0,True
sex=1_AP=1_trial=15,Fi,-2.4849309258361672e-14,-2.4849309258361672e-14,0.0,0.0,True
sex=1_AP=1_trial=15,Fo,-7.895294207597338e-19,-7.895294207597338e-19,0.0,0.0,True
sex=1_AP=1_trial=15,N,-1.5169440093343835e-09,-1.5169440093343835e-09,0.0,0.0,True
sex=1_AP=1_trial=15,A,6.489186787885889e-15,6.489186787885889e-15,0.0,0.0,True
sex=1_AP=1_trial=15,M_NA,-7.593725988404131e-08,-7.593725988404131e-08,0.0,0.0,True
sex=1_AP=1_trial=15,M_pro,1.054317690848506e-15,1.054317690848506e-15,0.0,0.0,True
sex=1_AP=1_trial=15,M_anti,7.59372588297236e-08,7.59372588297236e-08,0.0,0.0,True
sex=1_AP=1_trial=15,Mh_pro,8.278198842304355e-26,8.278198842304355e-26,0.0,0.0,True
sex=1_AP=1_trial=15,Mh_anti,1.2027875226874302e-16,1.2027875226874302e-16,0.0,0.0,True
sex=1_AP=1_trial=15,Tb,5.723783524573875e-12,5.723783524573875e-12,0.0,0.0,True
sex=1_AP=1_trial=15,I10,4.369505770992795e-11,4.369505770992795e-11,0.0,0.0,True
sex=1_AP=1_trial=15,Ta,-3.755347099300875e-21,-3.755347099300875e-21,0.0,0.0,True
sex=1_AP=1_trial=15,P,1.3362694906371494e-19,1.3362694906371494e-19,0.0,0.0,True
sex=1_AP=1_trial=16,ABi,3.1096988060017486e-07,3.1096988060017486e-07,0.0,0.0,True
sex=1_AP=1_trial=16,ABmo,6.807065264505998e-07,6.807065264505998e-07,0.0,0.0,True
sex=1_AP=1_trial=16,ABoo,-4.483451393493596e-08,-4.483451393493596e-08,0.0,0.0,True
sex=1_AP=1_trial=16,ABpo,1.923771498996447e-13,1.923771498996447e-13,0.0,0.0,True
sex=1_AP=1_trial=16,G,2.5852445535881432e-06,2.5852445535881432e-06,0.0,0.0,True
sex=1_AP=1_trial=16,tau,2.980315170439763e-08,2.980315170439763e-08,0.0,0.0,True
sex=1_AP=1_trial=16,Fi,-2.7536772057397235e-14,-2.7536772057397235e-14,0.0,0.0,True
sex=1_AP=1_trial=16,Fo,2.856046414106581e-19,2.856046414106581e-19,0.0,0.0,True
sex=1_AP=1_trial=16,N,-1.435542316323779e-08,-1.435542316323779e-08,0.0,0.0,True
sex=1_AP=1_trial=16,A,4.833131904360511e-15,4.833131904360511e-15,0.0,0.0,True
sex=1_AP=1_trial=16,M_NA,-2.594960697613895e-07,-2.594960697613895e-07,0.0,0.0,True
sex=1_AP=1_trial=16,M_pro,-2.2291209763385453e-16,-2.2291209763385453e-16,0.0,0.0,True
sex=1_AP=1_trial=16,M_anti,2.5949606998430167e-07,2.5949606998430167e-07,0.0,0.0,True
sex=1_AP=1_trial=16,Mh_pro,9.690886178669224e-26,9.690886178669224e-26,0.0,0.0,True
sex=1_AP=1_trial=16,Mh_anti,1.6605824611927066e-16,1.6605824611927066e-16,0.0,0.0,True
sex=1_AP=1_trial=16,Tb,-5.094212108759665e-13,-5.094212108759665e-13,0.0,0.0,True
sex=1_AP=1_trial=16,I10,-3.283759498225388e-11,-3.283759498225388e-11,0.0,0.0,True
sex=1_AP=1_trial=16,Ta,-1.1735829989280026e-21,-1.1735829989280026e-21,0.0,0.0,True
sex=1_AP=1_trial=16,P,-1.562818977331219e-19,-1.562818977331219e-19,0.0,0.0,True
sex=1_AP=1_trial=17,ABi,5.72575706072664e-08,5.72575706072664e-08,0.0,0.0,True
sex=1_AP=1_trial=17,ABmo,4.7007538710045994e-07,4.7007538710045994e-07,0.0,0.0,True
sex=1_AP=1_trial=17,ABoo,3.9636448278888876e-08,3.9636448278888876e-08,0.0,0.0,True
sex=1_AP=1_trial=17,ABpo,-4.6981981745493046e-14,-4.6981981745493046e-14,0.0,0.0,True
sex=1_AP=1_trial=17,G,4.110390501320688e-06,4.110390501320688e-06,0.0,0.0,True
sex=1_AP=1_trial=17,tau,-3.2717197728053076e-08,-3.2717197728053076e-08,0.0,0.0,True
sex=1_AP=1_trial=17,Fi,9.80362806415114e-14,9.80362806415114e-14,0.0,0.0,True
sex=1_AP=1_trial=17,Fo,-2.2889319514030906e-19,-2.2889319514030906e-19,0.0,0.0,True
sex=1_AP=1_trial=17,N,-6.075193527865664e-09,-6.0751935278656645e-09,8.271806125530277e-25,1.3615708022450978e-16,True
sex=1_AP=1_trial=17,A,9.164300089150784e-15,9.164300089150784e-15,0.0,0.0,True
sex=1_AP=1_trial=17,M_NA,-1.0640623194853785e-07,-1.0640623194853785e-07,0.0,0.0,True
sex=1_AP=1_trial=17,M_pro,5.897321539042347e-16,5.897321539042347e-16,0.0,0.0,True
sex=1_AP=1_trial=17,M_anti,1.064062313588057e-07,1.064062313588057e-07,0.0,0.0,True
sex=1_AP=1_trial=17,Mh_pro,2.727590007312503e-25,2.727590007312503e-25,0.0,0.0,True
sex=1_AP=1_trial=17,Mh_anti,2.49213262756642e-16,2.49213262756642e-16,0.0,0.0,True
sex=1_AP=1_trial=17,Tb,-1.128042124472683e-12,-1.128042124472683e-12,0.0,0.0,True
sex=1_AP=1_trial=17,I10,-4.734373954698927e-11,-4.734373954698927e-11,0.0,0.0,True
sex=1_AP=1_trial=17,Ta,-6.149098521503722e-20,-6.149098521503722e-20,0.0,0.0,True
sex=1_AP=1_trial=17,P,-5.849871842771035e-19,-5.849871842771035e-19,0.0,0.0,True
sex=1_AP=1_trial=18,ABi,2.4834402969895117e-07,2.4834402969895117e-07,0.0,0.0,True
sex=1_AP=1_trial=18,ABmo,4.5741043494976704e-07,4.5741043494976704e-07,0.0,0.0,True
sex=1_AP=1_trial=18,ABoo,-2.692348082647943e-10,-2.692348082647943e-10,0.0,0.0,True
sex=1_AP=1_trial=18,ABpo,-3.0262672249469247e-14,-3.0262672249469247e-14,0.0,0.0,True
sex=1_AP=1_trial=18,G,3.019975991360133e-06,3.019975991360133e-06,0.0,0.0,True
sex=1_AP=1_trial=18,tau,-1.2005171305342413e-08,-1.2005171305342413e-08,0.0,0.0,True
sex=1_AP=1_trial=18,Fi,-1.0331888239087439e-14,-1.0331888239087439e-14,0.0,0.0,True
sex=1_AP=1_trial=18,Fo,-7.24140696172157e-19,-7.241406961721568e-19,1.925929944387236e-34,2.659607386475854e-16,True
sex=1_AP=1_trial=18,N,-7.889344559854001e-09,-7.889344559854003e-09,1.6543612251060553e-24,2.096956486758731e-16,True
sex=1_AP=1_trial=18,A,5.048639165600427e-15,5.048639165600427e-15,0.0,0.0,True
sex=1_AP=1_trial=18,M_NA,-1.0059172303115881e-07,-1.0059172303115881e-07,0.0,0.0,True
sex=1_AP=1_trial=18,M_pro,5.840375704762635e-16,5.840375704762635e-16,0.0,0.0,True
sex=1_AP=1_trial=18,M_anti,1.0059172244712126e-07,1.0059172244712126e-07,0.0,0.0,True
sex=1_AP=1_trial=18,Mh_pro,1.8322547847061336e-25,1.8322547847061336e-25,0.0,0.0,True
sex=1_AP=1_trial=18,Mh_anti,3.27328838502998e-16,3.27328838502998e-16,0.0,0.0,True
sex=1_AP=1_trial=18,Tb,3.6099613966838253e-12,3.6099613966838253e-12,0.0,0.0,True
sex=1_AP=1_trial=18,I10,2.9416363080064654e-11,2.9416363080064654e-11,0.0,0.0,True
sex=1_AP=1_trial=18,Ta,-5.662267953747799e-21,-5.662267953747799e-21,0.0,0.0,True
sex=1_AP=1_trial=18,P,-1.0628640533276083e-18,-1.0628640533276083e-18,0.0,0.0,True
sex=1_AP=1_trial=19,ABi,6.089357662368167e-07,6.089357662368167e-07,0.0,0.0,True
sex=1_AP=1_trial=19,ABmo,3.0943401358397944e-07,3.0943401358397944e-07,0.0,0.0,True
sex=1_AP=1_trial=19,ABoo,3.158779324727085e-08,3.158779324727085e-08,0.0,0.0,True
sex=1_AP=1_trial=19,ABpo,-6.3880834755588106e-15,-6.3880834755588106e-15,0.0,0.0,True
sex=1_AP=1_trial=19,G,4.509717086299453e-06,4.509717086299453e-06,0.0,0.0,True
sex=1_AP=1_trial=19,tau,-1.550247752008404e-08,-1.550247752008404e-08,0.0,0.0,True
sex=1_AP=1_trial=19,Fi,-8.191573575855822e-15,-8.191573575855822e-15,0.0,0.0,True
sex=1_AP=1_trial=19,Fo,9.88963761819327e-19,9.889637618193268e-19,1.925929944387236e-34,1.947422159174203e-16,True
sex=1_AP=1_trial=19,N,-2.199442322107286e-08,-2.1994423221072857e-08,3.308722450212111e-24,1.5043460867125733e-16,True
sex=1_AP=1_trial=19,A,8.263488162833775e-15,8.263488162833775e-15,0.0,0.0,True
sex=1_AP=1_trial=19,M_NA,-1.4574438274911437e-07,-1.4574438274911437e-07,0.0,0.0,True
sex=1_AP=1_trial=19,M_pro,4.38203532747572e-16,4.38203532747572e-16,0.0,0.0,True
sex=1_AP=1_trial=19,M_anti,1.4574438231091082e-07,1.4574438231091082e-07,0.0,0.0,True
sex=1_AP=1_trial=19,Mh_pro,1.4158615266096913e-25,1.4158615266096913e-25,0.0,0.0,True
sex=1_AP=1_trial=19,Mh_anti,1.4822904798855735e-16,1.4822904798855735e-16,0.0,0.0,True
sex=1_AP=1_trial=19,Tb,1.1541872576918245e-12,1.1541872576918245e-12,0.0,0.0,True
sex=1_AP=1_trial=19,I10,5.2085005235141705e-12,5.2085005235141705e-12,0.0,0.0,True
sex=1_AP=1_trial=19,Ta,-2.7321830958890165e-20,-2.7321830958890165e-20,0.0,0.0,True
sex=1_AP=1_trial=19,P,-2.2608962942931778e-21,-2.2608962942931778e-21,0.0,0.0,True
sex=1_AP=1_trial=20,ABi,7.181774288415616e-07,7.181774288415616e-07,0.0,0.0,True
sex=1_AP=1_trial=20,ABmo,1.111487676705605e-06,1.111487676705605e-06,0.0,0.0,True
sex=1_AP=1_trial=20,ABoo,-1.154389590298834e-08,-1.154389590298834e-08,0.0,0.0,True
sex=1_AP=1_trial=20,ABpo,-4.825585063260809e-14,-4.825585063260809e-14,0.0,0.0,True
sex=1_AP=1_trial=20,G,3.931411785713846e-06,3.931411785713846e-06,0.0,0.0,True
sex=1_AP=1_trial=20,tau,5.40746043200348e-08,5.40746043200348e-08,0.0,0.0,True
sex=1_AP=1_trial=20,Fi,-4.081152192955652e-14,-4.081152192955652e-14,0.0,0.0,True
sex=1_AP=1_trial=20,Fo,1.950494510908551e-17,1.950494510908551e-17,0.0,0.0,True
sex=1_AP=1_trial=20,N,-2.174140282563883e-07,-2.174140282563883e-07,0.0,0.0,True
sex=1_AP=1_trial=20,A,6.398088745606327e-15,6.398088745606327e-15,0.0,0.0,True
sex=1_AP=1_trial=20,M_NA,-6.990669573396928e-08,-6.990669573396928e-08,0.0,0.0,True
sex=1_AP=1_trial=20,M_pro,6.990432182635379e-16,6.990432182635379e-16,0.0,0.0,True
sex=1_AP=1_trial=20,M_anti,6.990669503492606e-08,6.990669503492606e-08,0.0,0.0,True
sex=1_AP=1_trial=20,Mh_pro,1.3747501248561907e-25,1.3747501248561907e-25,0.0,0.0,True
sex=1_AP=1_trial=20,Mh_anti,1.2433423479177498e-16,1.2433423479177498e-16,0.0,0.0,True
sex=1_AP=1_trial=20,Tb,4.670545401885897e-12,4.670545401885897e-12,0.0,0.0,True
sex=1_AP=1_trial=20,I10,4.140209738917099e-11,4.140209738917099e-11,0.0,0.0,True
sex=1_AP=1_trial=20,Ta,3.083728888430499e-20,3.083728888430499e-20,0.0,0.0,True
sex=1_AP=1_trial=20,P,9.256601605503678e-19,9.256601605503678e-19,0.0,0.0,True
sex=1_AP=1_trial=21,ABi,6.54402714070103e-07,6.54402714070103e-07,0.0,0.0,True
sex=1_AP=1_trial=21,ABmo,7.635040717212071e-08,7.635040717212071e-08,0.0,0.0,True
sex=1_AP=1_trial=21,ABoo,5.816976713665592e-08,5.816976713665592e-08,0.0,0.0,True
sex=1_AP=1_trial=21,ABpo,-4.551858443285095e-14,-4.551858443285095e-14,0.0,0.0,True
sex=1_AP=1_trial=21,G,2.418862598866576e-06,2.418862598866576e-06,0.0,0.0,True
sex=1_AP=1_trial=21,tau,1.9474990991219366e-08,1.9474990991219366e-08,0.0,0.0,True
sex=1_AP=1_trial=21,Fi,-3.3591546696488876e-15,-3.3591546696488876e-15,0.0,0.0,True
sex=1_AP=1_trial=21,Fo,-1.4456259588048525e-19,-1.445625958804852e-19,4.81482486096809e-35,3.3306159395122283e-16,True
sex=1_AP=1_trial=21,N,-6.178093190947419e-09,-6.17809319094742e-09,8.271806125530277e-25,1.3388930645544025e-16,True
sex=1_AP=1_trial=21,A,8.153786697517925e-15,8.153786697517925e-15,0.0,0.0,True
sex=1_AP=1_trial=21,M_NA,-3.7235319645810247e-08,-3.7235319645810247e-08,0.0,0.0,True
sex=1_AP=1_trial=21,M_pro,1.2334009532069013e-15,1.2334009532069013e-15,0.0,0.0,True
sex=1_AP=1_trial=21,M_anti,3.723531841240928e-08,3.723531841240928e-08,0.0,0.0,True
sex=1_AP=1_trial=21,Mh_pro,3.039322596977164e-25,3.039322596977164e-25,0.0,0.0,True
sex=1_AP=1_trial=21,Mh_anti,2.270720086885194e-16,2.270720086885194e-16,0.0,0.0,True
sex=1_AP=1_trial=21,Tb,3.5842272881703116e-12,3.5842272881703116e-12,0.0,0.0,True
sex=1_AP=1_trial=21,I10,2.3749240741162614e-12,2.3749240741162614e-12,0.0,0.0,True
sex=1_AP=1_trial=21,Ta,-1.5325569400743388e-20,-1.5325569400743388e-20,0.0,0.0,True
sex=1_AP=1_trial=21,P,2.809232584774993e-19,2.809232584774993e-19,0.0,0.0,True
sex=1_AP=1_trial=22,ABi,1.5213467050750733e-07,1.5213467050750733e-07,0.0,0.0,True
sex=1_AP=1_trial=22,ABmo,5.53387818579639e-07,5.53387818579639e-07,0.0,0.0,True
sex=1_AP=1_trial=22,ABoo,-2.9732693779999088e-08,-2.9732693779999088e-08,0.0,0.0,True
sex=1_AP=1_trial=22,ABpo,6.498154958483179e-14,6.498154958483179e-14,0.0,0.0,True
sex=1_AP=1_trial=22,G,1.791548878471407e-06,1.791548878471407e-06,0.0,0.0,True
sex=1_AP=1_trial=22,tau,2.7233246573750957e-08,2.7233246573750957e-08,0.0,0.0,True
sex=1_AP=1_trial=22,Fi,-1.6433562361433308e-14,-1.6433562361433308e-14,0.0,0.0,True
sex=1_AP=1_trial=22,Fo,-6.910577404034309e-19,-6.910577404034309e-19,0.0,0.0,True
sex=1_AP=1_trial=22,N,-3.0057814948577225e-09,-3.0057814948577225e-09,0.0,0.0,True
sex=1_AP=1_trial=22,A,8.8644024288637e-15,8.8644024288637e-15,0.0,0.0,True
sex=1_AP=1_trial=22,M_NA,-1.9600471419096658e-07,-1.9600471419096658e-07,0.0,0.0,True
sex=1_AP=1_trial=22,M_pro,-4.844646686188751e-16,-4.844646686188751e-16,0.0,0.0,True
sex=1_AP=1_trial=22,M_anti,1.9600471467543128e-07,1.9600471467543128e-07,0.0,0.0,True
sex=1_AP=1_trial=22,Mh_pro,1.50083095698191e-25,1.50083095698191e-25,0.0,0.0,True
sex=1_AP=1_trial=22,Mh_anti,1.3434179577600824e-16,1.3434179577600824e-16,0.0,0.0,True
sex=1_AP=1_trial=22,Tb,-1.1142448779872989e-12,-1.1142448779872989e-12,0.0,0.0,True
sex=1_AP=1_trial=22,I10,-4.938267413991546e-12,-4.938267413991546e-12,0.0,0.0,True
sex=1_AP=1_trial=22,Ta,-7.250202798227078e-21,-7.250202798227078e-21,0.0,0.0,True
sex=1_AP=1_trial=22,P,4.695580200043295e-19,4.695580200043295e-19,0.0,0.0,True
sex=1_AP=1_trial=23,ABi,-3.690627155188708e-07,-3.690627155188708e-07,0.0,0.0,True
sex=1_AP=1_trial=23,ABmo,-1.1187121729366212e-07,-1.1187121729366212e-07,0.0,0.0,True
sex=1_AP=1_trial=23,ABoo,1.953014872720094e-08,1.953014872720094e-08,0.0,0.0,True
sex=1_AP=1_trial=23,ABpo,-1.9056929700667014e-14,-1.9056929700667014e-14,0.0,0.0,True
sex=1_AP=1_trial=23,G,5.189838787748575e-07,5.189838787748575e-07,0.0,0.0,True
sex=1_AP=1_trial=23,tau,-7.043258789978525e-08,-7.043258789978525e-08,0.0,0.0,True
sex=1_AP=1_trial=23,Fi,3.7765902870388215e-14,3.7765902870388215e-14,0.0,0.0,True
sex=1_AP=1_trial=23,Fo,-4.957816206060877e-19,-4.957816206060877e-19,0.0,0.0,True
sex=1_AP=1_trial=23,N,-1.4130577122701182e-09,-1.4130577122701182e-09,0.0,0.0,True
sex=1_AP=1_trial=23,A,5.281660632036213e-15,5.281660632036213e-15,0.0,0.0,True
sex=1_AP=1_trial=23,M_NA,-2.421877527587357e-07,-2.421877527587357e-07,0.0,0.0,True
sex=1_AP=1_trial=23,M_pro,-1.4388758764339335e-15,-1.4388758764339335e-15,0.0,0.0,True
sex=1_AP=1_trial=23,M_anti,2.4218775419761155e-07,2.4218775419761155e-07,0.0,0.0,True
sex=1_AP=1_trial=23,Mh_pro,6.481843329456824e-26,6.481843329456824e-26,0.0,0.0,True
sex=1_AP=1_trial=23,Mh_anti,1.3318800469638466e-16,1.3318800469638466e-16,0.0,0.0,True
sex=1_AP=1_trial=23,Tb,-1.0306241600366576e-12,-1.0306241600366576e-12,0.0,0.0,True
sex=1_AP=1_trial=23,I10,-2.3837203242084552e-11,-2.3837203242084552e-11,0.0,0.0,True
sex=1_AP=1_trial=23,Ta,5.634832877972929e-20,5.634832877972929e-20,0.0,0.0,True
sex=1_AP=1_trial=23,P,5.3220859265419665e-19,5.3220859265419665e-19,0.0,0.0,True
sex=1_AP=1_trial=24,ABi,-2.3802159399988276e-07,-2.3802159399988276e-07,0.0,0.0,True
sex=1_AP=1_trial=24,ABmo,-6.577644949797404e-08,-6.577644949797404e-08,0.0,0.0,True
sex=1_AP=1_trial=24,ABoo,-2.057376238367814e-09,-2.057376238367814e-09,0.0,0.0,True
sex=1_AP=1_trial=24,ABpo,-2.2176956912034813e-14,-2.2176956912034813e-14,0.0,0.0,True
sex=1_AP=1_trial=24,G,-1.904527070193555e-06,-1.904527070193555e-06,0.0,0.0,True
sex=1_AP=1_trial=24,tau,1.2231600102222905e-08,1.2231600102222905e-08,0.0,0.0,True
sex=1_AP=1_trial=24,Fi,-2.0195929575137587e-14,-2.0195929575137587e-14,0.0,0.0,True
sex=1_AP=1_trial=24,Fo,-3.720654361131224e-19,-3.720654361131223e-19,9.62964972193618e-35,2.5881602501255695e-16,True
sex=1_AP=1_trial=24,N,-3.6208604034439937e-09,-3.620860403443994e-09,4.1359030627651384e-25,1.1422431692840906e-16,True
sex=1_AP=1_trial=24,A,7.61701506772554e-15,7.61701506772554e-15,0.0,0.0,True
sex=1_AP=1_trial=24,M_NA,-3.5454359042371833e-07,-3.5454359042371833e-07,0.0,0.0,True
sex=1_AP=1_trial=24,M_pro,1.6853046837908923e-15,1.6853046837908923e-15,0.0,0.0,True
sex=1_AP=1_trial=24,M_anti,3.545435887384137e-07,3.545435887384137e-07,0.0,0.0,True
sex=1_AP=1_trial=24,Mh_pro,1.0050521330414654e-25,1.0050521330414654e-25,0.0,0.0,True
sex=1_AP=1_trial=24,Mh_anti,1.2044264270883165e-16,1.2044264270883165e-16,0.0,0.0,True
sex=1_AP=1_trial=24,Tb,4.158058405096036e-12,4.158058405096036e-12,0.0,0.0,True
sex=1_AP=1_trial=24,I10,-1.7786408482077182e-11,-1.7786408482077182e-11,0.0,0.0,True
sex=1_AP=1_trial=24,Ta,-3.97344959483715e-20,-3.97344959483715e-20,0.0,0.0,True
sex=1_AP=1_trial=24,P,-1.79289715490624e-20,-1.79289715490624e-20,0.0,0.0,True
