source,run_id,age,module_members,module_size,intra_module_edges,influence_share,intra_module_positive_fraction,contains_top_hub,top_hub,matches_hypothesized_inflammatory_module,hypothesized_module_subset_of_this_module
default,default,30.0,I10;IL4;M_NA;M_anti,4,4,0.11023063905445327,0.5,False,P,False,False
default,default,30.0,ABm;N;Ta,3,2,0.36984432773070486,0.5,False,P,False,False
default,default,30.0,A;P,2,1,0.4862396708906623,1.0,True,P,False,False
default,default,30.0,ABi,1,0,0.0,,False,P,False,False
default,default,30.0,ABo,1,0,0.0,,False,P,False,False
default,default,30.0,ABp,1,0,0.0,,False,P,False,False
default,default,30.0,G,1,0,0.0,,False,P,False,False
default,default,30.0,tau,1,0,0.0,,False,P,False,False
default,default,30.0,Fi,1,0,0.0,,False,P,False,False
default,default,30.0,Fo,1,0,0.0,,False,P,False,False
default,default,30.0,M_pro,1,0,0.0,,False,P,False,False
default,default,30.0,Mh_pro,1,0,0.0,,False,P,False,False
default,default,30.0,Mh_anti,1,0,0.0,,False,P,False,False
default,default,30.0,Tb,1,0,0.0,,False,P,False,False
default,default,30.0,IL1,1,0,0.0,,False,P,False,False
default,default,30.0,IL12,1,0,0.0,,False,P,False,False
default,default,31.0,ABi;I10;IL1;IL12;IL4;M_NA;M_anti;M_pro;Mh_pro;Ta;Tb,11,36,0.20325879071993047,0.6111111111111112,False,P,False,False
default,default,31.0,ABm;ABo;ABp;N,4,3,0.2573614055750212,1.0,False,P,False,False
default,default,31.0,Fi;Fo;tau,3,3,0.02467096681841591,0.6666666666666666,False,P,False,False
default,default,31.0,A;Mh_anti;P,3,2,0.35472993628418337,1.0,True,P,False,False
default,default,31.0,G,1,0,0.0,,False,P,False,False
default,default,32.0,I10;IL1;IL12;IL4;M_NA;M_anti;M_pro;Mh_pro;Ta;Tb,10,36,0.2437137326091562,0.6388888888888888,True,Mh_pro,False,False
default,default,32.0,ABi;ABm;ABo;ABp;N,5,4,0.2334255614342683,1.0,False,Mh_pro,False,False
default,default,32.0,Fi;Fo;tau,3,3,0.05973600588369974,0.6666666666666666,False,Mh_pro,False,False
default,default,32.0,A;Mh_anti;P,3,2,0.2723507194234861,1.0,False,Mh_pro,False,False
default,default,32.0,G,1,0,0.0,,False,Mh_pro,False,False
default,default,33.0,IL1;IL12;IL4;M_NA;M_anti;M_pro;Tb,7,22,0.05686529286308998,0.6818181818181818,False,Mh_pro,False,False
default,default,33.0,ABi;ABm;ABo;ABp;N,5,4,0.22305602955445358,1.0,False,Mh_pro,False,False
default,default,33.0,Fi;Fo;tau,3,3,0.08647668528221043,0.6666666666666666,False,Mh_pro,False,False
default,default,33.0,I10;Mh_pro;Ta,3,3,0.16284298344882142,0.6666666666666666,True,Mh_pro,False,False
default,default,33.0,A;Mh_anti;P,3,2,0.21431756746522693,1.0,False,Mh_pro,False,False
default,default,33.0,G,1,0,0.0,,False,Mh_pro,False,False
default,default,34.0,IL1;IL12;IL4;M_NA;M_anti;M_pro;Tb,7,23,0.0854045811992637,0.6956521739130435,False,Mh_pro,False,False
default,default,34.0,A;I10;Mh_anti;Mh_pro;P;Ta,6,13,0.4426869259281408,0.8461538461538461,True,Mh_pro,False,False
default,default,34.0,ABi;ABm;ABo;ABp;N,5,4,0.21552808162773082,1.0,False,Mh_pro,False,False
default,default,34.0,Fi;Fo;tau,3,3,0.10445605154939133,0.6666666666666666,False,Mh_pro,False,False
default,default,34.0,G,1,0,0.0,,False,Mh_pro,False,False
default,default,35.0,IL1;IL12;IL4;M_NA;M_anti;M_pro;Tb,7,23,0.11515985651430709,0.6956521739130435,False,Mh_pro,False,False
default,default,35.0,A;I10;Mh_anti;Mh_pro;P;Ta,6,13,0.37211660246206096,0.7692307692307693,True,Mh_pro,False,False
default,default,35.0,ABi;Fi;Fo;tau,4,4,0.11693910350154328,0.5,False,Mh_pro,False,False
default,default,35.0,ABm;ABo;ABp;N,4,3,0.20806783135759988,1.0,False,Mh_pro,False,False
default,default,35.0,G,1,0,0.0,,False,Mh_pro,False,False
default,default,36.0,I10;IL1;IL12;M_pro;Mh_pro;Ta,6,14,0.2298972102963639,0.7142857142857143,True,Mh_pro,False,False
default,default,36.0,ABi;Fi;Fo;tau,4,4,0.1260205758656843,0.5,False,Mh_pro,False,False
default,default,36.0,ABm;ABo;ABp;N,4,3,0.20073023832699907,1.0,False,Mh_pro,False,False
default,default,36.0,IL4;M_NA;M_anti;Tb,4,7,0.05390452666497181,0.8571428571428571,False,Mh_pro,False,False
default,default,36.0,A;Mh_anti;P,3,2,0.11861207094199114,1.0,False,Mh_pro,False,False
default,default,36.0,G,1,0,0.0,,False,Mh_pro,False,False
default,default,37.0,I10;IL1;IL12;M_pro;Mh_pro;Ta,6,14,0.23380410343529978,0.7142857142857143,True,M_pro,False,False
default,default,37.0,ABi;Fi;Fo;tau,4,4,0.1331515808963689,0.5,False,M_pro,False,False
default,default,37.0,ABm;ABo;ABp;N,4,3,0.19318894327297748,1.0,False,M_pro,False,False
default,default,37.0,IL4;M_NA;M_anti;Tb,4,7,0.06473930767988406,0.8571428571428571,False,M_pro,False,False
default,default,37.0,A;Mh_anti;P,3,2,0.10130881431797455,1.0,False,M_pro,False,False
default,default,37.0,G,1,0,0.0,,False,M_pro,False,False
default,default,38.0,A;I10;Mh_anti;Mh_pro;P,5,9,0.18089700252418162,0.7777777777777778,False,M_pro,False,False
default,default,38.0,ABi;Fi;Fo;tau,4,4,0.13889091505658452,0.5,False,M_pro,False,False
default,default,38.0,ABm;ABo;ABp;N,4,3,0.18550047358161273,1.0,False,M_pro,False,False
default,default,38.0,IL4;M_NA;M_anti;Tb,4,7,0.07500340363962123,0.8571428571428571,False,M_pro,False,False
default,default,38.0,IL1;IL12;M_pro;Ta,4,7,0.12552887169961813,1.0,True,M_pro,False,False
default,default,38.0,G,1,0,0.0,,False,M_pro,False,False
default,default,39.0,A;I10;Mh_anti;Mh_pro;P,5,9,0.15957599194931982,0.7777777777777778,False,M_pro,False,False
default,default,39.0,ABi;Fi;Fo;tau,4,4,0.14350051452515675,0.5,False,M_pro,False,False
default,default,39.0,ABm;ABo;ABp;N,4,3,0.1778581311549119,1.0,False,M_pro,False,False
default,default,39.0,IL4;M_NA;M_anti;Tb,4,7,0.08433996697633149,0.8571428571428571,False,M_pro,False,False
default,default,39.0,IL1;IL12;M_pro;Ta,4,7,0.13743185418140527,1.0,True,M_pro,False,False
default,default,39.0,G,1,0,0.0,,False,M_pro,False,False
default,default,40.0,I10;IL4;M_NA;M_anti;Tb,5,12,0.13264908633318956,0.75,False,M_pro,False,False
default,default,40.0,ABi;Fi;Fo;tau,4,4,0.14714633110579112,0.5,False,M_pro,False,False
default,default,40.0,ABm;ABo;ABp;N,4,3,0.17048715884723906,1.0,False,M_pro,False,False
default,default,40.0,IL1;IL12;M_pro;Ta,4,7,0.14699056164264232,1.0,True,M_pro,False,False
default,default,40.0,A;Mh_anti;Mh_pro;P,4,6,0.10511804480754139,0.8333333333333334,False,M_pro,False,False
default,default,40.0,G,1,0,0.0,,False,M_pro,False,False
default,default,41.0,I10;IL4;M_NA;M_anti;Tb,5,12,0.14402846998811095,0.75,False,M_pro,False,False
default,default,41.0,ABi;Fi;Fo;tau,4,4,0.14994759094296767,0.5,False,M_pro,False,False
default,default,41.0,ABm;ABo;ABp;N,4,3,0.16354704908884443,1.0,False,M_pro,False,False
default,default,41.0,IL1;IL12;M_pro;Ta,4,7,0.1545618924341286,1.0,True,M_pro,False,False
default,default,41.0,A;Mh_anti;Mh_pro;P,4,6,0.09634984020506136,1.0,False,M_pro,False,False
default,default,41.0,G,1,0,0.0,,False,M_pro,False,False
default,default,42.0,I10;IL4;M_NA;M_anti;Tb,5,12,0.15425430758996547,0.75,False,M_pro,False,False
default,default,42.0,ABi;Fi;Fo;tau,4,4,0.15200535494541365,0.5,False,M_pro,False,False
default,default,42.0,ABm;ABo;ABp;N,4,3,0.15712384237544433,1.0,False,M_pro,False,False
default,default,42.0,IL1;IL12;M_pro;Ta,4,7,0.16044016695158744,1.0,True,M_pro,False,False
default,default,42.0,A;Mh_anti;Mh_pro;P,4,6,0.0901320087145825,1.0,False,M_pro,False,False
default,default,42.0,G,1,0,0.0,,False,M_pro,False,False
default,default,43.0,I10;IL4;M_NA;M_anti;Tb,5,12,0.16340917954440998,0.75,False,M_pro,False,False
default,default,43.0,ABi;Fi;Fo;tau,4,4,0.153406239216783,0.5,False,M_pro,False,False
default,default,43.0,ABm;ABo;ABp;N,4,3,0.15123887271504016,1.0,False,M_pro,False,False
default,default,43.0,IL1;IL12;M_pro;Ta,4,7,0.16485893890345069,1.0,True,M_pro,False,False
default,default,43.0,A;Mh_anti;Mh_pro;P,4,6,0.08596853990104962,1.0,False,M_pro,False,False
default,default,43.0,G,1,0,0.0,,False,M_pro,False,False
default,default,44.0,I10;IL4;M_NA;M_anti;Tb,5,12,0.17158862890876614,0.75,False,M_pro,False,False
default,default,44.0,A;ABp;Mh_anti;Mh_pro;P,5,8,0.09691586903141118,0.875,False,M_pro,False,False
default,default,44.0,ABi;Fi;Fo;tau,4,4,0.15423141036138321,0.5,False,M_pro,False,False
default,default,44.0,IL1;IL12;M_pro;Ta,4,7,0.1680092464804358,1.0,True,M_pro,False,False
default,default,44.0,ABm;ABo;N,3,2,0.13085625097401976,1.0,False,M_pro,False,False
default,default,44.0,G,1,0,0.0,,False,M_pro,False,False
default,default,45.0,I10;IL4;M_NA;M_anti;Tb,5,12,0.17888849788779107,0.75,False,M_pro,False,False
default,default,45.0,A;ABp;Mh_anti;Mh_pro;P,5,8,0.09721268182926104,0.875,False,M_pro,False,False
default,default,45.0,ABi;Fi;Fo;tau,4,4,0.15456075912827497,0.5,False,M_pro,False,False
default,default,45.0,IL1;IL12;M_pro;Ta,4,7,0.17005419983738213,1.0,True,M_pro,False,False
default,default,45.0,ABm;ABo;N,3,2,0.12590145309424758,1.0,False,M_pro,False,False
default,default,45.0,G,1,0,0.0,,False,M_pro,False,False
default,default,46.0,I10;IL4;M_NA;M_anti;Tb,5,12,0.18539973116762,0.75,False,M_pro,False,False
default,default,46.0,A;ABp;Mh_anti;Mh_pro;P,5,8,0.09861382350758947,0.875,False,M_pro,False,False
default,default,46.0,ABi;ABm;ABo;N,4,3,0.1219568555542294,1.0,False,M_pro,False,False
default,default,46.0,IL1;IL12;M_pro;Ta,4,7,0.17113699556855091,1.0,True,M_pro,False,False
default,default,46.0,Fi;Fo;tau,3,3,0.15398782451657347,0.6666666666666666,False,M_pro,False,False
default,default,46.0,G,1,0,0.0,,False,M_pro,False,False
default,default,47.0,I10;IL4;M_NA;M_anti;Tb,5,12,0.1912065698052893,0.75,False,M_pro,False,False
default,default,47.0,A;ABp;Mh_anti;Mh_pro;P,5,8,0.10091523504951312,0.875,False,M_pro,False,False
default,default,47.0,ABi;ABm;ABo;N,4,3,0.11796021763103488,1.0,False,M_pro,False,False
default,default,47.0,IL1;IL12;M_pro;Ta,4,7,0.171385484893502,1.0,True,M_pro,False,False
default,default,47.0,Fi;Fo;tau,3,3,0.1535595691591312,0.6666666666666666,False,M_pro,False,False
default,default,47.0,G,1,0,0.0,,False,M_pro,False,False
default,default,48.0,I10;IL4;M_NA;M_anti;Tb,5,12,0.19638624501035132,0.75,False,M_pro,False,False
default,default,48.0,A;ABp;Mh_anti;Mh_pro;P,5,8,0.10394688595690307,0.875,False,M_pro,False,False
default,default,48.0,ABi;ABm;ABo;N,4,3,0.1143616700810093,1.0,False,M_pro,False,False
default,default,48.0,IL1;IL12;M_pro;Ta,4,7,0.1709146885368473,1.0,True,M_pro,False,False
default,default,48.0,Fi;Fo;tau,3,3,0.15285856226337186,0.6666666666666666,False,M_pro,False,False
default,default,48.0,G,1,0,0.0,,False,M_pro,False,False
default,default,49.0,I10;IL4;M_NA;M_anti;Tb,5,12,0.20100938523607398,0.75,False,M_pro,False,False
default,default,49.0,A;ABp;Mh_anti;Mh_pro;P,5,8,0.10756527494358871,0.875,False,M_pro,False,False
default,default,49.0,ABi;ABm;ABo;N,4,3,0.11111497160757881,1.0,False,M_pro,False,False
default,default,49.0,IL1;IL12;M_pro;Ta,4,7,0.16982832570162912,1.0,True,M_pro,False,False
default,default,49.0,Fi;Fo;tau,3,3,0.15194697646036795,0.6666666666666666,False,M_pro,False,False
default,default,49.0,G,1,0,0.0,,False,M_pro,False,False
default,default,50.0,I10;IL4;M_NA;M_anti;Tb,5,12,0.2051405546360664,0.75,False,M_pro,False,False
default,default,50.0,A;ABp;Mh_anti;Mh_pro;P,5,8,0.11164814324556964,0.875,False,M_pro,False,False
default,default,50.0,ABi;ABm;ABo;N,4,3,0.10817924963928129,1.0,False,M_pro,False,False
default,default,50.0,IL1;IL12;M_pro;Ta,4,7,0.16821982176965963,1.0,True,M_pro,False,False
default,default,50.0,Fi;Fo;tau,3,3,0.15087953271366872,0.6666666666666666,False,M_pro,False,False
default,default,50.0,G,1,0,0.0,,False,M_pro,False,False
default,default,51.0,I10;IL4;M_NA;M_anti;Tb,5,12,0.20883873336700223,0.75,False,M_pro,False,False
default,default,51.0,A;ABp;Mh_anti;Mh_pro;P,5,8,0.11609071549475566,0.875,False,M_pro,False,False
default,default,51.0,ABi;ABm;ABo;N,4,3,0.10551869138163865,1.0,False,M_pro,False,False
default,default,51.0,IL1;IL12;M_pro;Ta,4,7,0.16617302944861703,1.0,True,M_pro,False,False
default,default,51.0,Fi;Fo;tau,3,3,0.14970333992664028,0.6666666666666666,False,M_pro,False,False
default,default,51.0,G,1,0,0.0,,False,M_pro,False,False
default,default,52.0,I10;IL4;M_NA;M_anti;Tb,5,12,0.2121577786378172,0.75,False,M_pro,False,False
default,default,52.0,A;ABp;Mh_anti;Mh_pro;P,5,8,0.1208029324960414,0.875,False,M_pro,False,False
default,default,52.0,ABi;ABm;ABo;N,4,3,0.10310203773211207,1.0,False,M_pro,False,False
default,default,52.0,IL1;IL12;M_pro;Ta,4,7,0.16376287925781643,1.0,True,M_pro,False,False
default,default,52.0,Fi;Fo;tau,3,3,0.1484581623032071,0.6666666666666666,False,M_pro,False,False
default,default,52.0,G,1,0,0.0,,False,M_pro,False,False
default,default,53.0,I10;IL4;M_NA;M_anti;Tb,5,12,0.2151468062359893,0.75,False,M_pro,False,False
default,default,53.0,A;ABp;Mh_anti;Mh_pro;P,5,8,0.125707396533895,0.875,False,M_pro,False,False
default,default,53.0,ABi;ABm;ABo;N,4,3,0.10090206734004764,1.0,False,M_pro,False,False
default,default,53.0,IL1;IL12;M_pro;Ta,4,7,0.16105599143720473,1.0,True,M_pro,False,False
default,default,53.0,Fi;Fo;tau,3,3,0.14717693928271702,0.6666666666666666,False,M_pro,False,False
default,default,53.0,G,1,0,0.0,,False,M_pro,False,False
default,default,54.0,I10;IL4;M_NA;M_anti;Tb,5,12,0.21785046965810956,0.75,False,M_pro,False,False
default,default,54.0,A;ABp;Mh_anti;Mh_pro;P,5,8,0.1307377998921683,0.875,False,M_pro,False,False
default,default,54.0,ABi;ABm;ABo;N,4,3,0.09889510571337369,1.0,False,M_pro,False,False
default,default,54.0,IL1;IL12;M_pro;Ta,4,7,0.15811123070670477,1.0,True,M_pro,False,False
default,default,54.0,Fi;Fo;tau,3,3,0.14588647161141985,0.6666666666666666,False,M_pro,False,False
default,default,54.0,G,1,0,0.0,,False,M_pro,False,False
default,default,55.0,I10;IL4;M_NA;M_anti;Tb,5,12,0.22030920029062964,0.75,False,Fo,False,False
default,default,55.0,A;ABp;Mh_anti;Mh_pro;P,5,8,0.13583764535954376,0.875,False,Fo,False,False
default,default,55.0,ABi;ABm;ABo;N,4,3,0.09706055399819871,1.0,False,Fo,False,False
default,default,55.0,IL1;IL12;M_pro;Ta,4,7,0.15498025970518145,1.0,False,Fo,False,False
default,default,55.0,Fi;Fo;tau,3,3,0.14460817875049212,0.6666666666666666,True,Fo,False,False
default,default,55.0,G,1,0,0.0,,False,Fo,False,False
default,default,56.0,I10;IL4;M_NA;M_anti;Tb,5,12,0.22255944754233653,0.75,False,Fo,False,False
default,default,56.0,A;ABp;Mh_anti;Mh_pro;P,5,8,0.1409591421660948,0.875,False,Fo,False,False
default,default,56.0,ABi;ABm;ABo;N,4,3,0.09538044734759335,1.0,False,Fo,False,False
default,default,56.0,IL1;IL12;M_pro;Ta,4,7,0.15170812465460803,1.0,False,Fo,False,False
default,default,56.0,Fi;Fo;tau,3,3,0.14335884277929892,0.6666666666666666,True,Fo,False,False
default,default,56.0,G,1,0,0.0,,False,Fo,False,False
default,default,57.0,I10;IL4;M_NA;M_anti;Tb,5,12,0.22463390089989554,0.75,False,Fo,False,False
default,default,57.0,A;ABp;Mh_anti;Mh_pro;P,5,8,0.14606224718015604,0.875,False,Fo,False,False
default,default,57.0,ABi;ABm;ABo;N,4,3,0.09383907921487036,1.0,False,Fo,False,False
default,default,57.0,IL1;IL12;M_pro;Ta,4,7,0.14833383158273972,1.0,False,Fo,False,False
default,default,57.0,Fi;Fo;tau,3,3,0.14215130728546338,0.6666666666666666,True,Fo,False,False
default,default,57.0,G,1,0,0.0,,False,Fo,False,False
default,default,58.0,I10;IL4;M_NA;M_anti;Tb,5,12,0.22656169586022265,0.75,False,Fo,False,False
default,default,58.0,A;ABp;Mh_anti;Mh_pro;P,5,8,0.15111381318327183,0.875,False,Fo,False,False
default,default,58.0,ABi;ABm;ABo;N,4,3,0.0924226853142251,1.0,False,Fo,False,False
default,default,58.0,IL1;IL12;M_pro;Ta,4,7,0.14489089811514233,1.0,False,Fo,False,False
default,default,58.0,Fi;Fo;tau,3,3,0.14099512068529269,0.6666666666666666,True,Fo,False,False
default,default,58.0,G,1,0,0.0,,False,Fo,False,False
default,default,59.0,I10;IL4;M_NA;M_anti;Tb,5,12,0.2283686251441897,0.75,False,Fo,False,False
default,default,59.0,A;ABp;Mh_anti;Mh_pro;P,5,8,0.156086803422239,0.875,False,Fo,False,False
default,default,59.0,ABi;ABm;ABo;N,4,3,0.09111916747676017,1.0,False,Fo,False,False
default,default,59.0,IL1;IL12;M_pro;Ta,4,7,0.14140789334061857,1.0,False,Fo,False,False
default,default,59.0,Fi;Fo;tau,3,3,0.13989711147717618,0.6666666666666666,True,Fo,False,False
default,default,59.0,G,1,0,0.0,,False,Fo,False,False
default,default,60.0,I10;IL4;M_NA;M_anti;Tb,5,12,0.23007734685724088,0.75,False,Fo,False,False
default,default,60.0,IL1;IL12;M_pro;Mh_pro;Ta,5,9,0.16858368765194218,1.0,False,Fo,False,False
default,default,60.0,ABi;ABm;ABo;N,4,3,0.08991786485875722,1.0,False,Fo,False,False
default,default,60.0,A;ABp;Mh_anti;P,4,4,0.13245677432991962,0.75,False,Fo,False,False
default,default,60.0,Fi;Fo;tau,3,3,0.13886190164985315,0.6666666666666666,True,Fo,False,False
default,default,60.0,G,1,0,0.0,,False,Fo,False,False
default,default,61.0,I10;IL4;M_NA;M_anti;Tb,5,12,0.23170761617766997,0.75,False,Fo,False,False
default,default,61.0,IL1;IL12;M_pro;Mh_pro;Ta,5,9,0.16557031016170073,1.0,False,Fo,False,False
default,default,61.0,ABi;ABm;ABo;N,4,3,0.08880934701748289,1.0,False,Fo,False,False
default,default,61.0,A;ABp;Mh_anti;P,4,4,0.13694165476618375,0.75,False,Fo,False,False
default,default,61.0,Fi;Fo;tau,3,3,0.13789233199414294,0.6666666666666666,True,Fo,False,False
default,default,61.0,G,1,0,0.0,,False,Fo,False,False
default,default,62.0,I10;IL4;M_NA;M_anti;Tb,5,12,0.23327651768005564,0.75,False,Fo,False,False
default,default,62.0,IL1;IL12;M_pro;Mh_pro;Ta,5,9,0.16253824342631282,1.0,False,Fo,False,False
default,default,62.0,ABi;ABm;ABo;N,4,3,0.08778523959438803,1.0,False,Fo,False,False
default,default,62.0,A;ABp;Mh_anti;P,4,4,0.1413412450497469,0.75,False,Fo,False,False
default,default,62.0,Fi;Fo;tau,3,3,0.1369898208066378,0.6666666666666666,True,Fo,False,False
default,default,62.0,G,1,0,0.0,,False,Fo,False,False
default,default,63.0,I10;IL4;M_NA;M_anti;Tb,5,12,0.23479869524091226,0.75,False,Fo,False,False
default,default,63.0,IL1;IL12;M_pro;Mh_pro;Ta,5,9,0.15949756405739043,1.0,False,Fo,False,False
default,default,63.0,ABi;ABm;ABo;N,4,3,0.0868380791946081,1.0,False,Fo,False,False
default,default,63.0,A;ABp;Mh_anti;P,4,4,0.14564754473382002,0.75,False,Fo,False,False
default,default,63.0,Fi;Fo;tau,3,3,0.13615466289182965,0.6666666666666666,True,Fo,False,False
default,default,63.0,G,1,0,0.0,,False,Fo,False,False
default,default,64.0,I10;IL4;M_NA;M_anti;Tb,5,12,0.23628656760055322,0.75,False,Fo,False,False
default,default,64.0,IL1;IL12;M_pro;Mh_pro;Ta,5,9,0.1564567419758316,1.0,False,Fo,False,False
default,default,64.0,ABi;ABm;ABo;N,4,3,0.08596119724405829,1.0,False,Fo,False,False
default,default,64.0,A;ABp;Mh_anti;P,4,4,0.14985460995991065,0.75,False,Fo,False,False
default,default,64.0,Fi;Fo;tau,3,3,0.13538628841848038,0.6666666666666666,True,Fo,False,False
default,default,64.0,G,1,0,0.0,,False,Fo,False,False
default,default,65.0,I10;IL4;M_NA;M_anti;Tb,5,12,0.23775054440479618,0.75,False,P,False,False
default,default,65.0,IL1;IL12;M_pro;Mh_pro;Ta,5,9,0.15342286732128102,1.0,False,P,False,False
default,default,65.0,ABi;ABm;ABo;N,4,3,0.08514861874411347,1.0,False,P,False,False
default,default,65.0,A;ABp;Mh_anti;P,4,4,0.15395825547130695,0.75,True,P,False,False
default,default,65.0,Fi;Fo;tau,3,3,0.13468347217654728,0.6666666666666666,False,P,False,False
default,default,65.0,G,1,0,0.0,,False,P,False,False
default,default,66.0,I10;IL4;M_NA;M_anti;Tb,5,12,0.23919922735472202,0.75,False,P,False,False
default,default,66.0,IL1;IL12;M_pro;Mh_pro;Ta,5,9,0.15040185212488114,1.0,False,P,False,False
default,default,66.0,ABi;ABm;ABo;N,4,3,0.08439497477556955,1.0,False,P,False,False
default,default,66.0,A;ABp;Mh_anti;P,4,4,0.15795578422230014,0.75,True,P,False,False
default,default,66.0,Fi;Fo;tau,3,3,0.1340445105965935,0.6666666666666666,False,P,False,False
default,default,66.0,G,1,0,0.0,,False,P,False,False
default,default,67.0,I10;IL4;M_NA;M_anti;Tb,5,12,0.24063961395848588,0.75,False,P,False,False
default,default,67.0,IL1;IL12;M_pro;Mh_pro;Ta,5,9,0.14739861218874514,1.0,False,P,False,False
default,default,67.0,ABi;ABm;ABo;N,4,3,0.0836954253497323,1.0,False,P,False,False
default,default,67.0,A;ABp;Mh_anti;P,4,4,0.16184574534532747,0.75,True,P,False,False
default,default,67.0,Fi;Fo;tau,3,3,0.13346735238887986,0.6666666666666666,False,P,False,False
default,default,67.0,G,1,0,0.0,,False,P,False,False
default,default,68.0,I10;IL4;M_NA;M_anti;Tb,5,12,0.24207728407781562,0.75,False,P,False,False
default,default,68.0,IL1;IL12;M_pro;Mh_pro;Ta,5,9,0.14441722221207573,1.0,False,P,False,False
default,default,68.0,ABi;ABm;ABo;N,4,3,0.08304559539163887,1.0,False,P,False,False
default,default,68.0,A;ABp;Mh_anti;P,4,4,0.1656277231737032,0.75,True,P,False,False
default,default,68.0,Fi;Fo;tau,3,3,0.132949706234829,0.6666666666666666,False,P,False,False
default,default,68.0,G,1,0,0.0,,False,P,False,False
default,default,69.0,I10;IL4;M_NA;M_anti;Tb,5,12,0.24351657211029382,0.75,False,P,False,False
default,default,69.0,IL1;IL12;M_pro;Mh_pro;Ta,5,9,0.14146104847064012,1.0,False,P,False,False
default,default,69.0,ABi;ABm;ABo;N,4,3,0.08244152057431933,1.0,False,P,False,False
default,default,69.0,A;ABp;Mh_anti;P,4,4,0.16930215335286652,0.75,True,P,False,False
default,default,69.0,Fi;Fo;tau,3,3,0.13248912734451343,0.6666666666666666,False,P,False,False
default,default,69.0,G,1,0,0.0,,False,P,False,False
default,default,70.0,I10;IL4;M_NA;M_anti;Tb,5,12,0.2449607253264472,0.75,False,P,False,False
default,default,70.0,IL1;IL12;M_pro;Mh_pro;Ta,5,9,0.13853286198182999,1.0,False,P,False,False
default,default,70.0,ABi;ABm;ABo;N,4,3,0.0818796007810303,1.0,False,P,False,False
default,default,70.0,A;ABp;Mh_anti;P,4,4,0.1728701632032743,0.75,True,P,False,False
default,default,70.0,Fi;Fo;tau,3,3,0.13208308599858173,0.6666666666666666,False,P,False,False
default,default,70.0,G,1,0,0.0,,False,P,False,False
default,default,71.0,I10;IL4;M_NA;M_anti;Tb,5,12,0.2464120478606501,0.75,False,P,False,False
default,default,71.0,IL1;IL12;M_pro;Mh_pro;Ta,5,9,0.13563493579210018,1.0,False,P,False,False
default,default,71.0,ABi;ABm;ABo;N,4,3,0.08135655954366733,1.0,False,P,False,False
default,default,71.0,A;ABp;Mh_anti;P,4,4,0.17633343194677448,0.75,True,P,False,False
default,default,71.0,Fi;Fo;tau,3,3,0.13172902183833735,0.6666666666666666,False,P,False,False
default,default,71.0,G,1,0,0.0,,False,P,False,False
default,default,72.0,I10;IL4;M_NA;M_anti;Tb,5,12,0.24787203548952275,0.75,False,P,False,False
default,default,72.0,IL1;IL12;M_pro;Mh_pro;Ta,5,9,0.1327691240170707,1.0,False,P,False,False
default,default,72.0,ABi;ABm;ABo;N,4,3,0.0808694094730996,1.0,False,P,False,False
default,default,72.0,A;ABp;Mh_anti;P,4,4,0.1796940770116003,0.75,True,P,False,False
default,default,72.0,Fi;Fo;tau,3,3,0.13142438170504483,0.6666666666666666,False,P,False,False
default,default,72.0,G,1,0,0.0,,False,P,False,False
default,default,73.0,I10;IL4;M_NA;M_anti;Tb,5,12,0.249341486566425,0.75,False,P,False,False
default,default,73.0,IL1;IL12;M_pro;Mh_pro;Ta,5,9,0.12993694664411662,1.0,False,P,False,False
default,default,73.0,ABi;ABm;ABo;N,4,3,0.08041541762983419,1.0,False,P,False,False
default,default,73.0,A;ABp;Mh_anti;P,4,4,0.1829545274436877,0.75,True,P,False,False
default,default,73.0,Fi;Fo;tau,3,3,0.13116665859826676,0.6666666666666666,False,P,False,False
default,default,73.0,G,1,0,0.0,,False,P,False,False
default,default,74.0,I10;IL4;M_NA;M_anti;Tb,5,12,0.24494528336756205,0.75,False,P,False,False
default,default,74.0,IL1;IL12;M_pro;Mh_pro;Ta,5,9,0.12416145859428859,1.0,False,P,False,False
default,default,74.0,Fi;Fo;G;tau,4,4,0.15131033431012297,0.75,False,P,False,False
default,default,74.0,ABi;ABm;ABo;N,4,3,0.07811831062158231,1.0,False,P,False,False
default,default,74.0,A;ABp;Mh_anti;P,4,4,0.18175775821646625,0.75,True,P,False,False
default,default,75.0,I10;IL4;M_NA;M_anti;Tb,5,12,0.24631015940147577,0.75,False,P,False,False
default,default,75.0,IL1;IL12;M_pro;Mh_pro;Ta,5,9,0.12142090799936299,1.0,False,P,False,False
default,default,75.0,Fi;Fo;G;tau,4,4,0.151446851980999,0.75,False,P,False,False
default,default,75.0,ABi;ABm;ABo;N,4,3,0.07770463668665928,1.0,False,P,False,False
default,default,75.0,A;ABp;Mh_anti;P,4,4,0.18468756374191145,0.75,True,P,False,False
default,default,76.0,I10;IL4;M_NA;M_anti;Tb,5,12,0.24762126317206593,0.75,False,P,False,False
default,default,76.0,IL1;IL12;M_pro;Mh_pro;Ta,5,9,0.11868870613289915,1.0,False,P,False,False
default,default,76.0,Fi;Fo;G;tau,4,4,0.15182340626283358,0.75,False,P,False,False
default,default,76.0,ABi;ABm;ABo;N,4,3,0.07729800565071751,1.0,False,P,False,False
default,default,76.0,A;ABp;Mh_anti;P,4,4,0.18747931272683907,0.75,True,P,False,False
default,default,77.0,I10;IL4;M_NA;M_anti;Tb,5,12,0.24887366089519905,0.75,False,P,False,False
default,default,77.0,IL1;IL12;M_pro;Mh_pro;Ta,5,9,0.11596605236815298,1.0,False,P,False,False
default,default,77.0,Fi;Fo;G;tau,4,4,0.15244241061793767,0.75,False,P,False,False
default,default,77.0,ABi;ABm;ABo;N,4,3,0.07689601712952192,1.0,False,P,False,False
default,default,77.0,A;ABp;Mh_anti;P,4,4,0.19013171351256677,0.75,True,P,False,False
default,default,78.0,I10;IL4;M_NA;M_anti;Tb,5,12,0.25006537855745037,0.75,False,P,False,False
default,default,78.0,IL1;IL12;M_pro;Mh_pro;Ta,5,9,0.11325557344988425,1.0,False,P,False,False
default,default,78.0,Fi;Fo;G;tau,4,4,0.15329700659373532,0.75,False,P,False,False
default,default,78.0,ABi;ABm;ABo;N,4,3,0.07649730576410145,1.0,False,P,False,False
default,default,78.0,A;ABp;Mh_anti;P,4,4,0.1926459889807667,0.75,True,P,False,False
default,default,79.0,I10;IL4;M_NA;M_anti;Tb,5,12,0.2511962955509314,0.75,False,P,False,False
default,default,79.0,IL1;IL12;M_pro;Mh_pro;Ta,5,9,0.1105606178416376,1.0,False,P,False,False
default,default,79.0,Fi;Fo;G;tau,4,4,0.15437501546869764,0.75,False,P,False,False
default,default,79.0,ABi;ABm;ABo;N,4,3,0.07610112357845894,1.0,False,P,False,False
default,default,79.0,A;ABp;Mh_anti;P,4,4,0.19502504615798077,0.75,True,P,False,False
default,default,80.0,I10;IL4;M_NA;M_anti;Tb,5,12,0.25226736256272886,0.75,False,P,False,False
default,default,80.0,IL1;IL12;M_pro;Mh_pro;Ta,5,9,0.10788478777073689,1.0,False,P,False,False
default,default,80.0,Fi;Fo;G;tau,4,4,0.15566160731086084,0.75,False,P,False,False
default,default,80.0,ABi;ABm;ABo;N,4,3,0.07570706599160279,1.0,False,P,False,False
default,default,80.0,A;ABp;Mh_anti;P,4,4,0.19727285800292302,0.75,True,P,False,False
batch,run_0000,30.0,I10;IL4;M_NA;M_anti,4,4,0.14843097179015952,0.5,False,ABm,False,False
batch,run_0000,30.0,A;P;Ta,3,2,0.3504925433588178,1.0,False,ABm,False,False
batch,run_0000,30.0,ABm;N,2,1,0.46724098057407576,1.0,True,ABm,False,False
batch,run_0000,30.0,ABi,1,0,0.0,,False,ABm,False,False
batch,run_0000,30.0,ABo,1,0,0.0,,False,ABm,False,False
batch,run_0000,30.0,ABp,1,0,0.0,,False,ABm,False,False
batch,run_0000,30.0,G,1,0,0.0,,False,ABm,False,False
batch,run_0000,30.0,tau,1,0,0.0,,False,ABm,False,False
batch,run_0000,30.0,Fi,1,0,0.0,,False,ABm,False,False
batch,run_0000,30.0,Fo,1,0,0.0,,False,ABm,False,False
batch,run_0000,30.0,M_pro,1,0,0.0,,False,ABm,False,False
batch,run_0000,30.0,Mh_pro,1,0,0.0,,False,ABm,False,False
batch,run_0000,30.0,Mh_anti,1,0,0.0,,False,ABm,False,False
batch,run_0000,30.0,Tb,1,0,0.0,,False,ABm,False,False
batch,run_0000,30.0,IL1,1,0,0.0,,False,ABm,False,False
batch,run_0000,30.0,IL12,1,0,0.0,,False,ABm,False,False
batch,run_0000,31.0,I10;IL1;IL12;IL4;M_NA;M_anti;M_pro;Tb,8,27,0.09995249354046905,0.6296296296296297,False,ABm,False,False
batch,run_0000,31.0,A;ABi;Mh_anti;Mh_pro;P;Ta,6,11,0.3884630258665221,0.8181818181818182,False,ABm,False,False
batch,run_0000,31.0,ABm;ABo;ABp;N,4,3,0.40292238836263344,1.0,True,ABm,False,False
batch,run_0000,31.0,Fi;Fo;tau,3,3,0.039140862194559076,0.6666666666666666,False,ABm,False,False
batch,run_0000,31.0,G,1,0,0.0,,False,ABm,False,False
batch,run_0000,32.0,I10;IL1;IL12;IL4;M_NA;M_anti;M_pro;Tb,8,27,0.08860270237347391,0.6296296296296297,False,ABm,False,False
batch,run_0000,32.0,ABi;ABm;ABo;ABp;N,5,4,0.3623913886448877,1.0,True,ABm,False,False
batch,run_0000,32.0,A;Mh_anti;Mh_pro;P;Ta,5,10,0.35018393686000676,0.9,False,ABm,False,False
batch,run_0000,32.0,Fi;Fo;tau,3,3,0.09627187091386329,0.6666666666666666,False,ABm,False,False
batch,run_0000,32.0,G,1,0,0.0,,False,ABm,False,False
batch,run_0000,33.0,I10;IL1;IL12;IL4;M_NA;M_anti;M_pro;Tb,8,31,0.10433545325752462,0.6129032258064516,False,ABm,False,False
batch,run_0000,33.0,ABi;ABm;ABo;ABp;N,5,4,0.33076599092861864,1.0,True,ABm,False,False
batch,run_0000,33.0,A;Mh_anti;Mh_pro;P;Ta,5,10,0.29327494846718116,0.9,False,ABm,False,False
batch,run_0000,33.0,Fi;Fo;tau,3,3,0.13582830958692216,0.6666666666666666,False,ABm,False,False
batch,run_0000,33.0,G,1,0,0.0,,False,ABm,False,False
batch,run_0000,34.0,I10;IL1;IL12;IL4;M_NA;M_anti;M_pro;Mh_pro;Ta;Tb,10,38,0.20567078754854978,0.6052631578947368,False,ABm,False,False
batch,run_0000,34.0,ABi;Fi;Fo;tau,4,4,0.1579770942029682,0.5,False,ABm,False,False
batch,run_0000,34.0,ABm;ABo;ABp;N,4,3,0.30320118058792467,1.0,True,ABm,False,False
batch,run_0000,34.0,A;Mh_anti;P,3,2,0.16534663558131055,1.0,False,ABm,False,False
batch,run_0000,34.0,G,1,0,0.0,,False,ABm,False,False
batch,run_0000,35.0,I10;IL1;IL12;IL4;M_NA;M_anti;M_pro;Mh_pro;Ta;Tb,10,39,0.2413313896013326,0.6153846153846154,False,Fi,False,False
batch,run_0000,35.0,ABi;Fi;Fo;tau,4,4,0.16900074587856265,0.5,True,Fi,False,False
batch,run_0000,35.0,ABm;ABo;ABp;N,4,3,0.279023082930548,1.0,False,Fi,False,False
batch,run_0000,35.0,A;Mh_anti;P,3,2,0.13420088516338938,1.0,False,Fi,False,False
batch,run_0000,35.0,G,1,0,0.0,,False,Fi,False,False
batch,run_0000,36.0,I10;IL1;IL12;IL4;M_NA;M_anti;M_pro;Mh_pro;Ta;Tb,10,39,0.2763536024808263,0.6153846153846154,False,Fi,False,False
batch,run_0000,36.0,ABi;Fi;Fo;tau,4,4,0.17401094219091404,0.5,True,Fi,False,False
batch,run_0000,36.0,ABm;ABo;ABp;N,4,3,0.25727505764371894,1.0,False,Fi,False,False
batch,run_0000,36.0,A;Mh_anti;P,3,2,0.1103684298117003,1.0,False,Fi,False,False
batch,run_0000,36.0,G,1,0,0.0,,False,Fi,False,False
batch,run_0000,37.0,I10;IL4;M_NA;M_anti;Tb,5,12,0.1346918876125692,0.75,False,Fi,False,False
batch,run_0000,37.0,ABi;Fi;Fo;tau,4,4,0.17574986074190732,0.5,True,Fi,False,False
batch,run_0000,37.0,ABm;ABo;ABp;N,4,3,0.2375586339462571,1.0,False,Fi,False,False
batch,run_0000,37.0,IL1;IL12;M_pro;Ta,4,7,0.08024137797146616,1.0,False,Fi,False,False
batch,run_0000,37.0,A;Mh_anti;Mh_pro;P,4,6,0.10910549079809904,0.8333333333333334,False,Fi,False,False
batch,run_0000,37.0,G,1,0,0.0,,False,Fi,False,False
batch,run_0000,38.0,I10;IL4;M_NA;M_anti;Tb,5,12,0.15093541177138037,0.75,False,Fi,False,False
batch,run_0000,38.0,ABi;Fi;Fo;tau,4,4,0.1756435353232805,0.5,True,Fi,False,False
batch,run_0000,38.0,ABm;ABo;ABp;N,4,3,0.2197102738200491,1.0,False,Fi,False,False
batch,run_0000,38.0,IL1;IL12;M_pro;Ta,4,7,0.09290030015676241,1.0,False,Fi,False,False
batch,run_0000,38.0,A;Mh_anti;Mh_pro;P,4,6,0.09329811283177718,0.8333333333333334,False,Fi,False,False
batch,run_0000,38.0,G,1,0,0.0,,False,Fi,False,False
batch,run_0000,39.0,I10;IL4;M_NA;M_anti;Tb,5,12,0.16477177652420397,0.75,False,Fi,False,False
batch,run_0000,39.0,ABi;Fi;Fo;tau,4,4,0.17447350489343375,0.5,True,Fi,False,False
batch,run_0000,39.0,ABm;ABo;ABp;N,4,3,0.20369438212340366,1.0,False,Fi,False,False
batch,run_0000,39.0,IL1;IL12;M_pro;Ta,4,7,0.104832597745042,1.0,False,Fi,False,False
batch,run_0000,39.0,A;Mh_anti;Mh_pro;P,4,6,0.08149238090828893,0.8333333333333334,False,Fi,False,False
batch,run_0000,39.0,G,1,0,0.0,,False,Fi,False,False
batch,run_0000,40.0,I10;IL4;M_NA;M_anti;Tb,5,12,0.17611492253539207,0.75,False,Fi,False,False
batch,run_0000,40.0,ABi;Fi;Fo;tau,4,4,0.17266865119293576,0.5,True,Fi,False,False
batch,run_0000,40.0,ABm;ABo;ABp;N,4,3,0.18944537632788974,1.0,False,Fi,False,False
batch,run_0000,40.0,IL1;IL12;M_pro;Ta,4,7,0.1160734537843895,1.0,False,Fi,False,False
batch,run_0000,40.0,A;Mh_anti;Mh_pro;P,4,6,0.0728763210647278,1.0,False,Fi,False,False
batch,run_0000,40.0,G,1,0,0.0,,False,Fi,False,False
batch,run_0000,41.0,I10;IL4;M_NA;M_anti;Tb,5,12,0.18512913083636995,0.75,False,M_pro,False,False
batch,run_0000,41.0,ABi;Fi;Fo;tau,4,4,0.1704542358487935,0.5,False,M_pro,False,False
batch,run_0000,41.0,ABm;ABo;ABp;N,4,3,0.17682652492373582,1.0,False,M_pro,False,False
batch,run_0000,41.0,IL1;IL12;M_pro;Ta,4,7,0.12658107271432661,1.0,True,M_pro,False,False
batch,run_0000,41.0,A;Mh_anti;Mh_pro;P,4,6,0.06682563744336857,1.0,False,M_pro,False,False
batch,run_0000,41.0,G,1,0,0.0,,False,M_pro,False,False
batch,run_0000,42.0,ABi;ABm;ABo;ABp;N,5,4,0.16630103545083316,1.0,False,M_pro,False,False
batch,run_0000,42.0,I10;IL4;M_NA;M_anti;Tb,5,12,0.192083208271367,0.75,False,M_pro,False,False
batch,run_0000,42.0,IL1;IL12;M_pro;Ta,4,7,0.13630108847781977,1.0,True,M_pro,False,False
batch,run_0000,42.0,A;Mh_anti;Mh_pro;P,4,6,0.06279967523436812,1.0,False,M_pro,False,False
batch,run_0000,42.0,Fi;Fo;tau,3,3,0.16739483228957341,0.6666666666666666,False,M_pro,False,False
batch,run_0000,42.0,G,1,0,0.0,,False,M_pro,False,False
batch,run_0000,43.0,ABi;ABm;ABo;ABp;N,5,4,0.15643090738833482,1.0,False,M_pro,False,False
batch,run_0000,43.0,I10;IL4;M_NA;M_anti;Tb,5,12,0.19725905021265208,0.75,False,M_pro,False,False
batch,run_0000,43.0,IL1;IL12;M_pro;Ta,4,7,0.14518793738129693,1.0,True,M_pro,False,False
batch,run_0000,43.0,A;Mh_anti;Mh_pro;P,4,6,0.060396912348867134,1.0,False,M_pro,False,False
batch,run_0000,43.0,Fi;Fo;tau,3,3,0.16469963401202675,0.6666666666666666,False,M_pro,False,False
batch,run_0000,43.0,G,1,0,0.0,,False,M_pro,False,False
batch,run_0000,44.0,ABi;ABm;ABo;ABp;N,5,4,0.14766733826528994,1.0,False,M_pro,False,False
batch,run_0000,44.0,I10;IL4;M_NA;M_anti;Tb,5,12,0.20092520582317924,0.75,False,M_pro,False,False
batch,run_0000,44.0,IL1;IL12;M_pro;Ta,4,7,0.15322036416964588,1.0,True,M_pro,False,False
batch,run_0000,44.0,A;Mh_anti;Mh_pro;P,4,6,0.05929927840091187,1.0,False,M_pro,False,False
batch,run_0000,44.0,Fi;Fo;tau,3,3,0.16185694040712367,0.6666666666666666,False,M_pro,False,False
batch,run_0000,44.0,G,1,0,0.0,,False,M_pro,False,False
batch,run_0000,45.0,I10;IL4;M_NA;M_anti;Tb,5,12,0.20332494372176568,0.75,False,M_pro,False,False
batch,run_0000,45.0,A;ABp;Mh_anti;Mh_pro;P,5,8,0.07245738614032535,0.875,False,M_pro,False,False
batch,run_0000,45.0,ABi;ABm;ABo;N,4,3,0.12441120422858194,1.0,False,M_pro,False,False
batch,run_0000,45.0,IL1;IL12;M_pro;Ta,4,7,0.16040216340454996,1.0,True,M_pro,False,False
batch,run_0000,45.0,Fi;Fo;tau,3,3,0.15891337315040488,0.6666666666666666,False,M_pro,False,False
batch,run_0000,45.0,G,1,0,0.0,,False,M_pro,False,False
batch,run_0000,46.0,I10;IL4;M_NA;M_anti;Tb,5,12,0.20467309064649317,0.75,False,M_pro,False,False
batch,run_0000,46.0,A;ABp;Mh_anti;Mh_pro;P,5,8,0.07427400797206185,0.875,False,M_pro,False,False
batch,run_0000,46.0,ABi;ABm;ABo;N,4,3,0.11757102791793173,1.0,False,M_pro,False,False
batch,run_0000,46.0,IL1;IL12;M_pro;Ta,4,7,0.16675833994171804,1.0,True,M_pro,False,False
batch,run_0000,46.0,Fi;Fo;tau,3,3,0.15591172744569262,0.6666666666666666,False,M_pro,False,False
batch,run_0000,46.0,G,1,0,0.0,,False,M_pro,False,False
batch,run_0000,47.0,I10;IL4;M_NA;M_anti;Tb,5,12,0.2051564024887515,0.75,False,M_pro,False,False
batch,run_0000,47.0,A;ABp;Mh_anti;Mh_pro;P,5,8,0.07670489223630234,0.875,False,M_pro,False,False
batch,run_0000,47.0,ABi;ABm;ABo;N,4,3,0.11149108944588135,1.0,False,M_pro,False,False
batch,run_0000,47.0,IL1;IL12;M_pro;Ta,4,7,0.17232973406116206,1.0,True,M_pro,False,False
batch,run_0000,47.0,Fi;Fo;tau,3,3,0.1528911141015349,0.6666666666666666,False,M_pro,False,False
batch,run_0000,47.0,G,1,0,0.0,,False,M_pro,False,False
batch,run_0000,48.0,I10;IL4;M_NA;M_anti;Tb,5,12,0.20493560349161913,0.75,False,M_pro,False,False
batch,run_0000,48.0,A;ABp;Mh_anti;Mh_pro;P,5,8,0.07960718746418684,0.875,False,M_pro,False,False
batch,run_0000,48.0,ABi;ABm;ABo;N,4,3,0.10606627846454374,1.0,False,M_pro,False,False
batch,run_0000,48.0,IL1;IL12;M_pro;Ta,4,7,0.17716785057139608,1.0,True,M_pro,False,False
batch,run_0000,48.0,Fi;Fo;tau,3,3,0.14988628531059237,0.6666666666666666,False,M_pro,False,False
batch,run_0000,48.0,G,1,0,0.0,,False,M_pro,False,False
batch,run_0000,49.0,I10;IL4;M_NA;M_anti;Tb,5,12,0.20414808925764696,0.75,False,M_pro,False,False
batch,run_0000,49.0,A;ABp;Mh_anti;Mh_pro;P,5,8,0.08286240881714108,0.875,False,M_pro,False,False
batch,run_0000,49.0,ABi;ABm;ABo;N,4,3,0.10120776730027284,1.0,False,M_pro,False,False
batch,run_0000,49.0,IL1;IL12;M_pro;Ta,4,7,0.18133053656024092,1.0,True,M_pro,False,False
batch,run_0000,49.0,Fi;Fo;tau,3,3,0.14692703685734962,0.6666666666666666,False,M_pro,False,False
batch,run_0000,49.0,G,1,0,0.0,,False,M_pro,False,False
batch,run_0000,50.0,I10;IL4;M_NA;M_anti;Tb,5,12,0.20291051144772967,0.75,False,M_pro,False,False
batch,run_0000,50.0,A;ABp;Mh_anti;Mh_pro;P,5,8,0.08637191986639497,0.875,False,M_pro,False,False
batch,run_0000,50.0,ABi;ABm;ABo;N,4,3,0.09684040007689615,1.0,False,M_pro,False,False
batch,run_0000,50.0,IL1;IL12;M_pro;Ta,4,7,0.18487859434522153,1.0,True,M_pro,False,False
batch,run_0000,50.0,Fi;Fo;tau,3,3,0.14403795653870083,0.6666666666666666,False,M_pro,False,False
batch,run_0000,50.0,G,1,0,0.0,,False,M_pro,False,False
batch,run_0000,51.0,I10;IL4;M_NA;M_anti;Tb,5,12,0.20132144376226518,0.75,False,M_pro,False,False
batch,run_0000,51.0,A;ABp;Mh_anti;Mh_pro;P,5,8,0.09005350481689472,0.875,False,M_pro,False,False
batch,run_0000,51.0,ABi;ABm;ABo;N,4,3,0.09290041615438868,1.0,False,M_pro,False,False
batch,run_0000,51.0,IL1;IL12;M_pro;Ta,4,7,0.18787311096265777,1.0,True,M_pro,False,False
batch,run_0000,51.0,Fi;Fo;tau,3,3,0.14123859554904122,0.6666666666666666,False,M_pro,False,False
batch,run_0000,51.0,G,1,0,0.0,,False,M_pro,False,False
batch,run_0000,52.0,I10;IL4;M_NA;M_anti;Tb,5,12,0.1994638160962983,0.75,False,M_pro,False,False
batch,run_0000,52.0,A;ABp;Mh_anti;Mh_pro;P,5,8,0.09383875255957819,0.875,False,M_pro,False,False
batch,run_0000,52.0,ABi;ABm;ABo;N,4,3,0.08933357047673249,1.0,False,M_pro,False,False
batch,run_0000,52.0,IL1;IL12;M_pro;Ta,4,7,0.19037360291342592,1.0,True,M_pro,False,False
batch,run_0000,52.0,Fi;Fo;tau,3,3,0.13854384439420497,0.6666666666666666,False,M_pro,False,False
batch,run_0000,52.0,G,1,0,0.0,,False,M_pro,False,False
batch,run_0000,53.0,I10;IL4;M_NA;M_anti;Tb,5,12,0.19740700685654494,0.75,False,M_pro,False,False
batch,run_0000,53.0,A;ABp;Mh_anti;Mh_pro;P,5,8,0.09767102560157759,0.875,False,M_pro,False,False
batch,run_0000,53.0,ABi;ABm;ABo;N,4,3,0.08609360194831911,1.0,False,M_pro,False,False
batch,run_0000,53.0,IL1;IL12;M_pro;Ta,4,7,0.19243677521479813,1.0,True,M_pro,False,False
batch,run_0000,53.0,Fi;Fo;tau,3,3,0.13596442989496602,0.6666666666666666,False,M_pro,False,False
batch,run_0000,53.0,G,1,0,0.0,,False,M_pro,False,False
batch,run_0000,54.0,I10;IL4;M_NA;M_anti;Tb,5,12,0.1952087336593253,0.75,False,M_pro,False,False
batch,run_0000,54.0,A;ABp;Mh_anti;Mh_pro;P,5,8,0.10150381136815285,0.875,False,M_pro,False,False
batch,run_0000,54.0,ABi;ABm;ABo;N,4,3,0.08314094671506997,1.0,False,M_pro,False,False
batch,run_0000,54.0,IL1;IL12;M_pro;Ta,4,7,0.1941157028715176,1.0,True,M_pro,False,False
batch,run_0000,54.0,Fi;Fo;tau,3,3,0.13350749057894173,0.6666666666666666,False,M_pro,False,False
batch,run_0000,54.0,G,1,0,0.0,,False,M_pro,False,False
batch,run_0000,55.0,I10;IL4;M_NA;M_anti;Tb,5,12,0.1929167019266303,0.75,False,M_pro,False,False
batch,run_0000,55.0,A;ABp;Mh_anti;Mh_pro;P,5,8,0.10529935432075495,0.875,False,M_pro,False,False
batch,run_0000,55.0,ABi;ABm;ABo;N,4,3,0.08044166803205374,1.0,False,M_pro,False,False
batch,run_0000,55.0,IL1;IL12;M_pro;Ta,4,7,0.19545935385090177,1.0,True,M_pro,False,False
batch,run_0000,55.0,Fi;Fo;tau,3,3,0.13117716171341415,0.6666666666666666,False,M_pro,False,False
batch,run_0000,55.0,G,1,0,0.0,,False,M_pro,False,False
batch,run_0000,56.0,I10;IL4;M_NA;M_anti;Tb,5,12,0.19057007892815764,0.75,False,M_pro,False,False
batch,run_0000,56.0,A;ABp;Mh_anti;Mh_pro;P,5,8,0.10902748081450095,0.875,False,M_pro,False,False
batch,run_0000,56.0,ABi;ABm;ABo;N,4,3,0.07796656090388349,1.0,False,M_pro,False,False
batch,run_0000,56.0,IL1;IL12;M_pro;Ta,4,7,0.1965123854140178,1.0,True,M_pro,False,False
batch,run_0000,56.0,Fi;Fo;tau,3,3,0.1289751134617213,0.6666666666666666,False,M_pro,False,False
batch,run_0000,56.0,G,1,0,0.0,,False,M_pro,False,False
batch,run_0000,57.0,I10;IL4;M_NA;M_anti;Tb,5,12,0.18820074214522053,0.75,False,M_pro,False,False
batch,run_0000,57.0,A;ABp;Mh_anti;Mh_pro;P,5,8,0.11266458518124471,0.875,False,M_pro,False,False
batch,run_0000,57.0,ABi;ABm;ABo;N,4,3,0.07569041805875983,1.0,False,M_pro,False,False
batch,run_0000,57.0,IL1;IL12;M_pro;Ta,4,7,0.19731512012728028,1.0,True,M_pro,False,False
batch,run_0000,57.0,Fi;Fo;tau,3,3,0.126901035261191,0.6666666666666666,False,M_pro,False,False
batch,run_0000,57.0,G,1,0,0.0,,False,M_pro,False,False
batch,run_0000,58.0,I10;IL4;M_NA;M_anti;Tb,5,12,0.1858343760930876,0.75,False,M_pro,False,False
batch,run_0000,58.0,A;ABp;Mh_anti;Mh_pro;P,5,8,0.11619272260517792,0.875,False,M_pro,False,False
batch,run_0000,58.0,ABi;ABm;ABo;N,4,3,0.07359141145468226,1.0,False,M_pro,False,False
batch,run_0000,58.0,IL1;IL12;M_pro;Ta,4,7,0.19790366221731545,1.0,True,M_pro,False,False
batch,run_0000,58.0,Fi;Fo;tau,3,3,0.12495305558403298,0.6666666666666666,False,M_pro,False,False
batch,run_0000,58.0,G,1,0,0.0,,False,M_pro,False,False
batch,run_0000,59.0,I10;IL4;M_NA;M_anti;Tb,5,12,0.1834914014461466,0.75,False,M_pro,False,False
batch,run_0000,59.0,A;ABp;Mh_anti;Mh_pro;P,5,8,0.1195988071619243,0.875,False,M_pro,False,False
batch,run_0000,59.0,ABi;ABm;ABo;N,4,3,0.07165058242891038,1.0,False,M_pro,False,False
batch,run_0000,59.0,IL1;IL12;M_pro;Ta,4,7,0.19831008004827566,1.0,True,M_pro,False,False
batch,run_0000,59.0,Fi;Fo;tau,3,3,0.12312811426069861,0.6666666666666666,False,M_pro,False,False
batch,run_0000,59.0,G,1,0,0.0,,False,M_pro,False,False
batch,run_0000,60.0,I10;IL4;M_NA;M_anti;Tb,5,12,0.18118778604380445,0.75,False,M_pro,False,False
batch,run_0000,60.0,A;ABp;Mh_anti;Mh_pro;P,5,8,0.1228738875501718,0.875,False,M_pro,False,False
batch,run_0000,60.0,ABi;ABm;ABo;N,4,3,0.06985141425610576,1.0,False,M_pro,False,False
batch,run_0000,60.0,IL1;IL12;M_pro;Ta,4,7,0.19856265184932223,1.0,True,M_pro,False,False
batch,run_0000,60.0,Fi;Fo;tau,3,3,0.12142227414741626,0.6666666666666666,False,M_pro,False,False
batch,run_0000,60.0,G,1,0,0.0,,False,M_pro,False,False
batch,run_0000,61.0,I10;IL4;M_NA;M_anti;Tb,5,12,0.1789357660943254,0.75,False,M_pro,False,False
batch,run_0000,61.0,A;ABp;Mh_anti;Mh_pro;P,5,8,0.1260124847580215,0.875,False,M_pro,False,False
batch,run_0000,61.0,ABi;ABm;ABo;N,4,3,0.06817946681329776,1.0,False,M_pro,False,False
batch,run_0000,61.0,IL1;IL12;M_pro;Ta,4,7,0.19868616346264717,1.0,True,M_pro,False,False
batch,run_0000,61.0,Fi;Fo;tau,3,3,0.11983096907246413,0.6666666666666666,False,M_pro,False,False
batch,run_0000,61.0,G,1,0,0.0,,False,M_pro,False,False
batch,run_0000,62.0,I10;IL4;M_NA;M_anti;Tb,5,12,0.17674446394465435,0.75,False,M_pro,False,False
batch,run_0000,62.0,A;ABp;Mh_anti;Mh_pro;P,5,8,0.12901200110975106,0.875,False,M_pro,False,False
batch,run_0000,62.0,ABi;ABm;ABo;N,4,3,0.06662207267113072,1.0,False,M_pro,False,False
batch,run_0000,62.0,IL1;IL12;M_pro;Ta,4,7,0.19870221597566698,1.0,True,M_pro,False,False
batch,run_0000,62.0,Fi;Fo;tau,3,3,0.11834920640632246,0.6666666666666666,False,M_pro,False,False
batch,run_0000,62.0,G,1,0,0.0,,False,M_pro,False,False
batch,run_0000,63.0,I10;IL4;M_NA;M_anti;Tb,5,12,0.17462041060005806,0.75,False,M_pro,False,False
batch,run_0000,63.0,A;ABp;Mh_anti;Mh_pro;P,5,8,0.13187219933393282,0.875,False,M_pro,False,False
batch,run_0000,63.0,ABi;ABm;ABo;N,4,3,0.06516808562650898,1.0,False,M_pro,False,False
batch,run_0000,63.0,IL1;IL12;M_pro;Ta,4,7,0.19862952619974678,1.0,True,M_pro,False,False
batch,run_0000,63.0,Fi;Fo;tau,3,3,0.11697173444842271,0.6666666666666666,False,M_pro,False,False
batch,run_0000,63.0,G,1,0,0.0,,False,M_pro,False,False
batch,run_0000,64.0,I10;IL4;M_NA;M_anti;Tb,5,12,0.17256799073298623,0.75,False,M_pro,False,False
batch,run_0000,64.0,A;ABp;Mh_anti;Mh_pro;P,5,8,0.1345947446615447,0.875,False,M_pro,False,False
batch,run_0000,64.0,ABi;ABm;ABo;N,4,3,0.06380766930916593,1.0,False,M_pro,False,False
batch,run_0000,64.0,IL1;IL12;M_pro;Ta,4,7,0.19848421733041888,1.0,True,M_pro,False,False
batch,run_0000,64.0,Fi;Fo;tau,3,3,0.1156931789379606,0.6666666666666666,False,M_pro,False,False
batch,run_0000,64.0,G,1,0,0.0,,False,M_pro,False,False
batch,run_0000,65.0,I10;IL4;M_NA;M_anti;Tb,5,12,0.17058982832786343,0.75,False,M_pro,False,False
batch,run_0000,65.0,A;ABp;Mh_anti;Mh_pro;P,5,8,0.13718280118298556,0.875,False,M_pro,False,False
batch,run_0000,65.0,ABi;ABm;ABo;N,4,3,0.06253211798067401,1.0,False,M_pro,False,False
batch,run_0000,65.0,IL1;IL12;M_pro;Ta,4,7,0.19828011007102006,1.0,True,M_pro,False,False
batch,run_0000,65.0,Fi;Fo;tau,3,3,0.11450814365789763,0.6666666666666666,False,M_pro,False,False
batch,run_0000,65.0,G,1,0,0.0,,False,M_pro,False,False
batch,run_0000,66.0,I10;IL4;M_NA;M_anti;Tb,5,12,0.16868710786041938,0.75,False,M_pro,False,False
batch,run_0000,66.0,A;ABp;Mh_anti;Mh_pro;P,5,8,0.13964069105911184,0.875,False,M_pro,False,False
batch,run_0000,66.0,ABi;ABm;ABo;N,4,3,0.06133370848388023,1.0,False,M_pro,False,False
batch,run_0000,66.0,IL1;IL12;M_pro;Ta,4,7,0.19802895395345746,1.0,True,M_pro,False,False
batch,run_0000,66.0,Fi;Fo;tau,3,3,0.11341131060417202,0.6666666666666666,False,M_pro,False,False
batch,run_0000,66.0,G,1,0,0.0,,False,M_pro,False,False
batch,run_0000,67.0,I10;IL4;M_NA;M_anti;Tb,5,12,0.1668598684163277,0.75,False,M_pro,False,False
batch,run_0000,67.0,A;ABp;Mh_anti;Mh_pro;P,5,8,0.14197358572615168,0.875,False,M_pro,False,False
batch,run_0000,67.0,ABi;ABm;ABo;N,4,3,0.060205566162320284,1.0,False,M_pro,False,False
batch,run_0000,67.0,IL1;IL12;M_pro;Ta,4,7,0.19774070539997646,1.0,True,M_pro,False,False
batch,run_0000,67.0,Fi;Fo;tau,3,3,0.11239748395649476,0.6666666666666666,False,M_pro,False,False
batch,run_0000,67.0,G,1,0,0.0,,False,M_pro,False,False
batch,run_0000,68.0,I10;IL4;M_NA;M_anti;Tb,5,12,0.1651072401593602,0.75,False,M_pro,False,False
batch,run_0000,68.0,A;ABp;Mh_anti;Mh_pro;P,5,8,0.14418725510578478,0.875,False,M_pro,False,False
batch,run_0000,68.0,ABi;ABm;ABo;N,4,3,0.05914155735145369,1.0,False,M_pro,False,False
batch,run_0000,68.0,IL1;IL12;M_pro;Ta,4,7,0.19742375068988008,1.0,True,M_pro,False,False
batch,run_0000,68.0,Fi;Fo;tau,3,3,0.11146163450878087,0.6666666666666666,False,M_pro,False,False
batch,run_0000,68.0,G,1,0,0.0,,False,M_pro,False,False
batch,run_0000,69.0,I10;IL4;M_NA;M_anti;Mh_anti;Tb,6,16,0.20773202192829027,0.8125,False,M_pro,False,False
batch,run_0000,69.0,ABi;ABm;ABo;N,4,3,0.058136195597868444,1.0,False,M_pro,False,False
batch,run_0000,69.0,IL1;IL12;M_pro;Ta,4,7,0.19708510653722372,1.0,True,M_pro,False,False
batch,run_0000,69.0,A;ABp;Mh_pro;P,4,4,0.1064697075036753,1.0,False,M_pro,False,False
batch,run_0000,69.0,Fi;Fo;tau,3,3,0.11059893331197736,0.6666666666666666,False,M_pro,False,False
batch,run_0000,69.0,G,1,0,0.0,,False,M_pro,False,False
batch,run_0000,70.0,I10;IL4;M_NA;M_anti;Mh_anti;Tb,6,16,0.20695327794787924,0.8125,False,M_pro,False,False
batch,run_0000,70.0,ABi;ABm;ABo;N,4,3,0.05718456215141519,1.0,False,M_pro,False,False
batch,run_0000,70.0,IL1;IL12;M_pro;Ta,4,7,0.19673059894820852,1.0,True,M_pro,False,False
batch,run_0000,70.0,A;ABp;Mh_pro;P,4,4,0.10826964023135399,1.0,False,M_pro,False,False
batch,run_0000,70.0,Fi;Fo;tau,3,3,0.10980477523423561,0.6666666666666666,False,M_pro,False,False
batch,run_0000,70.0,G,1,0,0.0,,False,M_pro,False,False
batch,run_0000,71.0,I10;IL4;M_NA;M_anti;Mh_anti;Tb,6,16,0.2062062837651625,0.8125,False,M_pro,False,False
batch,run_0000,71.0,ABi;ABm;ABo;N,4,3,0.05628223767137844,1.0,False,M_pro,False,False
batch,run_0000,71.0,IL1;IL12;M_pro;Ta,4,7,0.19636503026857513,1.0,True,M_pro,False,False
batch,run_0000,71.0,A;ABp;Mh_pro;P,4,4,0.10999577354145888,1.0,False,M_pro,False,False
batch,run_0000,71.0,Fi;Fo;tau,3,3,0.10907478958501925,0.6666666666666666,False,M_pro,False,False
batch,run_0000,71.0,G,1,0,0.0,,False,M_pro,False,False
batch,run_0000,72.0,I10;IL4;M_NA;M_anti;Mh_anti;Tb,6,16,0.20548886068638864,0.8125,False,M_pro,False,False
batch,run_0000,72.0,ABi;ABm;ABo;N,4,3,0.05542524381046005,1.0,False,M_pro,False,False
batch,run_0000,72.0,IL1;IL12;M_pro;Ta,4,7,0.1959923221122864,1.0,True,M_pro,False,False
batch,run_0000,72.0,A;ABp;Mh_pro;P,4,4,0.11165185703688525,1.0,False,M_pro,False,False
batch,run_0000,72.0,Fi;Fo;tau,3,3,0.10840484674325976,0.6666666666666666,False,M_pro,False,False
batch,run_0000,72.0,G,1,0,0.0,,False,M_pro,False,False
batch,run_0000,73.0,I10;IL4;M_NA;M_anti;Mh_anti;Tb,6,16,0.2047988786016044,0.8125,False,M_pro,False,False
batch,run_0000,73.0,ABi;ABm;ABo;N,4,3,0.05460999222696342,1.0,False,M_pro,False,False
batch,run_0000,73.0,IL1;IL12;M_pro;Ta,4,7,0.19561564510919544,1.0,True,M_pro,False,False
batch,run_0000,73.0,A;ABp;Mh_pro;P,4,4,0.1132416612909979,1.0,False,M_pro,False,False
batch,run_0000,73.0,Fi;Fo;tau,3,3,0.10779105721796875,0.6666666666666666,False,M_pro,False,False
batch,run_0000,73.0,G,1,0,0.0,,False,M_pro,False,False
batch,run_0000,74.0,I10;IL4;M_NA;M_anti;Mh_anti;Tb,6,16,0.20036679628497378,0.8125,False,M_pro,False,False
batch,run_0000,74.0,Fi;Fo;G;tau,4,4,0.12370673147199204,0.75,False,M_pro,False,False
batch,run_0000,74.0,ABi;ABm;ABo;N,4,3,0.052839691164733915,1.0,False,M_pro,False,False
batch,run_0000,74.0,IL1;IL12;M_pro;Ta,4,7,0.191634192810424,1.0,True,M_pro,False,False
batch,run_0000,74.0,A;ABp;Mh_pro;P,4,4,0.11265072900668983,1.0,False,M_pro,False,False
batch,run_0000,75.0,I10;IL4;M_NA;M_anti;Mh_anti;Tb,6,16,0.19970392628705447,0.8125,False,M_pro,False,False
batch,run_0000,75.0,Fi;Fo;G;tau,4,4,0.12334638524914558,0.75,False,M_pro,False,False
batch,run_0000,75.0,ABi;ABm;ABo;N,4,3,0.052103467357596064,1.0,False,M_pro,False,False
batch,run_0000,75.0,IL1;IL12;M_pro;Ta,4,7,0.19123139063144004,1.0,True,M_pro,False,False
batch,run_0000,75.0,A;ABp;Mh_pro;P,4,4,0.11407280525357415,1.0,False,M_pro,False,False
batch,run_0000,76.0,I10;IL4;M_NA;M_anti;Mh_anti;Tb,6,16,0.1990223341668394,0.8125,False,M_pro,False,False
batch,run_0000,76.0,Fi;Fo;G;tau,4,4,0.12318995942998057,0.75,False,M_pro,False,False
batch,run_0000,76.0,ABi;ABm;ABo;N,4,3,0.051389599155396565,1.0,False,M_pro,False,False
batch,run_0000,76.0,IL1;IL12;M_pro;Ta,4,7,0.19079224820654223,1.0,True,M_pro,False,False
batch,run_0000,76.0,A;ABp;Mh_pro;P,4,4,0.11541682180098589,1.0,False,M_pro,False,False
batch,run_0000,77.0,I10;IL4;M_NA;M_anti;Mh_anti;Tb,6,16,0.19831877157304473,0.8125,False,M_pro,False,False
batch,run_0000,77.0,Fi;Fo;G;tau,4,4,0.12323368572783862,0.75,False,M_pro,False,False
batch,run_0000,77.0,ABi;ABm;ABo;N,4,3,0.05069571513376976,1.0,False,M_pro,False,False
batch,run_0000,77.0,IL1;IL12;M_pro;Ta,4,7,0.19031628625025285,1.0,True,M_pro,False,False
batch,run_0000,77.0,A;ABp;Mh_pro;P,4,4,0.11668422885469881,1.0,False,M_pro,False,False
batch,run_0000,78.0,I10;IL4;M_NA;M_anti;Mh_anti;Tb,6,16,0.19759219074391948,0.8125,False,M_pro,False,False
batch,run_0000,78.0,Fi;Fo;G;tau,4,4,0.12346863946246123,0.75,False,M_pro,False,False
batch,run_0000,78.0,ABi;ABm;ABo;N,4,3,0.050020105535028864,1.0,False,M_pro,False,False
batch,run_0000,78.0,IL1;IL12;M_pro;Ta,4,7,0.18980474493250765,1.0,True,M_pro,False,False
batch,run_0000,78.0,A;ABp;Mh_pro;P,4,4,0.11787756665938015,1.0,False,M_pro,False,False
batch,run_0000,79.0,I10;IL4;M_NA;M_anti;Mh_anti;Tb,6,16,0.19684308105823642,0.8125,False,M_pro,False,False
batch,run_0000,79.0,Fi;Fo;G;tau,4,4,0.12388244589003106,0.75,False,M_pro,False,False
batch,run_0000,79.0,ABi;ABm;ABo;N,4,3,0.049361516484851674,1.0,False,M_pro,False,False
batch,run_0000,79.0,IL1;IL12;M_pro;Ta,4,7,0.18926000775922203,1.0,True,M_pro,False,False
batch,run_0000,79.0,A;ABp;Mh_pro;P,4,4,0.11900013517970864,1.0,False,M_pro,False,False
batch,run_0000,80.0,I10;IL4;M_NA;M_anti;Mh_anti;Tb,6,16,0.196072921522527,0.8125,False,M_pro,False,False
batch,run_0000,80.0,Fi;Fo;G;tau,4,4,0.12446104744430359,0.75,False,M_pro,False,False
batch,run_0000,80.0,ABi;ABm;ABo;N,4,3,0.04871898942999712,1.0,False,M_pro,False,False
batch,run_0000,80.0,IL1;IL12;M_pro;Ta,4,7,0.18868510058976712,1.0,True,M_pro,False,False
batch,run_0000,80.0,A;ABp;Mh_pro;P,4,4,0.12005573106467737,1.0,False,M_pro,False,False
batch,run_0001,30.0,I10;IL4;M_NA;M_anti,4,4,0.16380487918580414,0.5,False,ABm,False,False
batch,run_0001,30.0,A;P;Ta,3,2,0.3710314177990639,1.0,False,ABm,False,False
batch,run_0001,30.0,ABm;N,2,1,0.43532713149049024,1.0,True,ABm,False,False
batch,run_0001,30.0,ABi,1,0,0.0,,False,ABm,False,False
batch,run_0001,30.0,ABo,1,0,0.0,,False,ABm,False,False
batch,run_0001,30.0,ABp,1,0,0.0,,False,ABm,False,False
batch,run_0001,30.0,G,1,0,0.0,,False,ABm,False,False
batch,run_0001,30.0,tau,1,0,0.0,,False,ABm,False,False
batch,run_0001,30.0,Fi,1,0,0.0,,False,ABm,False,False
batch,run_0001,30.0,Fo,1,0,0.0,,False,ABm,False,False
batch,run_0001,30.0,M_pro,1,0,0.0,,False,ABm,False,False
batch,run_0001,30.0,Mh_pro,1,0,0.0,,False,ABm,False,False
batch,run_0001,30.0,Mh_anti,1,0,0.0,,False,ABm,False,False
batch,run_0001,30.0,Tb,1,0,0.0,,False,ABm,False,False
batch,run_0001,30.0,IL1,1,0,0.0,,False,ABm,False,False
batch,run_0001,30.0,IL12,1,0,0.0,,False,ABm,False,False
batch,run_0001,31.0,I10;IL1;IL12;IL4;M_NA;M_anti;M_pro;Tb,8,27,0.10897586290386428,0.6296296296296297,False,ABm,False,False
batch,run_0001,31.0,A;ABi;Mh_anti;Mh_pro;P;Ta,6,11,0.4088135393387147,0.8181818181818182,False,ABm,False,False
batch,run_0001,31.0,ABm;ABo;ABp;N,4,3,0.3790720671852757,1.0,True,ABm,False,False
batch,run_0001,31.0,Fi;Fo;tau,3,3,0.0362274394438786,0.6666666666666666,False,ABm,False,False
batch,run_0001,31.0,G,1,0,0.0,,False,ABm,False,False
batch,run_0001,32.0,I10;IL1;IL12;IL4;M_NA;M_anti;M_pro;Tb,8,27,0.09399615852322471,0.6296296296296297,False,ABm,False,False
batch,run_0001,32.0,ABi;ABm;ABo;ABp;N,5,4,0.3489149329122707,1.0,True,ABm,False,False
batch,run_0001,32.0,A;Mh_anti;Mh_pro;P;Ta,5,10,0.36753580054701473,0.9,False,ABm,False,False
batch,run_0001,32.0,Fi;Fo;tau,3,3,0.08850560495745415,0.6666666666666666,False,ABm,False,False
batch,run_0001,32.0,G,1,0,0.0,,False,ABm,False,False
batch,run_0001,33.0,I10;IL1;IL12;IL4;M_NA;M_anti;M_pro;Tb,8,31,0.10716092430366222,0.6129032258064516,False,ABm,False,False
batch,run_0001,33.0,ABi;ABm;ABo;ABp;N,5,4,0.3257394475254709,1.0,True,ABm,False,False
batch,run_0001,33.0,A;Mh_anti;Mh_pro;P;Ta,5,10,0.30831802881370457,0.9,False,ABm,False,False
batch,run_0001,33.0,Fi;Fo;tau,3,3,0.12439431429373651,0.6666666666666666,False,ABm,False,False
batch,run_0001,33.0,G,1,0,0.0,,False,ABm,False,False
batch,run_0001,34.0,I10;IL1;IL12;IL4;M_NA;M_anti;M_pro;Tb,8,31,0.1338548847264027,0.6129032258064516,False,ABm,False,False
batch,run_0001,34.0,A;Mh_anti;Mh_pro;P;Ta,5,10,0.2540865767124775,0.9,False,ABm,False,False
batch,run_0001,34.0,ABi;Fi;Fo;tau,4,4,0.14456719127516093,0.5,False,ABm,False,False
batch,run_0001,34.0,ABm;ABo;ABp;N,4,3,0.304277915656152,1.0,True,ABm,False,False
batch,run_0001,34.0,G,1,0,0.0,,False,ABm,False,False
batch,run_0001,35.0,I10;IL1;IL12;IL4;M_NA;M_anti;M_pro;Mh_pro;Ta;Tb,10,39,0.23305933269674367,0.6153846153846154,False,Fi,False,False
batch,run_0001,35.0,ABi;Fi;Fo;tau,4,4,0.15486609571625587,0.5,True,Fi,False,False
batch,run_0001,35.0,ABm;ABo;ABp;N,4,3,0.28427752630184444,1.0,False,Fi,False,False
batch,run_0001,35.0,A;Mh_anti;P,3,2,0.14877182290753735,1.0,False,Fi,False,False
batch,run_0001,35.0,G,1,0,0.0,,False,Fi,False,False
batch,run_0001,36.0,I10;IL1;IL12;IL4;M_NA;M_anti;M_pro;Mh_pro;Ta;Tb,10,39,0.26726484434303266,0.6153846153846154,False,Fi,False,False
batch,run_0001,36.0,ABi;Fi;Fo;tau,4,4,0.15990359762287218,0.5,True,Fi,False,False
batch,run_0001,36.0,ABm;ABo;ABp;N,4,3,0.2653679681568294,1.0,False,Fi,False,False
batch,run_0001,36.0,A;Mh_anti;P,3,2,0.12290379864389822,1.0,False,Fi,False,False
batch,run_0001,36.0,G,1,0,0.0,,False,Fi,False,False
batch,run_0001,37.0,I10;IL4;M_NA;M_anti;Tb,5,12,0.13509199160997842,0.75,False,Fi,False,False
batch,run_0001,37.0,IL1;IL12;M_pro;Mh_pro;Ta,5,9,0.09204604628765495,1.0,False,Fi,False,False
batch,run_0001,37.0,ABi;Fi;Fo;tau,4,4,0.16213752632543707,0.5,True,Fi,False,False
batch,run_0001,37.0,ABm;ABo;ABp;N,4,3,0.24760869192393156,1.0,False,Fi,False,False
batch,run_0001,37.0,A;Mh_anti;P,3,2,0.10295330502486481,1.0,False,Fi,False,False
batch,run_0001,37.0,G,1,0,0.0,,False,Fi,False,False
batch,run_0001,38.0,I10;IL4;M_NA;M_anti;Tb,5,12,0.15014634697512189,0.75,False,ABo,False,False
batch,run_0001,38.0,IL1;IL12;M_pro;Mh_pro;Ta,5,9,0.1029977954775654,1.0,False,ABo,False,False
batch,run_0001,38.0,ABi;Fi;Fo;tau,4,4,0.16282556809014778,0.5,False,ABo,False,False
batch,run_0001,38.0,ABm;ABo;ABp;N,4,3,0.23113309037973923,1.0,True,ABo,False,False
batch,run_0001,38.0,A;Mh_anti;P,3,2,0.08762261449348953,1.0,False,ABo,False,False
batch,run_0001,38.0,G,1,0,0.0,,False,ABo,False,False
batch,run_0001,39.0,I10;IL4;M_NA;M_anti;Tb,5,12,0.16290786279085157,0.75,False,ABo,False,False
batch,run_0001,39.0,IL1;IL12;M_pro;Mh_pro;Ta,5,9,0.11364963339842933,1.0,False,ABo,False,False
batch,run_0001,39.0,ABi;Fi;Fo;tau,4,4,0.16262361629062558,0.5,False,ABo,False,False
batch,run_0001,39.0,ABm;ABo;ABp;N,4,3,0.2160746289039919,1.0,True,ABo,False,False
batch,run_0001,39.0,A;Mh_anti;P,3,2,0.07598982302123466,1.0,False,ABo,False,False
batch,run_0001,39.0,G,1,0,0.0,,False,ABo,False,False
batch,run_0001,40.0,I10;IL4;M_NA;M_anti;Tb,5,12,0.1733203885595252,0.75,False,ABo,False,False
batch,run_0001,40.0,ABi;Fi;Fo;tau,4,4,0.16186857997416754,0.5,False,ABo,False,False
batch,run_0001,40.0,ABm;ABo;ABp;N,4,3,0.2024733836885703,1.0,True,ABo,False,False
batch,run_0001,40.0,IL1;IL12;M_pro;Ta,4,7,0.10954734296455457,1.0,False,ABo,False,False
batch,run_0001,40.0,A;Mh_anti;Mh_pro;P,4,6,0.07926527087382298,1.0,False,ABo,False,False
batch,run_0001,40.0,G,1,0,0.0,,False,ABo,False,False
batch,run_0001,41.0,I10;IL4;M_NA;M_anti;Tb,5,12,0.18153733668684138,0.75,False,M_pro,False,False
batch,run_0001,41.0,ABi;Fi;Fo;tau,4,4,0.1607193500990501,0.5,False,M_pro,False,False
batch,run_0001,41.0,ABm;ABo;ABp;N,4,3,0.19026206223349426,1.0,False,M_pro,False,False
batch,run_0001,41.0,IL1;IL12;M_pro;Ta,4,7,0.11981322578810988,1.0,True,M_pro,False,False
batch,run_0001,41.0,A;Mh_anti;Mh_pro;P,4,6,0.07267617674858126,1.0,False,M_pro,False,False
batch,run_0001,41.0,G,1,0,0.0,,False,M_pro,False,False
batch,run_0001,42.0,I10;IL4;M_NA;M_anti;Tb,5,12,0.1878097806433493,0.75,False,M_pro,False,False
batch,run_0001,42.0,ABi;Fi;Fo;tau,4,4,0.15926980014272238,0.5,False,M_pro,False,False
batch,run_0001,42.0,ABm;ABo;ABp;N,4,3,0.17933610341453174,1.0,False,M_pro,False,False
batch,run_0001,42.0,IL1;IL12;M_pro;Ta,4,7,0.12933594637946202,1.0,True,M_pro,False,False
batch,run_0001,42.0,A;Mh_anti;Mh_pro;P,4,6,0.068183216099378,1.0,False,M_pro,False,False
batch,run_0001,42.0,G,1,0,0.0,,False,M_pro,False,False
batch,run_0001,43.0,I10;IL4;M_NA;M_anti;Tb,5,12,0.19239489597807155,0.75,False,M_pro,False,False
batch,run_0001,43.0,ABi;Fi;Fo;tau,4,4,0.1575726825397108,0.5,False,M_pro,False,False
batch,run_0001,43.0,ABm;ABo;ABp;N,4,3,0.16955926565197418,1.0,False,M_pro,False,False
batch,run_0001,43.0,IL1;IL12;M_pro;Ta,4,7,0.13807804325052522,1.0,True,M_pro,False,False
batch,run_0001,43.0,A;Mh_anti;Mh_pro;P,4,6,0.06536949134862552,1.0,False,M_pro,False,False
batch,run_0001,43.0,G,1,0,0.0,,False,M_pro,False,False
batch,run_0001,44.0,ABi;ABm;ABo;ABp;N,5,4,0.16141720902787535,1.0,False,M_pro,False,False
batch,run_0001,44.0,I10;IL4;M_NA;M_anti;Tb,5,12,0.1955365904735814,0.75,False,M_pro,False,False
batch,run_0001,44.0,IL1;IL12;M_pro;Ta,4,7,0.14602690455075454,1.0,True,M_pro,False,False
batch,run_0001,44.0,A;Mh_anti;Mh_pro;P,4,6,0.06390419343332011,1.0,False,M_pro,False,False
batch,run_0001,44.0,Fi;Fo;tau,3,3,0.1551425313615315,0.6666666666666666,False,M_pro,False,False
batch,run_0001,44.0,G,1,0,0.0,,False,M_pro,False,False
batch,run_0001,45.0,I10;IL4;M_NA;M_anti;Tb,5,12,0.19745546742133396,0.75,False,M_pro,False,False
batch,run_0001,45.0,A;ABp;Mh_anti;Mh_pro;P,5,8,0.07670720113045255,0.875,False,M_pro,False,False
batch,run_0001,45.0,ABi;ABm;ABo;N,4,3,0.13787500231684252,1.0,False,M_pro,False,False
batch,run_0001,45.0,IL1;IL12;M_pro;Ta,4,7,0.15319263496470073,1.0,True,M_pro,False,False
batch,run_0001,45.0,Fi;Fo;tau,3,3,0.1530843692505357,0.6666666666666666,False,M_pro,False,False
batch,run_0001,45.0,G,1,0,0.0,,False,M_pro,False,False
batch,run_0001,46.0,I10;IL4;M_NA;M_anti;Tb,5,12,0.19834643274739347,0.75,False,M_pro,False,False
batch,run_0001,46.0,A;ABp;Mh_anti;Mh_pro;P,5,8,0.07819119768872963,0.875,False,M_pro,False,False
batch,run_0001,46.0,ABi;ABm;ABo;N,4,3,0.131021730218341,1.0,False,M_pro,False,False
batch,run_0001,46.0,IL1;IL12;M_pro;Ta,4,7,0.15960335415074417,1.0,True,M_pro,False,False
batch,run_0001,46.0,Fi;Fo;tau,3,3,0.15090351491467963,0.6666666666666666,False,M_pro,False,False
batch,run_0001,46.0,G,1,0,0.0,,False,M_pro,False,False
batch,run_0001,47.0,I10;IL4;M_NA;M_anti;Tb,5,12,0.19837935121711037,0.75,False,M_pro,False,False
batch,run_0001,47.0,A;ABp;Mh_anti;Mh_pro;P,5,8,0.0803108742090889,0.875,False,M_pro,False,False
batch,run_0001,47.0,ABi;ABm;ABo;N,4,3,0.12488338822994699,1.0,False,M_pro,False,False
batch,run_0001,47.0,IL1;IL12;M_pro;Ta,4,7,0.16529999900686757,1.0,True,M_pro,False,False
batch,run_0001,47.0,Fi;Fo;tau,3,3,0.1486381908310941,0.6666666666666666,False,M_pro,False,False
batch,run_0001,47.0,G,1,0,0.0,,False,M_pro,False,False
batch,run_0001,48.0,I10;IL4;M_NA;M_anti;Tb,5,12,0.19770110557966053,0.75,False,M_pro,False,False
batch,run_0001,48.0,A;ABp;Mh_anti;Mh_pro;P,5,8,0.08292028979200755,0.875,False,M_pro,False,False
batch,run_0001,48.0,ABi;ABm;ABo;N,4,3,0.11936432637371762,1.0,False,M_pro,False,False
batch,run_0001,48.0,IL1;IL12;M_pro;Ta,4,7,0.17033168913870006,1.0,True,M_pro,False,False
batch,run_0001,48.0,Fi;Fo;tau,3,3,0.14632410850337588,0.6666666666666666,False,M_pro,False,False
batch,run_0001,48.0,G,1,0,0.0,,False,M_pro,False,False
batch,run_0001,49.0,I10;IL4;M_NA;M_anti;Tb,5,12,0.19643809500771456,0.75,False,M_pro,False,False
batch,run_0001,49.0,A;ABp;Mh_anti;Mh_pro;P,5,8,0.0858990424153614,0.875,False,M_pro,False,False
batch,run_0001,49.0,ABi;ABm;ABo;N,4,3,0.11438287044346027,1.0,False,M_pro,False,False
batch,run_0001,49.0,IL1;IL12;M_pro;Ta,4,7,0.17475213257148392,1.0,True,M_pro,False,False
batch,run_0001,49.0,Fi;Fo;tau,3,3,0.14399333992870975,0.6666666666666666,False,M_pro,False,False
batch,run_0001,49.0,G,1,0,0.0,,False,M_pro,False,False
batch,run_0001,50.0,I10;IL4;M_NA;M_anti;Tb,5,12,0.19469859762000435,0.75,False,M_pro,False,False
batch,run_0001,50.0,A;ABp;Mh_anti;Mh_pro;P,5,8,0.08914743988475818,0.875,False,M_pro,False,False
batch,run_0001,50.0,ABi;ABm;ABo;N,4,3,0.10986936404091219,1.0,False,M_pro,False,False
batch,run_0001,50.0,IL1;IL12;M_pro;Ta,4,7,0.17861685420228723,1.0,True,M_pro,False,False
batch,run_0001,50.0,Fi;Fo;tau,3,3,0.14167367693390745,0.6666666666666666,False,M_pro,False,False
batch,run_0001,50.0,G,1,0,0.0,,False,M_pro,False,False
batch,run_0001,51.0,I10;IL4;M_NA;M_anti;Tb,5,12,0.19257511301579527,0.75,False,M_pro,False,False
batch,run_0001,51.0,A;ABp;Mh_anti;Mh_pro;P,5,8,0.09258281851277556,0.875,False,M_pro,False,False
batch,run_0001,51.0,ABi;ABm;ABo;N,4,3,0.10576435652692326,1.0,False,M_pro,False,False
batch,run_0001,51.0,IL1;IL12;M_pro;Ta,4,7,0.1819811083356004,1.0,True,M_pro,False,False
batch,run_0001,51.0,Fi;Fo;tau,3,3,0.13938845569665817,0.6666666666666666,False,M_pro,False,False
batch,run_0001,51.0,G,1,0,0.0,,False,M_pro,False,False
batch,run_0001,52.0,I10;IL4;M_NA;M_anti;Tb,5,12,0.19014641462532958,0.75,False,M_pro,False,False
batch,run_0001,52.0,A;ABp;Mh_anti;Mh_pro;P,5,8,0.09613673795826859,0.875,False,M_pro,False,False
batch,run_0001,52.0,ABi;ABm;ABo;N,4,3,0.10201706518182264,1.0,False,M_pro,False,False
batch,run_0001,52.0,IL1;IL12;M_pro;Ta,4,7,0.18489845707775862,1.0,True,M_pro,False,False
batch,run_0001,52.0,Fi;Fo;tau,3,3,0.13715666927896802,0.6666666666666666,False,M_pro,False,False
batch,run_0001,52.0,G,1,0,0.0,,False,M_pro,False,False
batch,run_0001,53.0,I10;IL4;M_NA;M_anti;Tb,5,12,0.18747938678720572,0.75,False,M_pro,False,False
batch,run_0001,53.0,A;ABp;Mh_anti;Mh_pro;P,5,8,0.09975277227974906,0.875,False,M_pro,False,False
batch,run_0001,53.0,ABi;ABm;ABo;N,4,3,0.0985840482121003,1.0,False,M_pro,False,False
batch,run_0001,53.0,IL1;IL12;M_pro;Ta,4,7,0.1874198159316656,1.0,True,M_pro,False,False
batch,run_0001,53.0,Fi;Fo;tau,3,3,0.13499327936546676,0.6666666666666666,False,M_pro,False,False
batch,run_0001,53.0,G,1,0,0.0,,False,M_pro,False,False
batch,run_0001,54.0,I10;IL4;M_NA;M_anti;Tb,5,12,0.18463056438539238,0.75,False,M_pro,False,False
batch,run_0001,54.0,A;ABp;Mh_anti;Mh_pro;P,5,8,0.10338475099299879,0.875,False,M_pro,False,False
batch,run_0001,54.0,ABi;ABm;ABo;N,4,3,0.09542809556295635,1.0,False,M_pro,False,False
batch,run_0001,54.0,IL1;IL12;M_pro;Ta,4,7,0.18959282398606514,1.0,True,M_pro,False,False
batch,run_0001,54.0,Fi;Fo;tau,3,3,0.1329096521899476,0.6666666666666666,False,M_pro,False,False
batch,run_0001,54.0,G,1,0,0.0,,False,M_pro,False,False
batch,run_0001,55.0,I10;IL4;M_NA;M_anti;Tb,5,12,0.18164752427239086,0.75,False,M_pro,False,False
batch,run_0001,55.0,A;ABp;Mh_anti;Mh_pro;P,5,8,0.10699529466710936,0.875,False,M_pro,False,False
batch,run_0001,55.0,ABi;ABm;ABo;N,4,3,0.09251727084993691,1.0,False,M_pro,False,False
batch,run_0001,55.0,IL1;IL12;M_pro;Ta,4,7,0.1914614864015156,1.0,True,M_pro,False,False
batch,run_0001,55.0,Fi;Fo;tau,3,3,0.13091403774014174,0.6666666666666666,False,M_pro,False,False
batch,run_0001,55.0,G,1,0,0.0,,False,M_pro,False,False
batch,run_0001,56.0,I10;IL4;M_NA;M_anti;Tb,5,12,0.1785701414066958,0.75,False,M_pro,False,False
batch,run_0001,56.0,A;ABp;Mh_anti;Mh_pro;P,5,8,0.1105545673338472,0.875,False,M_pro,False,False
batch,run_0001,56.0,ABi;ABm;ABo;N,4,3,0.08982408653031797,1.0,False,M_pro,False,False
batch,run_0001,56.0,IL1;IL12;M_pro;Ta,4,7,0.19306602360197817,1.0,True,M_pro,False,False
batch,run_0001,56.0,Fi;Fo;tau,3,3,0.12901203985405676,0.6666666666666666,False,M_pro,False,False
batch,run_0001,56.0,G,1,0,0.0,,False,M_pro,False,False
batch,run_0001,57.0,I10;IL4;M_NA;M_anti;Tb,5,12,0.17543165827166102,0.75,False,M_pro,False,False
batch,run_0001,57.0,A;ABp;Mh_anti;Mh_pro;P,5,8,0.11403921195382437,0.875,False,M_pro,False,False
batch,run_0001,57.0,ABi;ABm;ABo;N,4,3,0.08732482069589743,1.0,False,M_pro,False,False
batch,run_0001,57.0,IL1;IL12;M_pro;Ta,4,7,0.1944428569382934,1.0,True,M_pro,False,False
batch,run_0001,57.0,Fi;Fo;tau,3,3,0.12720705583749478,0.6666666666666666,False,M_pro,False,False
batch,run_0001,57.0,G,1,0,0.0,,False,M_pro,False,False
batch,run_0001,58.0,I10;IL4;M_NA;M_anti;Tb,5,12,0.1722595928622265,0.75,False,M_pro,False,False
batch,run_0001,58.0,A;ABp;Mh_anti;Mh_pro;P,5,8,0.11743142751138833,0.875,False,M_pro,False,False
batch,run_0001,58.0,ABi;ABm;ABo;N,4,3,0.08499895033969801,1.0,False,M_pro,False,False
batch,run_0001,58.0,IL1;IL12;M_pro;Ta,4,7,0.19562469046532083,1.0,True,M_pro,False,False
batch,run_0001,58.0,Fi;Fo;tau,3,3,0.12550067625805236,0.6666666666666666,False,M_pro,False,False
batch,run_0001,58.0,G,1,0,0.0,,False,M_pro,False,False
batch,run_0001,59.0,I10;IL4;M_NA;M_anti;Tb,5,12,0.16907653470957343,0.75,False,M_pro,False,False
batch,run_0001,59.0,A;ABp;Mh_anti;Mh_pro;P,5,8,0.1207181529487413,0.875,False,M_pro,False,False
batch,run_0001,59.0,ABi;ABm;ABo;N,4,3,0.08282866900631727,1.0,False,M_pro,False,False
batch,run_0001,59.0,IL1;IL12;M_pro;Ta,4,7,0.19664065586090523,1.0,True,M_pro,False,False
batch,run_0001,59.0,Fi;Fo;tau,3,3,0.12389304396271235,0.6666666666666666,False,M_pro,False,False
batch,run_0001,59.0,G,1,0,0.0,,False,M_pro,False,False
batch,run_0001,60.0,I10;IL4;M_NA;M_anti;Tb,5,12,0.16590084423743667,0.75,False,M_pro,False,False
batch,run_0001,60.0,A;ABp;Mh_anti;Mh_pro;P,5,8,0.12389034206291759,0.875,False,M_pro,False,False
batch,run_0001,60.0,ABi;ABm;ABo;N,4,3,0.08079848215487097,1.0,False,M_pro,False,False
batch,run_0001,60.0,IL1;IL12;M_pro;Ta,4,7,0.19751650177146654,1.0,True,M_pro,False,False
batch,run_0001,60.0,Fi;Fo;tau,3,3,0.12238316681051223,0.6666666666666666,False,M_pro,False,False
batch,run_0001,60.0,G,1,0,0.0,,False,M_pro,False,False
batch,run_0001,61.0,I10;IL4;M_NA;M_anti;Tb,5,12,0.16274728735185326,0.75,False,M_pro,False,False
batch,run_0001,61.0,A;ABp;Mh_anti;Mh_pro;P,5,8,0.12694231025393604,0.875,False,M_pro,False,False
batch,run_0001,61.0,ABi;ABm;ABo;N,4,3,0.07889485572515854,1.0,False,M_pro,False,False
batch,run_0001,61.0,IL1;IL12;M_pro;Ta,4,7,0.19827483393287612,1.0,True,M_pro,False,False
batch,run_0001,61.0,Fi;Fo;tau,3,3,0.12096917321517198,0.6666666666666666,False,M_pro,False,False
batch,run_0001,61.0,G,1,0,0.0,,False,M_pro,False,False
batch,run_0001,62.0,I10;IL4;M_NA;M_anti;Tb,5,12,0.15962758487900255,0.75,False,M_pro,False,False
batch,run_0001,62.0,A;ABp;Mh_anti;Mh_pro;P,5,8,0.1298711582541527,0.875,False,M_pro,False,False
batch,run_0001,62.0,ABi;ABm;ABo;N,4,3,0.07710592435864339,1.0,False,M_pro,False,False
batch,run_0001,62.0,IL1;IL12;M_pro;Ta,4,7,0.1989353683390485,1.0,True,M_pro,False,False
batch,run_0001,62.0,Fi;Fo;tau,3,3,0.11964852483844733,0.6666666666666666,False,M_pro,False,False
batch,run_0001,62.0,G,1,0,0.0,,False,M_pro,False,False
batch,run_0001,63.0,I10;IL4;M_NA;M_anti;Tb,5,12,0.15655088293273323,0.75,False,M_pro,False,False
batch,run_0001,63.0,A;ABp;Mh_anti;Mh_pro;P,5,8,0.13267626748288203,0.875,False,M_pro,False,False
batch,run_0001,63.0,ABi;ABm;ABo;N,4,3,0.07542124778454373,1.0,False,M_pro,False,False
batch,run_0001,63.0,IL1;IL12;M_pro;Ta,4,7,0.19951518131532836,1.0,True,M_pro,False,False
batch,run_0001,63.0,Fi;Fo;tau,3,3,0.1184181962669037,0.6666666666666666,False,M_pro,False,False
batch,run_0001,63.0,G,1,0,0.0,,False,M_pro,False,False
batch,run_0001,64.0,I10;IL4;M_NA;M_anti;Tb,5,12,0.15352415587085028,0.75,False,M_pro,False,False
batch,run_0001,64.0,A;ABp;Mh_anti;Mh_pro;P,5,8,0.13535886003915804,0.875,False,M_pro,False,False
batch,run_0001,64.0,ABi;ABm;ABo;N,4,3,0.07383160986187935,1.0,False,M_pro,False,False
batch,run_0001,64.0,IL1;IL12;M_pro;Ta,4,7,0.20002895323400496,1.0,True,M_pro,False,False
batch,run_0001,64.0,Fi;Fo;tau,3,3,0.11727482490336523,0.6666666666666666,False,M_pro,False,False
batch,run_0001,64.0,G,1,0,0.0,,False,M_pro,False,False
batch,run_0001,65.0,I10;IL4;M_NA;M_anti;Tb,5,12,0.15055256041028867,0.75,False,M_pro,False,False
batch,run_0001,65.0,A;ABp;Mh_anti;Mh_pro;P,5,8,0.13792161470527403,0.875,False,M_pro,False,False
batch,run_0001,65.0,ABi;ABm;ABo;N,4,3,0.07232884634944906,1.0,False,M_pro,False,False
batch,run_0001,65.0,IL1;IL12;M_pro;Ta,4,7,0.20048922040220046,1.0,True,M_pro,False,False
batch,run_0001,65.0,Fi;Fo;tau,3,3,0.11621482585393521,0.6666666666666666,False,M_pro,False,False
batch,run_0001,65.0,G,1,0,0.0,,False,M_pro,False,False
batch,run_0001,66.0,I10;IL4;M_NA;M_anti;Tb,5,12,0.14763974015422193,0.75,False,M_pro,False,False
batch,run_0001,66.0,A;ABp;Mh_anti;Mh_pro;P,5,8,0.14036833400326565,0.875,False,M_pro,False,False
batch,run_0001,66.0,ABi;ABm;ABo;N,4,3,0.07090570203447331,1.0,False,M_pro,False,False
batch,run_0001,66.0,IL1;IL12;M_pro;Ta,4,7,0.20090657978256346,1.0,True,M_pro,False,False
batch,run_0001,66.0,Fi;Fo;tau,3,3,0.11523450287304073,0.6666666666666666,False,M_pro,False,False
batch,run_0001,66.0,G,1,0,0.0,,False,M_pro,False,False
batch,run_0001,67.0,I10;IL4;M_NA;M_anti;Tb,5,12,0.14478809990167374,0.75,False,M_pro,False,False
batch,run_0001,67.0,A;ABp;Mh_anti;Mh_pro;P,5,8,0.14270365785362107,0.875,False,M_pro,False,False
batch,run_0001,67.0,ABi;ABm;ABo;N,4,3,0.06955570264454304,1.0,False,M_pro,False,False
batch,run_0001,67.0,IL1;IL12;M_pro;Ta,4,7,0.20128993326542635,1.0,True,M_pro,False,False
batch,run_0001,67.0,Fi;Fo;tau,3,3,0.11433011075431095,0.6666666666666666,False,M_pro,False,False
batch,run_0001,67.0,G,1,0,0.0,,False,M_pro,False,False
batch,run_0001,68.0,I10;IL4;M_NA;M_anti;Mh_anti;Tb,6,16,0.19013052502722433,0.8125,False,M_pro,False,False
batch,run_0001,68.0,ABi;ABm;ABo;N,4,3,0.06827305115181048,1.0,False,M_pro,False,False
batch,run_0001,68.0,IL1;IL12;M_pro;Ta,4,7,0.20164668807637,1.0,True,M_pro,False,False
batch,run_0001,68.0,A;ABp;Mh_pro;P,4,4,0.10294131166699383,1.0,False,M_pro,False,False
batch,run_0001,68.0,Fi;Fo;tau,3,3,0.11349791499431339,0.6666666666666666,False,M_pro,False,False
batch,run_0001,68.0,G,1,0,0.0,,False,M_pro,False,False
batch,run_0001,69.0,I10;IL4;M_NA;M_anti;Mh_anti;Tb,6,16,0.18820198556578382,0.8125,False,M_pro,False,False
batch,run_0001,69.0,ABi;ABm;ABo;N,4,3,0.06705254009659468,1.0,False,M_pro,False,False
batch,run_0001,69.0,IL1;IL12;M_pro;Ta,4,7,0.20198293824529615,1.0,True,M_pro,False,False
batch,run_0001,69.0,A;ABp;Mh_pro;P,4,4,0.10506902504314684,1.0,False,M_pro,False,False
batch,run_0001,69.0,Fi;Fo;tau,3,3,0.1127342397774913,0.6666666666666666,False,M_pro,False,False
batch,run_0001,69.0,G,1,0,0.0,,False,M_pro,False,False
batch,run_0001,70.0,I10;IL4;M_anti;Mh_anti;Tb,5,12,0.1501735700398311,0.9166666666666666,False,M_pro,False,False
batch,run_0001,70.0,A;ABp;Mh_pro;P;Ta,5,7,0.15555980868427918,1.0,False,M_pro,False,False
batch,run_0001,70.0,ABi;ABm;ABo;N,4,3,0.06588947572387736,1.0,False,M_pro,False,False
batch,run_0001,70.0,IL1;IL12;M_NA;M_pro,4,9,0.1701965987621186,0.7777777777777778,True,M_pro,False,False
batch,run_0001,70.0,Fi;Fo;tau,3,3,0.11203549824183014,0.6666666666666666,False,M_pro,False,False
batch,run_0001,70.0,G,1,0,0.0,,False,M_pro,False,False
batch,run_0001,71.0,I10;IL4;M_anti;Mh_anti;Tb,5,12,0.14898607450120083,0.9166666666666666,False,M_pro,False,False
batch,run_0001,71.0,A;ABp;Mh_pro;P;Ta,5,7,0.15891054880253988,1.0,False,M_pro,False,False
batch,run_0001,71.0,ABi;ABm;ABo;N,4,3,0.06477961715703069,1.0,False,M_pro,False,False
batch,run_0001,71.0,IL1;IL12;M_NA;M_pro,4,9,0.17054167239189713,0.7777777777777778,True,M_pro,False,False
batch,run_0001,71.0,Fi;Fo;tau,3,3,0.11139821643100796,0.6666666666666666,False,M_pro,False,False
batch,run_0001,71.0,G,1,0,0.0,,False,M_pro,False,False
batch,run_0001,72.0,I10;IL4;M_anti;Mh_anti;Tb,5,12,0.14779285652266272,0.9166666666666666,False,M_pro,False,False
batch,run_0001,72.0,A;ABp;Mh_pro;P;Ta,5,7,0.16218872892025601,1.0,False,M_pro,False,False
batch,run_0001,72.0,ABi;ABm;ABo;N,4,3,0.06371912145256206,1.0,False,M_pro,False,False
batch,run_0001,72.0,IL1;IL12;M_NA;M_pro,4,9,0.17088447850845867,0.7777777777777778,True,M_pro,False,False
batch,run_0001,72.0,Fi;Fo;tau,3,3,0.110819055424377,0.6666666666666666,False,M_pro,False,False
batch,run_0001,72.0,G,1,0,0.0,,False,M_pro,False,False
batch,run_0001,73.0,I10;IL4;M_anti;Mh_anti;Tb,5,12,0.1465946565418433,0.9166666666666666,False,M_pro,False,False
batch,run_0001,73.0,A;ABp;Mh_pro;P;Ta,5,7,0.16539657149479814,1.0,False,M_pro,False,False
batch,run_0001,73.0,ABi;ABm;ABo;N,4,3,0.06270449716241686,1.0,False,M_pro,False,False
batch,run_0001,73.0,IL1;IL12;M_NA;M_pro,4,9,0.17122641956979678,0.7777777777777778,True,M_pro,False,False
batch,run_0001,73.0,Fi;Fo;tau,3,3,0.11029481806452571,0.6666666666666666,False,M_pro,False,False
batch,run_0001,73.0,G,1,0,0.0,,False,M_pro,False,False
batch,run_0001,74.0,I10;IL4;M_anti;Mh_anti;Tb,5,12,0.14268981327869917,0.9166666666666666,False,M_pro,False,False
batch,run_0001,74.0,A;ABp;Mh_pro;P;Ta,5,7,0.16540393939937384,1.0,False,M_pro,False,False
batch,run_0001,74.0,Fi;Fo;G;tau,4,4,0.12636802464293492,0.75,False,M_pro,False,False
batch,run_0001,74.0,ABi;ABm;ABo;N,4,3,0.06058514749615302,1.0,False,M_pro,False,False
batch,run_0001,74.0,IL1;IL12;M_NA;M_pro,4,9,0.16837951924905495,0.7777777777777778,True,M_pro,False,False
batch,run_0001,75.0,I10;IL4;M_anti;Mh_anti;Tb,5,12,0.14148435666302442,0.9166666666666666,False,M_pro,False,False
batch,run_0001,75.0,A;ABp;Mh_pro;P;Ta,5,7,0.16839540378909448,1.0,False,M_pro,False,False
batch,run_0001,75.0,Fi;Fo;G;tau,4,4,0.1260820704816648,0.75,False,M_pro,False,False
batch,run_0001,75.0,ABi;ABm;ABo;N,4,3,0.05966115884380444,1.0,False,M_pro,False,False
batch,run_0001,75.0,IL1;IL12;M_NA;M_pro,4,9,0.16868977691692974,0.7777777777777778,True,M_pro,False,False
batch,run_0001,76.0,I10;IL4;M_anti;Mh_anti;Tb,5,12,0.14024788441504576,0.9166666666666666,False,M_pro,False,False
batch,run_0001,76.0,A;ABp;Mh_pro;P;Ta,5,7,0.17128962255730434,1.0,False,M_pro,False,False
batch,run_0001,76.0,Fi;Fo;G;tau,4,4,0.12600006739671968,0.75,False,M_pro,False,False
batch,run_0001,76.0,ABi;ABm;ABo;N,4,3,0.05876212038521984,1.0,False,M_pro,False,False
batch,run_0001,76.0,IL1;IL12;M_NA;M_pro,4,9,0.16896646682367655,0.7777777777777778,True,M_pro,False,False
batch,run_0001,77.0,I10;IL4;M_anti;Mh_anti;Tb,5,12,0.138980122364317,0.9166666666666666,False,M_pro,False,False
batch,run_0001,77.0,A;ABp;Mh_pro;P;Ta,5,7,0.17408545001053616,1.0,False,M_pro,False,False
batch,run_0001,77.0,Fi;Fo;G;tau,4,4,0.12611978617592243,0.75,False,M_pro,False,False
batch,run_0001,77.0,ABi;ABm;ABo;N,4,3,0.057885564678492145,1.0,False,M_pro,False,False
batch,run_0001,77.0,IL1;IL12;M_NA;M_pro,4,9,0.169207434051604,0.7777777777777778,True,M_pro,False,False
batch,run_0001,78.0,I10;IL4;M_anti;Mh_anti;Tb,5,12,0.1376824825532088,0.9166666666666666,False,M_pro,False,False
batch,run_0001,78.0,A;ABp;Mh_pro;P;Ta,5,7,0.17678375574890456,1.0,False,M_pro,False,False
batch,run_0001,78.0,Fi;Fo;G;tau,4,4,0.1264328041197004,0.75,False,M_pro,False,False
batch,run_0001,78.0,ABi;ABm;ABo;N,4,3,0.05702982053461876,1.0,False,M_pro,False,False
batch,run_0001,78.0,IL1;IL12;M_NA;M_pro,4,9,0.16941234691525497,0.7777777777777778,True,M_pro,False,False
batch,run_0001,79.0,I10;IL4;M_anti;Mh_anti;Tb,5,12,0.1363574800955019,0.9166666666666666,False,Fo,False,False
batch,run_0001,79.0,A;ABp;Mh_pro;P;Ta,5,7,0.17938692452237887,1.0,False,Fo,False,False
batch,run_0001,79.0,Fi;Fo;G;tau,4,4,0.12692694867427712,0.75,True,Fo,False,False
batch,run_0001,79.0,ABi;ABm;ABo;N,4,3,0.05619373449924282,1.0,False,Fo,False,False
batch,run_0001,79.0,IL1;IL12;M_NA;M_pro,4,9,0.16958210522286576,0.7777777777777778,False,Fo,False,False
batch,run_0001,80.0,I10;IL4;M_anti;Mh_anti;Tb,5,12,0.13500819610173917,0.9166666666666666,False,Fo,False,False
batch,run_0001,80.0,A;ABp;Mh_pro;P;Ta,5,7,0.18189827789472565,1.0,False,Fo,False,False
batch,run_0001,80.0,Fi;Fo;G;tau,4,4,0.12758847673682713,0.75,True,Fo,False,False
batch,run_0001,80.0,ABi;ABm;ABo;N,4,3,0.055376439803317176,1.0,False,Fo,False,False
batch,run_0001,80.0,IL1;IL12;M_NA;M_pro,4,9,0.16971826402914322,0.7777777777777778,False,Fo,False,False
batch,run_0002,30.0,I10;IL4;M_NA;M_anti,4,4,0.12151919961711033,0.5,False,ABm,False,False
batch,run_0002,30.0,A;P;Ta,3,2,0.328810706203757,1.0,False,ABm,False,False
batch,run_0002,30.0,ABm;N,2,1,0.5153736833641047,1.0,True,ABm,False,False
batch,run_0002,30.0,ABi,1,0,0.0,,False,ABm,False,False
batch,run_0002,30.0,ABo,1,0,0.0,,False,ABm,False,False
batch,run_0002,30.0,ABp,1,0,0.0,,False,ABm,False,False
batch,run_0002,30.0,G,1,0,0.0,,False,ABm,False,False
batch,run_0002,30.0,tau,1,0,0.0,,False,ABm,False,False
batch,run_0002,30.0,Fi,1,0,0.0,,False,ABm,False,False
batch,run_0002,30.0,Fo,1,0,0.0,,False,ABm,False,False
batch,run_0002,30.0,M_pro,1,0,0.0,,False,ABm,False,False
batch,run_0002,30.0,Mh_pro,1,0,0.0,,False,ABm,False,False
batch,run_0002,30.0,Mh_anti,1,0,0.0,,False,ABm,False,False
batch,run_0002,30.0,Tb,1,0,0.0,,False,ABm,False,False
batch,run_0002,30.0,IL1,1,0,0.0,,False,ABm,False,False
batch,run_0002,30.0,IL12,1,0,0.0,,False,ABm,False,False
batch,run_0002,31.0,I10;IL1;IL12;IL4;M_NA;M_anti;M_pro;Tb,8,27,0.084921888776638,0.6296296296296297,False,ABm,False,False
batch,run_0002,31.0,A;ABi;Mh_anti;Mh_pro;P;Ta,6,11,0.3579511302786806,0.8181818181818182,False,ABm,False,False
batch,run_0002,31.0,ABm;ABo;ABp;N,4,3,0.4480120940437107,1.0,True,ABm,False,False
batch,run_0002,31.0,Fi;Fo;tau,3,3,0.03843878465095596,0.6666666666666666,False,ABm,False,False
batch,run_0002,31.0,G,1,0,0.0,,False,ABm,False,False
batch,run_0002,32.0,I10;IL1;IL12;IL4;M_NA;M_anti;M_pro;Tb,8,29,0.08999192239805907,0.6551724137931034,False,ABm,False,False
batch,run_0002,32.0,A;ABi;Mh_anti;Mh_pro;P;Ta,6,11,0.3075932004764086,0.8181818181818182,False,ABm,False,False
batch,run_0002,32.0,ABm;ABo;ABp;N,4,3,0.40116025640258635,1.0,True,ABm,False,False
batch,run_0002,32.0,Fi;Fo;tau,3,3,0.08974263051246724,0.6666666666666666,False,ABm,False,False
batch,run_0002,32.0,G,1,0,0.0,,False,ABm,False,False
batch,run_0002,33.0,I10;IL1;IL12;IL4;M_NA;M_anti;M_pro;Mh_pro;Ta;Tb,10,38,0.19566425820467573,0.6052631578947368,False,ABm,False,False
batch,run_0002,33.0,ABi;ABm;ABo;ABp;N,5,4,0.36155476708165385,1.0,True,ABm,False,False
batch,run_0002,33.0,Fi;Fo;tau,3,3,0.12019485766189321,0.6666666666666666,False,ABm,False,False
batch,run_0002,33.0,A;Mh_anti;P,3,2,0.16677618701637922,1.0,False,ABm,False,False
batch,run_0002,33.0,G,1,0,0.0,,False,ABm,False,False
batch,run_0002,34.0,I10;IL1;IL12;IL4;M_NA;M_anti;M_pro;Mh_pro;Ta;Tb,10,39,0.24050564524748383,0.6153846153846154,False,ABm,False,False
batch,run_0002,34.0,ABi;Fi;Fo;tau,4,4,0.13467080674428436,0.5,False,ABm,False,False
batch,run_0002,34.0,ABm;ABo;ABp;N,4,3,0.3271573215260783,1.0,True,ABm,False,False
batch,run_0002,34.0,A;Mh_anti;P,3,2,0.12888408427951406,1.0,False,ABm,False,False
batch,run_0002,34.0,G,1,0,0.0,,False,ABm,False,False
batch,run_0002,35.0,I10;IL1;IL12;IL4;M_NA;M_anti;M_pro;Mh_pro;Ta;Tb,10,39,0.2825611946261233,0.6153846153846154,False,ABo,False,False
batch,run_0002,35.0,ABi;Fi;Fo;tau,4,4,0.14093313672293958,0.5,False,ABo,False,False
batch,run_0002,35.0,ABm;ABo;ABp;N,4,3,0.2984379033672239,1.0,True,ABo,False,False
batch,run_0002,35.0,A;Mh_anti;P,3,2,0.1024334792513617,1.0,False,ABo,False,False
batch,run_0002,35.0,G,1,0,0.0,,False,ABo,False,False
batch,run_0002,36.0,I10;IL1;IL12;IL4;M_NA;M_anti;M_pro;Ta;Tb,9,35,0.2878734117809398,0.6285714285714286,False,ABo,False,False
batch,run_0002,36.0,ABi;Fi;Fo;tau,4,4,0.1436068442721736,0.5,False,ABo,False,False
batch,run_0002,36.0,ABm;ABo;ABp;N,4,3,0.27390010794962927,1.0,True,ABo,False,False
batch,run_0002,36.0,A;Mh_anti;Mh_pro;P,4,6,0.10214048179578669,0.8333333333333334,False,ABo,False,False
batch,run_0002,36.0,G,1,0,0.0,,False,ABo,False,False
batch,run_0002,37.0,I10;IL4;M_NA;M_anti;Tb,5,12,0.14541078122322845,0.75,False,ABo,False,False
batch,run_0002,37.0,ABi;Fi;Fo;tau,4,4,0.14474189324633593,0.5,False,ABo,False,False
batch,run_0002,37.0,ABm;ABo;ABp;N,4,3,0.2526229203855855,1.0,True,ABo,False,False
batch,run_0002,37.0,IL1;IL12;M_pro;Ta,4,7,0.10038103013863833,1.0,False,ABo,False,False
batch,run_0002,37.0,A;Mh_anti;Mh_pro;P,4,6,0.08708552735131266,0.8333333333333334,False,ABo,False,False
batch,run_0002,37.0,G,1,0,0.0,,False,ABo,False,False
batch,run_0002,38.0,I10;IL4;M_NA;M_anti;Tb,5,12,0.1588984807738141,0.75,False,ABo,False,False
batch,run_0002,38.0,ABi;Fi;Fo;tau,4,4,0.14523894412623148,0.5,False,ABo,False,False
batch,run_0002,38.0,ABm;ABo;ABp;N,4,3,0.23408440456389606,1.0,True,ABo,False,False
batch,run_0002,38.0,IL1;IL12;M_pro;Ta,4,7,0.11395158361499962,1.0,False,ABo,False,False
batch,run_0002,38.0,A;Mh_anti;Mh_pro;P,4,6,0.07659086156968134,0.8333333333333334,False,ABo,False,False
batch,run_0002,38.0,G,1,0,0.0,,False,ABo,False,False
batch,run_0002,39.0,I10;IL4;M_NA;M_anti;Tb,5,12,0.1695385041004373,0.75,False,M_pro,False,False
batch,run_0002,39.0,ABi;Fi;Fo;tau,4,4,0.14545652444036472,0.5,False,M_pro,False,False
batch,run_0002,39.0,ABm;ABo;ABp;N,4,3,0.21792193982584934,1.0,False,M_pro,False,False
batch,run_0002,39.0,IL1;IL12;M_pro;Ta,4,7,0.12614251567795506,1.0,True,M_pro,False,False
batch,run_0002,39.0,A;Mh_anti;Mh_pro;P,4,6,0.06950578673374555,1.0,False,M_pro,False,False
batch,run_0002,39.0,G,1,0,0.0,,False,M_pro,False,False
batch,run_0002,40.0,ABi;ABm;ABo;ABp;N,5,4,0.20442314494490443,1.0,False,M_pro,False,False
batch,run_0002,40.0,I10;IL4;M_NA;M_anti;Tb,5,12,0.17769043830173642,0.75,False,M_pro,False,False
batch,run_0002,40.0,IL1;IL12;M_pro;Ta,4,7,0.13692991108437894,1.0,True,M_pro,False,False
batch,run_0002,40.0,A;Mh_anti;Mh_pro;P,4,6,0.06499535018397072,1.0,False,M_pro,False,False
batch,run_0002,40.0,Fi;Fo;tau,3,3,0.14502620781799236,0.6666666666666666,False,M_pro,False,False
batch,run_0002,40.0,G,1,0,0.0,,False,M_pro,False,False
batch,run_0002,41.0,ABi;ABm;ABo;ABp;N,5,4,0.19210224403839002,1.0,False,M_pro,False,False
batch,run_0002,41.0,I10;IL4;M_NA;M_anti;Tb,5,12,0.18375870976110112,0.75,False,M_pro,False,False
batch,run_0002,41.0,IL1;IL12;M_pro;Ta,4,7,0.14630509159099445,1.0,True,M_pro,False,False
batch,run_0002,41.0,A;Mh_anti;Mh_pro;P,4,6,0.062464736641677954,1.0,False,M_pro,False,False
batch,run_0002,41.0,Fi;Fo;tau,3,3,0.14488000748255417,0.6666666666666666,False,M_pro,False,False
batch,run_0002,41.0,G,1,0,0.0,,False,M_pro,False,False
batch,run_0002,42.0,ABi;ABm;ABo;ABp;N,5,4,0.18127176772089137,1.0,False,M_pro,False,False
batch,run_0002,42.0,I10;IL4;M_NA;M_anti;Tb,5,12,0.1881190259609634,0.75,False,M_pro,False,False
batch,run_0002,42.0,IL1;IL12;M_pro;Ta,4,7,0.15430078829953986,1.0,True,M_pro,False,False
batch,run_0002,42.0,A;Mh_anti;Mh_pro;P,4,6,0.06147940252557248,1.0,False,M_pro,False,False
batch,run_0002,42.0,Fi;Fo;tau,3,3,0.1445316833964818,0.6666666666666666,False,M_pro,False,False
batch,run_0002,42.0,G,1,0,0.0,,False,M_pro,False,False
batch,run_0002,43.0,I10;IL4;M_NA;M_anti;Tb,5,12,0.19109772573752767,0.75,False,M_pro,False,False
batch,run_0002,43.0,A;ABp;Mh_anti;Mh_pro;P,5,8,0.0749926814793489,0.875,False,M_pro,False,False
batch,run_0002,43.0,ABi;ABm;ABo;N,4,3,0.15593539986290036,1.0,False,M_pro,False,False
batch,run_0002,43.0,IL1;IL12;M_pro;Ta,4,7,0.16099103511100926,1.0,True,M_pro,False,False
batch,run_0002,43.0,Fi;Fo;tau,3,3,0.14395992455716994,0.6666666666666666,False,M_pro,False,False
batch,run_0002,43.0,G,1,0,0.0,,False,M_pro,False,False
batch,run_0002,44.0,I10;IL4;M_NA;M_anti;Tb,5,12,0.19296942214210333,0.75,False,M_pro,False,False
batch,run_0002,44.0,A;ABp;Mh_anti;Mh_pro;P,5,8,0.07739030423217375,0.875,False,M_pro,False,False
batch,run_0002,44.0,ABi;ABm;ABo;N,4,3,0.14768376808172834,1.0,False,M_pro,False,False
batch,run_0002,44.0,IL1;IL12;M_pro;Ta,4,7,0.16647957573623143,1.0,True,M_pro,False,False
batch,run_0002,44.0,Fi;Fo;tau,3,3,0.14316201224064523,0.6666666666666666,False,M_pro,False,False
batch,run_0002,44.0,G,1,0,0.0,,False,M_pro,False,False
batch,run_0002,45.0,I10;IL4;M_NA;M_anti;Tb,5,12,0.19396093469098893,0.75,False,M_pro,False,False
batch,run_0002,45.0,A;ABp;Mh_anti;Mh_pro;P,5,8,0.08046276161146056,0.875,False,M_pro,False,False
batch,run_0002,45.0,ABi;ABm;ABo;N,4,3,0.14041412978771484,1.0,False,M_pro,False,False
batch,run_0002,45.0,IL1;IL12;M_pro;Ta,4,7,0.17088689133142598,1.0,True,M_pro,False,False
batch,run_0002,45.0,Fi;Fo;tau,3,3,0.1421519701072873,0.6666666666666666,False,M_pro,False,False
batch,run_0002,45.0,G,1,0,0.0,,False,M_pro,False,False
batch,run_0002,46.0,I10;IL4;M_NA;M_anti;Tb,5,12,0.19425756054830365,0.75,False,M_pro,False,False
batch,run_0002,46.0,A;ABp;Mh_anti;Mh_pro;P,5,8,0.08403846196928394,0.875,False,M_pro,False,False
batch,run_0002,46.0,ABi;ABm;ABo;N,4,3,0.13397970601164946,1.0,False,M_pro,False,False
batch,run_0002,46.0,IL1;IL12;M_pro;Ta,4,7,0.17433932428379117,1.0,True,M_pro,False,False
batch,run_0002,46.0,Fi;Fo;tau,3,3,0.14095545751014696,0.6666666666666666,False,M_pro,False,False
batch,run_0002,46.0,G,1,0,0.0,,False,M_pro,False,False
batch,run_0002,47.0,I10;IL4;M_NA;M_anti;Tb,5,12,0.1940096471548187,0.75,False,M_pro,False,False
batch,run_0002,47.0,A;ABp;Mh_anti;Mh_pro;P,5,8,0.08797742620845392,0.875,False,M_pro,False,False
batch,run_0002,47.0,ABi;ABm;ABo;N,4,3,0.1282578344488849,1.0,False,M_pro,False,False
batch,run_0002,47.0,IL1;IL12;M_pro;Ta,4,7,0.17696154970102904,1.0,True,M_pro,False,False
batch,run_0002,47.0,Fi;Fo;tau,3,3,0.1396045470044351,0.6666666666666666,False,M_pro,False,False
batch,run_0002,47.0,G,1,0,0.0,,False,M_pro,False,False
batch,run_0002,48.0,I10;IL4;M_NA;M_anti;Tb,5,12,0.19333862908378913,0.75,False,M_pro,False,False
batch,run_0002,48.0,A;ABp;Mh_anti;Mh_pro;P,5,8,0.09216463503032489,0.875,False,M_pro,False,False
batch,run_0002,48.0,ABi;ABm;ABo;N,4,3,0.12314565257829932,1.0,False,M_pro,False,False
batch,run_0002,48.0,IL1;IL12;M_pro;Ta,4,7,0.17887167500090248,1.0,True,M_pro,False,False
batch,run_0002,48.0,Fi;Fo;tau,3,3,0.1381335583276716,0.6666666666666666,False,M_pro,False,False
batch,run_0002,48.0,G,1,0,0.0,,False,M_pro,False,False
batch,run_0002,49.0,I10;IL4;M_NA;M_anti;Tb,5,12,0.19234239372116244,0.75,False,M_pro,False,False
batch,run_0002,49.0,A;ABp;Mh_anti;Mh_pro;P,5,8,0.09650529068861514,0.875,False,M_pro,False,False
batch,run_0002,49.0,ABi;ABm;ABo;N,4,3,0.11855667625539117,1.0,False,M_pro,False,False
batch,run_0002,49.0,IL1;IL12;M_pro;Ta,4,7,0.18017845528976525,1.0,True,M_pro,False,False
batch,run_0002,49.0,Fi;Fo;tau,3,3,0.1365761420244303,0.6666666666666666,False,M_pro,False,False
batch,run_0002,49.0,G,1,0,0.0,,False,M_pro,False,False
batch,run_0002,50.0,I10;IL4;M_NA;M_anti;Tb,5,12,0.19109977359024144,0.75,False,M_pro,False,False
batch,run_0002,50.0,A;ABp;Mh_anti;Mh_pro;P,5,8,0.10092136499107678,0.875,False,M_pro,False,False
batch,run_0002,50.0,ABi;ABm;ABo;N,4,3,0.11441806762548228,1.0,False,M_pro,False,False
batch,run_0002,50.0,IL1;IL12;M_pro;Ta,4,7,0.18098003785101313,1.0,True,M_pro,False,False
batch,run_0002,50.0,Fi;Fo;tau,3,3,0.1349634361848484,0.6666666666666666,False,M_pro,False,False
batch,run_0002,50.0,G,1,0,0.0,,False,M_pro,False,False
batch,run_0002,51.0,I10;IL4;M_NA;M_anti;Tb,5,12,0.18967417233459014,0.75,False,M_pro,False,False
batch,run_0002,51.0,A;ABp;Mh_anti;Mh_pro;P,5,8,0.10534901567255986,0.875,False,M_pro,False,False
batch,run_0002,51.0,ABi;ABm;ABo;N,4,3,0.11066842089594454,1.0,False,M_pro,False,False
batch,run_0002,51.0,IL1;IL12;M_pro;Ta,4,7,0.1813636305445784,1.0,True,M_pro,False,False
batch,run_0002,51.0,Fi;Fo;tau,3,3,0.1333230569066313,0.6666666666666666,False,M_pro,False,False
batch,run_0002,51.0,G,1,0,0.0,,False,M_pro,False,False
batch,run_0002,52.0,I10;IL4;M_NA;M_anti;Tb,5,12,0.1881165161643176,0.75,False,M_pro,False,False
batch,run_0002,52.0,A;ABp;Mh_anti;Mh_pro;P,5,8,0.10973655898212976,0.875,False,M_pro,False,False
batch,run_0002,52.0,ABi;ABm;ABo;N,4,3,0.10725591324528366,1.0,False,M_pro,False,False
batch,run_0002,52.0,IL1;IL12;M_pro;Ta,4,7,0.18140576179153617,1.0,True,M_pro,False,False
batch,run_0002,52.0,Fi;Fo;tau,3,3,0.13167868280239628,0.6666666666666666,False,M_pro,False,False
batch,run_0002,52.0,G,1,0,0.0,,False,M_pro,False,False
batch,run_0002,53.0,I10;IL4;M_NA;M_anti;Tb,5,12,0.18646767924486043,0.75,False,M_pro,False,False
batch,run_0002,53.0,A;ABp;Mh_anti;Mh_pro;P,5,8,0.11404278624018523,0.875,False,M_pro,False,False
batch,run_0002,53.0,ABi;ABm;ABo;N,4,3,0.10413672433213725,1.0,False,M_pro,False,False
batch,run_0002,53.0,IL1;IL12;M_pro;Ta,4,7,0.18117293420702113,1.0,True,M_pro,False,False
batch,run_0002,53.0,Fi;Fo;tau,3,3,0.1300500254977571,0.6666666666666666,False,M_pro,False,False
batch,run_0002,53.0,G,1,0,0.0,,False,M_pro,False,False
batch,run_0002,54.0,I10;IL4;M_NA;M_anti;Tb,5,12,0.18476037217497138,0.75,False,M_pro,False,False
batch,run_0002,54.0,A;ABp;Mh_anti;Mh_pro;P,5,8,0.11823555176205892,0.875,False,M_pro,False,False
batch,run_0002,54.0,ABi;ABm;ABo;N,4,3,0.10127373755496345,1.0,False,M_pro,False,False
batch,run_0002,54.0,IL1;IL12;M_pro;Ta,4,7,0.18072243413604988,1.0,True,M_pro,False,False
batch,run_0002,54.0,Fi;Fo;tau,3,3,0.12845303190891838,0.6666666666666666,False,M_pro,False,False
batch,run_0002,54.0,G,1,0,0.0,,False,M_pro,False,False
batch,run_0002,55.0,I10;IL4;M_NA;M_anti;Tb,5,12,0.18302063345510355,0.75,False,M_pro,False,False
batch,run_0002,55.0,A;ABp;Mh_anti;Mh_pro;P,5,8,0.12229054876744205,0.875,False,M_pro,False,False
batch,run_0002,55.0,ABi;ABm;ABo;N,4,3,0.09863546218890215,1.0,False,M_pro,False,False
batch,run_0002,55.0,IL1;IL12;M_pro;Ta,4,7,0.1801031821226718,1.0,True,M_pro,False,False
batch,run_0002,55.0,Fi;Fo;tau,3,3,0.12690022644598906,0.6666666666666666,False,M_pro,False,False
batch,run_0002,55.0,G,1,0,0.0,,False,M_pro,False,False
batch,run_0002,56.0,I10;IL4;M_NA;M_anti;Tb,5,12,0.18126903664734734,0.75,False,M_pro,False,False
batch,run_0002,56.0,A;ABp;Mh_anti;Mh_pro;P,5,8,0.12619020927774713,0.875,False,M_pro,False,False
batch,run_0002,56.0,ABi;ABm;ABo;N,4,3,0.09619512568519892,1.0,False,M_pro,False,False
batch,run_0002,56.0,IL1;IL12;M_pro;Ta,4,7,0.17935659706522317,1.0,True,M_pro,False,False
batch,run_0002,56.0,Fi;Fo;tau,3,3,0.1254011207671016,0.6666666666666666,False,M_pro,False,False
batch,run_0002,56.0,G,1,0,0.0,,False,M_pro,False,False
batch,run_0002,57.0,I10;IL4;M_NA;M_anti;Tb,5,12,0.17952169029850681,0.75,False,M_pro,False,False
batch,run_0002,57.0,A;ABp;Mh_anti;Mh_pro;P,5,8,0.12992268480195956,0.875,False,M_pro,False,False
batch,run_0002,57.0,ABi;ABm;ABo;N,4,3,0.09392988746653505,1.0,False,M_pro,False,False
batch,run_0002,57.0,IL1;IL12;M_pro;Ta,4,7,0.17851748251627184,1.0,True,M_pro,False,False
batch,run_0002,57.0,Fi;Fo;tau,3,3,0.12396263223847186,0.6666666666666666,False,M_pro,False,False
batch,run_0002,57.0,G,1,0,0.0,,False,M_pro,False,False
batch,run_0002,58.0,I10;IL4;M_NA;M_anti;Tb,5,12,0.17779104527010547,0.75,False,M_pro,False,False
batch,run_0002,58.0,A;ABp;Mh_anti;Mh_pro;P,5,8,0.1334809256908546,0.875,False,M_pro,False,False
batch,run_0002,58.0,ABi;ABm;ABo;N,4,3,0.09182018934650016,1.0,False,M_pro,False,False
batch,run_0002,58.0,IL1;IL12;M_pro;Ta,4,7,0.17761485289430523,1.0,True,M_pro,False,False
batch,run_0002,58.0,Fi;Fo;tau,3,3,0.12258948659401595,0.6666666666666666,False,M_pro,False,False
batch,run_0002,58.0,G,1,0,0.0,,False,M_pro,False,False
batch,run_0002,59.0,I10;IL4;M_NA;M_anti;Tb,5,12,0.1760865407106272,0.75,False,M_pro,False,False
batch,run_0002,59.0,A;ABp;Mh_anti;Mh_pro;P,5,8,0.13686186303854042,0.875,False,M_pro,False,False
batch,run_0002,59.0,ABi;ABm;ABo;N,4,3,0.08984923017920893,1.0,False,M_pro,False,False
batch,run_0002,59.0,IL1;IL12;M_pro;Ta,4,7,0.17667266870327025,1.0,True,M_pro,False,False
batch,run_0002,59.0,Fi;Fo;tau,3,3,0.1212845936474724,0.6666666666666666,False,M_pro,False,False
batch,run_0002,59.0,G,1,0,0.0,,False,M_pro,False,False
batch,run_0002,60.0,I10;IL4;M_NA;M_anti;Tb,5,12,0.17441513819690133,0.75,False,M_pro,False,False
batch,run_0002,60.0,A;ABp;Mh_anti;Mh_pro;P,5,8,0.14006567388959132,0.875,False,M_pro,False,False
batch,run_0002,60.0,ABi;ABm;ABo;N,4,3,0.08800252410083562,1.0,False,M_pro,False,False
batch,run_0002,60.0,IL1;IL12;M_pro;Ta,4,7,0.17571051311652916,1.0,True,M_pro,False,False
batch,run_0002,60.0,Fi;Fo;tau,3,3,0.12004938448953424,0.6666666666666666,False,M_pro,False,False
batch,run_0002,60.0,G,1,0,0.0,,False,M_pro,False,False
batch,run_0002,61.0,I10;IL4;M_NA;M_anti;Tb,5,12,0.1727817683643309,0.75,False,M_pro,False,False
batch,run_0002,61.0,A;ABp;Mh_anti;Mh_pro;P,5,8,0.14309512752534312,0.875,False,M_pro,False,False
batch,run_0002,61.0,ABi;ABm;ABo;N,4,3,0.08626753579533421,1.0,False,M_pro,False,False
batch,run_0002,61.0,IL1;IL12;M_pro;Ta,4,7,0.17474419310137804,1.0,True,M_pro,False,False
batch,run_0002,61.0,Fi;Fo;tau,3,3,0.11888411512901433,0.6666666666666666,False,M_pro,False,False
batch,run_0002,61.0,G,1,0,0.0,,False,M_pro,False,False
batch,run_0002,62.0,I10;IL4;M_NA;M_anti;Tb,5,12,0.17118970887975887,0.75,False,M_pro,False,False
batch,run_0002,62.0,A;ABp;Mh_anti;Mh_pro;P,5,8,0.14595500503604708,0.875,False,M_pro,False,False
batch,run_0002,62.0,ABi;ABm;ABo;N,4,3,0.08463337039824426,1.0,False,M_pro,False,False
batch,run_0002,62.0,IL1;IL12;M_pro;Ta,4,7,0.17378629944592755,1.0,True,M_pro,False,False
batch,run_0002,62.0,Fi;Fo;tau,3,3,0.11778812090387802,0.6666666666666666,False,M_pro,False,False
batch,run_0002,62.0,G,1,0,0.0,,False,M_pro,False,False
batch,run_0002,63.0,I10;IL4;M_NA;M_anti;Tb,5,12,0.16964090127531473,0.75,False,Fo,False,False
batch,run_0002,63.0,IL1;IL12;M_pro;Mh_pro;Ta,5,9,0.21621781426297573,1.0,False,Fo,False,False
batch,run_0002,63.0,ABi;ABm;ABo;N,4,3,0.08309051440196648,1.0,False,Fo,False,False
batch,run_0002,63.0,A;ABp;Mh_anti;P,4,4,0.11075728459744391,0.75,False,Fo,False,False
batch,run_0002,63.0,Fi;Fo;tau,3,3,0.11676002985409714,0.6666666666666666,True,Fo,False,False
batch,run_0002,63.0,G,1,0,0.0,,False,Fo,False,False
batch,run_0002,64.0,I10;IL4;M_NA;M_anti;Tb,5,12,0.168136214260983,0.75,False,Fo,False,False
batch,run_0002,64.0,IL1;IL12;M_pro;Mh_pro;Ta,5,9,0.21666808553769124,1.0,False,Fo,False,False
batch,run_0002,64.0,ABi;ABm;ABo;N,4,3,0.08163062433283201,1.0,False,Fo,False,False
batch,run_0002,64.0,A;ABp;Mh_anti;P,4,4,0.11238418049903018,0.75,False,Fo,False,False
batch,run_0002,64.0,Fi;Fo;tau,3,3,0.11579794130338832,0.6666666666666666,True,Fo,False,False
batch,run_0002,64.0,G,1,0,0.0,,False,Fo,False,False
batch,run_0002,65.0,I10;IL4;M_NA;M_anti;Tb,5,12,0.16667566345670143,0.75,False,Fo,False,False
batch,run_0002,65.0,IL1;IL12;M_pro;Mh_pro;Ta,5,9,0.21711287765746332,1.0,False,Fo,False,False
batch,run_0002,65.0,ABi;ABm;ABo;N,4,3,0.0802463527874017,1.0,False,Fo,False,False
batch,run_0002,65.0,A;ABp;Mh_anti;P,4,4,0.11390252671370495,0.75,False,Fo,False,False
batch,run_0002,65.0,Fi;Fo;tau,3,3,0.11489957459938176,0.6666666666666666,True,Fo,False,False
batch,run_0002,65.0,G,1,0,0.0,,False,Fo,False,False
batch,run_0002,66.0,I10;IL4;M_NA;M_anti;Tb,5,12,0.1652585951850572,0.75,False,Fo,False,False
batch,run_0002,66.0,IL1;IL12;M_pro;Mh_pro;Ta,5,9,0.2175552128166043,1.0,False,Fo,False,False
batch,run_0002,66.0,ABi;ABm;ABo;N,4,3,0.07893120388798476,1.0,False,Fo,False,False
batch,run_0002,66.0,A;ABp;Mh_anti;P,4,4,0.11531937108744487,0.75,False,Fo,False,False
batch,run_0002,66.0,Fi;Fo;tau,3,3,0.11406239087298822,0.6666666666666666,True,Fo,False,False
batch,run_0002,66.0,G,1,0,0.0,,False,Fo,False,False
batch,run_0002,67.0,A;ABp;Mh_anti;Mh_pro;P;Ta,6,12,0.2292365285689657,0.8333333333333334,False,Fo,False,False
batch,run_0002,67.0,I10;IL4;M_NA;M_anti;Tb,5,12,0.1638838401698003,0.75,False,Fo,False,False
batch,run_0002,67.0,ABi;ABm;ABo;N,4,3,0.07767941161625713,1.0,False,Fo,False,False
batch,run_0002,67.0,Fi;Fo;tau,3,3,0.1132836889212421,0.6666666666666666,True,Fo,False,False
batch,run_0002,67.0,IL1;IL12;M_pro,3,5,0.10546753565441892,1.0,False,Fo,False,False
batch,run_0002,67.0,G,1,0,0.0,,False,Fo,False,False
batch,run_0002,68.0,A;ABp;Mh_anti;Mh_pro;P;Ta,6,12,0.23277563875103896,0.8333333333333334,False,Fo,False,False
batch,run_0002,68.0,I10;IL4;M_NA;M_anti;Tb,5,12,0.16254984715876225,0.75,False,Fo,False,False
batch,run_0002,68.0,ABi;ABm;ABo;N,4,3,0.07648583609513282,1.0,False,Fo,False,False
batch,run_0002,68.0,Fi;Fo;tau,3,3,0.11256069042025389,0.6666666666666666,True,Fo,False,False
batch,run_0002,68.0,IL1;IL12;M_pro,3,5,0.10503392742512219,1.0,False,Fo,False,False
batch,run_0002,68.0,G,1,0,0.0,,False,Fo,False,False
batch,run_0002,69.0,A;ABp;Mh_anti;Mh_pro;P;Ta,6,12,0.23614633027125095,0.8333333333333334,False,Fo,False,False
batch,run_0002,69.0,I10;IL4;M_NA;M_anti;Tb,5,12,0.1612547875056453,0.75,False,Fo,False,False
batch,run_0002,69.0,ABi;ABm;ABo;N,4,3,0.07534587766394764,1.0,False,Fo,False,False
batch,run_0002,69.0,Fi;Fo;tau,3,3,0.11189059088274005,0.6666666666666666,True,Fo,False,False
batch,run_0002,69.0,IL1;IL12;M_pro,3,5,0.10462403562238631,1.0,False,Fo,False,False
batch,run_0002,69.0,G,1,0,0.0,,False,Fo,False,False
batch,run_0002,70.0,A;ABp;Mh_anti;Mh_pro;P;Ta,6,12,0.23935826057468146,0.8333333333333334,False,Fo,False,False
batch,run_0002,70.0,I10;IL4;M_NA;M_anti;Tb,5,12,0.15999664324576843,0.75,False,Fo,False,False
batch,run_0002,70.0,ABi;ABm;ABo;N,4,3,0.07425540571812739,1.0,False,Fo,False,False
batch,run_0002,70.0,Fi;Fo;tau,3,3,0.11127060667616183,0.6666666666666666,True,Fo,False,False
batch,run_0002,70.0,IL1;IL12;M_pro,3,5,0.10423841312379743,1.0,False,Fo,False,False
batch,run_0002,70.0,G,1,0,0.0,,False,Fo,False,False
batch,run_0002,71.0,A;ABp;Mh_anti;Mh_pro;P;Ta,6,12,0.24242098924714425,0.8333333333333334,False,Fo,False,False
batch,run_0002,71.0,I10;IL4;M_NA;M_anti;Tb,5,12,0.1587732778791729,0.75,False,Fo,False,False
batch,run_0002,71.0,ABi;ABm;ABo;N,4,3,0.07321069873526287,1.0,False,Fo,False,False
batch,run_0002,71.0,Fi;Fo;tau,3,3,0.11069800883466507,0.6666666666666666,True,Fo,False,False
batch,run_0002,71.0,IL1;IL12;M_pro,3,5,0.10387719232316638,1.0,False,Fo,False,False
batch,run_0002,71.0,G,1,0,0.0,,False,Fo,False,False
batch,run_0002,72.0,I10;IL4;M_NA;M_anti;Mh_anti;Tb,6,16,0.20467960941449917,0.8125,False,Fo,False,False
batch,run_0002,72.0,IL1;IL12;M_pro;Mh_pro;Ta,5,9,0.22024057059598232,1.0,False,Fo,False,False
batch,run_0002,72.0,ABi;ABm;ABo;N,4,3,0.07220839187142084,1.0,False,Fo,False,False
batch,run_0002,72.0,Fi;Fo;tau,3,3,0.11017015123206307,0.6666666666666666,True,Fo,False,False
batch,run_0002,72.0,A;ABp;P,3,2,0.08220928287616215,1.0,False,Fo,False,False
batch,run_0002,72.0,G,1,0,0.0,,False,Fo,False,False
batch,run_0002,73.0,I10;IL4;M_NA;M_anti;Mh_anti;Tb,6,16,0.20411025737765184,0.8125,False,Fo,False,False
batch,run_0002,73.0,IL1;IL12;M_pro;Mh_pro;Ta,5,9,0.22069820464192588,1.0,False,Fo,False,False
batch,run_0002,73.0,ABi;ABm;ABo;N,4,3,0.07124540909683211,1.0,False,Fo,False,False
batch,run_0002,73.0,Fi;Fo;tau,3,3,0.10968480120014873,0.6666666666666666,True,Fo,False,False
batch,run_0002,73.0,A;ABp;P,3,2,0.083044126409614,1.0,False,Fo,False,False
batch,run_0002,73.0,G,1,0,0.0,,False,Fo,False,False
batch,run_0002,74.0,I10;IL4;M_NA;M_anti;Mh_anti;Tb,6,16,0.19960114399516612,0.8125,False,Fo,False,False
batch,run_0002,74.0,IL1;IL12;M_pro;Mh_pro;Ta,5,9,0.2168841551670892,1.0,False,Fo,False,False
batch,run_0002,74.0,Fi;Fo;G;tau,4,4,0.12645553709455232,0.75,True,Fo,False,False
batch,run_0002,74.0,ABi;ABm;ABo;N,4,3,0.0689598947551583,1.0,False,Fo,False,False
batch,run_0002,74.0,A;ABp;P,3,2,0.08222232836266577,1.0,False,Fo,False,False
batch,run_0002,75.0,I10;IL4;M_NA;M_anti;Mh_anti;Tb,6,16,0.19899180370517133,0.8125,False,Fo,False,False
batch,run_0002,75.0,IL1;IL12;M_pro;Mh_pro;Ta,5,9,0.2172956030744328,1.0,False,Fo,False,False
batch,run_0002,75.0,Fi;Fo;G;tau,4,4,0.12622139370327273,0.75,True,Fo,False,False
batch,run_0002,75.0,ABi;ABm;ABo;N,4,3,0.06807150089239732,1.0,False,Fo,False,False
batch,run_0002,75.0,A;ABp;P,3,2,0.08295660411066744,1.0,False,Fo,False,False
batch,run_0002,76.0,I10;IL4;M_NA;M_anti;Mh_anti;Tb,6,16,0.19833546774928276,0.8125,False,Fo,False,False
batch,run_0002,76.0,IL1;IL12;M_pro;Mh_pro;Ta,5,9,0.21766441436618783,1.0,False,Fo,False,False
batch,run_0002,76.0,Fi;Fo;G;tau,4,4,0.12618225131678976,0.75,True,Fo,False,False
batch,run_0002,76.0,ABi;ABm;ABo;N,4,3,0.06720104356658876,1.0,False,Fo,False,False
batch,run_0002,76.0,A;ABp;P,3,2,0.08364329275178063,1.0,False,Fo,False,False
batch,run_0002,77.0,I10;IL4;M_NA;M_anti;Mh_anti;Tb,6,16,0.19763020216523175,0.8125,False,Fo,False,False
batch,run_0002,77.0,IL1;IL12;M_pro;Mh_pro;Ta,5,9,0.21798773768953497,1.0,False,Fo,False,False
batch,run_0002,77.0,Fi;Fo;G;tau,4,4,0.12633520021341219,0.75,True,Fo,False,False
batch,run_0002,77.0,ABi;ABm;ABo;N,4,3,0.06634640358626034,1.0,False,Fo,False,False
batch,run_0002,77.0,A;ABp;P,3,2,0.08428347860199142,1.0,False,Fo,False,False
batch,run_0002,78.0,I10;IL4;M_NA;M_anti;Mh_anti;Tb,6,16,0.19687646599370348,0.8125,False,Fo,False,False
batch,run_0002,78.0,IL1;IL12;M_pro;Mh_pro;Ta,5,9,0.2182652473013655,1.0,False,Fo,False,False
batch,run_0002,78.0,Fi;Fo;G;tau,4,4,0.12667118758822754,0.75,True,Fo,False,False
batch,run_0002,78.0,ABi;ABm;ABo;N,4,3,0.06550630623158785,1.0,False,Fo,False,False
batch,run_0002,78.0,A;ABp;P,3,2,0.08487904968688119,1.0,False,Fo,False,False
batch,run_0002,79.0,I10;IL4;M_NA;M_anti;Mh_anti;Tb,6,16,0.19607622645695003,0.8125,False,Fo,False,False
batch,run_0002,79.0,A;ABp;Mh_pro;P;Ta,5,7,0.19476645522277372,1.0,False,Fo,False,False
batch,run_0002,79.0,Fi;Fo;G;tau,4,4,0.12717789669181168,0.75,True,Fo,False,False
batch,run_0002,79.0,ABi;ABm;ABo;N,4,3,0.0646799790951429,1.0,False,Fo,False,False
batch,run_0002,79.0,IL1;IL12;M_pro,3,5,0.09952696602776352,1.0,False,Fo,False,False
batch,run_0002,80.0,I10;IL4;M_NA;M_anti;Mh_anti;Tb,6,16,0.19523230457727955,0.8125,False,Fo,False,False
batch,run_0002,80.0,A;ABp;Mh_pro;P;Ta,5,7,0.19644654276796325,1.0,False,Fo,False,False
batch,run_0002,80.0,Fi;Fo;G;tau,4,4,0.12784167345400935,0.75,True,Fo,False,False
batch,run_0002,80.0,ABi;ABm;ABo;N,4,3,0.0638669244132242,1.0,False,Fo,False,False
batch,run_0002,80.0,IL1;IL12;M_pro,3,5,0.09923803542313687,1.0,False,Fo,False,False
batch,run_0003,30.0,I10;IL4;M_NA;M_anti,4,4,0.16615274008824962,0.5,False,P,False,False
batch,run_0003,30.0,A;P;Ta,3,2,0.4657509028040589,1.0,True,P,False,False
batch,run_0003,30.0,ABm;N,2,1,0.34030997409287306,1.0,False,P,False,False
batch,run_0003,30.0,ABi,1,0,0.0,,False,P,False,False
batch,run_0003,30.0,ABo,1,0,0.0,,False,P,False,False
batch,run_0003,30.0,ABp,1,0,0.0,,False,P,False,False
batch,run_0003,30.0,G,1,0,0.0,,False,P,False,False
batch,run_0003,30.0,tau,1,0,0.0,,False,P,False,False
batch,run_0003,30.0,Fi,1,0,0.0,,False,P,False,False
batch,run_0003,30.0,Fo,1,0,0.0,,False,P,False,False
batch,run_0003,30.0,M_pro,1,0,0.0,,False,P,False,False
batch,run_0003,30.0,Mh_pro,1,0,0.0,,False,P,False,False
batch,run_0003,30.0,Mh_anti,1,0,0.0,,False,P,False,False
batch,run_0003,30.0,Tb,1,0,0.0,,False,P,False,False
batch,run_0003,30.0,IL1,1,0,0.0,,False,P,False,False
batch,run_0003,30.0,IL12,1,0,0.0,,False,P,False,False
batch,run_0003,31.0,I10;IL1;IL12;IL4;M_NA;M_anti;M_pro;Tb,8,27,0.11193600070974426,0.6296296296296297,False,P,False,False
batch,run_0003,31.0,ABi;ABm;ABo;ABp;N,5,4,0.3114455453491136,1.0,False,P,False,False
batch,run_0003,31.0,A;Mh_anti;Mh_pro;P;Ta,5,10,0.4795163806728471,0.9,True,P,False,False
batch,run_0003,31.0,Fi;Fo;tau,3,3,0.028700160770220643,0.6666666666666666,False,P,False,False
batch,run_0003,31.0,G,1,0,0.0,,False,P,False,False
batch,run_0003,32.0,ABi;I10;IL1;IL12;IL4;M_NA;M_anti;M_pro;Mh_pro;Ta;Tb,11,36,0.16519034749574157,0.6111111111111112,False,P,False,False
batch,run_0003,32.0,ABm;ABo;ABp;N,4,3,0.30673589860836464,1.0,False,P,False,False
batch,run_0003,32.0,Fi;Fo;tau,3,3,0.07077366907235862,0.6666666666666666,False,P,False,False
batch,run_0003,32.0,A;Mh_anti;P,3,2,0.3133829602151461,1.0,True,P,False,False
batch,run_0003,32.0,G,1,0,0.0,,False,P,False,False
batch,run_0003,33.0,I10;IL1;IL12;IL4;M_NA;M_anti;M_pro;Mh_pro;Ta;Tb,10,38,0.18718812935147672,0.6052631578947368,False,ABm,False,False
batch,run_0003,33.0,ABi;ABm;ABo;ABp;N,5,4,0.3029745080270266,1.0,True,ABm,False,False
batch,run_0003,33.0,Fi;Fo;tau,3,3,0.10023974707890622,0.6666666666666666,False,ABm,False,False
batch,run_0003,33.0,A;Mh_anti;P,3,2,0.2479628112416577,1.0,False,ABm,False,False
batch,run_0003,33.0,G,1,0,0.0,,False,ABm,False,False
batch,run_0003,34.0,I10;IL1;IL12;IL4;M_NA;M_anti;M_pro;Mh_pro;Ta;Tb,10,38,0.2166603850749014,0.6052631578947368,False,ABo,False,False
batch,run_0003,34.0,ABi;Fi;Fo;tau,4,4,0.11758648332410293,0.5,False,ABo,False,False
batch,run_0003,34.0,ABm;ABo;ABp;N,4,3,0.2949959813092004,1.0,True,ABo,False,False
batch,run_0003,34.0,A;Mh_anti;P,3,2,0.19747131244697638,1.0,False,ABo,False,False
batch,run_0003,34.0,G,1,0,0.0,,False,ABo,False,False
batch,run_0003,35.0,I10;IL1;IL12;IL4;M_NA;M_anti;M_pro;Mh_pro;Ta;Tb,10,39,0.2475129570281211,0.6153846153846154,False,ABo,False,False
batch,run_0003,35.0,ABi;Fi;Fo;tau,4,4,0.1274458263509866,0.5,False,ABo,False,False
batch,run_0003,35.0,ABm;ABo;ABp;N,4,3,0.2844733729660418,1.0,True,ABo,False,False
batch,run_0003,35.0,A;Mh_anti;P,3,2,0.1599324390335789,1.0,False,ABo,False,False
batch,run_0003,35.0,G,1,0,0.0,,False,ABo,False,False
batch,run_0003,36.0,I10;IL1;IL12;IL4;M_NA;M_anti;M_pro;Mh_pro;Ta;Tb,10,39,0.2772972318623452,0.6153846153846154,False,ABo,False,False
batch,run_0003,36.0,ABi;Fi;Fo;tau,4,4,0.13336622075742494,0.5,False,ABo,False,False
batch,run_0003,36.0,ABm;ABo;ABp;N,4,3,0.27233412581017524,1.0,True,ABo,False,False
batch,run_0003,36.0,A;Mh_anti;P,3,2,0.13184794119144574,1.0,False,ABo,False,False
batch,run_0003,36.0,G,1,0,0.0,,False,ABo,False,False
batch,run_0003,37.0,I10;IL1;IL12;IL4;M_NA;M_anti;M_pro;Mh_pro;Ta;Tb,10,39,0.3052201206615969,0.6153846153846154,False,ABo,False,False
batch,run_0003,37.0,ABi;Fi;Fo;tau,4,4,0.13714621341797406,0.5,False,ABo,False,False
batch,run_0003,37.0,ABm;ABo;ABp;N,4,3,0.2593945786711798,1.0,True,ABo,False,False
batch,run_0003,37.0,A;Mh_anti;P,3,2,0.11050667578212921,1.0,False,ABo,False,False
batch,run_0003,37.0,G,1,0,0.0,,False,ABo,False,False
batch,run_0003,38.0,I10;IL4;M_NA;M_anti;Tb,5,12,0.13758442497784523,0.75,False,ABo,False,False
batch,run_0003,38.0,IL1;IL12;M_pro;Mh_pro;Ta,5,9,0.11401961282592782,1.0,False,ABo,False,False
batch,run_0003,38.0,ABi;Fi;Fo;tau,4,4,0.13965863686753216,0.5,False,ABo,False,False
batch,run_0003,38.0,ABm;ABo;ABp;N,4,3,0.24629966045425683,1.0,True,ABo,False,False
batch,run_0003,38.0,A;Mh_anti;P,3,2,0.09415888852844943,1.0,False,ABo,False,False
batch,run_0003,38.0,G,1,0,0.0,,False,ABo,False,False
batch,run_0003,39.0,I10;IL4;M_NA;M_anti;Tb,5,12,0.14863566979454051,0.75,False,ABo,False,False
batch,run_0003,39.0,ABi;Fi;Fo;tau,4,4,0.1413457997888555,0.5,False,ABo,False,False
batch,run_0003,39.0,ABm;ABo;ABp;N,4,3,0.23357244512364875,1.0,True,ABo,False,False
batch,run_0003,39.0,IL1;IL12;M_pro;Ta,4,7,0.10489910044844813,1.0,False,ABo,False,False
batch,run_0003,39.0,A;Mh_anti;Mh_pro;P,4,6,0.09917392516934563,0.8333333333333334,False,ABo,False,False
batch,run_0003,39.0,G,1,0,0.0,,False,ABo,False,False
batch,run_0003,40.0,I10;IL4;M_NA;M_anti;Tb,5,12,0.15775891203238726,0.75,False,ABo,False,False
batch,run_0003,40.0,ABi;Fi;Fo;tau,4,4,0.14243698030413277,0.5,False,ABo,False,False
batch,run_0003,40.0,ABm;ABo;ABp;N,4,3,0.22155815167014678,1.0,True,ABo,False,False
batch,run_0003,40.0,IL1;IL12;M_pro;Ta,4,7,0.11555379660787728,1.0,False,ABo,False,False
batch,run_0003,40.0,A;Mh_anti;Mh_pro;P,4,6,0.08882869474782558,0.8333333333333334,False,ABo,False,False
batch,run_0003,40.0,G,1,0,0.0,,False,ABo,False,False
batch,run_0003,41.0,I10;IL4;M_NA;M_anti;Tb,5,12,0.16508395381524732,0.75,False,ABo,False,False
batch,run_0003,41.0,ABi;Fi;Fo;tau,4,4,0.14304698378797304,0.5,False,ABo,False,False
batch,run_0003,41.0,ABm;ABo;ABp;N,4,3,0.2104221226977763,1.0,True,ABo,False,False
batch,run_0003,41.0,IL1;IL12;M_pro;Ta,4,7,0.12544709276339483,1.0,False,ABo,False,False
batch,run_0003,41.0,A;Mh_anti;Mh_pro;P,4,6,0.08123242342955991,1.0,False,ABo,False,False
batch,run_0003,41.0,G,1,0,0.0,,False,ABo,False,False
batch,run_0003,42.0,I10;IL4;M_NA;M_anti;Tb,5,12,0.17081228387118028,0.75,False,ABo,False,False
batch,run_0003,42.0,ABi;Fi;Fo;tau,4,4,0.1432410980075561,0.5,False,ABo,False,False
batch,run_0003,42.0,ABm;ABo;ABp;N,4,3,0.20021112115450335,1.0,True,ABo,False,False
batch,run_0003,42.0,IL1;IL12;M_pro;Ta,4,7,0.13455079840988318,1.0,False,ABo,False,False
batch,run_0003,42.0,A;Mh_anti;Mh_pro;P,4,6,0.07583274827558868,1.0,False,ABo,False,False
batch,run_0003,42.0,G,1,0,0.0,,False,ABo,False,False
batch,run_0003,43.0,I10;IL4;M_NA;M_anti;Tb,5,12,0.1751613180903517,0.75,False,ABo,False,False
batch,run_0003,43.0,ABi;Fi;Fo;tau,4,4,0.14306928621661583,0.5,False,ABo,False,False
batch,run_0003,43.0,ABm;ABo;ABp;N,4,3,0.190906310992787,1.0,True,ABo,False,False
batch,run_0003,43.0,IL1;IL12;M_pro;Ta,4,7,0.14284715804096304,1.0,False,ABo,False,False
batch,run_0003,43.0,A;Mh_anti;Mh_pro;P,4,6,0.07217985170563448,1.0,False,ABo,False,False
batch,run_0003,43.0,G,1,0,0.0,,False,ABo,False,False
batch,run_0003,44.0,I10;IL4;M_NA;M_anti;Tb,5,12,0.178331961464217,0.75,False,ABo,False,False
batch,run_0003,44.0,A;ABp;Mh_anti;Mh_pro;P,5,8,0.08205410389322933,0.875,False,ABo,False,False
batch,run_0003,44.0,ABi;Fi;Fo;tau,4,4,0.14257433006439024,0.5,False,ABo,False,False
batch,run_0003,44.0,IL1;IL12;M_pro;Ta,4,7,0.15033316987278555,1.0,False,ABo,False,False
batch,run_0003,44.0,ABm;ABo;N,3,2,0.1673618775694012,1.0,True,ABo,False,False
batch,run_0003,44.0,G,1,0,0.0,,False,ABo,False,False
batch,run_0003,45.0,I10;IL4;M_NA;M_anti;Tb,5,12,0.1805040594227972,0.75,False,M_pro,False,False
batch,run_0003,45.0,A;ABp;Mh_anti;Mh_pro;P,5,8,0.08197817298259932,0.875,False,M_pro,False,False
batch,run_0003,45.0,ABi;Fi;Fo;tau,4,4,0.14179991985921492,0.5,False,M_pro,False,False
batch,run_0003,45.0,IL1;IL12;M_pro;Ta,4,7,0.15702431343367382,1.0,True,M_pro,False,False
batch,run_0003,45.0,ABm;ABo;N,3,2,0.1599746192823107,1.0,False,M_pro,False,False
batch,run_0003,45.0,G,1,0,0.0,,False,M_pro,False,False
batch,run_0003,46.0,I10;IL4;M_NA;M_anti;Tb,5,12,0.18183482314562657,0.75,False,M_pro,False,False
batch,run_0003,46.0,A;ABp;Mh_anti;Mh_pro;P,5,8,0.08278693873983507,0.875,False,M_pro,False,False
batch,run_0003,46.0,ABi;ABm;ABo;N,4,3,0.1538571013832099,1.0,False,M_pro,False,False
batch,run_0003,46.0,IL1;IL12;M_pro;Ta,4,7,0.16295173751532122,1.0,True,M_pro,False,False
batch,run_0003,46.0,Fi;Fo;tau,3,3,0.14032401985206755,0.6666666666666666,False,M_pro,False,False
batch,run_0003,46.0,G,1,0,0.0,,False,M_pro,False,False
batch,run_0003,47.0,I10;IL4;M_NA;M_anti;Tb,5,12,0.18245995188621986,0.75,False,M_pro,False,False
batch,run_0003,47.0,A;ABp;Mh_anti;Mh_pro;P,5,8,0.08430648990534428,0.875,False,M_pro,False,False
batch,run_0003,47.0,ABi;ABm;ABo;N,4,3,0.14783736866332553,1.0,False,M_pro,False,False
batch,run_0003,47.0,IL1;IL12;M_pro;Ta,4,7,0.16815798098109908,1.0,True,M_pro,False,False
batch,run_0003,47.0,Fi;Fo;tau,3,3,0.13913010103943466,0.6666666666666666,False,M_pro,False,False
batch,run_0003,47.0,G,1,0,0.0,,False,M_pro,False,False
batch,run_0003,48.0,I10;IL4;M_NA;M_anti;Tb,5,12,0.18249590275648417,0.75,False,M_pro,False,False
batch,run_0003,48.0,A;ABp;Mh_anti;Mh_pro;P,5,8,0.0863944017281579,0.875,False,M_pro,False,False
batch,run_0003,48.0,ABi;ABm;ABo;N,4,3,0.1423779415106544,1.0,False,M_pro,False,False
batch,run_0003,48.0,IL1;IL12;M_pro;Ta,4,7,0.17269295726325276,1.0,True,M_pro,False,False
batch,run_0003,48.0,Fi;Fo;tau,3,3,0.1377876209050975,0.6666666666666666,False,M_pro,False,False
batch,run_0003,48.0,G,1,0,0.0,,False,M_pro,False,False
batch,run_0003,49.0,I10;IL4;M_NA;M_anti;Tb,5,12,0.1820422719110131,0.75,False,M_pro,False,False
batch,run_0003,49.0,A;ABp;Mh_anti;Mh_pro;P,5,8,0.08893291193938405,0.875,False,M_pro,False,False
batch,run_0003,49.0,ABi;ABm;ABo;N,4,3,0.13740999753747388,1.0,False,M_pro,False,False
batch,run_0003,49.0,IL1;IL12;M_pro;Ta,4,7,0.1766106612999864,1.0,True,M_pro,False,False
batch,run_0003,49.0,Fi;Fo;tau,3,3,0.1363342867462972,0.6666666666666666,False,M_pro,False,False
batch,run_0003,49.0,G,1,0,0.0,,False,M_pro,False,False
batch,run_0003,50.0,I10;IL4;M_NA;M_anti;Tb,5,12,0.18118412236576567,0.75,False,M_pro,False,False
batch,run_0003,50.0,A;ABp;Mh_anti;Mh_pro;P,5,8,0.09182389465215203,0.875,False,M_pro,False,False
batch,run_0003,50.0,ABi;ABm;ABo;N,4,3,0.13287317576021565,1.0,False,M_pro,False,False
batch,run_0003,50.0,IL1;IL12;M_pro;Ta,4,7,0.179966513052543,1.0,True,M_pro,False,False
batch,run_0003,50.0,Fi;Fo;tau,3,3,0.13480356752165046,0.6666666666666666,False,M_pro,False,False
batch,run_0003,50.0,G,1,0,0.0,,False,M_pro,False,False
batch,run_0003,51.0,I10;IL4;M_NA;M_anti;Tb,5,12,0.17999407085258864,0.75,False,M_pro,False,False
batch,run_0003,51.0,A;ABp;Mh_anti;Mh_pro;P,5,8,0.09498514247159714,0.875,False,M_pro,False,False
batch,run_0003,51.0,ABi;ABm;ABo;N,4,3,0.12871488267741377,1.0,False,M_pro,False,False
batch,run_0003,51.0,IL1;IL12;M_pro;Ta,4,7,0.18281542069690934,1.0,True,M_pro,False,False
batch,run_0003,51.0,Fi;Fo;tau,3,3,0.13322442201494178,0.6666666666666666,False,M_pro,False,False
batch,run_0003,51.0,G,1,0,0.0,,False,M_pro,False,False
batch,run_0003,52.0,I10;IL4;M_NA;M_anti;Tb,5,12,0.1785341470968317,0.75,False,M_pro,False,False
batch,run_0003,52.0,A;ABp;Mh_anti;Mh_pro;P,5,8,0.09834755784427605,0.875,False,M_pro,False,False
batch,run_0003,52.0,ABi;ABm;ABo;N,4,3,0.12488948412254747,1.0,False,M_pro,False,False
batch,run_0003,52.0,IL1;IL12;M_pro;Ta,4,7,0.1852104590024827,1.0,True,M_pro,False,False
batch,run_0003,52.0,Fi;Fo;tau,3,3,0.13162135614743037,0.6666666666666666,False,M_pro,False,False
batch,run_0003,52.0,G,1,0,0.0,,False,M_pro,False,False
batch,run_0003,53.0,I10;IL4;M_NA;M_anti;Tb,5,12,0.1768572806862382,0.75,False,M_pro,False,False
batch,run_0003,53.0,A;ABp;Mh_anti;Mh_pro;P,5,8,0.1018530254469083,0.875,False,M_pro,False,False
batch,run_0003,53.0,ABi;ABm;ABo;N,4,3,0.121357520891473,1.0,False,M_pro,False,False
batch,run_0003,53.0,IL1;IL12;M_pro;Ta,4,7,0.1872019675669218,1.0,True,M_pro,False,False
batch,run_0003,53.0,Fi;Fo;tau,3,3,0.13001468852584172,0.6666666666666666,False,M_pro,False,False
batch,run_0003,53.0,G,1,0,0.0,,False,M_pro,False,False
batch,run_0003,54.0,I10;IL4;M_NA;M_anti;Tb,5,12,0.17500856766562226,0.75,False,M_pro,False,False
batch,run_0003,54.0,A;ABp;Mh_anti;Mh_pro;P,5,8,0.10545274130446906,0.875,False,M_pro,False,False
batch,run_0003,54.0,ABi;ABm;ABo;N,4,3,0.11808494967028373,1.0,False,M_pro,False,False
batch,run_0003,54.0,IL1;IL12;M_pro;Ta,4,7,0.1888369724556016,1.0,True,M_pro,False,False
batch,run_0003,54.0,Fi;Fo;tau,3,3,0.12842094765726816,0.6666666666666666,False,M_pro,False,False
batch,run_0003,54.0,G,1,0,0.0,,False,M_pro,False,False
batch,run_0003,55.0,I10;IL4;M_NA;M_anti;Tb,5,12,0.17302641267632252,0.75,False,M_pro,False,False
batch,run_0003,55.0,A;ABp;Mh_anti;Mh_pro;P,5,8,0.10910584871015593,0.875,False,M_pro,False,False
batch,run_0003,55.0,ABi;ABm;ABo;N,4,3,0.11504240507360146,1.0,False,M_pro,False,False
batch,run_0003,55.0,IL1;IL12;M_pro;Ta,4,7,0.19015890303569957,1.0,True,M_pro,False,False
batch,run_0003,55.0,Fi;Fo;tau,3,3,0.12685332293377533,0.6666666666666666,False,M_pro,False,False
batch,run_0003,55.0,G,1,0,0.0,,False,M_pro,False,False
batch,run_0003,56.0,I10;IL4;M_NA;M_anti;Tb,5,12,0.1709434795720128,0.75,False,M_pro,False,False
batch,run_0003,56.0,A;ABp;Mh_anti;Mh_pro;P,5,8,0.1127783276054182,0.875,False,M_pro,False,False
batch,run_0003,56.0,ABi;ABm;ABo;N,4,3,0.11220454853314973,1.0,False,M_pro,False,False
batch,run_0003,56.0,IL1;IL12;M_pro;Ta,4,7,0.19120749128476675,1.0,True,M_pro,False,False
batch,run_0003,56.0,Fi;Fo;tau,3,3,0.1253221156116181,0.6666666666666666,False,M_pro,False,False
batch,run_0003,56.0,G,1,0,0.0,,False,M_pro,False,False
batch,run_0003,57.0,I10;IL4;M_NA;M_anti;Tb,5,12,0.16878745726639188,0.75,False,M_pro,False,False
batch,run_0003,57.0,A;ABp;Mh_anti;Mh_pro;P,5,8,0.11644207900775162,0.875,False,M_pro,False,False
batch,run_0003,57.0,ABi;ABm;ABo;N,4,3,0.10954951245051768,1.0,False,M_pro,False,False
batch,run_0003,57.0,IL1;IL12;M_pro;Ta,4,7,0.19201877889066338,1.0,True,M_pro,False,False
batch,run_0003,57.0,Fi;Fo;tau,3,3,0.12383516725937224,0.6666666666666666,False,M_pro,False,False
batch,run_0003,57.0,G,1,0,0.0,,False,M_pro,False,False
batch,run_0003,58.0,I10;IL4;M_NA;M_anti;Tb,5,12,0.16658172319413347,0.75,False,M_pro,False,False
batch,run_0003,58.0,A;ABp;Mh_anti;Mh_pro;P,5,8,0.12007413641626614,0.875,False,M_pro,False,False
batch,run_0003,58.0,ABi;ABm;ABo;N,4,3,0.10705840109788411,1.0,False,M_pro,False,False
batch,run_0003,58.0,IL1;IL12;M_pro;Ta,4,7,0.1926252253265793,1.0,True,M_pro,False,False
batch,run_0003,58.0,Fi;Fo;tau,3,3,0.12239825332156455,0.6666666666666666,False,M_pro,False,False
batch,run_0003,58.0,G,1,0,0.0,,False,M_pro,False,False
batch,run_0003,59.0,I10;IL4;M_NA;M_anti;Tb,5,12,0.16434589786691317,0.75,False,M_pro,False,False
batch,run_0003,59.0,A;ABp;Mh_anti;Mh_pro;P,5,8,0.12365598681708041,0.875,False,M_pro,False,False
batch,run_0003,59.0,ABi;ABm;ABo;N,4,3,0.10471486936575171,1.0,False,M_pro,False,False
batch,run_0003,59.0,IL1;IL12;M_pro;Ta,4,7,0.1930558402428987,1.0,True,M_pro,False,False
batch,run_0003,59.0,Fi;Fo;tau,3,3,0.12101544813198248,0.6666666666666666,False,M_pro,False,False
batch,run_0003,59.0,G,1,0,0.0,,False,M_pro,False,False
batch,run_0003,60.0,I10;IL4;M_NA;M_anti;Tb,5,12,0.1620963612147254,0.75,False,M_pro,False,False
batch,run_0003,60.0,A;ABp;Mh_anti;Mh_pro;P,5,8,0.12717295907449755,0.875,False,M_pro,False,False
batch,run_0003,60.0,ABi;ABm;ABo;N,4,3,0.1025047370760317,1.0,False,M_pro,False,False
batch,run_0003,60.0,IL1;IL12;M_pro;Ta,4,7,0.1933364079613251,1.0,True,M_pro,False,False
batch,run_0003,60.0,Fi;Fo;tau,3,3,0.11968943300855613,0.6666666666666666,False,M_pro,False,False
batch,run_0003,60.0,G,1,0,0.0,,False,M_pro,False,False
batch,run_0003,61.0,I10;IL4;M_NA;M_anti;Tb,5,12,0.15984670254965508,0.75,False,M_pro,False,False
batch,run_0003,61.0,A;ABp;Mh_anti;Mh_pro;P,5,8,0.13061368432836878,0.875,False,M_pro,False,False
batch,run_0003,61.0,ABi;ABm;ABo;N,4,3,0.10041565819181426,1.0,False,M_pro,False,False
batch,run_0003,61.0,IL1;IL12;M_pro;Ta,4,7,0.19348973705846229,1.0,True,M_pro,False,False
batch,run_0003,61.0,Fi;Fo;tau,3,3,0.11842175698124331,0.6666666666666666,False,M_pro,False,False
batch,run_0003,61.0,G,1,0,0.0,,False,M_pro,False,False
batch,run_0003,62.0,I10;IL4;M_NA;M_anti;Tb,5,12,0.15760809614267943,0.75,False,M_pro,False,False
batch,run_0003,62.0,A;ABp;Mh_anti;Mh_pro;P,5,8,0.13396962533328513,0.875,False,M_pro,False,False
batch,run_0003,62.0,ABi;ABm;ABo;N,4,3,0.0984368503689118,1.0,False,M_pro,False,False
batch,run_0003,62.0,IL1;IL12;M_pro;Ta,4,7,0.19353589631981655,1.0,True,M_pro,False,False
batch,run_0003,62.0,Fi;Fo;tau,3,3,0.11721306098216154,0.6666666666666666,False,M_pro,False,False
batch,run_0003,62.0,G,1,0,0.0,,False,M_pro,False,False
batch,run_0003,63.0,I10;IL4;M_NA;M_anti;Tb,5,12,0.15538962513188395,0.75,False,M_pro,False,False
batch,run_0003,63.0,A;ABp;Mh_anti;Mh_pro;P,5,8,0.13723465938453205,0.875,False,M_pro,False,False
batch,run_0003,63.0,ABi;ABm;ABo;N,4,3,0.09655886660847794,1.0,False,M_pro,False,False
batch,run_0003,63.0,IL1;IL12;M_pro;Ta,4,7,0.19349244392872372,1.0,True,M_pro,False,False
batch,run_0003,63.0,Fi;Fo;tau,3,3,0.1160632695178973,0.6666666666666666,False,M_pro,False,False
batch,run_0003,63.0,G,1,0,0.0,,False,M_pro,False,False
batch,run_0003,64.0,I10;IL4;M_NA;M_anti;Tb,5,12,0.15319857188706051,0.75,False,M_pro,False,False
batch,run_0003,64.0,A;ABp;Mh_anti;Mh_pro;P,5,8,0.14040470585525042,0.875,False,M_pro,False,False
batch,run_0003,64.0,ABi;ABm;ABo;N,4,3,0.0947733959407119,1.0,False,M_pro,False,False
batch,run_0003,64.0,IL1;IL12;M_pro;Ta,4,7,0.19337466733830685,1.0,True,M_pro,False,False
batch,run_0003,64.0,Fi;Fo;tau,3,3,0.11497174678113813,0.6666666666666666,False,M_pro,False,False
batch,run_0003,64.0,G,1,0,0.0,,False,M_pro,False,False
batch,run_0003,65.0,I10;IL4;M_NA;M_anti;Mh_anti;Tb,6,16,0.19172970648295465,0.8125,False,M_pro,False,False
batch,run_0003,65.0,ABi;ABm;ABo;N,4,3,0.09307309917909437,1.0,False,M_pro,False,False
batch,run_0003,65.0,IL1;IL12;M_pro;Ta,4,7,0.1931957968911314,1.0,True,M_pro,False,False
batch,run_0003,65.0,A;ABp;Mh_pro;P,4,4,0.1074596409208792,1.0,False,M_pro,False,False
batch,run_0003,65.0,Fi;Fo;tau,3,3,0.11393743671272932,0.6666666666666666,False,M_pro,False,False
batch,run_0003,65.0,G,1,0,0.0,,False,M_pro,False,False
batch,run_0003,66.0,I10;IL4;M_NA;M_anti;Mh_anti;Tb,6,16,0.19051511985631422,0.8125,False,M_pro,False,False
batch,run_0003,66.0,ABi;ABm;ABo;N,4,3,0.09145146571969848,1.0,False,M_pro,False,False
batch,run_0003,66.0,IL1;IL12;M_pro;Ta,4,7,0.1929672365209809,1.0,True,M_pro,False,False
batch,run_0003,66.0,A;ABp;Mh_pro;P,4,4,0.11005841478303417,1.0,False,M_pro,False,False
batch,run_0003,66.0,Fi;Fo;tau,3,3,0.11295896396462404,0.6666666666666666,False,M_pro,False,False
batch,run_0003,66.0,G,1,0,0.0,,False,M_pro,False,False
batch,run_0003,67.0,I10;IL4;M_NA;M_anti;Mh_anti;Tb,6,16,0.18931788290289173,0.8125,False,M_pro,False,False
batch,run_0003,67.0,ABi;ABm;ABo;N,4,3,0.08990269273531927,1.0,False,M_pro,False,False
batch,run_0003,67.0,IL1;IL12;M_pro;Ta,4,7,0.19269876642261602,1.0,True,M_pro,False,False
batch,run_0003,67.0,A;ABp;Mh_pro;P,4,4,0.11259153794927818,1.0,False,M_pro,False,False
batch,run_0003,67.0,Fi;Fo;tau,3,3,0.11203471964140019,0.6666666666666666,False,M_pro,False,False
batch,run_0003,67.0,G,1,0,0.0,,False,M_pro,False,False
batch,run_0003,68.0,I10;IL4;M_NA;M_anti;Mh_anti;Tb,6,16,0.18813820163472975,0.8125,False,M_pro,False,False
batch,run_0003,68.0,ABi;ABm;ABo;N,4,3,0.08842158571212565,1.0,False,M_pro,False,False
batch,run_0003,68.0,IL1;IL12;M_pro;Ta,4,7,0.19239872229349955,1.0,True,M_pro,False,False
batch,run_0003,68.0,A;ABp;Mh_pro;P,4,4,0.11505917395794057,1.0,False,M_pro,False,False
batch,run_0003,68.0,Fi;Fo;tau,3,3,0.111162939819077,0.6666666666666666,False,M_pro,False,False
batch,run_0003,68.0,G,1,0,0.0,,False,M_pro,False,False
batch,run_0003,69.0,I10;IL4;M_NA;M_anti;Mh_anti;Tb,6,16,0.18697600479589405,0.8125,False,M_pro,False,False
batch,run_0003,69.0,ABi;ABm;ABo;N,4,3,0.08700347254478925,1.0,False,M_pro,False,False
batch,run_0003,69.0,IL1;IL12;M_pro;Ta,4,7,0.19207418791141218,1.0,True,M_pro,False,False
batch,run_0003,69.0,A;ABp;Mh_pro;P,4,4,0.11746201988459383,1.0,False,M_pro,False,False
batch,run_0003,69.0,Fi;Fo;tau,3,3,0.11034174439900106,0.6666666666666666,False,M_pro,False,False
batch,run_0003,69.0,G,1,0,0.0,,False,M_pro,False,False
batch,run_0003,70.0,I10;IL4;M_NA;M_anti;Mh_anti;Tb,6,16,0.18583101765554197,0.8125,False,M_pro,False,False
batch,run_0003,70.0,ABi;ABm;ABo;N,4,3,0.08564413603511366,1.0,False,M_pro,False,False
batch,run_0003,70.0,IL1;IL12;M_pro;Ta,4,7,0.19173113137828557,1.0,True,M_pro,False,False
batch,run_0003,70.0,A;ABp;Mh_pro;P,4,4,0.11980120022060455,1.0,False,M_pro,False,False
batch,run_0003,70.0,Fi;Fo;tau,3,3,0.10956919348329652,0.6666666666666666,False,M_pro,False,False
batch,run_0003,70.0,G,1,0,0.0,,False,M_pro,False,False
batch,run_0003,71.0,I10;IL4;M_NA;M_anti;Mh_anti;Tb,6,16,0.1847028186847662,0.8125,False,M_pro,False,False
batch,run_0003,71.0,ABi;ABm;ABo;N,4,3,0.084339753589894,1.0,False,M_pro,False,False
batch,run_0003,71.0,IL1;IL12;M_pro;Ta,4,7,0.19137454873757326,1.0,True,M_pro,False,False
batch,run_0003,71.0,A;ABp;Mh_pro;P,4,4,0.12207817809925076,1.0,False,M_pro,False,False
batch,run_0003,71.0,Fi;Fo;tau,3,3,0.1088433220297215,0.6666666666666666,False,M_pro,False,False
batch,run_0003,71.0,G,1,0,0.0,,False,M_pro,False,False
batch,run_0003,72.0,I10;IL4;M_NA;M_anti;Mh_anti;Tb,6,16,0.18359088341952878,0.8125,False,M_pro,False,False
batch,run_0003,72.0,ABi;ABm;ABo;N,4,3,0.08308684684022165,1.0,False,M_pro,False,False
batch,run_0003,72.0,IL1;IL12;M_pro;Ta,4,7,0.19100859142581048,1.0,True,M_pro,False,False
batch,run_0003,72.0,A;ABp;Mh_pro;P,4,4,0.12429468060427597,1.0,False,M_pro,False,False
batch,run_0003,72.0,Fi;Fo;tau,3,3,0.10816216634630361,0.6666666666666666,False,M_pro,False,False
batch,run_0003,72.0,G,1,0,0.0,,False,M_pro,False,False
batch,run_0003,73.0,I10;IL4;M_anti;Mh_anti;Tb,5,12,0.14574996754574512,0.9166666666666666,False,M_pro,False,False
batch,run_0003,73.0,A;ABp;Mh_pro;P;Ta,5,7,0.17845734626392534,1.0,False,M_pro,False,False
batch,run_0003,73.0,ABi;ABm;ABo;N,4,3,0.08188223752715126,1.0,False,M_pro,False,False
batch,run_0003,73.0,IL1;IL12;M_NA;M_pro,4,9,0.15612754923657804,0.7777777777777778,True,M_pro,False,False
batch,run_0003,73.0,Fi;Fo;tau,3,3,0.10752379615566265,0.6666666666666666,False,M_pro,False,False
batch,run_0003,73.0,G,1,0,0.0,,False,M_pro,False,False
batch,run_0003,74.0,I10;IL4;M_anti;Mh_anti;Tb,5,12,0.1424298618125026,0.9166666666666666,False,M_pro,False,False
batch,run_0003,74.0,A;ABp;Mh_pro;P;Ta,5,7,0.17829743332836095,1.0,False,M_pro,False,False
batch,run_0003,74.0,Fi;Fo;G;tau,4,4,0.12370187736414777,0.75,False,M_pro,False,False
batch,run_0003,74.0,ABi;ABm;ABo;N,4,3,0.07920670282904475,1.0,False,M_pro,False,False
batch,run_0003,74.0,IL1;IL12;M_NA;M_pro,4,9,0.15293493210056533,0.7777777777777778,True,M_pro,False,False
batch,run_0003,75.0,I10;IL4;M_anti;Mh_anti;Tb,5,12,0.14182537561024586,0.9166666666666666,False,M_pro,False,False
batch,run_0003,75.0,A;ABp;Mh_pro;P;Ta,5,7,0.18138584345859401,1.0,False,M_pro,False,False
batch,run_0003,75.0,Fi;Fo;G;tau,4,4,0.1232923158608263,0.75,False,M_pro,False,False
batch,run_0003,75.0,ABi;ABm;ABo;N,4,3,0.07809852303349596,1.0,False,M_pro,False,False
batch,run_0003,75.0,IL1;IL12;M_NA;M_pro,4,9,0.15265079339423449,0.7777777777777778,True,M_pro,False,False
batch,run_0003,76.0,I10;IL4;M_anti;Mh_anti;Tb,5,12,0.1411939286869139,0.9166666666666666,False,M_pro,False,False
batch,run_0003,76.0,A;ABp;Mh_pro;P;Ta,5,7,0.1843643882379843,1.0,False,M_pro,False,False
batch,run_0003,76.0,Fi;Fo;G;tau,4,4,0.12307856753443894,0.75,False,M_pro,False,False
batch,run_0003,76.0,ABi;ABm;ABo;N,4,3,0.07701514367654286,1.0,False,M_pro,False,False
batch,run_0003,76.0,IL1;IL12;M_NA;M_pro,4,9,0.15233831321853675,0.7777777777777778,True,M_pro,False,False
batch,run_0003,77.0,I10;IL4;M_anti;Mh_anti;Tb,5,12,0.14053465974133159,0.9166666666666666,False,M_pro,False,False
batch,run_0003,77.0,A;ABp;Mh_pro;P;Ta,5,7,0.187231929188794,1.0,False,M_pro,False,False
batch,run_0003,77.0,Fi;Fo;G;tau,4,4,0.123058623846395,0.75,False,M_pro,False,False
batch,run_0003,77.0,ABi;ABm;ABo;N,4,3,0.07595443823598456,1.0,False,M_pro,False,False
batch,run_0003,77.0,IL1;IL12;M_NA;M_pro,4,9,0.15199737443851763,0.7777777777777778,True,M_pro,False,False
batch,run_0003,78.0,I10;IL4;M_anti;Mh_anti;Tb,5,12,0.13984818579202027,0.9166666666666666,False,M_pro,False,False
batch,run_0003,78.0,A;ABp;Mh_pro;P;Ta,5,7,0.1899893530647529,1.0,False,M_pro,False,False
batch,run_0003,78.0,Fi;Fo;G;tau,4,4,0.12322460765810214,0.75,False,M_pro,False,False
batch,run_0003,78.0,ABi;ABm;ABo;N,4,3,0.07491511757838924,1.0,False,M_pro,False,False
batch,run_0003,78.0,IL1;IL12;M_NA;M_pro,4,9,0.1516292544464189,0.7777777777777778,True,M_pro,False,False
batch,run_0003,79.0,I10;IL4;M_anti;Mh_anti;Tb,5,12,0.1391362169485172,0.9166666666666666,False,M_pro,False,False
batch,run_0003,79.0,A;ABp;Mh_pro;P;Ta,5,7,0.19263919437840082,1.0,False,M_pro,False,False
batch,run_0003,79.0,Fi;Fo;G;tau,4,4,0.12356420359174393,0.75,False,M_pro,False,False
batch,run_0003,79.0,ABi;ABm;ABo;N,4,3,0.07389646647586003,1.0,False,M_pro,False,False
batch,run_0003,79.0,IL1;IL12;M_NA;M_pro,4,9,0.15123623814322393,0.7777777777777778,True,M_pro,False,False
batch,run_0003,80.0,I10;IL4;M_anti;Mh_anti;Tb,5,12,0.13840082932240616,0.9166666666666666,False,M_pro,False,False
batch,run_0003,80.0,A;ABp;Mh_pro;P;Ta,5,7,0.19518472248689642,1.0,False,M_pro,False,False
batch,run_0003,80.0,Fi;Fo;G;tau,4,4,0.12406445736548771,0.75,False,M_pro,False,False
batch,run_0003,80.0,ABi;ABm;ABo;N,4,3,0.0728979383070719,1.0,False,M_pro,False,False
batch,run_0003,80.0,IL1;IL12;M_NA;M_pro,4,9,0.15082084862978348,0.7777777777777778,True,M_pro,False,False
batch,run_0004,30.0,I10;IL4;M_NA;M_anti,4,4,0.13882651902254042,0.5,False,ABm,False,False
batch,run_0004,30.0,A;P;Ta,3,2,0.39081430302361414,1.0,False,ABm,False,False
batch,run_0004,30.0,ABm;N,2,1,0.4341911306539816,1.0,True,ABm,False,False
batch,run_0004,30.0,ABi,1,0,0.0,,False,ABm,False,False
batch,run_0004,30.0,ABo,1,0,0.0,,False,ABm,False,False
batch,run_0004,30.0,ABp,1,0,0.0,,False,ABm,False,False
batch,run_0004,30.0,G,1,0,0.0,,False,ABm,False,False
batch,run_0004,30.0,tau,1,0,0.0,,False,ABm,False,False
batch,run_0004,30.0,Fi,1,0,0.0,,False,ABm,False,False
batch,run_0004,30.0,Fo,1,0,0.0,,False,ABm,False,False
batch,run_0004,30.0,M_pro,1,0,0.0,,False,ABm,False,False
batch,run_0004,30.0,Mh_pro,1,0,0.0,,False,ABm,False,False
batch,run_0004,30.0,Mh_anti,1,0,0.0,,False,ABm,False,False
batch,run_0004,30.0,Tb,1,0,0.0,,False,ABm,False,False
batch,run_0004,30.0,IL1,1,0,0.0,,False,ABm,False,False
batch,run_0004,30.0,IL12,1,0,0.0,,False,ABm,False,False
batch,run_0004,31.0,ABi;I10;IL1;IL12;IL4;M_NA;M_anti;M_pro;Mh_pro;Ta;Tb,11,36,0.15177905341261477,0.6111111111111112,False,ABm,False,False
batch,run_0004,31.0,ABm;ABo;ABp;N,4,3,0.37048946482321726,1.0,True,ABm,False,False
batch,run_0004,31.0,Fi;Fo;tau,3,3,0.03586585341305181,0.6666666666666666,False,ABm,False,False
batch,run_0004,31.0,A;Mh_anti;P,3,2,0.3220205902204683,1.0,False,ABm,False,False
batch,run_0004,31.0,G,1,0,0.0,,False,ABm,False,False
batch,run_0004,32.0,ABi;I10;IL1;IL12;IL4;M_NA;M_anti;M_pro;Mh_pro;Ta;Tb,11,36,0.1662502715544083,0.6111111111111112,False,ABm,False,False
batch,run_0004,32.0,ABm;ABo;ABp;N,4,3,0.3356445638408876,1.0,True,ABm,False,False
batch,run_0004,32.0,Fi;Fo;tau,3,3,0.08838773747563185,0.6666666666666666,False,ABm,False,False
batch,run_0004,32.0,A;Mh_anti;P,3,2,0.26311040387266643,1.0,False,ABm,False,False
batch,run_0004,32.0,G,1,0,0.0,,False,ABm,False,False
batch,run_0004,33.0,I10;IL1;IL12;IL4;M_NA;M_anti;M_pro;Mh_pro;Ta;Tb,10,38,0.19155036127733793,0.6052631578947368,False,ABm,False,False
batch,run_0004,33.0,ABi;ABm;ABo;ABp;N,5,4,0.31031220995234093,1.0,True,ABm,False,False
batch,run_0004,33.0,Fi;Fo;tau,3,3,0.1255214461895818,0.6666666666666666,False,ABm,False,False
batch,run_0004,33.0,A;Mh_anti;P,3,2,0.20983344576184565,1.0,False,ABm,False,False
batch,run_0004,33.0,G,1,0,0.0,,False,ABm,False,False
batch,run_0004,34.0,I10;IL1;IL12;IL4;M_NA;M_anti;M_pro;Mh_pro;Ta;Tb,10,38,0.22381071010398787,0.6052631578947368,False,ABm,False,False
batch,run_0004,34.0,ABi;Fi;Fo;tau,4,4,0.14711738746202102,0.5,False,ABm,False,False
batch,run_0004,34.0,ABm;ABo;ABp;N,4,3,0.2876791472448943,1.0,True,ABm,False,False
batch,run_0004,34.0,A;Mh_anti;P,3,2,0.16780761950382664,1.0,False,ABm,False,False
batch,run_0004,34.0,G,1,0,0.0,,False,ABm,False,False
batch,run_0004,35.0,I10;IL1;IL12;IL4;M_NA;M_anti;M_pro;Mh_pro;Ta;Tb,10,39,0.2575939928701565,0.6153846153846154,False,Fi,False,False
batch,run_0004,35.0,ABi;Fi;Fo;tau,4,4,0.15865359165809342,0.5,True,Fi,False,False
batch,run_0004,35.0,ABm;ABo;ABp;N,4,3,0.2673604508822879,1.0,False,Fi,False,False
batch,run_0004,35.0,A;Mh_anti;P,3,2,0.1359724679563211,1.0,False,Fi,False,False
batch,run_0004,35.0,G,1,0,0.0,,False,Fi,False,False
batch,run_0004,36.0,I10;IL1;IL12;IL4;M_NA;M_anti;M_pro;Mh_pro;Ta;Tb,10,39,0.2903494137659492,0.6153846153846154,False,Fi,False,False
batch,run_0004,36.0,ABi;Fi;Fo;tau,4,4,0.1646535416818753,0.5,True,Fi,False,False
batch,run_0004,36.0,ABm;ABo;ABp;N,4,3,0.24859587671150313,1.0,False,Fi,False,False
batch,run_0004,36.0,A;Mh_anti;P,3,2,0.11185445335033915,1.0,False,Fi,False,False
batch,run_0004,36.0,G,1,0,0.0,,False,Fi,False,False
batch,run_0004,37.0,I10;IL4;M_NA;M_anti;Tb,5,12,0.1257449607971546,0.75,False,Fi,False,False
batch,run_0004,37.0,ABi;Fi;Fo;tau,4,4,0.16750791554452718,0.5,True,Fi,False,False
batch,run_0004,37.0,ABm;ABo;ABp;N,4,3,0.2311151674615955,1.0,False,Fi,False,False
batch,run_0004,37.0,IL1;IL12;M_pro;Ta,4,7,0.08887097601425496,1.0,False,Fi,False,False
batch,run_0004,37.0,A;Mh_anti;Mh_pro;P,4,6,0.11684369434216105,0.8333333333333334,False,Fi,False,False
batch,run_0004,37.0,G,1,0,0.0,,False,Fi,False,False
batch,run_0004,38.0,I10;IL4;M_NA;M_anti;Tb,5,12,0.14150403369153342,0.75,False,Fi,False,False
batch,run_0004,38.0,ABi;Fi;Fo;tau,4,4,0.16845696365753726,0.5,True,Fi,False,False
batch,run_0004,38.0,ABm;ABo;ABp;N,4,3,0.21489026322503177,1.0,False,Fi,False,False
batch,run_0004,38.0,IL1;IL12;M_pro;Ta,4,7,0.10207782609013856,1.0,False,Fi,False,False
batch,run_0004,38.0,A;Mh_anti;Mh_pro;P,4,6,0.09996826848736204,0.8333333333333334,False,Fi,False,False
batch,run_0004,38.0,G,1,0,0.0,,False,Fi,False,False
batch,run_0004,39.0,I10;IL4;M_NA;M_anti;Tb,5,12,0.15506702396572103,0.75,False,Fi,False,False
batch,run_0004,39.0,ABi;Fi;Fo;tau,4,4,0.16821547835051734,0.5,True,Fi,False,False
batch,run_0004,39.0,ABm;ABo;ABp;N,4,3,0.2000426315197483,1.0,False,Fi,False,False
batch,run_0004,39.0,IL1;IL12;M_pro;Ta,4,7,0.11424342328483642,1.0,False,Fi,False,False
batch,run_0004,39.0,A;Mh_anti;Mh_pro;P,4,6,0.08738066279050488,0.8333333333333334,False,Fi,False,False
batch,run_0004,39.0,G,1,0,0.0,,False,Fi,False,False
batch,run_0004,40.0,I10;IL4;M_NA;M_anti;Tb,5,12,0.16633189195403922,0.75,False,M_pro,False,False
batch,run_0004,40.0,ABi;Fi;Fo;tau,4,4,0.16721071084614886,0.5,False,M_pro,False,False
batch,run_0004,40.0,ABm;ABo;ABp;N,4,3,0.1866521107082427,1.0,False,M_pro,False,False
batch,run_0004,40.0,IL1;IL12;M_pro;Ta,4,7,0.12549774242769116,1.0,True,M_pro,False,False
batch,run_0004,40.0,A;Mh_anti;Mh_pro;P,4,6,0.07817292521745817,1.0,False,M_pro,False,False
batch,run_0004,40.0,G,1,0,0.0,,False,M_pro,False,False
batch,run_0004,41.0,I10;IL4;M_NA;M_anti;Tb,5,12,0.17544866544869037,0.75,False,M_pro,False,False
batch,run_0004,41.0,ABi;Fi;Fo;tau,4,4,0.1656857545007599,0.5,False,M_pro,False,False
batch,run_0004,41.0,ABm;ABo;ABp;N,4,3,0.17468807934080116,1.0,False,M_pro,False,False
batch,run_0004,41.0,IL1;IL12;M_pro;Ta,4,7,0.13585757239112603,1.0,True,M_pro,False,False
batch,run_0004,41.0,A;Mh_anti;Mh_pro;P,4,6,0.07167294585279692,1.0,False,M_pro,False,False
batch,run_0004,41.0,G,1,0,0.0,,False,M_pro,False,False
batch,run_0004,42.0,I10;IL4;M_NA;M_anti;Tb,5,12,0.18267211272544912,0.75,False,M_pro,False,False
batch,run_0004,42.0,ABi;Fi;Fo;tau,4,4,0.16378947906519215,0.5,False,M_pro,False,False
batch,run_0004,42.0,ABm;ABo;ABp;N,4,3,0.1640528124773824,1.0,False,M_pro,False,False
batch,run_0004,42.0,IL1;IL12;M_pro;Ta,4,7,0.14530197023414967,1.0,True,M_pro,False,False
batch,run_0004,42.0,A;Mh_anti;Mh_pro;P,4,6,0.06731044233970976,1.0,False,M_pro,False,False
batch,run_0004,42.0,G,1,0,0.0,,False,M_pro,False,False
batch,run_0004,43.0,ABi;ABm;ABo;ABp;N,5,4,0.15520740234662955,1.0,False,M_pro,False,False
batch,run_0004,43.0,I10;IL4;M_NA;M_anti;Tb,5,12,0.18826918486614042,0.75,False,M_pro,False,False
batch,run_0004,43.0,IL1;IL12;M_pro;Ta,4,7,0.15380355982690716,1.0,True,M_pro,False,False
batch,run_0004,43.0,A;Mh_anti;Mh_pro;P,4,6,0.06466585507532883,1.0,False,M_pro,False,False
batch,run_0004,43.0,Fi;Fo;tau,3,3,0.1610758667303447,0.6666666666666666,False,M_pro,False,False
batch,run_0004,43.0,G,1,0,0.0,,False,M_pro,False,False
batch,run_0004,44.0,ABi;ABm;ABo;ABp;N,5,4,0.14681458671449849,1.0,False,M_pro,False,False
batch,run_0004,44.0,I10;IL4;M_NA;M_anti;Tb,5,12,0.19249250460644257,0.75,False,M_pro,False,False
batch,run_0004,44.0,IL1;IL12;M_pro;Ta,4,7,0.1613520869059613,1.0,True,M_pro,False,False
batch,run_0004,44.0,A;Mh_anti;Mh_pro;P,4,6,0.06340919017858843,1.0,False,M_pro,False,False
batch,run_0004,44.0,Fi;Fo;tau,3,3,0.15869570885633819,0.6666666666666666,False,M_pro,False,False
batch,run_0004,44.0,G,1,0,0.0,,False,M_pro,False,False
batch,run_0004,45.0,I10;IL4;M_NA;M_anti;Tb,5,12,0.19556922530338033,0.75,False,M_pro,False,False
batch,run_0004,45.0,A;ABp;Mh_anti;Mh_pro;P,5,8,0.07684387144432264,0.875,False,M_pro,False,False
batch,run_0004,45.0,ABi;ABm;ABo;N,4,3,0.12400571114048597,1.0,False,M_pro,False,False
batch,run_0004,45.0,IL1;IL12;M_pro;Ta,4,7,0.16795925504066042,1.0,True,M_pro,False,False
batch,run_0004,45.0,Fi;Fo;tau,3,3,0.15616357177245405,0.6666666666666666,False,M_pro,False,False
batch,run_0004,45.0,G,1,0,0.0,,False,M_pro,False,False
batch,run_0004,46.0,I10;IL4;M_NA;M_anti;Tb,5,12,0.1976985719211501,0.75,False,M_pro,False,False
batch,run_0004,46.0,A;ABp;Mh_anti;Mh_pro;P,5,8,0.07867758064340458,0.875,False,M_pro,False,False
batch,run_0004,46.0,ABi;ABm;ABo;N,4,3,0.1174690443839874,1.0,False,M_pro,False,False
batch,run_0004,46.0,IL1;IL12;M_pro;Ta,4,7,0.17365688299361554,1.0,True,M_pro,False,False
batch,run_0004,46.0,Fi;Fo;tau,3,3,0.15352992366225526,0.6666666666666666,False,M_pro,False,False
batch,run_0004,46.0,G,1,0,0.0,,False,M_pro,False,False
batch,run_0004,47.0,I10;IL4;M_NA;M_anti;Tb,5,12,0.19905269902473757,0.75,False,M_pro,False,False
batch,run_0004,47.0,A;ABp;Mh_anti;Mh_pro;P,5,8,0.08118810449607258,0.875,False,M_pro,False,False
batch,run_0004,47.0,ABi;ABm;ABo;N,4,3,0.11166534332355531,1.0,False,M_pro,False,False
batch,run_0004,47.0,IL1;IL12;M_pro;Ta,4,7,0.17849230709159059,1.0,True,M_pro,False,False
batch,run_0004,47.0,Fi;Fo;tau,3,3,0.15083991967666666,0.6666666666666666,False,M_pro,False,False
batch,run_0004,47.0,G,1,0,0.0,,False,M_pro,False,False
batch,run_0004,48.0,I10;IL4;M_NA;M_anti;Tb,5,12,0.19977907468206438,0.75,False,M_pro,False,False
batch,run_0004,48.0,A;ABp;Mh_anti;Mh_pro;P,5,8,0.08422709530375841,0.875,False,M_pro,False,False
batch,run_0004,48.0,ABi;ABm;ABo;N,4,3,0.106494984826102,1.0,False,M_pro,False,False
batch,run_0004,48.0,IL1;IL12;M_pro;Ta,4,7,0.18252353435592772,1.0,True,M_pro,False,False
batch,run_0004,48.0,Fi;Fo;tau,3,3,0.14813316379478064,0.6666666666666666,False,M_pro,False,False
batch,run_0004,48.0,G,1,0,0.0,,False,M_pro,False,False
batch,run_0004,49.0,I10;IL4;M_NA;M_anti;Tb,5,12,0.20000329480271636,0.75,False,M_pro,False,False
batch,run_0004,49.0,A;ABp;Mh_anti;Mh_pro;P,5,8,0.08767071030326859,0.875,False,M_pro,False,False
batch,run_0004,49.0,ABi;ABm;ABo;N,4,3,0.1018732187239477,1.0,False,M_pro,False,False
batch,run_0004,49.0,IL1;IL12;M_pro;Ta,4,7,0.18581496078412887,1.0,True,M_pro,False,False
batch,run_0004,49.0,Fi;Fo;tau,3,3,0.14544343212304547,0.6666666666666666,False,M_pro,False,False
batch,run_0004,49.0,G,1,0,0.0,,False,M_pro,False,False
batch,run_0004,50.0,I10;IL4;M_NA;M_anti;Tb,5,12,0.19983173838795465,0.75,False,M_pro,False,False
batch,run_0004,50.0,A;ABp;Mh_anti;Mh_pro;P,5,8,0.09141501953400274,0.875,False,M_pro,False,False
batch,run_0004,50.0,ABi;ABm;ABo;N,4,3,0.09772801502986203,1.0,False,M_pro,False,False
batch,run_0004,50.0,IL1;IL12;M_pro;Ta,4,7,0.1884338756516234,1.0,True,M_pro,False,False
batch,run_0004,50.0,Fi;Fo;tau,3,3,0.14279866222666604,0.6666666666666666,False,M_pro,False,False
batch,run_0004,50.0,G,1,0,0.0,,False,M_pro,False,False
batch,run_0004,51.0,I10;IL4;M_NA;M_anti;Tb,5,12,0.19935421790116706,0.75,False,M_pro,False,False
batch,run_0004,51.0,A;ABp;Mh_anti;Mh_pro;P,5,8,0.09537257399886064,0.875,False,M_pro,False,False
batch,run_0004,51.0,ABi;ABm;ABo;N,4,3,0.09399807690590403,1.0,False,M_pro,False,False
batch,run_0004,51.0,IL1;IL12;M_pro;Ta,4,7,0.19044766868777158,1.0,True,M_pro,False,False
batch,run_0004,51.0,Fi;Fo;tau,3,3,0.14022128984817406,0.6666666666666666,False,M_pro,False,False
batch,run_0004,51.0,G,1,0,0.0,,False,M_pro,False,False
batch,run_0004,52.0,I10;IL4;M_NA;M_anti;Tb,5,12,0.19864625690274426,0.75,False,M_pro,False,False
batch,run_0004,52.0,A;ABp;Mh_anti;Mh_pro;P,5,8,0.09946984254903864,0.875,False,M_pro,False,False
batch,run_0004,52.0,ABi;ABm;ABo;N,4,3,0.09063116537936736,1.0,False,M_pro,False,False
batch,run_0004,52.0,IL1;IL12;M_pro;Ta,4,7,0.1919218822733655,1.0,True,M_pro,False,False
batch,run_0004,52.0,Fi;Fo;tau,3,3,0.1377287242096951,0.6666666666666666,False,M_pro,False,False
batch,run_0004,52.0,G,1,0,0.0,,False,M_pro,False,False
batch,run_0004,53.0,I10;IL4;M_NA;M_anti;Tb,5,12,0.19777112481386785,0.75,False,M_pro,False,False
batch,run_0004,53.0,A;ABp;Mh_anti;Mh_pro;P,5,8,0.10364521504411985,0.875,False,M_pro,False,False
batch,run_0004,53.0,ABi;ABm;ABo;N,4,3,0.08758267038849742,1.0,False,M_pro,False,False
batch,run_0004,53.0,IL1;IL12;M_pro;Ta,4,7,0.1929188665433033,1.0,True,M_pro,False,False
batch,run_0004,53.0,Fi;Fo;tau,3,3,0.13533392756705093,0.6666666666666666,False,M_pro,False,False
batch,run_0004,53.0,G,1,0,0.0,,False,M_pro,False,False
batch,run_0004,54.0,I10;IL4;M_NA;M_anti;Tb,5,12,0.19678155737174682,0.75,False,M_pro,False,False
batch,run_0004,54.0,A;ABp;Mh_anti;Mh_pro;P,5,8,0.10784741245554076,0.875,False,M_pro,False,False
batch,run_0004,54.0,ABi;ABm;ABo;N,4,3,0.08481440884481543,1.0,False,M_pro,False,False
batch,run_0004,54.0,IL1;IL12;M_pro;Ta,4,7,0.1934968939277561,1.0,True,M_pro,False,False
batch,run_0004,54.0,Fi;Fo;tau,3,3,0.13304604149358853,0.6666666666666666,False,M_pro,False,False
batch,run_0004,54.0,G,1,0,0.0,,False,M_pro,False,False
batch,run_0004,55.0,I10;IL4;M_NA;M_anti;Tb,5,12,0.19572127472459494,0.75,False,M_pro,False,False
batch,run_0004,55.0,A;ABp;Mh_anti;Mh_pro;P,5,8,0.11203416200970402,0.875,False,M_pro,False,False
batch,run_0004,55.0,ABi;ABm;ABo;N,4,3,0.08229360810081549,1.0,False,M_pro,False,False
batch,run_0004,55.0,IL1;IL12;M_pro;Ta,4,7,0.19370964200214666,1.0,True,M_pro,False,False
batch,run_0004,55.0,Fi;Fo;tau,3,3,0.13087100716425654,0.6666666666666666,False,M_pro,False,False
batch,run_0004,55.0,G,1,0,0.0,,False,M_pro,False,False
batch,run_0004,56.0,I10;IL4;M_NA;M_anti;Tb,5,12,0.1946263137711166,0.75,False,M_pro,False,False
batch,run_0004,56.0,A;ABp;Mh_anti;Mh_pro;P,5,8,0.1161710590075813,0.875,False,M_pro,False,False
batch,run_0004,56.0,ABi;ABm;ABo;N,4,3,0.07999205381416051,1.0,False,M_pro,False,False
batch,run_0004,56.0,IL1;IL12;M_pro;Ta,4,7,0.19360597307220814,1.0,True,M_pro,False,False
batch,run_0004,56.0,Fi;Fo;tau,3,3,0.12881213149006293,0.6666666666666666,False,M_pro,False,False
batch,run_0004,56.0,G,1,0,0.0,,False,M_pro,False,False
batch,run_0004,57.0,I10;IL4;M_NA;M_anti;Tb,5,12,0.1935261608244288,0.75,False,M_pro,False,False
batch,run_0004,57.0,A;ABp;Mh_anti;Mh_pro;P,5,8,0.1202305723064776,0.875,False,M_pro,False,False
batch,run_0004,57.0,ABi;ABm;ABo;N,4,3,0.07788538272373025,1.0,False,M_pro,False,False
batch,run_0004,57.0,IL1;IL12;M_pro;Ta,4,7,0.19322992590808705,1.0,True,M_pro,False,False
batch,run_0004,57.0,Fi;Fo;tau,3,3,0.12687058631536474,0.6666666666666666,False,M_pro,False,False
batch,run_0004,57.0,G,1,0,0.0,,False,M_pro,False,False
batch,run_0004,58.0,I10;IL4;M_NA;M_anti;Tb,5,12,0.192444722967087,0.75,False,M_pro,False,False
batch,run_0004,58.0,A;ABp;Mh_anti;Mh_pro;P,5,8,0.12419115173140462,0.875,False,M_pro,False,False
batch,run_0004,58.0,ABi;ABm;ABo;N,4,3,0.07595248763504145,1.0,False,M_pro,False,False
batch,run_0004,58.0,IL1;IL12;M_pro;Ta,4,7,0.19262085875152973,1.0,True,M_pro,False,False
batch,run_0004,58.0,Fi;Fo;tau,3,3,0.12504584319194062,0.6666666666666666,False,M_pro,False,False
batch,run_0004,58.0,G,1,0,0.0,,False,M_pro,False,False
batch,run_0004,59.0,I10;IL4;M_NA;M_anti;Tb,5,12,0.19140113701341424,0.75,False,M_pro,False,False
batch,run_0004,59.0,A;ABp;Mh_anti;Mh_pro;P,5,8,0.12803644356522947,0.875,False,M_pro,False,False
batch,run_0004,59.0,ABi;ABm;ABo;N,4,3,0.0741750323193859,1.0,False,M_pro,False,False
batch,run_0004,59.0,IL1;IL12;M_pro;Ta,4,7,0.19181364474284707,1.0,True,M_pro,False,False
batch,run_0004,59.0,Fi;Fo;tau,3,3,0.1233360658197424,0.6666666666666666,False,M_pro,False,False
batch,run_0004,59.0,G,1,0,0.0,,False,M_pro,False,False
batch,run_0004,60.0,I10;IL4;M_NA;M_anti;Tb,5,12,0.1904105026886773,0.75,False,M_pro,False,False
batch,run_0004,60.0,A;ABp;Mh_anti;Mh_pro;P,5,8,0.13175455509960288,0.875,False,M_pro,False,False
batch,run_0004,60.0,ABi;ABm;ABo;N,4,3,0.07253703406504206,1.0,False,M_pro,False,False
batch,run_0004,60.0,IL1;IL12;M_pro;Ta,4,7,0.19083897485839138,1.0,True,M_pro,False,False
batch,run_0004,60.0,Fi;Fo;tau,3,3,0.12173842613487511,0.6666666666666666,False,M_pro,False,False
batch,run_0004,60.0,G,1,0,0.0,,False,M_pro,False,False
batch,run_0004,61.0,I10;IL4;M_NA;M_anti;Tb,5,12,0.1894845210389979,0.75,False,M_pro,False,False
batch,run_0004,61.0,A;ABp;Mh_anti;Mh_pro;P,5,8,0.1353373817588834,0.875,False,M_pro,False,False
batch,run_0004,61.0,ABi;ABm;ABo;N,4,3,0.07102451086271366,1.0,False,M_pro,False,False
batch,run_0004,61.0,IL1;IL12;M_pro;Ta,4,7,0.18972370772059813,1.0,True,M_pro,False,False
batch,run_0004,61.0,Fi;Fo;tau,3,3,0.12024936075758577,0.6666666666666666,False,M_pro,False,False
batch,run_0004,61.0,G,1,0,0.0,,False,M_pro,False,False
batch,run_0004,62.0,I10;IL4;M_NA;M_anti;Tb,5,12,0.1886320342478277,0.75,False,M_pro,False,False
batch,run_0004,62.0,A;ABp;Mh_anti;Mh_pro;P,5,8,0.1387800056536036,0.875,False,M_pro,False,False
batch,run_0004,62.0,ABi;ABm;ABo;N,4,3,0.06962519020846532,1.0,False,M_pro,False,False
batch,run_0004,62.0,IL1;IL12;M_pro;Ta,4,7,0.18849122089784545,1.0,True,M_pro,False,False
batch,run_0004,62.0,Fi;Fo;tau,3,3,0.11886478386732215,0.6666666666666666,False,M_pro,False,False
batch,run_0004,62.0,G,1,0,0.0,,False,M_pro,False,False
batch,run_0004,63.0,I10;IL4;M_NA;M_anti;Tb,5,12,0.18785948298623878,0.75,False,M_pro,False,False
batch,run_0004,63.0,A;ABp;Mh_anti;Mh_pro;P,5,8,0.14208016061434012,0.875,False,M_pro,False,False
batch,run_0004,63.0,ABi;ABm;ABo;N,4,3,0.0683282652994693,1.0,False,M_pro,False,False
batch,run_0004,63.0,IL1;IL12;M_pro;Ta,4,7,0.18716175238016775,1.0,True,M_pro,False,False
batch,run_0004,63.0,Fi;Fo;tau,3,3,0.11758026527048918,0.6666666666666666,False,M_pro,False,False
batch,run_0004,63.0,G,1,0,0.0,,False,M_pro,False,False
batch,run_0004,64.0,I10;IL4;M_NA;M_anti;Tb,5,12,0.18717129791722906,0.75,False,M_pro,False,False
batch,run_0004,64.0,A;ABp;Mh_anti;Mh_pro;P,5,8,0.1452377570830552,0.875,False,M_pro,False,False
batch,run_0004,64.0,ABi;ABm;ABo;N,4,3,0.06712419430015727,1.0,False,M_pro,False,False
batch,run_0004,64.0,IL1;IL12;M_pro;Ta,4,7,0.18575273271035542,1.0,True,M_pro,False,False
batch,run_0004,64.0,Fi;Fo;tau,3,3,0.11639117255453647,0.6666666666666666,False,M_pro,False,False
batch,run_0004,64.0,G,1,0,0.0,,False,M_pro,False,False
batch,run_0004,65.0,I10;IL4;M_NA;M_anti;Tb,5,12,0.18657023996955271,0.75,False,M_pro,False,False
batch,run_0004,65.0,A;ABp;Mh_anti;Mh_pro;P,5,8,0.14825446067566797,0.875,False,M_pro,False,False
batch,run_0004,65.0,ABi;ABm;ABo;N,4,3,0.06600452824329116,1.0,False,M_pro,False,False
batch,run_0004,65.0,IL1;IL12;M_pro;Ta,4,7,0.18427910235640466,1.0,True,M_pro,False,False
batch,run_0004,65.0,Fi;Fo;tau,3,3,0.11529278553420698,0.6666666666666666,False,M_pro,False,False
batch,run_0004,65.0,G,1,0,0.0,,False,M_pro,False,False
batch,run_0004,66.0,I10;IL4;M_NA;M_anti;Tb,5,12,0.18605769552334753,0.75,False,M_pro,False,False
batch,run_0004,66.0,A;ABp;Mh_anti;Mh_pro;P,5,8,0.15113332176795713,0.875,False,M_pro,False,False
batch,run_0004,66.0,ABi;ABm;ABo;N,4,3,0.06496176272904557,1.0,False,M_pro,False,False
batch,run_0004,66.0,IL1;IL12;M_pro;Ta,4,7,0.18275361172286467,1.0,True,M_pro,False,False
batch,run_0004,66.0,Fi;Fo;tau,3,3,0.11428038445066994,0.6666666666666666,False,M_pro,False,False
batch,run_0004,66.0,G,1,0,0.0,,False,M_pro,False,False
batch,run_0004,67.0,I10;IL4;M_NA;M_anti;Tb,5,12,0.18563392732714315,0.75,False,M_pro,False,False
batch,run_0004,67.0,A;ABp;Mh_anti;Mh_pro;P,5,8,0.1538784585001248,0.875,False,M_pro,False,False
batch,run_0004,67.0,ABi;ABm;ABo;N,4,3,0.0639892165996459,1.0,False,M_pro,False,False
batch,run_0004,67.0,IL1;IL12;M_pro;Ta,4,7,0.18118708031561717,1.0,True,M_pro,False,False
batch,run_0004,67.0,Fi;Fo;tau,3,3,0.11334932580923335,0.6666666666666666,False,M_pro,False,False
batch,run_0004,67.0,G,1,0,0.0,,False,M_pro,False,False
batch,run_0004,68.0,I10;IL4;M_NA;M_anti;Tb,5,12,0.18529829631514855,0.75,False,M_pro,False,False
batch,run_0004,68.0,A;ABp;Mh_anti;Mh_pro;P,5,8,0.1564947738462808,0.875,False,M_pro,False,False
batch,run_0004,68.0,ABi;ABm;ABo;N,4,3,0.06308092107297936,1.0,False,M_pro,False,False
batch,run_0004,68.0,IL1;IL12;M_pro;Ta,4,7,0.17958868023916164,1.0,True,M_pro,False,False
batch,run_0004,68.0,Fi;Fo;tau,3,3,0.11249507466914663,0.6666666666666666,False,M_pro,False,False
batch,run_0004,68.0,G,1,0,0.0,,False,M_pro,False,False
batch,run_0004,69.0,I10;IL4;M_NA;M_anti;Tb,5,12,0.18504943874325427,0.75,False,M_pro,False,False
batch,run_0004,69.0,A;ABp;Mh_anti;Mh_pro;P,5,8,0.15898773068277555,0.875,False,M_pro,False,False
batch,run_0004,69.0,ABi;ABm;ABo;N,4,3,0.06223153214672005,1.0,False,M_pro,False,False
batch,run_0004,69.0,IL1;IL12;M_pro;Ta,4,7,0.17796614751900924,1.0,True,M_pro,False,False
batch,run_0004,69.0,Fi;Fo;tau,3,3,0.11171324661652146,0.6666666666666666,False,M_pro,False,False
batch,run_0004,69.0,G,1,0,0.0,,False,M_pro,False,False
batch,run_0004,70.0,I10;IL4;M_NA;M_anti;Tb,5,12,0.18488541910695613,0.75,False,M_pro,False,False
batch,run_0004,70.0,A;ABp;Mh_anti;Mh_pro;P,5,8,0.16136316141706775,0.875,False,M_pro,False,False
batch,run_0004,70.0,ABi;ABm;ABo;N,4,3,0.06143625479412867,1.0,False,M_pro,False,False
batch,run_0004,70.0,IL1;IL12;M_pro;Ta,4,7,0.17632597505508854,1.0,True,M_pro,False,False
batch,run_0004,70.0,Fi;Fo;tau,3,3,0.1109996372368944,0.6666666666666666,False,M_pro,False,False
batch,run_0004,70.0,G,1,0,0.0,,False,M_pro,False,False
batch,run_0004,71.0,I10;IL4;M_NA;M_anti;Tb,5,12,0.18480385979361977,0.75,False,M_pro,False,False
batch,run_0004,71.0,A;ABp;Mh_anti;Mh_pro;P,5,8,0.16362710998321872,0.875,False,M_pro,False,False
batch,run_0004,71.0,ABi;ABm;ABo;N,4,3,0.0606907768451948,1.0,False,M_pro,False,False
batch,run_0004,71.0,IL1;IL12;M_pro;Ta,4,7,0.1746735902898519,1.0,True,M_pro,False,False
batch,run_0004,71.0,Fi;Fo;tau,3,3,0.1103502382226421,0.6666666666666666,False,M_pro,False,False
batch,run_0004,71.0,G,1,0,0.0,,False,M_pro,False,False
batch,run_0004,72.0,I10;IL4;M_NA;M_anti;Tb,5,12,0.18480205071556624,0.75,False,M_pro,False,False
batch,run_0004,72.0,A;ABp;Mh_anti;Mh_pro;P,5,8,0.1657857028765512,0.875,False,M_pro,False,False
batch,run_0004,72.0,ABi;ABm;ABo;N,4,3,0.0599912122410342,1.0,False,M_pro,False,False
batch,run_0004,72.0,IL1;IL12;M_pro;Ta,4,7,0.17301350820015363,1.0,True,M_pro,False,False
batch,run_0004,72.0,Fi;Fo;tau,3,3,0.10976124877422358,0.6666666666666666,False,M_pro,False,False
batch,run_0004,72.0,G,1,0,0.0,,False,M_pro,False,False
batch,run_0004,73.0,I10;IL4;M_NA;M_anti;Tb,5,12,0.18487704641050412,0.75,False,M_pro,False,False
batch,run_0004,73.0,A;ABp;Mh_anti;Mh_pro;P,5,8,0.16784504017408983,0.875,False,M_pro,False,False
batch,run_0004,73.0,ABi;ABm;ABo;N,4,3,0.05933405152604241,1.0,False,M_pro,False,False
batch,run_0004,73.0,IL1;IL12;M_pro;Ta,4,7,0.17134946399519996,1.0,True,M_pro,False,False
batch,run_0004,73.0,Fi;Fo;tau,3,3,0.10922908485618085,0.6666666666666666,False,M_pro,False,False
batch,run_0004,73.0,G,1,0,0.0,,False,M_pro,False,False
batch,run_0004,74.0,I10;IL4;M_NA;M_anti;Tb,5,12,0.18144972663548353,0.75,False,Mh_pro,False,False
batch,run_0004,74.0,A;ABp;Mh_anti;Mh_pro;P,5,8,0.16652916729610182,0.875,True,Mh_pro,False,False
batch,run_0004,74.0,Fi;Fo;G;tau,4,4,0.12597553840993644,0.75,False,Mh_pro,False,False
batch,run_0004,74.0,ABi;ABm;ABo;N,4,3,0.05758130772244488,1.0,False,Mh_pro,False,False
batch,run_0004,74.0,IL1;IL12;M_pro;Ta,4,7,0.1664050331172485,1.0,False,Mh_pro,False,False
batch,run_0004,75.0,I10;IL4;M_NA;M_anti;Tb,5,12,0.1816220274296306,0.75,False,Mh_pro,False,False
batch,run_0004,75.0,A;ABp;Mh_anti;Mh_pro;P,5,8,0.16833201312545318,0.875,True,Mh_pro,False,False
batch,run_0004,75.0,Fi;Fo;G;tau,4,4,0.12575639686877604,0.75,False,Mh_pro,False,False
batch,run_0004,75.0,ABi;ABm;ABo;N,4,3,0.05699763848777667,1.0,False,Mh_pro,False,False
batch,run_0004,75.0,IL1;IL12;M_pro;Ta,4,7,0.16473524607285392,1.0,False,Mh_pro,False,False
batch,run_0004,76.0,I10;IL4;M_NA;M_anti;Tb,5,12,0.1818223169183082,0.75,False,Mh_pro,False,False
batch,run_0004,76.0,A;ABp;Mh_anti;Mh_pro;P,5,8,0.17001846580325572,0.875,True,Mh_pro,False,False
batch,run_0004,76.0,Fi;Fo;G;tau,4,4,0.12575089254222185,0.75,False,Mh_pro,False,False
batch,run_0004,76.0,ABi;ABm;ABo;N,4,3,0.056435778907599383,1.0,False,Mh_pro,False,False
batch,run_0004,76.0,IL1;IL12;M_pro;Ta,4,7,0.16303598166955607,1.0,False,Mh_pro,False,False
batch,run_0004,77.0,I10;IL4;M_NA;M_anti;Tb,5,12,0.18204547242161478,0.75,False,Mh_pro,False,False
batch,run_0004,77.0,A;ABp;Mh_anti;Mh_pro;P,5,8,0.17159120846308193,0.875,True,Mh_pro,False,False
batch,run_0004,77.0,Fi;Fo;G;tau,4,4,0.12595671767884217,0.75,False,Mh_pro,False,False
batch,run_0004,77.0,ABi;ABm;ABo;N,4,3,0.05589329379696576,1.0,False,Mh_pro,False,False
batch,run_0004,77.0,IL1;IL12;M_pro;Ta,4,7,0.16130842784920515,1.0,False,Mh_pro,False,False
batch,run_0004,78.0,I10;IL4;M_NA;M_anti;Tb,5,12,0.18228826842864895,0.75,False,Mh_pro,False,False
batch,run_0004,78.0,A;ABp;Mh_anti;Mh_pro;P,5,8,0.17305450484713897,0.875,True,Mh_pro,False,False
batch,run_0004,78.0,Fi;Fo;G;tau,4,4,0.12636554838482267,0.75,False,Mh_pro,False,False
batch,run_0004,78.0,ABi;ABm;ABo;N,4,3,0.05536845384740426,1.0,False,Mh_pro,False,False
batch,run_0004,78.0,IL1;IL12;M_pro;Ta,4,7,0.15955523703898875,1.0,False,Mh_pro,False,False
batch,run_0004,79.0,I10;IL4;M_NA;M_anti;Tb,5,12,0.18254879888716627,0.75,False,Mh_pro,False,False
batch,run_0004,79.0,A;ABp;Mh_anti;Mh_pro;P,5,8,0.17441369741760185,0.875,True,Mh_pro,False,False
batch,run_0004,79.0,Fi;Fo;G;tau,4,4,0.12696524987211913,0.75,False,Mh_pro,False,False
batch,run_0004,79.0,ABi;ABm;ABo;N,4,3,0.054860006444878935,1.0,False,Mh_pro,False,False
batch,run_0004,79.0,IL1;IL12;M_pro;Ta,4,7,0.1577799357177783,1.0,False,Mh_pro,False,False
batch,run_0004,80.0,I10;IL4;M_NA;M_anti;Tb,5,12,0.18282593323907037,0.75,False,Mh_pro,False,False
batch,run_0004,80.0,A;ABp;Mh_anti;Mh_pro;P,5,8,0.17567469697635357,0.875,True,Mh_pro,False,False
batch,run_0004,80.0,Fi;Fo;G;tau,4,4,0.12774201722218642,0.75,False,Mh_pro,False,False
batch,run_0004,80.0,ABi;ABm;ABo;N,4,3,0.054366981458084974,1.0,False,Mh_pro,False,False
batch,run_0004,80.0,IL1;IL12;M_pro;Ta,4,7,0.15598640111740594,1.0,False,Mh_pro,False,False
batch,run_0005,30.0,I10;IL4;M_NA;M_anti,4,4,0.13108948777177562,0.5,False,ABm,False,False
batch,run_0005,30.0,A;P;Ta,3,2,0.28489386556852425,1.0,False,ABm,False,False
batch,run_0005,30.0,ABm;N,2,1,0.5537070615383879,1.0,True,ABm,False,False
batch,run_0005,30.0,ABi,1,0,0.0,,False,ABm,False,False
batch,run_0005,30.0,ABo,1,0,0.0,,False,ABm,False,False
batch,run_0005,30.0,ABp,1,0,0.0,,False,ABm,False,False
batch,run_0005,30.0,G,1,0,0.0,,False,ABm,False,False
batch,run_0005,30.0,tau,1,0,0.0,,False,ABm,False,False
batch,run_0005,30.0,Fi,1,0,0.0,,False,ABm,False,False
batch,run_0005,30.0,Fo,1,0,0.0,,False,ABm,False,False
batch,run_0005,30.0,M_pro,1,0,0.0,,False,ABm,False,False
batch,run_0005,30.0,Mh_pro,1,0,0.0,,False,ABm,False,False
batch,run_0005,30.0,Mh_anti,1,0,0.0,,False,ABm,False,False
batch,run_0005,30.0,Tb,1,0,0.0,,False,ABm,False,False
batch,run_0005,30.0,IL1,1,0,0.0,,False,ABm,False,False
batch,run_0005,30.0,IL12,1,0,0.0,,False,ABm,False,False
batch,run_0005,31.0,I10;IL1;IL12;IL4;M_NA;M_anti;M_pro;Tb,8,27,0.09100759321711546,0.6296296296296297,False,ABm,False,False
batch,run_0005,31.0,A;ABi;Mh_anti;Mh_pro;P;Ta,6,11,0.32318133957157025,0.8181818181818182,False,ABm,False,False
batch,run_0005,31.0,ABm;ABo;ABp;N,4,3,0.4798159702752326,1.0,True,ABm,False,False
batch,run_0005,31.0,Fi;Fo;tau,3,3,0.04135886123666663,0.6666666666666666,False,ABm,False,False
batch,run_0005,31.0,G,1,0,0.0,,False,ABm,False,False
batch,run_0005,32.0,I10;IL1;IL12;IL4;M_NA;M_anti;M_pro;Tb,8,29,0.09260782217633719,0.6551724137931034,False,ABm,False,False
batch,run_0005,32.0,A;ABi;Mh_anti;Mh_pro;P;Ta,6,11,0.2817011722530471,0.8181818181818182,False,ABm,False,False
batch,run_0005,32.0,ABm;ABo;ABp;N,4,3,0.4245489261039166,1.0,True,ABm,False,False
batch,run_0005,32.0,Fi;Fo;tau,3,3,0.09611714684184634,0.6666666666666666,False,ABm,False,False
batch,run_0005,32.0,G,1,0,0.0,,False,ABm,False,False
batch,run_0005,33.0,I10;IL1;IL12;IL4;M_NA;M_anti;M_pro;Tb,8,31,0.12195335842335298,0.6129032258064516,False,ABm,False,False
batch,run_0005,33.0,A;ABi;Mh_anti;Mh_pro;P;Ta,6,11,0.2268854140198928,0.8181818181818182,False,ABm,False,False
batch,run_0005,33.0,ABm;ABo;ABp;N,4,3,0.3783317360313436,1.0,True,ABm,False,False
batch,run_0005,33.0,Fi;Fo;tau,3,3,0.1280930301543742,0.6666666666666666,False,ABm,False,False
batch,run_0005,33.0,G,1,0,0.0,,False,ABm,False,False
batch,run_0005,34.0,I10;IL1;IL12;IL4;M_NA;M_anti;M_pro;Mh_pro;Ta;Tb,10,39,0.22265510567296287,0.6153846153846154,False,ABm,False,False
batch,run_0005,34.0,ABi;Fi;Fo;tau,4,4,0.14273348302256397,0.5,False,ABm,False,False
batch,run_0005,34.0,ABm;ABo;ABp;N,4,3,0.3399466793345124,1.0,True,ABm,False,False
batch,run_0005,34.0,A;Mh_anti;P,3,2,0.12838533768266278,1.0,False,ABm,False,False
batch,run_0005,34.0,G,1,0,0.0,,False,ABm,False,False
batch,run_0005,35.0,I10;IL1;IL12;IL4;M_NA;M_anti;M_pro;Mh_pro;Ta;Tb,10,39,0.26626235647538965,0.6153846153846154,False,ABo,False,False
batch,run_0005,35.0,ABi;Fi;Fo;tau,4,4,0.1484105061335036,0.5,False,ABo,False,False
batch,run_0005,35.0,ABm;ABo;ABp;N,4,3,0.30815814743029796,1.0,True,ABo,False,False
batch,run_0005,35.0,A;Mh_anti;P,3,2,0.10283126519708151,1.0,False,ABo,False,False
batch,run_0005,35.0,G,1,0,0.0,,False,ABo,False,False
batch,run_0005,36.0,I10;IL1;IL12;IL4;M_NA;M_anti;M_pro;Mh_pro;Ta;Tb,10,39,0.3059743716013622,0.6153846153846154,False,ABo,False,False
batch,run_0005,36.0,ABi;Fi;Fo;tau,4,4,0.15014443365882219,0.5,False,ABo,False,False
batch,run_0005,36.0,ABm;ABo;ABp;N,4,3,0.2813714663504067,1.0,True,ABo,False,False
batch,run_0005,36.0,A;Mh_anti;P,3,2,0.0844400428609578,1.0,False,ABo,False,False
batch,run_0005,36.0,G,1,0,0.0,,False,ABo,False,False
batch,run_0005,37.0,I10;IL4;M_NA;M_anti;Tb,5,12,0.15829166206230885,0.75,False,ABo,False,False
batch,run_0005,37.0,ABi;Fi;Fo;tau,4,4,0.1502264273340749,0.5,False,ABo,False,False
batch,run_0005,37.0,ABm;ABo;ABp;N,4,3,0.25844083786207434,1.0,True,ABo,False,False
batch,run_0005,37.0,IL1;IL12;M_pro;Ta,4,7,0.08811821603364911,1.0,False,ABo,False,False
batch,run_0005,37.0,A;Mh_anti;Mh_pro;P,4,6,0.08279569750823779,0.8333333333333334,False,ABo,False,False
batch,run_0005,37.0,G,1,0,0.0,,False,ABo,False,False
batch,run_0005,38.0,I10;IL4;M_NA;M_anti;Tb,5,12,0.1721245413459148,0.75,False,ABo,False,False
batch,run_0005,38.0,ABi;Fi;Fo;tau,4,4,0.14969303018041036,0.5,False,ABo,False,False
batch,run_0005,38.0,ABm;ABo;ABp;N,4,3,0.23868196573181164,1.0,True,ABo,False,False
batch,run_0005,38.0,IL1;IL12;M_pro;Ta,4,7,0.10131493373010163,1.0,False,ABo,False,False
batch,run_0005,38.0,A;Mh_anti;Mh_pro;P,4,6,0.07280627530267784,0.8333333333333334,False,ABo,False,False
batch,run_0005,38.0,G,1,0,0.0,,False,ABo,False,False
batch,run_0005,39.0,I10;IL4;M_NA;M_anti;Tb,5,12,0.18262041668856535,0.75,False,ABo,False,False
batch,run_0005,39.0,ABi;Fi;Fo;tau,4,4,0.1489618779718401,0.5,False,ABo,False,False
batch,run_0005,39.0,ABm;ABo;ABp;N,4,3,0.22159042653064315,1.0,True,ABo,False,False
batch,run_0005,39.0,IL1;IL12;M_pro;Ta,4,7,0.11358012023278573,1.0,False,ABo,False,False
batch,run_0005,39.0,A;Mh_anti;Mh_pro;P,4,6,0.06609558641609338,1.0,False,ABo,False,False
batch,run_0005,39.0,G,1,0,0.0,,False,ABo,False,False
batch,run_0005,40.0,ABi;ABm;ABo;ABp;N,5,4,0.20740913379646927,1.0,False,M_pro,False,False
batch,run_0005,40.0,I10;IL4;M_NA;M_anti;Tb,5,12,0.19022356761345563,0.75,False,M_pro,False,False
batch,run_0005,40.0,IL1;IL12;M_pro;Ta,4,7,0.12478216974253228,1.0,True,M_pro,False,False
batch,run_0005,40.0,A;Mh_anti;Mh_pro;P,4,6,0.061875970662080684,1.0,False,M_pro,False,False
batch,run_0005,40.0,Fi;Fo;tau,3,3,0.14766723950925204,0.6666666666666666,False,M_pro,False,False
batch,run_0005,40.0,G,1,0,0.0,,False,M_pro,False,False
batch,run_0005,41.0,ABi;ABm;ABo;ABp;N,5,4,0.19448144230498654,1.0,False,M_pro,False,False
batch,run_0005,41.0,I10;IL4;M_NA;M_anti;Tb,5,12,0.1954146674895401,0.75,False,M_pro,False,False
batch,run_0005,41.0,IL1;IL12;M_pro;Ta,4,7,0.13482505639684744,1.0,True,M_pro,False,False
batch,run_0005,41.0,A;Mh_anti;Mh_pro;P,4,6,0.05958368354964411,1.0,False,M_pro,False,False
batch,run_0005,41.0,Fi;Fo;tau,3,3,0.1467900921147254,0.6666666666666666,False,M_pro,False,False
batch,run_0005,41.0,G,1,0,0.0,,False,M_pro,False,False
batch,run_0005,42.0,ABi;ABm;ABo;ABp;N,5,4,0.1831271012931997,1.0,False,M_pro,False,False
batch,run_0005,42.0,I10;IL4;M_NA;M_anti;Tb,5,12,0.19863926822341685,0.75,False,M_pro,False,False
batch,run_0005,42.0,IL1;IL12;M_pro;Ta,4,7,0.14367433355539921,1.0,True,M_pro,False,False
batch,run_0005,42.0,A;Mh_anti;Mh_pro;P,4,6,0.058791427538800275,1.0,False,M_pro,False,False
batch,run_0005,42.0,Fi;Fo;tau,3,3,0.14581804439547114,0.6666666666666666,False,M_pro,False,False
batch,run_0005,42.0,G,1,0,0.0,,False,M_pro,False,False
batch,run_0005,43.0,I10;IL4;M_NA;M_anti;Tb,5,12,0.20028518713453863,0.75,False,M_pro,False,False
batch,run_0005,43.0,A;ABp;Mh_anti;Mh_pro;P,5,8,0.07204206248167533,0.875,False,M_pro,False,False
batch,run_0005,43.0,ABi;ABm;ABo;N,4,3,0.1571135424195733,1.0,False,M_pro,False,False
batch,run_0005,43.0,IL1;IL12;M_pro;Ta,4,7,0.15135236520572637,1.0,True,M_pro,False,False
batch,run_0005,43.0,Fi;Fo;tau,3,3,0.14472256435566627,0.6666666666666666,False,M_pro,False,False
batch,run_0005,43.0,G,1,0,0.0,,False,M_pro,False,False
batch,run_0005,44.0,I10;IL4;M_NA;M_anti;Tb,5,12,0.20067987588158984,0.75,False,M_pro,False,False
batch,run_0005,44.0,A;ABp;Mh_anti;Mh_pro;P,5,8,0.0744958764613038,0.875,False,M_pro,False,False
batch,run_0005,44.0,ABi;ABm;ABo;N,4,3,0.14843530733047838,1.0,False,M_pro,False,False
batch,run_0005,44.0,IL1;IL12;M_pro;Ta,4,7,0.15792372113548053,1.0,True,M_pro,False,False
batch,run_0005,44.0,Fi;Fo;tau,3,3,0.14349195570929374,0.6666666666666666,False,M_pro,False,False
batch,run_0005,44.0,G,1,0,0.0,,False,M_pro,False,False
batch,run_0005,45.0,I10;IL4;M_NA;M_anti;Tb,5,12,0.20009450472105578,0.75,False,M_pro,False,False
batch,run_0005,45.0,A;ABp;Mh_anti;Mh_pro;P,5,8,0.07757307724373433,0.875,False,M_pro,False,False
batch,run_0005,45.0,ABi;ABm;ABo;N,4,3,0.14078148007868366,1.0,False,M_pro,False,False
batch,run_0005,45.0,IL1;IL12;M_pro;Ta,4,7,0.16347953287271116,1.0,True,M_pro,False,False
batch,run_0005,45.0,Fi;Fo;tau,3,3,0.14213074099195397,0.6666666666666666,False,M_pro,False,False
batch,run_0005,45.0,G,1,0,0.0,,False,M_pro,False,False
batch,run_0005,46.0,I10;IL4;M_NA;M_anti;Tb,5,12,0.1987507534755723,0.75,False,M_pro,False,False
batch,run_0005,46.0,A;ABp;Mh_anti;Mh_pro;P,5,8,0.08110076969177656,0.875,False,M_pro,False,False
batch,run_0005,46.0,ABi;ABm;ABo;N,4,3,0.133999352127026,1.0,False,M_pro,False,False
batch,run_0005,46.0,IL1;IL12;M_pro;Ta,4,7,0.16812444637843674,1.0,True,M_pro,False,False
batch,run_0005,46.0,Fi;Fo;tau,3,3,0.14065530846201513,0.6666666666666666,False,M_pro,False,False
batch,run_0005,46.0,G,1,0,0.0,,False,M_pro,False,False
batch,run_0005,47.0,I10;IL4;M_NA;M_anti;Tb,5,12,0.1968280841164907,0.75,False,M_pro,False,False
batch,run_0005,47.0,A;ABp;Mh_anti;Mh_pro;P,5,8,0.08493904238464789,0.875,False,M_pro,False,False
batch,run_0005,47.0,ABi;ABm;ABo;N,4,3,0.12796196226918793,1.0,False,M_pro,False,False
batch,run_0005,47.0,IL1;IL12;M_pro;Ta,4,7,0.17196721679018462,1.0,True,M_pro,False,False
batch,run_0005,47.0,Fi;Fo;tau,3,3,0.13908912250628308,0.6666666666666666,False,M_pro,False,False
batch,run_0005,47.0,G,1,0,0.0,,False,M_pro,False,False
batch,run_0005,48.0,I10;IL4;M_NA;M_anti;Tb,5,12,0.19447068693597036,0.75,False,M_pro,False,False
batch,run_0005,48.0,A;ABp;Mh_anti;Mh_pro;P,5,8,0.08897431807851056,0.875,False,M_pro,False,False
batch,run_0005,48.0,ABi;ABm;ABo;N,4,3,0.12256308280940395,1.0,False,M_pro,False,False
batch,run_0005,48.0,IL1;IL12;M_pro;Ta,4,7,0.1751142846251702,1.0,True,M_pro,False,False
batch,run_0005,48.0,Fi;Fo;tau,3,3,0.13745876635204804,0.6666666666666666,False,M_pro,False,False
batch,run_0005,48.0,G,1,0,0.0,,False,M_pro,False,False
batch,run_0005,49.0,I10;IL4;M_NA;M_anti;Tb,5,12,0.19179382490263835,0.75,False,M_pro,False,False
batch,run_0005,49.0,A;ABp;Mh_anti;Mh_pro;P,5,8,0.09311447137699504,0.875,False,M_pro,False,False
batch,run_0005,49.0,ABi;ABm;ABo;N,4,3,0.11771342365510279,1.0,False,M_pro,False,False
batch,run_0005,49.0,IL1;IL12;M_pro;Ta,4,7,0.17766583979343956,1.0,True,M_pro,False,False
batch,run_0005,49.0,Fi;Fo;tau,3,3,0.13579107317877182,0.6666666666666666,False,M_pro,False,False
batch,run_0005,49.0,G,1,0,0.0,,False,M_pro,False,False
batch,run_0005,50.0,I10;IL4;M_NA;M_anti;Tb,5,12,0.18888920261534933,0.75,False,M_pro,False,False
batch,run_0005,50.0,A;ABp;Mh_anti;Mh_pro;P,5,8,0.09728517750508664,0.875,False,M_pro,False,False
batch,run_0005,50.0,ABi;ABm;ABo;N,4,3,0.11333771790098131,1.0,False,M_pro,False,False
batch,run_0005,50.0,IL1;IL12;M_pro;Ta,4,7,0.17971370090136907,1.0,True,M_pro,False,False
batch,run_0005,50.0,Fi;Fo;tau,3,3,0.1341112435581122,0.6666666666666666,False,M_pro,False,False
batch,run_0005,50.0,G,1,0,0.0,,False,M_pro,False,False
batch,run_0005,51.0,I10;IL4;M_NA;M_anti;Tb,5,12,0.18582939394832515,0.75,False,M_pro,False,False
batch,run_0005,51.0,A;ABp;Mh_anti;Mh_pro;P,5,8,0.10142710634647895,0.875,False,M_pro,False,False
batch,run_0005,51.0,ABi;ABm;ABo;N,4,3,0.10937241897769355,1.0,False,M_pro,False,False
batch,run_0005,51.0,IL1;IL12;M_pro;Ta,4,7,0.18134033944387778,1.0,True,M_pro,False,False
batch,run_0005,51.0,Fi;Fo;tau,3,3,0.13244175841453426,0.6666666666666666,False,M_pro,False,False
batch,run_0005,51.0,G,1,0,0.0,,False,M_pro,False,False
batch,run_0005,52.0,I10;IL4;M_NA;M_anti;Tb,5,12,0.18267155980584324,0.75,False,M_pro,False,False
batch,run_0005,52.0,A;ABp;Mh_anti;Mh_pro;P,5,8,0.10549365519950459,0.875,False,M_pro,False,False
batch,run_0005,52.0,ABi;ABm;ABo;N,4,3,0.10576377614842343,1.0,False,M_pro,False,False
batch,run_0005,52.0,IL1;IL12;M_pro;Ta,4,7,0.1826187069352744,1.0,True,M_pro,False,False
batch,run_0005,52.0,Fi;Fo;tau,3,3,0.1308018638444334,0.6666666666666666,False,M_pro,False,False
batch,run_0005,52.0,G,1,0,0.0,,False,M_pro,False,False
batch,run_0005,53.0,I10;IL4;M_NA;M_anti;Tb,5,12,0.17946052717098046,0.75,False,M_pro,False,False
batch,run_0005,53.0,A;ABp;Mh_anti;Mh_pro;P,5,8,0.10944904930053846,0.875,False,M_pro,False,False
batch,run_0005,53.0,ABi;ABm;ABo;N,4,3,0.10246620765041319,1.0,False,M_pro,False,False
batch,run_0005,53.0,IL1;IL12;M_pro;Ta,4,7,0.18361257295892164,1.0,True,M_pro,False,False
batch,run_0005,53.0,Fi;Fo;tau,3,3,0.1292074362504392,0.6666666666666666,False,M_pro,False,False
batch,run_0005,53.0,G,1,0,0.0,,False,M_pro,False,False
batch,run_0005,54.0,I10;IL4;M_NA;M_anti;Tb,5,12,0.17623118215281777,0.75,False,M_pro,False,False
batch,run_0005,54.0,A;ABp;Mh_anti;Mh_pro;P,5,8,0.11326674340913176,0.875,False,M_pro,False,False
batch,run_0005,54.0,ABi;ABm;ABo;N,4,3,0.09944099005916618,1.0,False,M_pro,False,False
batch,run_0005,54.0,IL1;IL12;M_pro;Ta,4,7,0.1843771013574387,1.0,True,M_pro,False,False
batch,run_0005,54.0,Fi;Fo;tau,3,3,0.12767109279903063,0.6666666666666666,False,M_pro,False,False
batch,run_0005,54.0,G,1,0,0.0,,False,M_pro,False,False
batch,run_0005,55.0,I10;IL4;M_NA;M_anti;Tb,5,12,0.17301038570437288,0.75,False,M_pro,False,False
batch,run_0005,55.0,A;ABp;Mh_anti;Mh_pro;P,5,8,0.1169280281694369,0.875,False,M_pro,False,False
batch,run_0005,55.0,ABi;ABm;ABo;N,4,3,0.09665516553414871,1.0,False,M_pro,False,False
batch,run_0005,55.0,IL1;IL12;M_pro;Ta,4,7,0.18495954697329664,1.0,True,M_pro,False,False
batch,run_0005,55.0,Fi;Fo;tau,3,3,0.12620245397025873,0.6666666666666666,False,M_pro,False,False
batch,run_0005,55.0,G,1,0,0.0,,False,M_pro,False,False
batch,run_0005,56.0,I10;IL4;M_NA;M_anti;Tb,5,12,0.16981854779194686,0.75,False,M_pro,False,False
batch,run_0005,56.0,A;ABp;Mh_anti;Mh_pro;P,5,8,0.12042077809581792,0.875,False,M_pro,False,False
batch,run_0005,56.0,ABi;ABm;ABo;N,4,3,0.09408060487853703,1.0,False,M_pro,False,False
batch,run_0005,56.0,IL1;IL12;M_pro;Ta,4,7,0.18540003011571954,1.0,True,M_pro,False,False
batch,run_0005,56.0,Fi;Fo;tau,3,3,0.12480848138286822,0.6666666666666666,False,M_pro,False,False
batch,run_0005,56.0,G,1,0,0.0,,False,M_pro,False,False
batch,run_0005,57.0,I10;IL4;M_NA;M_anti;Tb,5,12,0.1666709094187322,0.75,False,M_pro,False,False
batch,run_0005,57.0,A;ABp;Mh_anti;Mh_pro;P,5,8,0.12373832401467673,0.875,False,M_pro,False,False
batch,run_0005,57.0,ABi;ABm;ABo;N,4,3,0.09169321508798926,1.0,False,M_pro,False,False
batch,run_0005,57.0,IL1;IL12;M_pro;Ta,4,7,0.18573233149017487,1.0,True,M_pro,False,False
batch,run_0005,57.0,Fi;Fo;tau,3,3,0.12349383938475747,0.6666666666666666,False,M_pro,False,False
batch,run_0005,57.0,G,1,0,0.0,,False,M_pro,False,False
batch,run_0005,58.0,I10;IL4;M_NA;M_anti;Tb,5,12,0.16357856641907867,0.75,False,M_pro,False,False
batch,run_0005,58.0,A;ABp;Mh_anti;Mh_pro;P,5,8,0.1268784522591173,0.875,False,M_pro,False,False
batch,run_0005,58.0,ABi;ABm;ABo;N,4,3,0.08947228792091598,1.0,False,M_pro,False,False
batch,run_0005,58.0,IL1;IL12;M_pro;Ta,4,7,0.18598464654657945,1.0,True,M_pro,False,False
batch,run_0005,58.0,Fi;Fo;tau,3,3,0.1222612537332133,0.6666666666666666,False,M_pro,False,False
batch,run_0005,58.0,G,1,0,0.0,,False,M_pro,False,False
batch,run_0005,59.0,I10;IL4;M_NA;M_anti;Tb,5,12,0.16054929244410462,0.75,False,Fo,False,False
batch,run_0005,59.0,A;ABp;Mh_anti;Mh_pro;P,5,8,0.12984252093599855,0.875,False,Fo,False,False
batch,run_0005,59.0,ABi;ABm;ABo;N,4,3,0.08739996191432596,1.0,False,Fo,False,False
batch,run_0005,59.0,IL1;IL12;M_pro;Ta,4,7,0.1861802844863048,1.0,False,Fo,False,False
batch,run_0005,59.0,Fi;Fo;tau,3,3,0.12111185147949899,0.6666666666666666,True,Fo,False,False
batch,run_0005,59.0,G,1,0,0.0,,False,Fo,False,False
batch,run_0005,60.0,I10;IL4;M_NA;M_anti;Tb,5,12,0.15758821206301327,0.75,False,Fo,False,False
batch,run_0005,60.0,A;ABp;Mh_anti;Mh_pro;P,5,8,0.1326346811722914,0.875,False,Fo,False,False
batch,run_0005,60.0,ABi;ABm;ABo;N,4,3,0.08546077303517763,1.0,False,Fo,False,False
batch,run_0005,60.0,IL1;IL12;M_pro;Ta,4,7,0.18633831992722705,1.0,False,Fo,False,False
batch,run_0005,60.0,Fi;Fo;tau,3,3,0.12004546919812281,0.6666666666666666,True,Fo,False,False
batch,run_0005,60.0,G,1,0,0.0,,False,Fo,False,False
batch,run_0005,61.0,I10;IL4;M_NA;M_anti;Tb,5,12,0.15469835476299576,0.75,False,Fo,False,False
batch,run_0005,61.0,A;ABp;Mh_anti;Mh_pro;P,5,8,0.13526120255253576,0.875,False,Fo,False,False
batch,run_0005,61.0,ABi;ABm;ABo;N,4,3,0.08364128033190811,1.0,False,Fo,False,False
batch,run_0005,61.0,IL1;IL12;M_pro;Ta,4,7,0.1864741665695576,1.0,False,Fo,False,False
batch,run_0005,61.0,Fi;Fo;tau,3,3,0.11906093303383503,0.6666666666666666,True,Fo,False,False
batch,run_0005,61.0,G,1,0,0.0,,False,Fo,False,False
batch,run_0005,62.0,I10;IL4;M_NA;M_anti;Tb,5,12,0.15188110925680917,0.75,False,Fo,False,False
batch,run_0005,62.0,A;ABp;Mh_anti;Mh_pro;P,5,8,0.13772989115191775,0.875,False,Fo,False,False
batch,run_0005,62.0,ABi;ABm;ABo;N,4,3,0.08192975235311659,1.0,False,Fo,False,False
batch,run_0005,62.0,IL1;IL12;M_pro;Ta,4,7,0.18660011197909054,1.0,False,Fo,False,False
batch,run_0005,62.0,Fi;Fo;tau,3,3,0.1181562953616245,0.6666666666666666,True,Fo,False,False
batch,run_0005,62.0,G,1,0,0.0,,False,Fo,False,False
batch,run_0005,63.0,A;ABp;Mh_anti;Mh_pro;P;Ta,6,12,0.208755778029136,0.8333333333333334,False,Fo,False,False
batch,run_0005,63.0,ABi;ABm;ABo;N,4,3,0.08031590468538921,1.0,False,Fo,False,False
batch,run_0005,63.0,IL1;IL12;M_NA;M_pro,4,9,0.15887814575385337,0.7777777777777778,False,Fo,False,False
batch,run_0005,63.0,I10;IL4;M_anti;Tb,4,8,0.11224570565494937,0.875,False,Fo,False,False
batch,run_0005,63.0,Fi;Fo;tau,3,3,0.11732902968193137,0.6666666666666666,True,Fo,False,False
batch,run_0005,63.0,G,1,0,0.0,,False,Fo,False,False
batch,run_0005,64.0,I10;IL4;M_anti;Mh_anti;Tb,5,12,0.15712037710540822,0.9166666666666666,False,Fo,False,False
batch,run_0005,64.0,A;ABp;Mh_pro;P;Ta,5,7,0.14884167145725774,1.0,False,Fo,False,False
batch,run_0005,64.0,ABi;ABm;ABo;N,4,3,0.07879068567127924,1.0,False,Fo,False,False
batch,run_0005,64.0,IL1;IL12;M_NA;M_pro,4,9,0.15904350029373798,0.7777777777777778,False,Fo,False,False
batch,run_0005,64.0,Fi;Fo;tau,3,3,0.11657619707955963,0.6666666666666666,True,Fo,False,False
batch,run_0005,64.0,G,1,0,0.0,,False,Fo,False,False
batch,run_0005,65.0,I10;IL4;M_anti;Mh_anti;Tb,5,12,0.1560245776943955,0.9166666666666666,False,Fo,False,False
batch,run_0005,65.0,A;ABp;Mh_pro;P;Ta,5,7,0.15240985959237174,1.0,False,Fo,False,False
batch,run_0005,65.0,ABi;ABm;ABo;N,4,3,0.07734609998419158,1.0,False,Fo,False,False
batch,run_0005,65.0,IL1;IL12;M_NA;M_pro,4,9,0.15922803889325865,0.7777777777777778,False,Fo,False,False
batch,run_0005,65.0,Fi;Fo;tau,3,3,0.1158945870309492,0.6666666666666666,True,Fo,False,False
batch,run_0005,65.0,G,1,0,0.0,,False,Fo,False,False
batch,run_0005,66.0,I10;IL4;M_anti;Mh_anti;Tb,5,12,0.15491412940543836,0.9166666666666666,False,Fo,False,False
batch,run_0005,66.0,A;ABp;Mh_pro;P;Ta,5,7,0.15586590369564757,1.0,False,Fo,False,False
batch,run_0005,66.0,ABi;ABm;ABo;N,4,3,0.07597506002651999,1.0,False,Fo,False,False
batch,run_0005,66.0,IL1;IL12;M_NA;M_pro,4,9,0.15943398387023525,0.7777777777777778,False,Fo,False,False
batch,run_0005,66.0,Fi;Fo;tau,3,3,0.11528082924668774,0.6666666666666666,True,Fo,False,False
batch,run_0005,66.0,G,1,0,0.0,,False,Fo,False,False
batch,run_0005,67.0,I10;IL4;M_anti;Mh_anti;Tb,5,12,0.15378961486439605,0.9166666666666666,False,Fo,False,False
batch,run_0005,67.0,A;ABp;Mh_pro;P;Ta,5,7,0.15921398527268044,1.0,False,Fo,False,False
batch,run_0005,67.0,ABi;ABm;ABo;N,4,3,0.07467126002984975,1.0,False,Fo,False,False
batch,run_0005,67.0,IL1;IL12;M_NA;M_pro,4,9,0.1596626428490602,0.7777777777777778,False,Fo,False,False
batch,run_0005,67.0,Fi;Fo;tau,3,3,0.11473148472278154,0.6666666666666666,True,Fo,False,False
batch,run_0005,67.0,G,1,0,0.0,,False,Fo,False,False
batch,run_0005,68.0,I10;IL4;M_anti;Mh_anti;Tb,5,12,0.1526516568837065,0.9166666666666666,False,Fo,False,False
batch,run_0005,68.0,A;ABp;Mh_pro;P;Ta,5,7,0.16245867920382853,1.0,False,Fo,False,False
batch,run_0005,68.0,ABi;ABm;ABo;N,4,3,0.07342907081702575,1.0,False,Fo,False,False
batch,run_0005,68.0,IL1;IL12;M_NA;M_pro,4,9,0.15991458570144756,0.7777777777777778,False,Fo,False,False
batch,run_0005,68.0,Fi;Fo;tau,3,3,0.11424311367812522,0.6666666666666666,True,Fo,False,False
batch,run_0005,68.0,G,1,0,0.0,,False,Fo,False,False
batch,run_0005,69.0,I10;IL4;M_anti;Mh_anti;Tb,5,12,0.15150092880110835,0.9166666666666666,False,Fo,False,False
batch,run_0005,69.0,A;ABp;Mh_pro;P;Ta,5,7,0.16560482513895755,1.0,False,Fo,False,False
batch,run_0005,69.0,ABi;ABm;ABo;N,4,3,0.07224345109556905,1.0,False,Fo,False,False
batch,run_0005,69.0,IL1;IL12;M_NA;M_pro,4,9,0.16018979149029253,0.7777777777777778,False,Fo,False,False
batch,run_0005,69.0,Fi;Fo;tau,3,3,0.11381232975997008,0.6666666666666666,True,Fo,False,False
batch,run_0005,69.0,G,1,0,0.0,,False,Fo,False,False
batch,run_0005,70.0,I10;IL4;M_anti;Mh_anti;Tb,5,12,0.15033815366147454,0.9166666666666666,False,Fo,False,False
batch,run_0005,70.0,A;ABp;Mh_pro;P;Ta,5,7,0.16865741965354647,1.0,False,Fo,False,False
batch,run_0005,70.0,ABi;ABm;ABo;N,4,3,0.07110987241684914,1.0,False,Fo,False,False
batch,run_0005,70.0,IL1;IL12;M_NA;M_pro,4,9,0.1604877753846786,0.7777777777777778,False,Fo,False,False
batch,run_0005,70.0,Fi;Fo;tau,3,3,0.11343583800352414,0.6666666666666666,True,Fo,False,False
batch,run_0005,70.0,G,1,0,0.0,,False,Fo,False,False
batch,run_0005,71.0,I10;IL4;M_anti;Mh_anti;Tb,5,12,0.14916409769864664,0.9166666666666666,False,Fo,False,False
batch,run_0005,71.0,A;ABp;Mh_pro;P;Ta,5,7,0.17162153498373106,1.0,False,Fo,False,False
batch,run_0005,71.0,ABi;ABm;ABo;N,4,3,0.07002425823833691,1.0,False,Fo,False,False
batch,run_0005,71.0,IL1;IL12;M_NA;M_pro,4,9,0.16080769200036693,0.7777777777777778,False,Fo,False,False
batch,run_0005,71.0,Fi;Fo;tau,3,3,0.11311045896153861,0.6666666666666666,True,Fo,False,False
batch,run_0005,71.0,G,1,0,0.0,,False,Fo,False,False
batch,run_0005,72.0,I10;IL4;M_anti;Mh_anti;Tb,5,12,0.14797956638267057,0.9166666666666666,False,Fo,False,False
batch,run_0005,72.0,A;ABp;Mh_pro;P;Ta,5,7,0.17450224409985268,1.0,False,Fo,False,False
batch,run_0005,72.0,ABi;ABm;ABo;N,4,3,0.06898292921834875,1.0,False,Fo,False,False
batch,run_0005,72.0,IL1;IL12;M_NA;M_pro,4,9,0.1611484176500386,0.7777777777777778,False,Fo,False,False
batch,run_0005,72.0,Fi;Fo;tau,3,3,0.1128331525537174,0.6666666666666666,True,Fo,False,False
batch,run_0005,72.0,G,1,0,0.0,,False,Fo,False,False
batch,run_0005,73.0,I10;IL4;M_anti;Mh_anti;Tb,5,12,0.14678539525342538,0.9166666666666666,False,Fo,False,False
batch,run_0005,73.0,A;ABp;Mh_pro;P;Ta,5,7,0.177304563161572,1.0,False,Fo,False,False
batch,run_0005,73.0,ABi;ABm;ABo;N,4,3,0.06798255712836761,1.0,False,Fo,False,False
batch,run_0005,73.0,IL1;IL12;M_NA;M_pro,4,9,0.16150862124714627,0.7777777777777778,False,Fo,False,False
batch,run_0005,73.0,Fi;Fo;tau,3,3,0.11260102970261043,0.6666666666666666,True,Fo,False,False
batch,run_0005,73.0,G,1,0,0.0,,False,Fo,False,False
batch,run_0005,74.0,I10;IL4;M_anti;Mh_anti;Tb,5,12,0.1427494375138919,0.9166666666666666,False,Fo,False,False
batch,run_0005,74.0,A;ABp;Mh_pro;P;Ta,5,7,0.1765299863150883,1.0,False,Fo,False,False
batch,run_0005,74.0,Fi;Fo;G;tau,4,4,0.12968361258527614,0.75,True,Fo,False,False
batch,run_0005,74.0,ABi;ABm;ABo;N,4,3,0.06571592650469929,1.0,False,Fo,False,False
batch,run_0005,74.0,IL1;IL12;M_NA;M_pro,4,9,0.1587365402594931,0.7777777777777778,False,Fo,False,False
batch,run_0005,75.0,I10;IL4;M_anti;Mh_anti;Tb,5,12,0.1415322797284467,0.9166666666666666,False,Fo,False,False
batch,run_0005,75.0,A;ABp;Mh_pro;P;Ta,5,7,0.17910057464984658,1.0,False,Fo,False,False
batch,run_0005,75.0,Fi;Fo;G;tau,4,4,0.12971363844023379,0.75,True,Fo,False,False
batch,run_0005,75.0,ABi;ABm;ABo;N,4,3,0.06479312991573585,1.0,False,Fo,False,False
batch,run_0005,75.0,IL1;IL12;M_NA;M_pro,4,9,0.1590899277607137,0.7777777777777778,False,Fo,False,False
batch,run_0005,76.0,I10;IL4;M_anti;Mh_anti;Tb,5,12,0.1402789904607899,0.9166666666666666,False,Fo,False,False
batch,run_0005,76.0,A;ABp;Mh_pro;P;Ta,5,7,0.18156875328127844,1.0,False,Fo,False,False
batch,run_0005,76.0,Fi;Fo;G;tau,4,4,0.12994100290745308,0.75,True,Fo,False,False
batch,run_0005,76.0,ABi;ABm;ABo;N,4,3,0.06388947843995019,1.0,False,Fo,False,False
batch,run_0005,76.0,IL1;IL12;M_NA;M_pro,4,9,0.15942387350119083,0.7777777777777778,False,Fo,False,False
batch,run_0005,77.0,I10;IL4;M_anti;Mh_anti;Tb,5,12,0.13898939930088464,0.9166666666666666,False,Fo,False,False
batch,run_0005,77.0,A;ABp;Mh_pro;P;Ta,5,7,0.1839349233750803,1.0,False,Fo,False,False
batch,run_0005,77.0,Fi;Fo;G;tau,4,4,0.13036225154528017,0.75,True,Fo,False,False
batch,run_0005,77.0,ABi;ABm;ABo;N,4,3,0.06300259818344026,1.0,False,Fo,False,False
batch,run_0005,77.0,IL1;IL12;M_NA;M_pro,4,9,0.15973446958174842,0.7777777777777778,False,Fo,False,False
batch,run_0005,78.0,I10;IL4;M_anti;Mh_anti;Tb,5,12,0.1376650998682039,0.9166666666666666,False,Fo,False,False
batch,run_0005,78.0,A;ABp;Mh_pro;P;Ta,5,7,0.18620152268242535,1.0,False,Fo,False,False
batch,run_0005,78.0,Fi;Fo;G;tau,4,4,0.13096839864985071,0.75,True,Fo,False,False
batch,run_0005,78.0,ABi;ABm;ABo;N,4,3,0.06213100122094555,1.0,False,Fo,False,False
batch,run_0005,78.0,IL1;IL12;M_NA;M_pro,4,9,0.1600197778770498,0.7777777777777778,False,Fo,False,False
batch,run_0005,79.0,I10;IL4;M_anti;Mh_anti;Tb,5,12,0.13630880245933602,0.9166666666666666,False,Fo,False,False
batch,run_0005,79.0,A;ABp;Mh_pro;P;Ta,5,7,0.18837239032446013,1.0,False,Fo,False,False
batch,run_0005,79.0,Fi;Fo;G;tau,4,4,0.13174727031916292,0.75,True,Fo,False,False
batch,run_0005,79.0,ABi;ABm;ABo;N,4,3,0.061273763323250706,1.0,False,Fo,False,False
batch,run_0005,79.0,IL1;IL12;M_NA;M_pro,4,9,0.16027920085378958,0.7777777777777778,False,Fo,False,False
batch,run_0005,80.0,I10;IL4;M_anti;Mh_anti;Tb,5,12,0.13492373687919187,0.9166666666666666,False,Fo,False,False
batch,run_0005,80.0,A;ABp;Mh_pro;P;Ta,5,7,0.19045208605597355,1.0,False,Fo,False,False
batch,run_0005,80.0,Fi;Fo;G;tau,4,4,0.13268567947749768,0.75,True,Fo,False,False
batch,run_0005,80.0,ABi;ABm;ABo;N,4,3,0.060430251278464575,1.0,False,Fo,False,False
batch,run_0005,80.0,IL1;IL12;M_NA;M_pro,4,9,0.160512862678735,0.7777777777777778,False,Fo,False,False
batch,run_0006,30.0,I10;IL4;M_NA;M_anti,4,4,0.10358957321618104,0.5,False,P,False,False
batch,run_0006,30.0,ABm;N;Ta,3,2,0.3382149878775244,0.5,False,P,False,False
batch,run_0006,30.0,A;P,2,1,0.524628280113074,1.0,True,P,False,False
batch,run_0006,30.0,ABi,1,0,0.0,,False,P,False,False
batch,run_0006,30.0,ABo,1,0,0.0,,False,P,False,False
batch,run_0006,30.0,ABp,1,0,0.0,,False,P,False,False
batch,run_0006,30.0,G,1,0,0.0,,False,P,False,False
batch,run_0006,30.0,tau,1,0,0.0,,False,P,False,False
batch,run_0006,30.0,Fi,1,0,0.0,,False,P,False,False
batch,run_0006,30.0,Fo,1,0,0.0,,False,P,False,False
batch,run_0006,30.0,M_pro,1,0,0.0,,False,P,False,False
batch,run_0006,30.0,Mh_pro,1,0,0.0,,False,P,False,False
batch,run_0006,30.0,Mh_anti,1,0,0.0,,False,P,False,False
batch,run_0006,30.0,Tb,1,0,0.0,,False,P,False,False
batch,run_0006,30.0,IL1,1,0,0.0,,False,P,False,False
batch,run_0006,30.0,IL12,1,0,0.0,,False,P,False,False
batch,run_0006,31.0,ABi;I10;IL1;IL12;IL4;M_NA;M_anti;M_pro;Mh_pro;Ta;Tb,11,36,0.19386519520470252,0.6111111111111112,False,P,False,False
batch,run_0006,31.0,ABm;ABo;ABp;N,4,3,0.24071503383812212,1.0,False,P,False,False
batch,run_0006,31.0,Fi;Fo;tau,3,3,0.022943428530931405,0.6666666666666666,False,P,False,False
batch,run_0006,31.0,A;Mh_anti;P,3,2,0.38751805402928446,1.0,True,P,False,False
batch,run_0006,31.0,G,1,0,0.0,,False,P,False,False
batch,run_0006,32.0,I10;IL1;IL12;IL4;M_NA;M_anti;M_pro;Mh_pro;Ta;Tb,10,36,0.2371768013847488,0.6388888888888888,True,Mh_pro,False,False
batch,run_0006,32.0,ABi;ABm;ABo;ABp;N,5,4,0.22231972861131397,1.0,False,Mh_pro,False,False
batch,run_0006,32.0,Fi;Fo;tau,3,3,0.05600118079654092,0.6666666666666666,False,Mh_pro,False,False
batch,run_0006,32.0,A;Mh_anti;P,3,2,0.29788717922147145,1.0,False,Mh_pro,False,False
batch,run_0006,32.0,G,1,0,0.0,,False,Mh_pro,False,False
batch,run_0006,33.0,IL1;IL12;IL4;M_NA;M_anti;M_pro;Tb,7,22,0.059694468071618254,0.6818181818181818,False,Mh_pro,False,False
batch,run_0006,33.0,ABi;ABm;ABo;ABp;N,5,4,0.21468507855829733,1.0,False,Mh_pro,False,False
batch,run_0006,33.0,Fi;Fo;tau,3,3,0.08124510894764232,0.6666666666666666,False,Mh_pro,False,False
batch,run_0006,33.0,I10;Mh_pro;Ta,3,3,0.1556739227617948,0.6666666666666666,True,Mh_pro,False,False
batch,run_0006,33.0,A;Mh_anti;P,3,2,0.23365716113990387,1.0,False,Mh_pro,False,False
batch,run_0006,33.0,G,1,0,0.0,,False,Mh_pro,False,False
batch,run_0006,34.0,IL1;IL12;IL4;M_NA;M_anti;M_pro;Tb,7,23,0.08995437016577942,0.6956521739130435,False,Mh_pro,False,False
batch,run_0006,34.0,A;I10;Mh_anti;Mh_pro;P;Ta,6,13,0.44804056746541443,0.8461538461538461,True,Mh_pro,False,False
batch,run_0006,34.0,ABi;ABm;ABo;ABp;N,5,4,0.20877216379980984,1.0,False,Mh_pro,False,False
batch,run_0006,34.0,Fi;Fo;tau,3,3,0.09823658484128048,0.6666666666666666,False,Mh_pro,False,False
batch,run_0006,34.0,G,1,0,0.0,,False,Mh_pro,False,False
batch,run_0006,35.0,IL1;IL12;IL4;M_NA;M_anti;M_pro;Tb,7,23,0.121055982967959,0.6956521739130435,False,Mh_pro,False,False
batch,run_0006,35.0,A;I10;Mh_anti;Mh_pro;P;Ta,6,13,0.37608297578714744,0.7692307692307693,True,Mh_pro,False,False
batch,run_0006,35.0,ABi;Fi;Fo;tau,4,4,0.11025108858705462,0.5,False,Mh_pro,False,False
batch,run_0006,35.0,ABm;ABo;ABp;N,4,3,0.20265440287429426,1.0,False,Mh_pro,False,False
batch,run_0006,35.0,G,1,0,0.0,,False,Mh_pro,False,False
batch,run_0006,36.0,IL1;IL12;IL4;M_NA;M_anti;M_pro;Tb,7,23,0.15015603859722357,0.6956521739130435,True,M_pro,False,False
batch,run_0006,36.0,A;I10;Mh_anti;Mh_pro;P;Ta,6,13,0.31694164570189653,0.7692307692307693,False,M_pro,False,False
batch,run_0006,36.0,ABi;Fi;Fo;tau,4,4,0.11944742109497948,0.5,False,M_pro,False,False
batch,run_0006,36.0,ABm;ABo;ABp;N,4,3,0.19679988505922147,1.0,False,M_pro,False,False
batch,run_0006,36.0,G,1,0,0.0,,False,M_pro,False,False
batch,run_0006,37.0,IL1;IL12;IL4;M_NA;M_anti;M_pro;Tb,7,23,0.1759892081214134,0.6956521739130435,True,M_pro,False,False
batch,run_0006,37.0,A;I10;Mh_anti;Mh_pro;P;Ta,6,13,0.27001734906694635,0.7692307692307693,False,M_pro,False,False
batch,run_0006,37.0,ABi;Fi;Fo;tau,4,4,0.1272764211408795,0.5,False,M_pro,False,False
batch,run_0006,37.0,ABm;ABo;ABp;N,4,3,0.19105501633045568,1.0,False,M_pro,False,False
batch,run_0006,37.0,G,1,0,0.0,,False,M_pro,False,False
batch,run_0006,38.0,I10;IL1;IL12;M_pro;Mh_pro;Ta,6,14,0.23848341667415784,0.7142857142857143,True,M_pro,False,False
batch,run_0006,38.0,ABi;Fi;Fo;tau,4,4,0.13421908648278053,0.5,False,M_pro,False,False
batch,run_0006,38.0,ABm;ABo;ABp;N,4,3,0.1854028629445872,1.0,False,M_pro,False,False
batch,run_0006,38.0,IL4;M_NA;M_anti;Tb,4,7,0.07151554083323909,0.8571428571428571,False,M_pro,False,False
batch,run_0006,38.0,A;Mh_anti;P,3,2,0.09699276747418187,1.0,False,M_pro,False,False
batch,run_0006,38.0,G,1,0,0.0,,False,M_pro,False,False
batch,run_0006,39.0,I10;IL1;IL12;IL4;M_NA;M_anti;M_pro;Tb,8,32,0.28576422977319943,0.625,True,M_pro,False,False
batch,run_0006,39.0,A;Mh_anti;Mh_pro;P;Ta,5,10,0.165703436333339,0.8,False,M_pro,False,False
batch,run_0006,39.0,ABi;Fi;Fo;tau,4,4,0.1403854165121288,0.5,False,M_pro,False,False
batch,run_0006,39.0,ABm;ABo;ABp;N,4,3,0.17985760152504984,1.0,False,M_pro,False,False
batch,run_0006,39.0,G,1,0,0.0,,False,M_pro,False,False
batch,run_0006,40.0,I10;IL4;M_NA;M_anti;Tb,5,12,0.12886921258783404,0.75,False,M_pro,False,False
batch,run_0006,40.0,ABi;Fi;Fo;tau,4,4,0.14578061961624442,0.5,False,M_pro,False,False
batch,run_0006,40.0,ABm;ABo;ABp;N,4,3,0.17448954734032818,1.0,False,M_pro,False,False
batch,run_0006,40.0,IL1;IL12;M_pro;Ta,4,7,0.14782703456354065,1.0,True,M_pro,False,False
batch,run_0006,40.0,A;Mh_anti;Mh_pro;P,4,6,0.11015075637842221,0.8333333333333334,False,M_pro,False,False
batch,run_0006,40.0,G,1,0,0.0,,False,M_pro,False,False
batch,run_0006,41.0,I10;IL4;M_NA;M_anti;Tb,5,12,0.14160007399773974,0.75,False,M_pro,False,False
batch,run_0006,41.0,ABi;Fi;Fo;tau,4,4,0.1504006677009858,0.5,False,M_pro,False,False
batch,run_0006,41.0,ABm;ABo;ABp;N,4,3,0.16937675426266086,1.0,False,M_pro,False,False
batch,run_0006,41.0,IL1;IL12;M_pro;Ta,4,7,0.15332974543066114,1.0,True,M_pro,False,False
batch,run_0006,41.0,A;Mh_anti;Mh_pro;P,4,6,0.10098074304404597,1.0,False,M_pro,False,False
batch,run_0006,41.0,G,1,0,0.0,,False,M_pro,False,False
batch,run_0006,42.0,I10;IL4;M_NA;M_anti;Tb,5,12,0.15346820835780417,0.75,False,M_pro,False,False
batch,run_0006,42.0,ABi;Fi;Fo;tau,4,4,0.1542633744924766,0.5,False,M_pro,False,False
batch,run_0006,42.0,ABm;ABo;ABp;N,4,3,0.1645790300492784,1.0,False,M_pro,False,False
batch,run_0006,42.0,IL1;IL12;M_pro;Ta,4,7,0.15686600258942981,1.0,True,M_pro,False,False
batch,run_0006,42.0,A;Mh_anti;Mh_pro;P,4,6,0.09439581284716164,1.0,False,M_pro,False,False
batch,run_0006,42.0,G,1,0,0.0,,False,M_pro,False,False
batch,run_0006,43.0,I10;IL4;M_NA;M_anti;Tb,5,12,0.16447387773068306,0.75,False,M_pro,False,False
batch,run_0006,43.0,ABi;Fi;Fo;tau,4,4,0.15740746271410616,0.5,False,M_pro,False,False
batch,run_0006,43.0,ABm;ABo;ABp;N,4,3,0.1601260410098577,1.0,False,M_pro,False,False
batch,run_0006,43.0,IL1;IL12;M_pro;Ta,4,7,0.15878225622018174,1.0,True,M_pro,False,False
batch,run_0006,43.0,A;Mh_anti;Mh_pro;P,4,6,0.08989845635825536,1.0,False,M_pro,False,False
batch,run_0006,43.0,G,1,0,0.0,,False,M_pro,False,False
batch,run_0006,44.0,I10;IL4;M_NA;M_anti;Tb,5,12,0.17464467368638828,0.75,False,M_pro,False,False
batch,run_0006,44.0,A;ABp;Mh_anti;Mh_pro;P,5,8,0.1016255927605775,0.875,False,M_pro,False,False
batch,run_0006,44.0,ABi;Fi;Fo;tau,4,4,0.1598857998105755,0.5,False,M_pro,False,False
batch,run_0006,44.0,IL1;IL12;M_pro;Ta,4,7,0.15936121175473367,1.0,True,M_pro,False,False
batch,run_0006,44.0,ABm;ABo;N,3,2,0.14034427564689328,1.0,False,M_pro,False,False
batch,run_0006,44.0,G,1,0,0.0,,False,M_pro,False,False
batch,run_0006,45.0,I10;IL4;M_NA;M_anti;Tb,5,12,0.1840212493670594,0.75,False,M_pro,False,False
batch,run_0006,45.0,A;ABp;Mh_anti;Mh_pro;P,5,8,0.10190812205430645,0.875,False,M_pro,False,False
batch,run_0006,45.0,ABi;Fi;Fo;tau,4,4,0.16176275876558624,0.5,False,M_pro,False,False
batch,run_0006,45.0,IL1;IL12;M_pro;Ta,4,7,0.1588362400792786,1.0,True,M_pro,False,False
batch,run_0006,45.0,ABm;ABo;N,3,2,0.13639538176137442,1.0,False,M_pro,False,False
batch,run_0006,45.0,G,1,0,0.0,,False,M_pro,False,False
batch,run_0006,46.0,I10;IL4;M_NA;M_anti;Tb,5,12,0.19264950365030178,0.75,False,M_pro,False,False
batch,run_0006,46.0,A;ABp;Mh_anti;Mh_pro;P,5,8,0.10336394002855222,0.875,False,M_pro,False,False
batch,run_0006,46.0,ABi;Fi;Fo;tau,4,4,0.16310913124760268,0.5,False,M_pro,False,False
batch,run_0006,46.0,IL1;IL12;M_pro;Ta,4,7,0.15740198890456478,1.0,True,M_pro,False,False
batch,run_0006,46.0,ABm;ABo;N,3,2,0.1328276465345244,1.0,False,M_pro,False,False
batch,run_0006,46.0,G,1,0,0.0,,False,M_pro,False,False
batch,run_0006,47.0,I10;IL4;M_NA;M_anti;Tb,5,12,0.20057680229691305,0.75,False,M_pro,False,False
batch,run_0006,47.0,A;ABp;Mh_anti;Mh_pro;P,5,8,0.10579197521250887,0.875,False,M_pro,False,False
batch,run_0006,47.0,ABi;Fi;Fo;tau,4,4,0.16399747723144284,0.5,False,M_pro,False,False
batch,run_0006,47.0,IL1;IL12;M_pro;Ta,4,7,0.15522256644443128,1.0,True,M_pro,False,False
batch,run_0006,47.0,ABm;ABo;N,3,2,0.12960218610445035,1.0,False,M_pro,False,False
batch,run_0006,47.0,G,1,0,0.0,,False,M_pro,False,False
batch,run_0006,48.0,I10;IL4;M_NA;M_anti;Tb,5,12,0.2078501118637742,0.75,False,M_pro,False,False
batch,run_0006,48.0,A;ABp;Mh_anti;Mh_pro;P,5,8,0.10902375510431742,0.875,False,M_pro,False,False
batch,run_0006,48.0,ABi;Fi;Fo;tau,4,4,0.1644983907314757,0.5,False,M_pro,False,False
batch,run_0006,48.0,IL1;IL12;M_pro;Ta,4,7,0.15243769360030177,1.0,True,M_pro,False,False
batch,run_0006,48.0,ABm;ABo;N,3,2,0.12668157653631654,1.0,False,M_pro,False,False
batch,run_0006,48.0,G,1,0,0.0,,False,M_pro,False,False
batch,run_0006,49.0,I10;IL4;M_NA;M_anti;Tb,5,12,0.21451536687163084,0.75,False,Fo,False,False
batch,run_0006,49.0,A;ABp;Mh_anti;Mh_pro;P,5,8,0.11291582537325329,0.875,False,Fo,False,False
batch,run_0006,49.0,ABi;ABm;ABo;N,4,3,0.1245392384681238,1.0,False,Fo,False,False
batch,run_0006,49.0,IL1;IL12;M_pro;Ta,4,7,0.14916705713422396,1.0,False,Fo,False,False
batch,run_0006,49.0,Fi;Fo;tau,3,3,0.16417053725591768,0.6666666666666666,True,Fo,False,False
batch,run_0006,49.0,G,1,0,0.0,,False,Fo,False,False
batch,run_0006,50.0,I10;IL4;M_NA;M_anti;Tb,5,12,0.220617187664179,0.75,False,Fo,False,False
batch,run_0006,50.0,A;ABp;Mh_anti;Mh_pro;P,5,8,0.11734447490221614,0.875,False,Fo,False,False
batch,run_0006,50.0,ABi;ABm;ABo;N,4,3,0.12212629796427359,1.0,False,Fo,False,False
batch,run_0006,50.0,IL1;IL12;M_pro;Ta,4,7,0.14551357859292846,1.0,False,Fo,False,False
batch,run_0006,50.0,Fi;Fo;tau,3,3,0.1640899225164215,0.6666666666666666,True,Fo,False,False
batch,run_0006,50.0,G,1,0,0.0,,False,Fo,False,False
batch,run_0006,51.0,I10;IL4;M_NA;M_anti;Tb,5,12,0.22619872262155052,0.75,False,Fo,False,False
batch,run_0006,51.0,A;ABp;Mh_anti;Mh_pro;P,5,8,0.12220207353456648,0.875,False,Fo,False,False
batch,run_0006,51.0,ABi;ABm;ABo;N,4,3,0.1199234661428384,1.0,False,Fo,False,False
batch,run_0006,51.0,IL1;IL12;M_pro;Ta,4,7,0.14156588772979253,1.0,False,Fo,False,False
batch,run_0006,51.0,Fi;Fo;tau,3,3,0.16380123746619524,0.6666666666666666,True,Fo,False,False
batch,run_0006,51.0,G,1,0,0.0,,False,Fo,False,False
batch,run_0006,52.0,I10;IL4;M_NA;M_anti;Tb,5,12,0.23130156561576576,0.75,False,Fo,False,False
batch,run_0006,52.0,A;ABp;Mh_anti;Mh_pro;P,5,8,0.12739445270297864,0.875,False,Fo,False,False
batch,run_0006,52.0,ABi;ABm;ABo;N,4,3,0.11790607095462306,1.0,False,Fo,False,False
batch,run_0006,52.0,IL1;IL12;M_pro;Ta,4,7,0.13740030392173988,1.0,False,Fo,False,False
batch,run_0006,52.0,Fi;Fo;tau,3,3,0.16335026857113985,0.6666666666666666,True,Fo,False,False
batch,run_0006,52.0,G,1,0,0.0,,False,Fo,False,False
batch,run_0006,53.0,I10;IL4;M_NA;M_anti;Tb,5,12,0.2359656753570746,0.75,False,Fo,False,False
batch,run_0006,53.0,IL1;IL12;M_pro;Mh_pro;Ta,5,9,0.15102920680134768,1.0,False,Fo,False,False
batch,run_0006,53.0,ABi;ABm;ABo;N,4,3,0.11605241393978499,1.0,False,Fo,False,False
batch,run_0006,53.0,A;ABp;Mh_anti;P,4,4,0.116781042191431,0.75,False,Fo,False,False
batch,run_0006,53.0,Fi;Fo;tau,3,3,0.16277605189414077,0.6666666666666666,True,Fo,False,False
batch,run_0006,53.0,G,1,0,0.0,,False,Fo,False,False
batch,run_0006,54.0,I10;IL4;M_NA;M_anti;Tb,5,12,0.24022925649780125,0.75,False,Fo,False,False
batch,run_0006,54.0,IL1;IL12;M_pro;Mh_pro;Ta,5,9,0.14654419323576512,1.0,False,Fo,False,False
batch,run_0006,54.0,ABi;ABm;ABo;N,4,3,0.1143435059497641,1.0,False,Fo,False,False
batch,run_0006,54.0,A;ABp;Mh_anti;P,4,4,0.12250704706677752,0.75,False,Fo,False,False
batch,run_0006,54.0,Fi;Fo;tau,3,3,0.1621113831944064,0.6666666666666666,True,Fo,False,False
batch,run_0006,54.0,G,1,0,0.0,,False,Fo,False,False
batch,run_0006,55.0,I10;IL4;M_NA;M_anti;Tb,5,12,0.2441286324733431,0.75,False,Fo,False,False
batch,run_0006,55.0,IL1;IL12;M_pro;Mh_pro;Ta,5,9,0.14203901239558692,1.0,False,Fo,False,False
batch,run_0006,55.0,ABi;ABm;ABo;N,4,3,0.112762786258873,1.0,False,Fo,False,False
batch,run_0006,55.0,A;ABp;Mh_anti;P,4,4,0.1283303132020484,0.75,False,Fo,False,False
batch,run_0006,55.0,Fi;Fo;tau,3,3,0.16138346243054102,0.6666666666666666,True,Fo,False,False
batch,run_0006,55.0,G,1,0,0.0,,False,Fo,False,False
batch,run_0006,56.0,I10;IL4;M_NA;M_anti;Tb,5,12,0.24769814513504082,0.75,False,Fo,False,False
batch,run_0006,56.0,IL1;IL12;M_pro;Mh_pro;Ta,5,9,0.13754301433279864,1.0,False,Fo,False,False
batch,run_0006,56.0,ABi;ABm;ABo;N,4,3,0.11129581638696108,1.0,False,Fo,False,False
batch,run_0006,56.0,A;ABp;Mh_anti;P,4,4,0.1342056370055225,0.75,False,Fo,False,False
batch,run_0006,56.0,Fi;Fo;tau,3,3,0.16061456675786817,0.6666666666666666,True,Fo,False,False
batch,run_0006,56.0,G,1,0,0.0,,False,Fo,False,False
batch,run_0006,57.0,I10;IL4;M_NA;M_anti;Tb,5,12,0.25097006173115916,0.75,False,Fo,False,False
batch,run_0006,57.0,IL1;IL12;M_pro;Mh_pro;Ta,5,9,0.13308079989306162,1.0,False,Fo,False,False
batch,run_0006,57.0,ABi;ABm;ABo;N,4,3,0.10993002077387842,1.0,False,Fo,False,False
batch,run_0006,57.0,A;ABp;Mh_anti;P,4,4,0.140093396694066,0.75,False,Fo,False,False
batch,run_0006,57.0,Fi;Fo;tau,3,3,0.15982272317368773,0.6666666666666666,True,Fo,False,False
batch,run_0006,57.0,G,1,0,0.0,,False,Fo,False,False
batch,run_0006,58.0,I10;IL4;M_NA;M_anti;Tb,5,12,0.25397450326543175,0.75,False,Fo,False,False
batch,run_0006,58.0,IL1;IL12;M_pro;Mh_pro;Ta,5,9,0.12867277617140796,1.0,False,Fo,False,False
batch,run_0006,58.0,ABi;ABm;ABo;N,4,3,0.10865445926250089,1.0,False,Fo,False,False
batch,run_0006,58.0,A;ABp;Mh_anti;P,4,4,0.14595915290844402,0.75,False,Fo,False,False
batch,run_0006,58.0,Fi;Fo;tau,3,3,0.15902234466713114,0.6666666666666666,True,Fo,False,False
batch,run_0006,58.0,G,1,0,0.0,,False,Fo,False,False
batch,run_0006,59.0,I10;IL4;M_NA;M_anti;Tb,5,12,0.2567393958595435,0.75,False,Fo,False,False
batch,run_0006,59.0,IL1;IL12;M_pro;Mh_pro;Ta,5,9,0.12433565620445446,1.0,False,Fo,False,False
batch,run_0006,59.0,ABi;ABm;ABo;N,4,3,0.10745961939573534,1.0,False,Fo,False,False
batch,run_0006,59.0,A;ABp;Mh_anti;P,4,4,0.15177326809261205,0.75,False,Fo,False,False
batch,run_0006,59.0,Fi;Fo;tau,3,3,0.15822481435670582,0.6666666666666666,True,Fo,False,False
batch,run_0006,59.0,G,1,0,0.0,,False,Fo,False,False
batch,run_0006,60.0,I10;IL4;M_NA;M_anti;Tb,5,12,0.2592904528714833,0.75,False,Fo,False,False
batch,run_0006,60.0,IL1;IL12;M_pro;Mh_pro;Ta,5,9,0.12008291942182178,1.0,False,Fo,False,False
batch,run_0006,60.0,ABi;ABm;ABo;N,4,3,0.1063372236772266,1.0,False,Fo,False,False
batch,run_0006,60.0,A;ABp;Mh_anti;P,4,4,0.15751052739614574,0.75,False,Fo,False,False
batch,run_0006,60.0,Fi;Fo;tau,3,3,0.15743900346962988,0.6666666666666666,True,Fo,False,False
batch,run_0006,60.0,G,1,0,0.0,,False,Fo,False,False
batch,run_0006,61.0,I10;IL4;M_NA;M_anti;Tb,5,12,0.2616512011961354,0.75,False,Fo,False,False
batch,run_0006,61.0,IL1;IL12;M_pro;Mh_pro;Ta,5,9,0.11592523412818917,1.0,False,Fo,False,False
batch,run_0006,61.0,ABi;ABm;ABo;N,4,3,0.10528005624202472,1.0,False,Fo,False,False
batch,run_0006,61.0,A;ABp;Mh_anti;P,4,4,0.16314975993030473,0.75,False,Fo,False,False
batch,run_0006,61.0,Fi;Fo;tau,3,3,0.1566717117237226,0.6666666666666666,True,Fo,False,False
batch,run_0006,61.0,G,1,0,0.0,,False,Fo,False,False
batch,run_0006,62.0,I10;IL4;M_NA;M_anti;Tb,5,12,0.263843031814344,0.75,False,Fo,False,False
batch,run_0006,62.0,IL1;IL12;M_pro;Mh_pro;Ta,5,9,0.1118708328029404,1.0,False,Fo,False,False
batch,run_0006,62.0,ABi;ABm;ABo;N,4,3,0.10428181828809302,1.0,False,Fo,False,False
batch,run_0006,62.0,A;ABp;Mh_anti;P,4,4,0.16867347544996616,0.75,False,Fo,False,False
batch,run_0006,62.0,Fi;Fo;tau,3,3,0.15592804620483172,0.6666666666666666,True,Fo,False,False
batch,run_0006,62.0,G,1,0,0.0,,False,Fo,False,False
batch,run_0006,63.0,I10;IL4;M_NA;M_anti;Tb,5,12,0.26588526883625735,0.75,False,P,False,False
batch,run_0006,63.0,IL1;IL12;M_pro;Mh_pro;Ta,5,9,0.10792584480455272,1.0,False,P,False,False
batch,run_0006,63.0,ABi;ABm;ABo;N,4,3,0.10333700542753096,1.0,False,P,False,False
batch,run_0006,63.0,A;ABp;Mh_anti;P,4,4,0.17406751420526623,0.75,True,P,False,False
batch,run_0006,63.0,Fi;Fo;tau,3,3,0.15521174617761985,0.6666666666666666,False,P,False,False
batch,run_0006,63.0,G,1,0,0.0,,False,P,False,False
batch,run_0006,64.0,I10;IL4;M_NA;M_anti;Tb,5,12,0.2677952645438909,0.75,False,P,False,False
batch,run_0006,64.0,IL1;IL12;M_pro;Mh_pro;Ta,5,9,0.1040945928697258,1.0,False,P,False,False
batch,run_0006,64.0,ABi;ABm;ABo;N,4,3,0.10244079906178458,1.0,False,P,False,False
batch,run_0006,64.0,A;ABp;Mh_anti;P,4,4,0.17932070611855613,0.75,True,P,False,False
batch,run_0006,64.0,Fi;Fo;tau,3,3,0.15452545246411892,0.6666666666666666,False,P,False,False
batch,run_0006,64.0,G,1,0,0.0,,False,P,False,False
batch,run_0006,65.0,I10;IL4;M_NA;M_anti;Tb,5,12,0.2695884923541102,0.75,False,P,False,False
batch,run_0006,65.0,IL1;IL12;M_pro;Mh_pro;Ta,5,9,0.10037986653787359,1.0,False,P,False,False
batch,run_0006,65.0,ABi;ABm;ABo;N,4,3,0.10158897095342691,1.0,False,P,False,False
batch,run_0006,65.0,A;ABp;Mh_anti;P,4,4,0.18442453779933343,0.75,True,P,False,False
batch,run_0006,65.0,Fi;Fo;tau,3,3,0.15387093803271937,0.6666666666666666,False,P,False,False
batch,run_0006,65.0,G,1,0,0.0,,False,P,False,False
batch,run_0006,66.0,I10;IL4;M_NA;M_anti;Tb,5,12,0.27127866898975345,0.75,False,P,False,False
batch,run_0006,66.0,IL1;IL12;M_pro;Mh_pro;Ta,5,9,0.09678316117449288,1.0,False,P,False,False
batch,run_0006,66.0,ABi;ABm;ABo;N,4,3,0.10077780051596281,1.0,False,P,False,False
batch,run_0006,66.0,A;ABp;Mh_anti;P,4,4,0.1893728372016121,0.75,True,P,False,False
batch,run_0006,66.0,Fi;Fo;tau,3,3,0.153249289189448,0.6666666666666666,False,P,False,False
batch,run_0006,66.0,G,1,0,0.0,,False,P,False,False
batch,run_0006,67.0,I10;IL4;M_NA;M_anti;Tb,5,12,0.2728778846870592,0.75,False,P,False,False
batch,run_0006,67.0,IL1;IL12;M_pro;Mh_pro;Ta,5,9,0.09330488783663807,1.0,False,P,False,False
batch,run_0006,67.0,ABi;ABm;ABo;N,4,3,0.10000400456865083,1.0,False,P,False,False
batch,run_0006,67.0,A;ABp;Mh_anti;P,4,4,0.19416147906690762,0.75,True,P,False,False
batch,run_0006,67.0,Fi;Fo;tau,3,3,0.15266105264787616,0.6666666666666666,False,P,False,False
batch,run_0006,67.0,G,1,0,0.0,,False,P,False,False
batch,run_0006,68.0,I10;IL4;M_NA;M_anti;Tb,5,12,0.27439673435126966,0.75,False,P,False,False
batch,run_0006,68.0,IL1;IL12;M_pro;Mh_pro;Ta,5,9,0.08994455751691703,1.0,False,P,False,False
batch,run_0006,68.0,ABi;ABm;ABo;N,4,3,0.09926467749723018,1.0,False,P,False,False
batch,run_0006,68.0,A;ABp;Mh_anti;P,4,4,0.198788111786155,0.75,True,P,False,False
batch,run_0006,68.0,Fi;Fo;tau,3,3,0.15210635575215298,0.6666666666666666,False,P,False,False
batch,run_0006,68.0,G,1,0,0.0,,False,P,False,False
batch,run_0006,69.0,I10;IL4;M_NA;M_anti;Tb,5,12,0.27584444664820224,0.75,False,P,False,False
batch,run_0006,69.0,IL1;IL12;M_pro;Mh_pro;Ta,5,9,0.08670094202217356,1.0,False,P,False,False
batch,run_0006,69.0,ABi;ABm;ABo;N,4,3,0.09855724024842673,1.0,False,P,False,False
batch,run_0006,69.0,A;ABp;Mh_anti;P,4,4,0.20325190642416913,0.75,True,P,False,False
batch,run_0006,69.0,Fi;Fo;tau,3,3,0.151585004781667,0.6666666666666666,False,P,False,False
batch,run_0006,69.0,G,1,0,0.0,,False,P,False,False
batch,run_0006,70.0,I10;IL4;M_NA;M_anti;Tb,5,12,0.2772290062302476,0.75,False,P,False,False
batch,run_0006,70.0,IL1;IL12;M_pro;Mh_pro;Ta,5,9,0.08357221803316717,1.0,False,P,False,False
batch,run_0006,70.0,ABi;ABm;ABo;N,4,3,0.09787939550566929,1.0,False,P,False,False
batch,run_0006,70.0,A;ABp;Mh_anti;P,4,4,0.2075533235969004,0.75,True,P,False,False
batch,run_0006,70.0,Fi;Fo;tau,3,3,0.15109656549856884,0.6666666666666666,False,P,False,False
batch,run_0006,70.0,G,1,0,0.0,,False,P,False,False
batch,run_0006,71.0,I10;IL4;M_NA;M_anti;Tb,5,12,0.27855728103128813,0.75,False,P,False,False
batch,run_0006,71.0,IL1;IL12;M_pro;Mh_pro;Ta,5,9,0.08055608308767621,1.0,False,P,False,False
batch,run_0006,71.0,ABi;ABm;ABo;N,4,3,0.0972290910777761,1.0,False,P,False,False
batch,run_0006,71.0,A;ABp;Mh_anti;P,4,4,0.2116939110455854,0.75,True,P,False,False
batch,run_0006,71.0,Fi;Fo;tau,3,3,0.15064042475976047,0.6666666666666666,False,P,False,False
batch,run_0006,71.0,G,1,0,0.0,,False,P,False,False
batch,run_0006,72.0,I10;IL4;M_NA;M_anti;Tb,5,12,0.27983512896073104,0.75,False,P,False,False
batch,run_0006,72.0,IL1;IL12;M_pro;Mh_pro;Ta,5,9,0.07764987586312956,1.0,False,P,False,False
batch,run_0006,72.0,ABi;ABm;ABo;N,4,3,0.09660448343002893,1.0,False,P,False,False
batch,run_0006,72.0,A;ABp;Mh_anti;P,4,4,0.21567610022934783,0.75,True,P,False,False
batch,run_0006,72.0,Fi;Fo;tau,3,3,0.15021584267242566,0.6666666666666666,False,P,False,False
batch,run_0006,72.0,G,1,0,0.0,,False,P,False,False
batch,run_0006,73.0,I10;IL4;M_NA;M_anti;Tb,5,12,0.2810675201346236,0.75,False,P,False,False
batch,run_0006,73.0,IL1;IL12;M_pro;Mh_pro;Ta,5,9,0.07485065657927512,1.0,False,P,False,False
batch,run_0006,73.0,ABi;ABm;ABo;N,4,3,0.0960039116725538,1.0,False,P,False,False
batch,run_0006,73.0,A;ABp;Mh_anti;P,4,4,0.21950304890494451,0.75,True,P,False,False
batch,run_0006,73.0,Fi;Fo;tau,3,3,0.1498219870468551,0.6666666666666666,False,P,False,False
batch,run_0006,73.0,G,1,0,0.0,,False,P,False,False
batch,run_0006,74.0,I10;IL4;M_NA;M_anti;Tb,5,12,0.2747790863078173,0.75,False,P,False,False
batch,run_0006,74.0,IL1;IL12;M_pro;Mh_pro;Ta,5,9,0.07024326249940929,1.0,False,P,False,False
batch,run_0006,74.0,Fi;Fo;G;tau,4,4,0.1719963853940177,0.75,False,P,False,False
batch,run_0006,74.0,ABi;ABm;ABo;N,4,3,0.09289718914503822,1.0,False,P,False,False
batch,run_0006,74.0,A;ABp;Mh_anti;P,4,4,0.21726449025858752,0.75,True,P,False,False
batch,run_0006,75.0,I10;IL4;M_NA;M_anti;Tb,5,12,0.2757978413091394,0.75,False,P,False,False
batch,run_0006,75.0,IL1;IL12;M_pro;Mh_pro;Ta,5,9,0.06769169668449015,1.0,False,P,False,False
batch,run_0006,75.0,Fi;Fo;G;tau,4,4,0.17198038243124492,0.75,False,P,False,False
batch,run_0006,75.0,ABi;ABm;ABo;N,4,3,0.09232032776075276,1.0,False,P,False,False
batch,run_0006,75.0,A;ABp;Mh_anti;P,4,4,0.2206158963457859,0.75,True,P,False,False
batch,run_0006,76.0,I10;IL4;M_NA;M_anti;Tb,5,12,0.2767055517180231,0.75,False,P,False,False
batch,run_0006,76.0,IL1;IL12;M_pro;Mh_pro;Ta,5,9,0.06521861171375345,1.0,False,P,False,False
batch,run_0006,76.0,Fi;Fo;G;tau,4,4,0.17221179541696688,0.75,False,P,False,False
batch,run_0006,76.0,ABi;ABm;ABo;N,4,3,0.09173828381384821,1.0,False,P,False,False
batch,run_0006,76.0,A;ABp;Mh_anti;P,4,4,0.2237641056411289,0.75,True,P,False,False
batch,run_0006,77.0,I10;IL4;M_NA;M_anti;Tb,5,12,0.277500331969547,0.75,False,P,False,False
batch,run_0006,77.0,IL1;IL12;M_pro;Mh_pro;Ta,5,9,0.06282176473832296,1.0,False,P,False,False
batch,run_0006,77.0,Fi;Fo;G;tau,4,4,0.1726948198145789,0.75,False,P,False,False
batch,run_0006,77.0,ABi;ABm;ABo;N,4,3,0.09114942470589088,1.0,False,P,False,False
batch,run_0006,77.0,A;ABp;Mh_anti;P,4,4,0.22670849734846607,0.75,True,P,False,False
batch,run_0006,78.0,I10;IL4;M_NA;M_anti;Tb,5,12,0.27818384280459024,0.75,False,P,False,False
batch,run_0006,78.0,IL1;IL12;M_pro;Mh_pro;Ta,5,9,0.06049975016146994,1.0,False,P,False,False
batch,run_0006,78.0,Fi;Fo;G;tau,4,4,0.17342344815050076,0.75,False,P,False,False
batch,run_0006,78.0,ABi;ABm;ABo;N,4,3,0.0905533770817772,1.0,False,P,False,False
batch,run_0006,78.0,A;ABp;Mh_anti;P,4,4,0.22945188368150116,0.75,True,P,False,False
batch,run_0006,79.0,I10;IL4;M_NA;M_anti;Tb,5,12,0.27876024694576607,0.75,False,P,False,False
batch,run_0006,79.0,IL1;IL12;M_pro;Mh_pro;Ta,5,9,0.05825162050627709,1.0,False,P,False,False
batch,run_0006,79.0,Fi;Fo;G;tau,4,4,0.1743847475862621,0.75,False,P,False,False
batch,run_0006,79.0,ABi;ABm;ABo;N,4,3,0.08995060179181086,1.0,False,P,False,False
batch,run_0006,79.0,A;ABp;Mh_anti;P,4,4,0.23199971799723018,0.75,True,P,False,False
batch,run_0006,80.0,I10;IL4;M_NA;M_anti;Tb,5,12,0.2792350186403268,0.75,False,P,False,False
batch,run_0006,80.0,IL1;IL12;M_pro;Mh_pro;Ta,5,9,0.05607655398767282,1.0,False,P,False,False
batch,run_0006,80.0,Fi;Fo;G;tau,4,4,0.17556242822708668,0.75,False,P,False,False
batch,run_0006,80.0,ABi;ABm;ABo;N,4,3,0.0893419644805193,1.0,False,P,False,False
batch,run_0006,80.0,A;ABp;Mh_anti;P,4,4,0.2343590923168039,0.75,True,P,False,False
batch,run_0007,30.0,I10;IL4;M_NA;M_anti,4,4,0.11766788894873804,0.5,False,ABm,False,False
batch,run_0007,30.0,A;P;Ta,3,2,0.3079893728852715,1.0,False,ABm,False,False
batch,run_0007,30.0,ABm;N,2,1,0.5374342781460748,1.0,True,ABm,False,False
batch,run_0007,30.0,ABi,1,0,0.0,,False,ABm,False,False
batch,run_0007,30.0,ABo,1,0,0.0,,False,ABm,False,False
batch,run_0007,30.0,ABp,1,0,0.0,,False,ABm,False,False
batch,run_0007,30.0,G,1,0,0.0,,False,ABm,False,False
batch,run_0007,30.0,tau,1,0,0.0,,False,ABm,False,False
batch,run_0007,30.0,Fi,1,0,0.0,,False,ABm,False,False
batch,run_0007,30.0,Fo,1,0,0.0,,False,ABm,False,False
batch,run_0007,30.0,M_pro,1,0,0.0,,False,ABm,False,False
batch,run_0007,30.0,Mh_pro,1,0,0.0,,False,ABm,False,False
batch,run_0007,30.0,Mh_anti,1,0,0.0,,False,ABm,False,False
batch,run_0007,30.0,Tb,1,0,0.0,,False,ABm,False,False
batch,run_0007,30.0,IL1,1,0,0.0,,False,ABm,False,False
batch,run_0007,30.0,IL12,1,0,0.0,,False,ABm,False,False
batch,run_0007,31.0,I10;IL1;IL12;IL4;M_NA;M_anti;M_pro;Tb,8,27,0.08309622058619451,0.6296296296296297,False,ABm,False,False
batch,run_0007,31.0,A;ABi;Mh_anti;Mh_pro;P;Ta,6,11,0.3397320572202137,0.8181818181818182,False,ABm,False,False
batch,run_0007,31.0,ABm;ABo;ABp;N,4,3,0.464860504069992,1.0,True,ABm,False,False
batch,run_0007,31.0,Fi;Fo;tau,3,3,0.040276674867933175,0.6666666666666666,False,ABm,False,False
batch,run_0007,31.0,G,1,0,0.0,,False,ABm,False,False
batch,run_0007,32.0,I10;IL1;IL12;IL4;M_NA;M_anti;M_pro;Tb,8,29,0.08959927368910887,0.6551724137931034,False,ABm,False,False
batch,run_0007,32.0,A;ABi;Mh_anti;Mh_pro;P;Ta,6,11,0.292795093120257,0.8181818181818182,False,ABm,False,False
batch,run_0007,32.0,ABm;ABo;ABp;N,4,3,0.4105249759563481,1.0,True,ABm,False,False
batch,run_0007,32.0,Fi;Fo;tau,3,3,0.09435662392102025,0.6666666666666666,False,ABm,False,False
batch,run_0007,32.0,G,1,0,0.0,,False,ABm,False,False
batch,run_0007,33.0,I10;IL1;IL12;IL4;M_NA;M_anti;M_pro;Mh_pro;Ta;Tb,10,38,0.1965848624265988,0.6052631578947368,False,ABm,False,False
batch,run_0007,33.0,ABi;ABm;ABo;ABp;N,5,4,0.36496618022400074,1.0,True,ABm,False,False
batch,run_0007,33.0,Fi;Fo;tau,3,3,0.12643773518964732,0.6666666666666666,False,ABm,False,False
batch,run_0007,33.0,A;Mh_anti;P,3,2,0.15690005060241632,1.0,False,ABm,False,False
batch,run_0007,33.0,G,1,0,0.0,,False,ABm,False,False
batch,run_0007,34.0,I10;IL1;IL12;IL4;M_NA;M_anti;M_pro;Mh_pro;Ta;Tb,10,39,0.24243024269965188,0.6153846153846154,False,ABm,False,False
batch,run_0007,34.0,ABi;Fi;Fo;tau,4,4,0.14151908722448872,0.5,False,ABm,False,False
batch,run_0007,34.0,ABm;ABo;ABp;N,4,3,0.3266727332326996,1.0,True,ABm,False,False
batch,run_0007,34.0,A;Mh_anti;P,3,2,0.12123762879825258,1.0,False,ABm,False,False
batch,run_0007,34.0,G,1,0,0.0,,False,ABm,False,False
batch,run_0007,35.0,I10;IL1;IL12;IL4;M_NA;M_anti;M_pro;Mh_pro;Ta;Tb,10,39,0.2852242715224725,0.6153846153846154,False,ABm,False,False
batch,run_0007,35.0,ABi;Fi;Fo;tau,4,4,0.14789113081494182,0.5,False,ABm,False,False
batch,run_0007,35.0,ABm;ABo;ABp;N,4,3,0.29566973445724976,1.0,True,ABm,False,False
batch,run_0007,35.0,A;Mh_anti;P,3,2,0.09638431132395368,1.0,False,ABm,False,False
batch,run_0007,35.0,G,1,0,0.0,,False,ABm,False,False
batch,run_0007,36.0,I10;IL1;IL12;IL4;M_NA;M_anti;M_pro;Ta;Tb,9,35,0.29418665320710435,0.6285714285714286,False,ABo,False,False
batch,run_0007,36.0,ABi;Fi;Fo;tau,4,4,0.15044937135298042,0.5,False,ABo,False,False
batch,run_0007,36.0,ABm;ABo;ABp;N,4,3,0.26979735039590813,1.0,True,ABo,False,False
batch,run_0007,36.0,A;Mh_anti;Mh_pro;P,4,6,0.09685814383100266,0.8333333333333334,False,ABo,False,False
batch,run_0007,36.0,G,1,0,0.0,,False,ABo,False,False
batch,run_0007,37.0,I10;IL4;M_NA;M_anti;Tb,5,12,0.1489282702091891,0.75,False,ABo,False,False
batch,run_0007,37.0,ABi;Fi;Fo;tau,4,4,0.15131719140931416,0.5,False,ABo,False,False
batch,run_0007,37.0,ABm;ABo;ABp;N,4,3,0.24766619809858184,1.0,True,ABo,False,False
batch,run_0007,37.0,IL1;IL12;M_pro;Ta,4,7,0.10311538400039566,1.0,False,ABo,False,False
batch,run_0007,37.0,A;Mh_anti;Mh_pro;P,4,6,0.08242390520611026,0.8333333333333334,False,ABo,False,False
batch,run_0007,37.0,G,1,0,0.0,,False,ABo,False,False
batch,run_0007,38.0,I10;IL4;M_NA;M_anti;Tb,5,12,0.16332898478496974,0.75,False,M_pro,False,False
batch,run_0007,38.0,ABi;Fi;Fo;tau,4,4,0.15143800264321075,0.5,False,M_pro,False,False
batch,run_0007,38.0,ABm;ABo;ABp;N,4,3,0.22852656640115337,1.0,False,M_pro,False,False
batch,run_0007,38.0,IL1;IL12;M_pro;Ta,4,7,0.11665972608602014,1.0,True,M_pro,False,False
batch,run_0007,38.0,A;Mh_anti;Mh_pro;P,4,6,0.07236435736270605,0.8333333333333334,False,M_pro,False,False
batch,run_0007,38.0,G,1,0,0.0,,False,M_pro,False,False
batch,run_0007,39.0,I10;IL4;M_NA;M_anti;Tb,5,12,0.1746315750970658,0.75,False,M_pro,False,False
batch,run_0007,39.0,ABi;Fi;Fo;tau,4,4,0.1512137340577203,0.5,False,M_pro,False,False
batch,run_0007,39.0,ABm;ABo;ABp;N,4,3,0.21192352778915644,1.0,False,M_pro,False,False
batch,run_0007,39.0,IL1;IL12;M_pro;Ta,4,7,0.12890970566130944,1.0,True,M_pro,False,False
batch,run_0007,39.0,A;Mh_anti;Mh_pro;P,4,6,0.06558493279382627,1.0,False,M_pro,False,False
batch,run_0007,39.0,G,1,0,0.0,,False,M_pro,False,False
batch,run_0007,40.0,ABi;ABm;ABo;ABp;N,5,4,0.19811616891011286,1.0,False,M_pro,False,False
batch,run_0007,40.0,I10;IL4;M_NA;M_anti;Tb,5,12,0.18320133046343634,0.75,False,M_pro,False,False
batch,run_0007,40.0,IL1;IL12;M_pro;Ta,4,7,0.1398722338370123,1.0,True,M_pro,False,False
batch,run_0007,40.0,A;Mh_anti;Mh_pro;P,4,6,0.06128627586554958,1.0,False,M_pro,False,False
batch,run_0007,40.0,Fi;Fo;tau,3,3,0.15029201848198176,0.6666666666666666,False,M_pro,False,False
batch,run_0007,40.0,G,1,0,0.0,,False,M_pro,False,False
batch,run_0007,41.0,ABi;ABm;ABo;ABp;N,5,4,0.18555280063819796,1.0,False,M_pro,False,False
batch,run_0007,41.0,I10;IL4;M_NA;M_anti;Tb,5,12,0.18946929081477637,0.75,False,M_pro,False,False
batch,run_0007,41.0,IL1;IL12;M_pro;Ta,4,7,0.14953635067856993,1.0,True,M_pro,False,False
batch,run_0007,41.0,A;Mh_anti;Mh_pro;P,4,6,0.05890524455485365,1.0,False,M_pro,False,False
batch,run_0007,41.0,Fi;Fo;tau,3,3,0.14966017501454487,0.6666666666666666,False,M_pro,False,False
batch,run_0007,41.0,G,1,0,0.0,,False,M_pro,False,False
batch,run_0007,42.0,ABi;ABm;ABo;ABp;N,5,4,0.17454044628797002,1.0,False,M_pro,False,False
batch,run_0007,42.0,I10;IL4;M_NA;M_anti;Tb,5,12,0.1938450036529865,0.75,False,M_pro,False,False
batch,run_0007,42.0,IL1;IL12;M_pro;Ta,4,7,0.157919154494344,1.0,True,M_pro,False,False
batch,run_0007,42.0,A;Mh_anti;Mh_pro;P,4,6,0.058027254573172544,1.0,False,M_pro,False,False
batch,run_0007,42.0,Fi;Fo;tau,3,3,0.14882581861125682,0.6666666666666666,False,M_pro,False,False
batch,run_0007,42.0,G,1,0,0.0,,False,M_pro,False,False
batch,run_0007,43.0,I10;IL4;M_NA;M_anti;Tb,5,12,0.19668945734869056,0.75,False,M_pro,False,False
batch,run_0007,43.0,A;ABp;Mh_anti;Mh_pro;P,5,8,0.07167107792806127,0.875,False,M_pro,False,False
batch,run_0007,43.0,ABi;ABm;ABo;N,4,3,0.14910229242623402,1.0,False,M_pro,False,False
batch,run_0007,43.0,IL1;IL12;M_pro;Ta,4,7,0.16507499880691384,1.0,True,M_pro,False,False
batch,run_0007,43.0,Fi;Fo;tau,3,3,0.14777635088722957,0.6666666666666666,False,M_pro,False,False
batch,run_0007,43.0,G,1,0,0.0,,False,M_pro,False,False
batch,run_0007,44.0,I10;IL4;M_NA;M_anti;Tb,5,12,0.19831038691402317,0.75,False,M_pro,False,False
batch,run_0007,44.0,A;ABp;Mh_anti;Mh_pro;P,5,8,0.07413662550608469,0.875,False,M_pro,False,False
batch,run_0007,44.0,ABi;ABm;ABo;N,4,3,0.1407057093203003,1.0,False,M_pro,False,False
batch,run_0007,44.0,IL1;IL12;M_pro;Ta,4,7,0.171088197775944,1.0,True,M_pro,False,False
batch,run_0007,44.0,Fi;Fo;tau,3,3,0.14651605073234145,0.6666666666666666,False,M_pro,False,False
batch,run_0007,44.0,G,1,0,0.0,,False,M_pro,False,False
batch,run_0007,45.0,I10;IL4;M_NA;M_anti;Tb,5,12,0.19896507330976212,0.75,False,M_pro,False,False
batch,run_0007,45.0,A;ABp;Mh_anti;Mh_pro;P,5,8,0.07725897986349863,0.875,False,M_pro,False,False
batch,run_0007,45.0,ABi;ABm;ABo;N,4,3,0.13332643960276938,1.0,False,M_pro,False,False
batch,run_0007,45.0,IL1;IL12;M_pro;Ta,4,7,0.17606168481072726,1.0,True,M_pro,False,False
batch,run_0007,45.0,Fi;Fo;tau,3,3,0.1450646732418381,0.6666666666666666,False,M_pro,False,False
batch,run_0007,45.0,G,1,0,0.0,,False,M_pro,False,False
batch,run_0007,46.0,I10;IL4;M_NA;M_anti;Tb,5,12,0.19886605688673417,0.75,False,M_pro,False,False
batch,run_0007,46.0,A;ABp;Mh_anti;Mh_pro;P,5,8,0.08086983710262638,0.875,False,M_pro,False,False
batch,run_0007,46.0,ABi;ABm;ABo;N,4,3,0.12681307519910565,1.0,False,M_pro,False,False
batch,run_0007,46.0,IL1;IL12;M_pro;Ta,4,7,0.18010662645123826,1.0,True,M_pro,False,False
batch,run_0007,46.0,Fi;Fo;tau,3,3,0.14345237296889332,0.6666666666666666,False,M_pro,False,False
batch,run_0007,46.0,G,1,0,0.0,,False,M_pro,False,False
batch,run_0007,47.0,I10;IL4;M_NA;M_anti;Tb,5,12,0.1981874750136671,0.75,False,M_pro,False,False
batch,run_0007,47.0,A;ABp;Mh_anti;Mh_pro;P,5,8,0.08483124192965877,0.875,False,M_pro,False,False
batch,run_0007,47.0,ABi;ABm;ABo;N,4,3,0.1210396186598881,1.0,False,M_pro,False,False
batch,run_0007,47.0,IL1;IL12;M_pro;Ta,4,7,0.18333481211195032,1.0,True,M_pro,False,False
batch,run_0007,47.0,Fi;Fo;tau,3,3,0.14171446698259052,0.6666666666666666,False,M_pro,False,False
batch,run_0007,47.0,G,1,0,0.0,,False,M_pro,False,False
batch,run_0007,48.0,I10;IL4;M_NA;M_anti;Tb,5,12,0.19707111833113336,0.75,False,M_pro,False,False
batch,run_0007,48.0,A;ABp;Mh_anti;Mh_pro;P,5,8,0.0890294065723385,0.875,False,M_pro,False,False
batch,run_0007,48.0,ABi;ABm;ABo;N,4,3,0.11590065526182639,1.0,False,M_pro,False,False
batch,run_0007,48.0,IL1;IL12;M_pro;Ta,4,7,0.18585348727898832,1.0,True,M_pro,False,False
batch,run_0007,48.0,Fi;Fo;tau,3,3,0.13988732770172232,0.6666666666666666,False,M_pro,False,False
batch,run_0007,48.0,G,1,0,0.0,,False,M_pro,False,False
batch,run_0007,49.0,I10;IL4;M_NA;M_anti;Tb,5,12,0.19563197197159674,0.75,False,M_pro,False,False
batch,run_0007,49.0,A;ABp;Mh_anti;Mh_pro;P,5,8,0.09337030662258206,0.875,False,M_pro,False,False
batch,run_0007,49.0,ABi;ABm;ABo;N,4,3,0.11130761165975737,1.0,False,M_pro,False,False
batch,run_0007,49.0,IL1;IL12;M_pro;Ta,4,7,0.18776229050768656,1.0,True,M_pro,False,False
batch,run_0007,49.0,Fi;Fo;tau,3,3,0.13800559463197182,0.6666666666666666,False,M_pro,False,False
batch,run_0007,49.0,G,1,0,0.0,,False,M_pro,False,False
batch,run_0007,50.0,I10;IL4;M_NA;M_anti;Tb,5,12,0.19396290837455193,0.75,False,M_pro,False,False
batch,run_0007,50.0,A;ABp;Mh_anti;Mh_pro;P,5,8,0.09777647674456111,0.875,False,M_pro,False,False
batch,run_0007,50.0,ABi;ABm;ABo;N,4,3,0.10718584933936967,1.0,False,M_pro,False,False
batch,run_0007,50.0,IL1;IL12;M_pro;Ta,4,7,0.18915173080869044,1.0,True,M_pro,False,False
batch,run_0007,50.0,Fi;Fo;tau,3,3,0.13610049541913485,0.6666666666666666,False,M_pro,False,False
batch,run_0007,50.0,G,1,0,0.0,,False,M_pro,False,False
batch,run_0007,51.0,I10;IL4;M_NA;M_anti;Tb,5,12,0.19213861571194146,0.75,False,M_pro,False,False
batch,run_0007,51.0,A;ABp;Mh_anti;Mh_pro;P,5,8,0.10218458258609499,0.875,False,M_pro,False,False
batch,run_0007,51.0,ABi;ABm;ABo;N,4,3,0.10347232538562057,1.0,False,M_pro,False,False
batch,run_0007,51.0,IL1;IL12;M_pro;Ta,4,7,0.190102639478669,1.0,True,M_pro,False,False
batch,run_0007,51.0,Fi;Fo;tau,3,3,0.13419902034555875,0.6666666666666666,False,M_pro,False,False
batch,run_0007,51.0,G,1,0,0.0,,False,M_pro,False,False
batch,run_0007,52.0,I10;IL4;M_NA;M_anti;Tb,5,12,0.19021885879647843,0.75,False,M_pro,False,False
batch,run_0007,52.0,A;ABp;Mh_anti;Mh_pro;P,5,8,0.1065434931209913,0.875,False,M_pro,False,False
batch,run_0007,52.0,ABi;ABm;ABo;N,4,3,0.10011367320502781,1.0,False,M_pro,False,False
batch,run_0007,52.0,IL1;IL12;M_pro;Ta,4,7,0.19068626128463378,1.0,True,M_pro,False,False
batch,run_0007,52.0,Fi;Fo;tau,3,3,0.13232368214704118,0.6666666666666666,False,M_pro,False,False
batch,run_0007,52.0,G,1,0,0.0,,False,M_pro,False,False
batch,run_0007,53.0,I10;IL4;M_NA;M_anti;Tb,5,12,0.18825122738206532,0.75,False,M_pro,False,False
batch,run_0007,53.0,A;ABp;Mh_anti;Mh_pro;P,5,8,0.11081264902533973,0.875,False,M_pro,False,False
batch,run_0007,53.0,ABi;ABm;ABo;N,4,3,0.09706458448652425,1.0,False,M_pro,False,False
batch,run_0007,53.0,IL1;IL12;M_pro;Ta,4,7,0.19096476761841746,1.0,True,M_pro,False,False
batch,run_0007,53.0,Fi;Fo;tau,3,3,0.13049263984872075,0.6666666666666666,False,M_pro,False,False
batch,run_0007,53.0,G,1,0,0.0,,False,M_pro,False,False
batch,run_0007,54.0,I10;IL4;M_NA;M_anti;Tb,5,12,0.1862732970602284,0.75,False,M_pro,False,False
batch,run_0007,54.0,A;ABp;Mh_anti;Mh_pro;P,5,8,0.11496068242047862,0.875,False,M_pro,False,False
batch,run_0007,54.0,ABi;ABm;ABo;N,4,3,0.09428650606690005,1.0,False,M_pro,False,False
batch,run_0007,54.0,IL1;IL12;M_pro;Ta,4,7,0.19099193466897751,1.0,True,M_pro,False,False
batch,run_0007,54.0,Fi;Fo;tau,3,3,0.12872003235338977,0.6666666666666666,False,M_pro,False,False
batch,run_0007,54.0,G,1,0,0.0,,False,M_pro,False,False
batch,run_0007,55.0,I10;IL4;M_NA;M_anti;Tb,5,12,0.18431440938796648,0.75,False,M_pro,False,False
batch,run_0007,55.0,A;ABp;Mh_anti;Mh_pro;P,5,8,0.11896418216649564,0.875,False,M_pro,False,False
batch,run_0007,55.0,ABi;ABm;ABo;N,4,3,0.09174654836488616,1.0,False,M_pro,False,False
batch,run_0007,55.0,IL1;IL12;M_pro;Ta,4,7,0.1908139123237273,1.0,True,M_pro,False,False
batch,run_0007,55.0,Fi;Fo;tau,3,3,0.12701642731795715,0.6666666666666666,False,M_pro,False,False
batch,run_0007,55.0,G,1,0,0.0,,False,M_pro,False,False
batch,run_0007,56.0,I10;IL4;M_NA;M_anti;Tb,5,12,0.18239713255686488,0.75,False,M_pro,False,False
batch,run_0007,56.0,A;ABp;Mh_anti;Mh_pro;P,5,8,0.12280657218121271,0.875,False,M_pro,False,False
batch,run_0007,56.0,ABi;ABm;ABo;N,4,3,0.08941657686660287,1.0,False,M_pro,False,False
batch,run_0007,56.0,IL1;IL12;M_pro;Ta,4,7,0.19047001529012433,1.0,True,M_pro,False,False
batch,run_0007,56.0,Fi;Fo;tau,3,3,0.1253893144995396,0.6666666666666666,False,M_pro,False,False
batch,run_0007,56.0,G,1,0,0.0,,False,M_pro,False,False
batch,run_0007,57.0,I10;IL4;M_NA;M_anti;Tb,5,12,0.18053849902248528,0.75,False,M_pro,False,False
batch,run_0007,57.0,A;ABp;Mh_anti;Mh_pro;P,5,8,0.1264770589464944,0.875,False,M_pro,False,False
batch,run_0007,57.0,ABi;ABm;ABo;N,4,3,0.08727243183667967,1.0,False,M_pro,False,False
batch,run_0007,57.0,IL1;IL12;M_pro;Ta,4,7,0.18999353746823844,1.0,True,M_pro,False,False
batch,run_0007,57.0,Fi;Fo;tau,3,3,0.12384358597461531,0.6666666666666666,False,M_pro,False,False
batch,run_0007,57.0,G,1,0,0.0,,False,M_pro,False,False
batch,run_0007,58.0,I10;IL4;M_NA;M_anti;Tb,5,12,0.17875101624701092,0.75,False,M_pro,False,False
batch,run_0007,58.0,A;ABp;Mh_anti;Mh_pro;P,5,8,0.12996967868966916,0.875,False,M_pro,False,False
batch,run_0007,58.0,ABi;ABm;ABo;N,4,3,0.0852932898377303,1.0,False,M_pro,False,False
batch,run_0007,58.0,IL1;IL12;M_pro;Ta,4,7,0.18941250489074973,1.0,True,M_pro,False,False
batch,run_0007,58.0,Fi;Fo;tau,3,3,0.12238198543136757,0.6666666666666666,False,M_pro,False,False
batch,run_0007,58.0,G,1,0,0.0,,False,M_pro,False,False
batch,run_0007,59.0,I10;IL4;M_NA;M_anti;Tb,5,12,0.17704348797370675,0.75,False,M_pro,False,False
batch,run_0007,59.0,A;ABp;Mh_anti;Mh_pro;P,5,8,0.13328244637735637,0.875,False,M_pro,False,False
batch,run_0007,59.0,ABi;ABm;ABo;N,4,3,0.08346114682473492,1.0,False,M_pro,False,False
batch,run_0007,59.0,IL1;IL12;M_pro;Ta,4,7,0.18875034969303223,1.0,True,M_pro,False,False
batch,run_0007,59.0,Fi;Fo;tau,3,3,0.1210055181081855,0.6666666666666666,False,M_pro,False,False
batch,run_0007,59.0,G,1,0,0.0,,False,M_pro,False,False
batch,run_0007,60.0,I10;IL4;M_NA;M_anti;Tb,5,12,0.17542170415647487,0.75,False,M_pro,False,False
batch,run_0007,60.0,A;ABp;Mh_anti;Mh_pro;P,5,8,0.13641658671362047,0.875,False,M_pro,False,False
batch,run_0007,60.0,ABi;ABm;ABo;N,4,3,0.081760381239624,1.0,False,M_pro,False,False
batch,run_0007,60.0,IL1;IL12;M_pro;Ta,4,7,0.1880265382828236,1.0,True,M_pro,False,False
batch,run_0007,60.0,Fi;Fo;tau,3,3,0.11971380938218448,0.6666666666666666,False,M_pro,False,False
batch,run_0007,60.0,G,1,0,0.0,,False,M_pro,False,False
batch,run_0007,61.0,I10;IL4;M_NA;M_anti;Tb,5,12,0.17388901489727165,0.75,False,M_pro,False,False
batch,run_0007,61.0,A;ABp;Mh_anti;Mh_pro;P,5,8,0.13937585960172308,0.875,False,M_pro,False,False
batch,run_0007,61.0,ABi;ABm;ABo;N,4,3,0.08017739760466633,1.0,False,M_pro,False,False
batch,run_0007,61.0,IL1;IL12;M_pro;Ta,4,7,0.18725711044989718,1.0,True,M_pro,False,False
batch,run_0007,61.0,Fi;Fo;tau,3,3,0.11850542729178135,0.6666666666666666,False,M_pro,False,False
batch,run_0007,61.0,G,1,0,0.0,,False,M_pro,False,False
batch,run_0007,62.0,I10;IL4;M_NA;M_anti;Tb,5,12,0.17244682381136284,0.75,False,M_pro,False,False
batch,run_0007,62.0,A;ABp;Mh_anti;Mh_pro;P,5,8,0.1421659552214646,0.875,False,M_pro,False,False
batch,run_0007,62.0,ABi;ABm;ABo;N,4,3,0.07870031746281171,1.0,False,M_pro,False,False
batch,run_0007,62.0,IL1;IL12;M_pro;Ta,4,7,0.1864551966639351,1.0,True,M_pro,False,False
batch,run_0007,62.0,Fi;Fo;tau,3,3,0.11737814087968262,0.6666666666666666,False,M_pro,False,False
batch,run_0007,62.0,G,1,0,0.0,,False,M_pro,False,False
batch,run_0007,63.0,I10;IL4;M_NA;M_anti;Tb,5,12,0.17109499784291018,0.75,False,M_pro,False,False
batch,run_0007,63.0,A;ABp;Mh_anti;Mh_pro;P,5,8,0.14479397801379862,0.875,False,M_pro,False,False
batch,run_0007,63.0,ABi;ABm;ABo;N,4,3,0.0773187234189218,1.0,False,M_pro,False,False
batch,run_0007,63.0,IL1;IL12;M_pro;Ta,4,7,0.1856314663336433,1.0,True,M_pro,False,False
batch,run_0007,63.0,Fi;Fo;tau,3,3,0.11632913604861965,0.6666666666666666,False,M_pro,False,False
batch,run_0007,63.0,G,1,0,0.0,,False,M_pro,False,False
batch,run_0007,64.0,I10;IL4;M_NA;M_anti;Tb,5,12,0.1698322049881791,0.75,False,M_pro,False,False
batch,run_0007,64.0,A;ABp;Mh_anti;Mh_pro;P,5,8,0.14726801526888383,0.875,False,M_pro,False,False
batch,run_0007,64.0,ABi;ABm;ABo;N,4,3,0.07602344966346589,1.0,False,M_pro,False,False
batch,run_0007,64.0,IL1;IL12;M_pro;Ta,4,7,0.18479451129019944,1.0,True,M_pro,False,False
batch,run_0007,64.0,Fi;Fo;tau,3,3,0.11535519431084877,0.6666666666666666,False,M_pro,False,False
batch,run_0007,64.0,G,1,0,0.0,,False,M_pro,False,False
batch,run_0007,65.0,I10;IL4;M_NA;M_anti;Tb,5,12,0.16865619377044896,0.75,False,M_pro,False,False
batch,run_0007,65.0,A;ABp;Mh_anti;Mh_pro;P,5,8,0.14959677995511392,0.875,False,M_pro,False,False
batch,run_0007,65.0,ABi;ABm;ABo;N,4,3,0.07480640782524821,1.0,False,M_pro,False,False
batch,run_0007,65.0,IL1;IL12;M_pro;Ta,4,7,0.18395117552637555,1.0,True,M_pro,False,False
batch,run_0007,65.0,Fi;Fo;tau,3,3,0.1144528393063336,0.6666666666666666,False,M_pro,False,False
batch,run_0007,65.0,G,1,0,0.0,,False,M_pro,False,False
batch,run_0007,66.0,I10;IL4;M_NA;M_anti;Tb,5,12,0.16756402540314305,0.75,False,M_pro,False,False
batch,run_0007,66.0,A;ABp;Mh_anti;Mh_pro;P,5,8,0.15178931820929123,0.875,False,M_pro,False,False
batch,run_0007,66.0,ABi;ABm;ABo;N,4,3,0.07366043975982652,1.0,False,M_pro,False,False
batch,run_0007,66.0,IL1;IL12;M_pro;Ta,4,7,0.18310684159995674,1.0,True,M_pro,False,False
batch,run_0007,66.0,Fi;Fo;tau,3,3,0.11361845351042658,0.6666666666666666,False,M_pro,False,False
batch,run_0007,66.0,G,1,0,0.0,,False,M_pro,False,False
batch,run_0007,67.0,I10;IL4;M_NA;M_anti;Tb,5,12,0.16655226568328052,0.75,False,M_pro,False,False
batch,run_0007,67.0,A;ABp;Mh_anti;Mh_pro;P,5,8,0.1538547747775,0.875,False,M_pro,False,False
batch,run_0007,67.0,ABi;ABm;ABo;N,4,3,0.07257919214735216,1.0,False,M_pro,False,False
batch,run_0007,67.0,IL1;IL12;M_pro;Ta,4,7,0.18226568009483646,1.0,True,M_pro,False,False
batch,run_0007,67.0,Fi;Fo;tau,3,3,0.1128483677925492,0.6666666666666666,False,M_pro,False,False
batch,run_0007,67.0,G,1,0,0.0,,False,M_pro,False,False
batch,run_0007,68.0,I10;IL4;M_NA;M_anti;Tb,5,12,0.16561714607639197,0.75,False,M_pro,False,False
batch,run_0007,68.0,A;ABp;Mh_anti;Mh_pro;P,5,8,0.15580220417474022,0.875,False,M_pro,False,False
batch,run_0007,68.0,ABi;ABm;ABo;N,4,3,0.0715570097936217,1.0,False,M_pro,False,False
batch,run_0007,68.0,IL1;IL12;M_pro;Ta,4,7,0.18143085757062996,1.0,True,M_pro,False,False
batch,run_0007,68.0,Fi;Fo;tau,3,3,0.11213893591000192,0.6666666666666666,False,M_pro,False,False
batch,run_0007,68.0,G,1,0,0.0,,False,M_pro,False,False
batch,run_0007,69.0,I10;IL4;M_NA;M_anti;Tb,5,12,0.16475469409262458,0.75,False,M_pro,False,False
batch,run_0007,69.0,A;ABp;Mh_anti;Mh_pro;P,5,8,0.15764042764370542,0.875,False,M_pro,False,False
batch,run_0007,69.0,ABi;ABm;ABo;N,4,3,0.07058884426290848,1.0,False,M_pro,False,False
batch,run_0007,69.0,IL1;IL12;M_pro;Ta,4,7,0.18060472040228395,1.0,True,M_pro,False,False
batch,run_0007,69.0,Fi;Fo;tau,3,3,0.11148658534784896,0.6666666666666666,False,M_pro,False,False
batch,run_0007,69.0,G,1,0,0.0,,False,M_pro,False,False
batch,run_0007,70.0,I10;IL4;M_NA;M_anti;Tb,5,12,0.16396083239178827,0.75,False,M_pro,False,False
batch,run_0007,70.0,A;ABp;Mh_anti;Mh_pro;P,5,8,0.1593779361627001,0.875,False,M_pro,False,False
batch,run_0007,70.0,ABi;ABm;ABo;N,4,3,0.06967017814845276,1.0,False,M_pro,False,False
batch,run_0007,70.0,IL1;IL12;M_pro;Ta,4,7,0.1797889495535674,1.0,True,M_pro,False,False
batch,run_0007,70.0,Fi;Fo;tau,3,3,0.11088784859030852,0.6666666666666666,False,M_pro,False,False
batch,run_0007,70.0,G,1,0,0.0,,False,M_pro,False,False
batch,run_0007,71.0,I10;IL4;M_NA;M_anti;Tb,5,12,0.16323146147433126,0.75,False,M_pro,False,False
batch,run_0007,71.0,A;ABp;Mh_anti;Mh_pro;P,5,8,0.16102281616913547,0.875,False,M_pro,False,False
batch,run_0007,71.0,ABi;ABm;ABo;N,4,3,0.06879695997311762,1.0,False,M_pro,False,False
batch,run_0007,71.0,IL1;IL12;M_pro;Ta,4,7,0.17898468454907304,1.0,True,M_pro,False,False
batch,run_0007,71.0,Fi;Fo;tau,3,3,0.11033939337549448,0.6666666666666666,False,M_pro,False,False
batch,run_0007,71.0,G,1,0,0.0,,False,M_pro,False,False
batch,run_0007,72.0,I10;IL4;M_NA;M_anti;Mh_anti;Tb,6,16,0.2086839723149157,0.8125,False,M_pro,False,False
batch,run_0007,72.0,ABi;ABm;ABo;N,4,3,0.06796554789001416,1.0,False,M_pro,False,False
batch,run_0007,72.0,IL1;IL12;M_pro;Ta,4,7,0.1781926301876004,1.0,True,M_pro,False,False
batch,run_0007,72.0,A;ABp;Mh_pro;P,4,4,0.12222085807111797,1.0,False,M_pro,False,False
batch,run_0007,72.0,Fi;Fo;tau,3,3,0.10983804034757552,0.6666666666666666,False,M_pro,False,False
batch,run_0007,72.0,G,1,0,0.0,,False,M_pro,False,False
batch,run_0007,73.0,I10;IL4;M_NA;M_anti;Mh_anti;Tb,6,16,0.20872890439105515,0.8125,False,M_pro,False,False
batch,run_0007,73.0,ABi;ABm;ABo;N,4,3,0.06717266086990693,1.0,False,M_pro,False,False
batch,run_0007,73.0,IL1;IL12;M_pro;Ta,4,7,0.17741314593659593,1.0,True,M_pro,False,False
batch,run_0007,73.0,A;ABp;Mh_pro;P,4,4,0.12354994639821462,1.0,False,M_pro,False,False
batch,run_0007,73.0,Fi;Fo;tau,3,3,0.10938077508390537,0.6666666666666666,False,M_pro,False,False
batch,run_0007,73.0,G,1,0,0.0,,False,M_pro,False,False
batch,run_0007,74.0,I10;IL4;M_NA;M_anti;Mh_anti;Tb,6,16,0.20471976522870522,0.8125,False,M_pro,False,False
batch,run_0007,74.0,Fi;Fo;G;tau,4,4,0.12635972253429686,0.75,False,M_pro,False,False
batch,run_0007,74.0,ABi;ABm;ABo;N,4,3,0.06511875935455651,1.0,False,M_pro,False,False
batch,run_0007,74.0,IL1;IL12;M_pro;Ta,4,7,0.17319778519641396,1.0,True,M_pro,False,False
batch,run_0007,74.0,A;ABp;Mh_pro;P,4,4,0.12238210870841484,1.0,False,M_pro,False,False
batch,run_0007,75.0,I10;IL4;M_NA;M_anti;Mh_anti;Tb,6,16,0.20475837282710518,0.8125,False,M_pro,False,False
batch,run_0007,75.0,Fi;Fo;G;tau,4,4,0.12618391532156273,0.75,False,M_pro,False,False
batch,run_0007,75.0,ABi;ABm;ABo;N,4,3,0.06439383624964258,1.0,False,M_pro,False,False
batch,run_0007,75.0,IL1;IL12;M_pro;Ta,4,7,0.1724189012677296,1.0,True,M_pro,False,False
batch,run_0007,75.0,A;ABp;Mh_pro;P,4,4,0.12354336666606405,1.0,False,M_pro,False,False
batch,run_0007,76.0,I10;IL4;M_NA;M_anti;Mh_anti;Tb,6,16,0.20477206193502429,0.8125,False,M_pro,False,False
batch,run_0007,76.0,Fi;Fo;G;tau,4,4,0.12620726651220912,0.75,False,M_pro,False,False
batch,run_0007,76.0,ABi;ABm;ABo;N,4,3,0.06368609094468254,1.0,False,M_pro,False,False
batch,run_0007,76.0,IL1;IL12;M_pro;Ta,4,7,0.17161670217591687,1.0,True,M_pro,False,False
batch,run_0007,76.0,A;ABp;Mh_pro;P,4,4,0.12462750989790973,1.0,False,M_pro,False,False
batch,run_0007,77.0,I10;IL4;M_NA;M_anti;Mh_anti;Tb,6,16,0.20475728014713984,0.8125,False,M_pro,False,False
batch,run_0007,77.0,Fi;Fo;G;tau,4,4,0.12642568933804255,0.75,False,M_pro,False,False
batch,run_0007,77.0,ABi;ABm;ABo;N,4,3,0.06299334951994154,1.0,False,M_pro,False,False
batch,run_0007,77.0,IL1;IL12;M_pro;Ta,4,7,0.17078978913809822,1.0,True,M_pro,False,False
batch,run_0007,77.0,A;ABp;Mh_pro;P,4,4,0.1256365394479147,1.0,False,M_pro,False,False
batch,run_0007,78.0,I10;IL4;M_NA;M_anti;Mh_anti;Tb,6,16,0.20471270659037943,0.8125,False,M_pro,False,False
batch,run_0007,78.0,Fi;Fo;G;tau,4,4,0.12683019925515013,0.75,False,M_pro,False,False
batch,run_0007,78.0,ABi;ABm;ABo;N,4,3,0.062314171676796426,1.0,False,M_pro,False,False
batch,run_0007,78.0,IL1;IL12;M_pro;Ta,4,7,0.1699384439704698,1.0,True,M_pro,False,False
batch,run_0007,78.0,A;ABp;Mh_pro;P,4,4,0.12657348008198221,1.0,False,M_pro,False,False
batch,run_0007,79.0,I10;IL4;M_NA;M_anti;Mh_anti;Tb,6,16,0.2046386028139505,0.8125,False,M_pro,False,False
batch,run_0007,79.0,Fi;Fo;G;tau,4,4,0.12740853563795762,0.75,False,M_pro,False,False
batch,run_0007,79.0,ABi;ABm;ABo;N,4,3,0.061647611925014376,1.0,False,M_pro,False,False
batch,run_0007,79.0,IL1;IL12;M_pro;Ta,4,7,0.1690640893418754,1.0,True,M_pro,False,False
batch,run_0007,79.0,A;ABp;Mh_pro;P,4,4,0.12744203863624368,1.0,False,M_pro,False,False
batch,run_0007,80.0,I10;IL4;M_NA;M_anti;Mh_anti;Tb,6,16,0.20453629509192128,0.8125,False,M_pro,False,False
batch,run_0007,80.0,Fi;Fo;G;tau,4,4,0.12814685661052524,0.75,False,M_pro,False,False
batch,run_0007,80.0,ABi;ABm;ABo;N,4,3,0.060993036680312515,1.0,False,M_pro,False,False
batch,run_0007,80.0,IL1;IL12;M_pro;Ta,4,7,0.16816883682962186,1.0,True,M_pro,False,False
batch,run_0007,80.0,A;ABp;Mh_pro;P,4,4,0.12824633265837354,1.0,False,M_pro,False,False
batch,run_0008,30.0,I10;IL4;M_NA;M_anti,4,4,0.13365290941757973,0.5,False,P,False,False
batch,run_0008,30.0,ABm;N;Ta,3,2,0.34071206081781163,0.5,False,P,False,False
batch,run_0008,30.0,A;P,2,1,0.48844438099746124,1.0,True,P,False,False
batch,run_0008,30.0,ABi,1,0,0.0,,False,P,False,False
batch,run_0008,30.0,ABo,1,0,0.0,,False,P,False,False
batch,run_0008,30.0,ABp,1,0,0.0,,False,P,False,False
batch,run_0008,30.0,G,1,0,0.0,,False,P,False,False
batch,run_0008,30.0,tau,1,0,0.0,,False,P,False,False
batch,run_0008,30.0,Fi,1,0,0.0,,False,P,False,False
batch,run_0008,30.0,Fo,1,0,0.0,,False,P,False,False
batch,run_0008,30.0,M_pro,1,0,0.0,,False,P,False,False
batch,run_0008,30.0,Mh_pro,1,0,0.0,,False,P,False,False
batch,run_0008,30.0,Mh_anti,1,0,0.0,,False,P,False,False
batch,run_0008,30.0,Tb,1,0,0.0,,False,P,False,False
batch,run_0008,30.0,IL1,1,0,0.0,,False,P,False,False
batch,run_0008,30.0,IL12,1,0,0.0,,False,P,False,False
batch,run_0008,31.0,ABi;I10;IL1;IL12;IL4;M_NA;M_anti;M_pro;Mh_pro;Ta;Tb,11,36,0.18469178350370963,0.6111111111111112,False,P,False,False
batch,run_0008,31.0,ABm;ABo;ABp;N,4,3,0.2609325635180204,1.0,False,P,False,False
batch,run_0008,31.0,Fi;Fo;tau,3,3,0.024340344342623454,0.6666666666666666,False,P,False,False
batch,run_0008,31.0,A;Mh_anti;P,3,2,0.38665647520988167,1.0,True,P,False,False
batch,run_0008,31.0,G,1,0,0.0,,False,P,False,False
batch,run_0008,32.0,I10;IL1;IL12;IL4;M_NA;M_anti;M_pro;Mh_pro;Ta;Tb,10,34,0.211782376119941,0.6176470588235294,False,P,False,False
batch,run_0008,32.0,ABi;ABm;ABo;ABp;N,5,4,0.25043865164885026,1.0,False,P,False,False
batch,run_0008,32.0,Fi;Fo;tau,3,3,0.05953532840179782,0.6666666666666666,False,P,False,False
batch,run_0008,32.0,A;Mh_anti;P,3,2,0.30431497149559084,1.0,True,P,False,False
batch,run_0008,32.0,G,1,0,0.0,,False,P,False,False
batch,run_0008,33.0,I10;IL1;IL12;IL4;M_NA;M_anti;M_pro;Mh_pro;Ta;Tb,10,38,0.23818321254513183,0.6052631578947368,True,Mh_pro,False,False
batch,run_0008,33.0,ABi;ABm;ABo;ABp;N,5,4,0.2477256605178574,1.0,False,Mh_pro,False,False
batch,run_0008,33.0,Fi;Fo;tau,3,3,0.08581927281790849,0.6666666666666666,False,Mh_pro,False,False
batch,run_0008,33.0,A;Mh_anti;P,3,2,0.2411318947309669,1.0,False,Mh_pro,False,False
batch,run_0008,33.0,G,1,0,0.0,,False,Mh_pro,False,False
batch,run_0008,34.0,I10;IL1;IL12;IL4;M_NA;M_anti;M_pro;Mh_pro;Ta;Tb,10,39,0.26564172287073695,0.6153846153846154,True,Mh_pro,False,False
batch,run_0008,34.0,ABi;Fi;Fo;tau,4,4,0.10306999983003207,0.5,False,Mh_pro,False,False
batch,run_0008,34.0,ABm;ABo;ABp;N,4,3,0.244169664424932,1.0,False,Mh_pro,False,False
batch,run_0008,34.0,A;Mh_anti;P,3,2,0.1942520749960077,1.0,False,Mh_pro,False,False
batch,run_0008,34.0,G,1,0,0.0,,False,Mh_pro,False,False
batch,run_0008,35.0,I10;IL1;IL12;IL4;M_NA;M_anti;M_pro;Mh_pro;Ta;Tb,10,39,0.2923587809159932,0.6153846153846154,True,Mh_pro,False,False
batch,run_0008,35.0,ABi;Fi;Fo;tau,4,4,0.11437676554553318,0.5,False,Mh_pro,False,False
batch,run_0008,35.0,ABm;ABo;ABp;N,4,3,0.23897308151277705,1.0,False,Mh_pro,False,False
batch,run_0008,35.0,A;Mh_anti;P,3,2,0.1596150887330131,1.0,False,Mh_pro,False,False
batch,run_0008,35.0,G,1,0,0.0,,False,Mh_pro,False,False
batch,run_0008,36.0,I10;IL1;IL12;M_pro;Mh_pro;Ta,6,14,0.18747393716766572,0.7142857142857143,False,ABo,False,False
batch,run_0008,36.0,ABi;Fi;Fo;tau,4,4,0.12232155497096407,0.5,False,ABo,False,False
batch,run_0008,36.0,ABm;ABo;ABp;N,4,3,0.2321192802060893,1.0,True,ABo,False,False
batch,run_0008,36.0,IL4;M_NA;M_anti;Tb,4,7,0.06158662262881815,0.8571428571428571,False,ABo,False,False
batch,run_0008,36.0,A;Mh_anti;P,3,2,0.13357535403721188,1.0,False,ABo,False,False
batch,run_0008,36.0,G,1,0,0.0,,False,ABo,False,False
batch,run_0008,37.0,I10;IL1;IL12;M_pro;Mh_pro;Ta,6,14,0.19400517314557594,0.7142857142857143,False,ABo,False,False
batch,run_0008,37.0,ABi;Fi;Fo;tau,4,4,0.1281907639802718,0.5,False,ABo,False,False
batch,run_0008,37.0,ABm;ABo;ABp;N,4,3,0.22393213157551914,1.0,True,ABo,False,False
batch,run_0008,37.0,IL4;M_NA;M_anti;Tb,4,7,0.0719483111460796,0.8571428571428571,False,ABo,False,False
batch,run_0008,37.0,A;Mh_anti;P,3,2,0.11353727370210506,1.0,False,ABo,False,False
batch,run_0008,37.0,G,1,0,0.0,,False,ABo,False,False
batch,run_0008,38.0,A;I10;Mh_anti;Mh_pro;P,5,9,0.17764849059947974,0.7777777777777778,False,ABo,False,False
batch,run_0008,38.0,ABi;Fi;Fo;tau,4,4,0.13259072223984117,0.5,False,ABo,False,False
batch,run_0008,38.0,ABm;ABo;ABp;N,4,3,0.21485349489026637,1.0,True,ABo,False,False
batch,run_0008,38.0,IL4;M_NA;M_anti;Tb,4,7,0.0811570893519125,0.8571428571428571,False,ABo,False,False
batch,run_0008,38.0,IL1;IL12;M_pro;Ta,4,7,0.11307841438230602,1.0,False,ABo,False,False
batch,run_0008,38.0,G,1,0,0.0,,False,ABo,False,False
batch,run_0008,39.0,I10;IL4;M_NA;M_anti;Tb,5,12,0.129558923638,0.75,False,ABo,False,False
batch,run_0008,39.0,ABi;Fi;Fo;tau,4,4,0.1358665998092503,0.5,False,ABo,False,False
batch,run_0008,39.0,ABm;ABo;ABp;N,4,3,0.20542229314264998,1.0,True,ABo,False,False
batch,run_0008,39.0,IL1;IL12;M_pro;Ta,4,7,0.12495467854913286,1.0,False,ABo,False,False
batch,run_0008,39.0,A;Mh_anti;Mh_pro;P,4,6,0.11816068777445812,0.8333333333333334,False,ABo,False,False
batch,run_0008,39.0,G,1,0,0.0,,False,ABo,False,False
batch,run_0008,40.0,I10;IL4;M_NA;M_anti;Tb,5,12,0.1399784988743119,0.75,False,M_pro,False,False
batch,run_0008,40.0,ABi;Fi;Fo;tau,4,4,0.13825066280228632,0.5,False,M_pro,False,False
batch,run_0008,40.0,ABm;ABo;ABp;N,4,3,0.1961084088100404,1.0,False,M_pro,False,False
batch,run_0008,40.0,IL1;IL12;M_pro;Ta,4,7,0.13541666883448913,1.0,True,M_pro,False,False
batch,run_0008,40.0,A;Mh_anti;Mh_pro;P,4,6,0.1062323038864767,0.8333333333333334,False,M_pro,False,False
batch,run_0008,40.0,G,1,0,0.0,,False,M_pro,False,False
batch,run_0008,41.0,I10;IL4;M_NA;M_anti;Tb,5,12,0.14881575951128706,0.75,False,M_pro,False,False
batch,run_0008,41.0,ABi;Fi;Fo;tau,4,4,0.13989805509519732,0.5,False,M_pro,False,False
batch,run_0008,41.0,ABm;ABo;ABp;N,4,3,0.18721467650159046,1.0,False,M_pro,False,False
batch,run_0008,41.0,IL1;IL12;M_pro;Ta,4,7,0.1446544925017051,1.0,True,M_pro,False,False
batch,run_0008,41.0,A;Mh_anti;Mh_pro;P,4,6,0.09739531162335777,1.0,False,M_pro,False,False
batch,run_0008,41.0,G,1,0,0.0,,False,M_pro,False,False
batch,run_0008,42.0,I10;IL4;M_NA;M_anti;Tb,5,12,0.1562103190550124,0.75,False,M_pro,False,False
batch,run_0008,42.0,ABi;Fi;Fo;tau,4,4,0.14091808366023253,0.5,False,M_pro,False,False
batch,run_0008,42.0,ABm;ABo;ABp;N,4,3,0.1788971350507973,1.0,False,M_pro,False,False
batch,run_0008,42.0,IL1;IL12;M_pro;Ta,4,7,0.15278135221873992,1.0,True,M_pro,False,False
batch,run_0008,42.0,A;Mh_anti;Mh_pro;P,4,6,0.09104258358635765,1.0,False,M_pro,False,False
batch,run_0008,42.0,G,1,0,0.0,,False,M_pro,False,False
batch,run_0008,43.0,I10;IL4;M_NA;M_anti;Tb,5,12,0.16233022312316095,0.75,False,M_pro,False,False
batch,run_0008,43.0,ABi;Fi;Fo;tau,4,4,0.1413978926919478,0.5,False,M_pro,False,False
batch,run_0008,43.0,ABm;ABo;ABp;N,4,3,0.17121444634988645,1.0,False,M_pro,False,False
batch,run_0008,43.0,IL1;IL12;M_pro;Ta,4,7,0.15987420278304407,1.0,True,M_pro,False,False
batch,run_0008,43.0,A;Mh_anti;Mh_pro;P,4,6,0.08668749721862656,1.0,False,M_pro,False,False
batch,run_0008,43.0,G,1,0,0.0,,False,M_pro,False,False
batch,run_0008,44.0,I10;IL4;M_NA;M_anti;Tb,5,12,0.16733776571680697,0.75,False,M_pro,False,False
batch,run_0008,44.0,A;ABp;Mh_anti;Mh_pro;P,5,8,0.09651808420235715,0.875,False,M_pro,False,False
batch,run_0008,44.0,ABi;Fi;Fo;tau,4,4,0.14141118653142407,0.5,False,M_pro,False,False
batch,run_0008,44.0,IL1;IL12;M_pro;Ta,4,7,0.1659937052502575,1.0,True,M_pro,False,False
batch,run_0008,44.0,ABm;ABo;N,3,2,0.14959818707879266,1.0,False,M_pro,False,False
batch,run_0008,44.0,G,1,0,0.0,,False,M_pro,False,False
batch,run_0008,45.0,I10;IL4;M_NA;M_anti;Tb,5,12,0.17138240716345626,0.75,False,M_pro,False,False
batch,run_0008,45.0,A;ABp;Mh_anti;Mh_pro;P,5,8,0.09625868045468088,0.875,False,M_pro,False,False
batch,run_0008,45.0,ABi;Fi;Fo;tau,4,4,0.14102732461123435,0.5,False,M_pro,False,False
batch,run_0008,45.0,IL1;IL12;M_pro;Ta,4,7,0.1711992167572518,1.0,True,M_pro,False,False
batch,run_0008,45.0,ABm;ABo;N,3,2,0.1433418144375991,1.0,False,M_pro,False,False
batch,run_0008,45.0,G,1,0,0.0,,False,M_pro,False,False
batch,run_0008,46.0,I10;IL4;M_NA;M_anti;Tb,5,12,0.17459814289860576,0.75,False,M_pro,False,False
batch,run_0008,46.0,A;ABp;Mh_anti;Mh_pro;P,5,8,0.09705194295533848,0.875,False,M_pro,False,False
batch,run_0008,46.0,ABi;Fi;Fo;tau,4,4,0.1403126217701606,0.5,False,M_pro,False,False
batch,run_0008,46.0,IL1;IL12;M_pro;Ta,4,7,0.17555307142136253,1.0,True,M_pro,False,False
batch,run_0008,46.0,ABm;ABo;N,3,2,0.13768128752649264,1.0,False,M_pro,False,False
batch,run_0008,46.0,G,1,0,0.0,,False,M_pro,False,False
batch,run_0008,47.0,I10;IL4;M_NA;M_anti;Tb,5,12,0.1771035918229532,0.75,False,M_pro,False,False
batch,run_0008,47.0,A;ABp;Mh_anti;Mh_pro;P,5,8,0.09870066358887707,0.875,False,M_pro,False,False
batch,run_0008,47.0,ABi;ABm;ABo;N,4,3,0.13304318357078193,1.0,False,M_pro,False,False
batch,run_0008,47.0,IL1;IL12;M_pro;Ta,4,7,0.17912072744256005,1.0,True,M_pro,False,False
batch,run_0008,47.0,Fi;Fo;tau,3,3,0.1388828144045236,0.6666666666666666,False,M_pro,False,False
batch,run_0008,47.0,G,1,0,0.0,,False,M_pro,False,False
batch,run_0008,48.0,I10;IL4;M_NA;M_anti;Tb,5,12,0.1790032948532617,0.75,False,M_pro,False,False
batch,run_0008,48.0,A;ABp;Mh_anti;Mh_pro;P,5,8,0.1010409511074577,0.875,False,M_pro,False,False
batch,run_0008,48.0,ABi;ABm;ABo;N,4,3,0.1283877446272699,1.0,False,M_pro,False,False
batch,run_0008,48.0,IL1;IL12;M_pro;Ta,4,7,0.18196946144263695,1.0,True,M_pro,False,False
batch,run_0008,48.0,Fi;Fo;tau,3,3,0.13769468933189052,0.6666666666666666,False,M_pro,False,False
batch,run_0008,48.0,G,1,0,0.0,,False,M_pro,False,False
batch,run_0008,49.0,I10;IL4;M_NA;M_anti;Tb,5,12,0.1803892077905998,0.75,False,M_pro,False,False
batch,run_0008,49.0,A;ABp;Mh_anti;Mh_pro;P,5,8,0.10393520825238958,0.875,False,M_pro,False,False
batch,run_0008,49.0,ABi;ABm;ABo;N,4,3,0.12415160934870055,1.0,False,M_pro,False,False
batch,run_0008,49.0,IL1;IL12;M_pro;Ta,4,7,0.18416678833126487,1.0,True,M_pro,False,False
batch,run_0008,49.0,Fi;Fo;tau,3,3,0.13634777763476358,0.6666666666666666,False,M_pro,False,False
batch,run_0008,49.0,G,1,0,0.0,,False,M_pro,False,False
batch,run_0008,50.0,I10;IL4;M_NA;M_anti;Tb,5,12,0.1813421659527907,0.75,False,M_pro,False,False
batch,run_0008,50.0,A;ABp;Mh_anti;Mh_pro;P,5,8,0.10726704192944464,0.875,False,M_pro,False,False
batch,run_0008,50.0,ABi;ABm;ABo;N,4,3,0.12028724678178394,1.0,False,M_pro,False,False
batch,run_0008,50.0,IL1;IL12;M_pro;Ta,4,7,0.1857789083482575,1.0,True,M_pro,False,False
batch,run_0008,50.0,Fi;Fo;tau,3,3,0.13488703433476343,0.6666666666666666,False,M_pro,False,False
batch,run_0008,50.0,G,1,0,0.0,,False,M_pro,False,False
batch,run_0008,51.0,I10;IL4;M_NA;M_anti;Tb,5,12,0.18193320763208148,0.75,False,M_pro,False,False
batch,run_0008,51.0,A;ABp;Mh_anti;Mh_pro;P,5,8,0.1109375392072332,0.875,False,M_pro,False,False
batch,run_0008,51.0,ABi;ABm;ABo;N,4,3,0.11675275833822005,1.0,False,M_pro,False,False
batch,run_0008,51.0,IL1;IL12;M_pro;Ta,4,7,0.18686947394121725,1.0,True,M_pro,False,False
batch,run_0008,51.0,Fi;Fo;tau,3,3,0.1333510685760691,0.6666666666666666,False,M_pro,False,False
batch,run_0008,51.0,G,1,0,0.0,,False,M_pro,False,False
batch,run_0008,52.0,I10;IL4;M_NA;M_anti;Tb,5,12,0.18222477217898203,0.75,False,M_pro,False,False
batch,run_0008,52.0,A;ABp;Mh_anti;Mh_pro;P,5,8,0.11486246361672618,0.875,False,M_pro,False,False
batch,run_0008,52.0,ABi;ABm;ABo;N,4,3,0.11351145660247508,1.0,False,M_pro,False,False
batch,run_0008,52.0,IL1;IL12;M_pro;Ta,4,7,0.18749873296230193,1.0,True,M_pro,False,False
batch,run_0008,52.0,Fi;Fo;tau,3,3,0.13177241905189205,0.6666666666666666,False,M_pro,False,False
batch,run_0008,52.0,G,1,0,0.0,,False,M_pro,False,False
batch,run_0008,53.0,I10;IL4;M_NA;M_anti;Tb,5,12,0.18227163848262365,0.75,False,M_pro,False,False
batch,run_0008,53.0,A;ABp;Mh_anti;Mh_pro;P,5,8,0.11897013949326077,0.875,False,M_pro,False,False
batch,run_0008,53.0,ABi;ABm;ABo;N,4,3,0.11053136510859382,1.0,False,M_pro,False,False
batch,run_0008,53.0,IL1;IL12;M_pro;Ta,4,7,0.1877229368049688,1.0,True,M_pro,False,False
batch,run_0008,53.0,Fi;Fo;tau,3,3,0.13017801762076944,0.6666666666666666,False,M_pro,False,False
batch,run_0008,53.0,G,1,0,0.0,,False,M_pro,False,False
batch,run_0008,54.0,I10;IL4;M_NA;M_anti;Tb,5,12,0.18212171818150752,0.75,False,M_pro,False,False
batch,run_0008,54.0,A;ABp;Mh_anti;Mh_pro;P,5,8,0.1231997810466194,0.875,False,M_pro,False,False
batch,run_0008,54.0,ABi;ABm;ABo;N,4,3,0.10778468813029303,1.0,False,M_pro,False,False
batch,run_0008,54.0,IL1;IL12;M_pro;Ta,4,7,0.18759395856153388,1.0,True,M_pro,False,False
batch,run_0008,54.0,Fi;Fo;tau,3,3,0.1285897749783162,0.6666666666666666,False,M_pro,False,False
batch,run_0008,54.0,G,1,0,0.0,,False,M_pro,False,False
batch,run_0008,55.0,I10;IL4;M_NA;M_anti;Tb,5,12,0.1818168226865822,0.75,False,M_pro,False,False
batch,run_0008,55.0,A;ABp;Mh_anti;Mh_pro;P,5,8,0.12750008301922297,0.875,False,M_pro,False,False
batch,run_0008,55.0,ABi;ABm;ABo;N,4,3,0.10524725869786566,1.0,False,M_pro,False,False
batch,run_0008,55.0,IL1;IL12;M_pro;Ta,4,7,0.1871591558172163,1.0,True,M_pro,False,False
batch,run_0008,55.0,Fi;Fo;tau,3,3,0.12702521109385434,0.6666666666666666,False,M_pro,False,False
batch,run_0008,55.0,G,1,0,0.0,,False,M_pro,False,False
batch,run_0008,56.0,I10;IL4;M_NA;M_anti;Tb,5,12,0.18139333093927032,0.75,False,M_pro,False,False
batch,run_0008,56.0,A;ABp;Mh_anti;Mh_pro;P,5,8,0.13182803809451552,0.875,False,M_pro,False,False
batch,run_0008,56.0,ABi;ABm;ABo;N,4,3,0.10289804020319435,1.0,False,M_pro,False,False
batch,run_0008,56.0,IL1;IL12;M_pro;Ta,4,7,0.1864613896083803,1.0,True,M_pro,False,False
batch,run_0008,56.0,Fi;Fo;tau,3,3,0.12549806661440566,0.6666666666666666,False,M_pro,False,False
batch,run_0008,56.0,G,1,0,0.0,,False,M_pro,False,False
batch,run_0008,57.0,I10;IL4;M_NA;M_anti;Tb,5,12,0.18088274189320572,0.75,False,M_pro,False,False
batch,run_0008,57.0,A;ABp;Mh_anti;Mh_pro;P,5,8,0.13614793648675236,0.875,False,M_pro,False,False
batch,run_0008,57.0,ABi;ABm;ABo;N,4,3,0.10071869992947897,1.0,False,M_pro,False,False
batch,run_0008,57.0,IL1;IL12;M_pro;Ta,4,7,0.185539130539004,1.0,True,M_pro,False,False
batch,run_0008,57.0,Fi;Fo;tau,3,3,0.12401887095300577,0.6666666666666666,False,M_pro,False,False
batch,run_0008,57.0,G,1,0,0.0,,False,M_pro,False,False
batch,run_0008,58.0,I10;IL4;M_NA;M_anti;Tb,5,12,0.18031217590309537,0.75,False,M_pro,False,False
batch,run_0008,58.0,A;ABp;Mh_anti;Mh_pro;P,5,8,0.14043047538111245,0.875,False,M_pro,False,False
batch,run_0008,58.0,ABi;ABm;ABo;N,4,3,0.09869322460028415,1.0,False,M_pro,False,False
batch,run_0008,58.0,IL1;IL12;M_pro;Ta,4,7,0.18442665316693574,1.0,True,M_pro,False,False
batch,run_0008,58.0,Fi;Fo;tau,3,3,0.12259545869226046,0.6666666666666666,False,M_pro,False,False
batch,run_0008,58.0,G,1,0,0.0,,False,M_pro,False,False
batch,run_0008,59.0,I10;IL4;M_NA;M_anti;Tb,5,12,0.17970481453007187,0.75,False,M_pro,False,False
batch,run_0008,59.0,A;ABp;Mh_anti;Mh_pro;P,5,8,0.1446519690163222,0.875,False,M_pro,False,False
batch,run_0008,59.0,ABi;ABm;ABo;N,4,3,0.09680759989348539,1.0,False,M_pro,False,False
batch,run_0008,59.0,IL1;IL12;M_pro;Ta,4,7,0.18315424893154814,1.0,True,M_pro,False,False
batch,run_0008,59.0,Fi;Fo;tau,3,3,0.12123344521476555,0.6666666666666666,False,M_pro,False,False
batch,run_0008,59.0,G,1,0,0.0,,False,M_pro,False,False
batch,run_0008,60.0,I10;IL4;M_NA;M_anti;Tb,5,12,0.1790803446794944,0.75,False,M_pro,False,False
batch,run_0008,60.0,A;ABp;Mh_anti;Mh_pro;P,5,8,0.14879361073439618,0.875,False,M_pro,False,False
batch,run_0008,60.0,ABi;ABm;ABo;N,4,3,0.09504951453733275,1.0,False,M_pro,False,False
batch,run_0008,60.0,IL1;IL12;M_pro;Ta,4,7,0.1817485262798478,1.0,True,M_pro,False,False
batch,run_0008,60.0,Fi;Fo;tau,3,3,0.11993663025440539,0.6666666666666666,False,M_pro,False,False
batch,run_0008,60.0,G,1,0,0.0,,False,M_pro,False,False
batch,run_0008,61.0,I10;IL4;M_NA;M_anti;Tb,5,12,0.1784553627606826,0.75,False,M_pro,False,False
batch,run_0008,61.0,A;ABp;Mh_anti;Mh_pro;P,5,8,0.15284080681437165,0.875,False,M_pro,False,False
batch,run_0008,61.0,ABi;ABm;ABo;N,4,3,0.09340810553180975,1.0,False,M_pro,False,False
batch,run_0008,61.0,IL1;IL12;M_pro;Ta,4,7,0.18023273118746613,1.0,True,M_pro,False,False
batch,run_0008,61.0,Fi;Fo;tau,3,3,0.11870734089591146,0.6666666666666666,False,M_pro,False,False
batch,run_0008,61.0,G,1,0,0.0,,False,M_pro,False,False
batch,run_0008,62.0,I10;IL4;M_NA;M_anti;Tb,5,12,0.17784373236948345,0.75,False,Mh_pro,False,False
batch,run_0008,62.0,A;ABp;Mh_anti;Mh_pro;P,5,8,0.1567825838761341,0.875,True,Mh_pro,False,False
batch,run_0008,62.0,ABi;ABm;ABo;N,4,3,0.0918737511756937,1.0,False,Mh_pro,False,False
batch,run_0008,62.0,IL1;IL12;M_pro;Ta,4,7,0.17862705652943153,1.0,False,Mh_pro,False,False
batch,run_0008,62.0,Fi;Fo;tau,3,3,0.11754672262020308,0.6666666666666666,False,Mh_pro,False,False
batch,run_0008,62.0,G,1,0,0.0,,False,Mh_pro,False,False
batch,run_0008,63.0,I10;IL4;M_NA;M_anti;Tb,5,12,0.17725690426062482,0.75,False,Mh_pro,False,False
batch,run_0008,63.0,A;ABp;Mh_anti;Mh_pro;P,5,8,0.16061105904407738,0.875,True,Mh_pro,False,False
batch,run_0008,63.0,ABi;ABm;ABo;N,4,3,0.09043789966720245,1.0,False,Mh_pro,False,False
batch,run_0008,63.0,IL1;IL12;M_pro;Ta,4,7,0.17694893808260473,1.0,False,Mh_pro,False,False
batch,run_0008,63.0,Fi;Fo;tau,3,3,0.11645498702041673,0.6666666666666666,False,Mh_pro,False,False
batch,run_0008,63.0,G,1,0,0.0,,False,Mh_pro,False,False
batch,run_0008,64.0,I10;IL4;M_NA;M_anti;Tb,5,12,0.1767042113034552,0.75,False,Mh_pro,False,False
batch,run_0008,64.0,A;ABp;Mh_anti;Mh_pro;P,5,8,0.1643209623034841,0.875,True,Mh_pro,False,False
batch,run_0008,64.0,ABi;ABm;ABo;N,4,3,0.08909292144234784,1.0,False,Mh_pro,False,False
batch,run_0008,64.0,IL1;IL12;M_pro;Ta,4,7,0.17521334545006,1.0,False,Mh_pro,False,False
batch,run_0008,64.0,Fi;Fo;tau,3,3,0.11543161883415617,0.6666666666666666,False,Mh_pro,False,False
batch,run_0008,64.0,G,1,0,0.0,,False,Mh_pro,False,False
batch,run_0008,65.0,I10;IL4;M_NA;M_anti;Tb,5,12,0.17619314004769562,0.75,False,Mh_pro,False,False
batch,run_0008,65.0,A;ABp;Mh_anti;Mh_pro;P,5,8,0.167909208099169,0.875,True,Mh_pro,False,False
batch,run_0008,65.0,ABi;ABm;ABo;N,4,3,0.08783198296136954,1.0,False,Mh_pro,False,False
batch,run_0008,65.0,IL1;IL12;M_pro;Ta,4,7,0.17343306076757842,1.0,False,Mh_pro,False,False
batch,run_0008,65.0,Fi;Fo;tau,3,3,0.11447554851844452,0.6666666666666666,False,Mh_pro,False,False
batch,run_0008,65.0,G,1,0,0.0,,False,Mh_pro,False,False
batch,run_0008,66.0,I10;IL4;M_NA;M_anti;Tb,5,12,0.17572957796070948,0.75,False,Mh_pro,False,False
batch,run_0008,66.0,A;ABp;Mh_anti;Mh_pro;P,5,8,0.17137451635466708,0.875,True,Mh_pro,False,False
batch,run_0008,66.0,ABi;ABm;ABo;N,4,3,0.08664893954797598,1.0,False,Mh_pro,False,False
batch,run_0008,66.0,IL1;IL12;M_pro;Ta,4,7,0.1716189408472694,1.0,False,Mh_pro,False,False
batch,run_0008,66.0,Fi;Fo;tau,3,3,0.11358529258239455,0.6666666666666666,False,Mh_pro,False,False
batch,run_0008,66.0,G,1,0,0.0,,False,Mh_pro,False,False
batch,run_0008,67.0,I10;IL4;M_NA;M_anti;Tb,5,12,0.17531803538551144,0.75,False,Mh_pro,False,False
batch,run_0008,67.0,A;ABp;Mh_anti;Mh_pro;P,5,8,0.17471708234331973,0.875,True,Mh_pro,False,False
batch,run_0008,67.0,ABi;ABm;ABo;N,4,3,0.08553824471583861,1.0,False,Mh_pro,False,False
batch,run_0008,67.0,IL1;IL12;M_pro;Ta,4,7,0.16978016050642308,1.0,False,Mh_pro,False,False
batch,run_0008,67.0,Fi;Fo;tau,3,3,0.11275906421947615,0.6666666666666666,False,Mh_pro,False,False
batch,run_0008,67.0,G,1,0,0.0,,False,Mh_pro,False,False
batch,run_0008,68.0,I10;IL4;M_NA;M_anti;Tb,5,12,0.174961842635988,0.75,False,Mh_pro,False,False
batch,run_0008,68.0,A;ABp;Mh_anti;Mh_pro;P,5,8,0.17793828848559215,0.875,True,Mh_pro,False,False
batch,run_0008,68.0,ABi;ABm;ABo;N,4,3,0.08449487438205806,1.0,False,Mh_pro,False,False
batch,run_0008,68.0,IL1;IL12;M_pro;Ta,4,7,0.16792443030762338,1.0,False,Mh_pro,False,False
batch,run_0008,68.0,Fi;Fo;tau,3,3,0.1119948656855717,0.6666666666666666,False,Mh_pro,False,False
batch,run_0008,68.0,G,1,0,0.0,,False,Mh_pro,False,False
batch,run_0008,69.0,I10;IL4;M_NA;M_anti;Tb,5,12,0.1746633232361523,0.75,False,Mh_pro,False,False
batch,run_0008,69.0,A;ABp;Mh_anti;Mh_pro;P,5,8,0.18104046021339096,0.875,True,Mh_pro,False,False
batch,run_0008,69.0,ABi;ABm;ABo;N,4,3,0.08351426299580149,1.0,False,Mh_pro,False,False
batch,run_0008,69.0,IL1;IL12;M_pro;Ta,4,7,0.1660581942686374,1.0,False,Mh_pro,False,False
batch,run_0008,69.0,Fi;Fo;tau,3,3,0.11129055758795513,0.6666666666666666,False,Mh_pro,False,False
batch,run_0008,69.0,G,1,0,0.0,,False,Mh_pro,False,False
batch,run_0008,70.0,I10;IL4;M_NA;M_anti;Tb,5,12,0.1744239454036248,0.75,False,Mh_pro,False,False
batch,run_0008,70.0,A;ABp;Mh_anti;Mh_pro;P,5,8,0.18402665527324247,0.875,True,Mh_pro,False,False
batch,run_0008,70.0,ABi;ABm;ABo;N,4,3,0.08259225005710742,1.0,False,Mh_pro,False,False
batch,run_0008,70.0,IL1;IL12;M_pro;Ta,4,7,0.1641868013259639,1.0,False,Mh_pro,False,False
batch,run_0008,70.0,Fi;Fo;tau,3,3,0.11064391945193167,0.6666666666666666,False,Mh_pro,False,False
batch,run_0008,70.0,G,1,0,0.0,,False,Mh_pro,False,False
batch,run_0008,71.0,I10;IL4;M_NA;M_anti;Tb,5,12,0.17424445714432454,0.75,False,Mh_pro,False,False
batch,run_0008,71.0,A;ABp;Mh_anti;Mh_pro;P,5,8,0.18690048570081372,0.875,True,Mh_pro,False,False
batch,run_0008,71.0,ABi;ABm;ABo;N,4,3,0.08172503257326257,1.0,False,Mh_pro,False,False
batch,run_0008,71.0,IL1;IL12;M_pro;Ta,4,7,0.1623146621433867,1.0,False,Mh_pro,False,False
batch,run_0008,71.0,Fi;Fo;tau,3,3,0.11005269424374245,0.6666666666666666,False,Mh_pro,False,False
batch,run_0008,71.0,G,1,0,0.0,,False,Mh_pro,False,False
batch,run_0008,72.0,I10;IL4;M_NA;M_anti;Tb,5,12,0.1741250056733434,0.75,False,Mh_pro,False,False
batch,run_0008,72.0,A;ABp;Mh_anti;Mh_pro;P,5,8,0.1896659649476746,0.875,True,Mh_pro,False,False
batch,run_0008,72.0,ABi;ABm;ABo;N,4,3,0.08090912493186309,1.0,False,Mh_pro,False,False
batch,run_0008,72.0,IL1;IL12;M_pro;Ta,4,7,0.16044538724478413,1.0,False,Mh_pro,False,False
batch,run_0008,72.0,Fi;Fo;tau,3,3,0.10951462452045962,0.6666666666666666,False,Mh_pro,False,False
batch,run_0008,72.0,G,1,0,0.0,,False,Mh_pro,False,False
batch,run_0008,73.0,I10;IL4;M_NA;M_anti;Tb,5,12,0.17406512856544268,0.75,False,Mh_pro,False,False
batch,run_0008,73.0,A;ABp;Mh_anti;Mh_pro;P,5,8,0.19232724784918623,0.875,True,Mh_pro,False,False
batch,run_0008,73.0,ABi;ABm;ABo;N,4,3,0.08014127244716121,1.0,False,Mh_pro,False,False
batch,run_0008,73.0,IL1;IL12;M_pro;Ta,4,7,0.15858180139128522,1.0,False,Mh_pro,False,False
batch,run_0008,73.0,Fi;Fo;tau,3,3,0.10902804998165071,0.6666666666666666,False,Mh_pro,False,False
batch,run_0008,73.0,G,1,0,0.0,,False,Mh_pro,False,False
batch,run_0008,74.0,I10;IL4;M_NA;M_anti;Tb,5,12,0.17066459392949349,0.75,False,Mh_pro,False,False
batch,run_0008,74.0,A;ABp;Mh_anti;Mh_pro;P,5,8,0.19108257422315236,0.875,True,Mh_pro,False,False
batch,run_0008,74.0,Fi;Fo;G;tau,4,4,0.12600002696352575,0.75,False,Mh_pro,False,False
batch,run_0008,74.0,ABi;ABm;ABo;N,4,3,0.07786747766532719,1.0,False,Mh_pro,False,False
batch,run_0008,74.0,IL1;IL12;M_pro;Ta,4,7,0.15366539118067868,1.0,False,Mh_pro,False,False
batch,run_0008,75.0,I10;IL4;M_NA;M_anti;Tb,5,12,0.17067831127262942,0.75,False,Mh_pro,False,False
batch,run_0008,75.0,A;ABp;Mh_anti;Mh_pro;P,5,8,0.19345322132864423,0.875,True,Mh_pro,False,False
batch,run_0008,75.0,Fi;Fo;G;tau,4,4,0.12582936106841702,0.75,False,Mh_pro,False,False
batch,run_0008,75.0,ABi;ABm;ABo;N,4,3,0.07718152558544507,1.0,False,Mh_pro,False,False
batch,run_0008,75.0,IL1;IL12;M_pro;Ta,4,7,0.15181858535208528,1.0,False,Mh_pro,False,False
batch,run_0008,76.0,I10;IL4;M_NA;M_anti;Tb,5,12,0.17071215608356483,0.75,False,Mh_pro,False,False
batch,run_0008,76.0,A;ABp;Mh_anti;Mh_pro;P,5,8,0.1956935415327708,0.875,True,Mh_pro,False,False
batch,run_0008,76.0,Fi;Fo;G;tau,4,4,0.12587304844021038,0.75,False,Mh_pro,False,False
batch,run_0008,76.0,ABi;ABm;ABo;N,4,3,0.07651947459639404,1.0,False,Mh_pro,False,False
batch,run_0008,76.0,IL1;IL12;M_pro;Ta,4,7,0.14995300277811996,1.0,False,Mh_pro,False,False
batch,run_0008,77.0,I10;IL4;M_NA;M_anti;Tb,5,12,0.1707630376847913,0.75,False,Mh_pro,False,False
batch,run_0008,77.0,A;ABp;Mh_anti;Mh_pro;P,5,8,0.19780489655460579,0.875,True,Mh_pro,False,False
batch,run_0008,77.0,Fi;Fo;G;tau,4,4,0.12613132036324354,0.75,False,Mh_pro,False,False
batch,run_0008,77.0,ABi;ABm;ABo;N,4,3,0.07587888805988852,1.0,False,Mh_pro,False,False
batch,run_0008,77.0,IL1;IL12;M_pro;Ta,4,7,0.14806962997993173,1.0,False,Mh_pro,False,False
batch,run_0008,78.0,I10;IL4;M_NA;M_anti;Tb,5,12,0.17082950636569547,0.75,False,Mh_pro,False,False
batch,run_0008,78.0,A;ABp;Mh_anti;Mh_pro;P,5,8,0.19979072585056595,0.875,True,Mh_pro,False,False
batch,run_0008,78.0,Fi;Fo;G;tau,4,4,0.12659718532785408,0.75,False,Mh_pro,False,False
batch,run_0008,78.0,ABi;ABm;ABo;N,4,3,0.07525819376206618,1.0,False,Mh_pro,False,False
batch,run_0008,78.0,IL1;IL12;M_pro;Ta,4,7,0.14617083623026206,1.0,False,Mh_pro,False,False
batch,run_0008,79.0,I10;IL4;M_NA;M_anti;Tb,5,12,0.17091113409806574,0.75,False,Mh_pro,False,False
batch,run_0008,79.0,A;ABp;Mh_anti;Mh_pro;P,5,8,0.20165585909043482,0.875,True,Mh_pro,False,False
batch,run_0008,79.0,Fi;Fo;G;tau,4,4,0.1272593118084875,0.75,False,Mh_pro,False,False
batch,run_0008,79.0,ABi;ABm;ABo;N,4,3,0.0746563429110486,1.0,False,Mh_pro,False,False
batch,run_0008,79.0,IL1;IL12;M_pro;Ta,4,7,0.14425975363736754,1.0,False,Mh_pro,False,False
batch,run_0008,80.0,I10;IL4;M_NA;M_anti;Tb,5,12,0.17100793986398358,0.75,False,Mh_pro,False,False
batch,run_0008,80.0,IL1;IL12;M_pro;Mh_pro;Ta,5,9,0.1908657393873378,1.0,True,Mh_pro,False,False
batch,run_0008,80.0,Fi;Fo;G;tau,4,4,0.12810470836142931,0.75,False,Mh_pro,False,False
batch,run_0008,80.0,ABi;ABm;ABo;N,4,3,0.07407252366917036,1.0,False,Mh_pro,False,False
batch,run_0008,80.0,A;ABp;Mh_anti;P,4,4,0.15453756210503128,0.75,False,Mh_pro,False,False
batch,run_0009,30.0,I10;IL4;M_NA;M_anti,4,4,0.120904134665938,0.5,False,ABm,False,False
batch,run_0009,30.0,A;P;Ta,3,2,0.25678650746260284,1.0,False,ABm,False,False
batch,run_0009,30.0,ABm;N,2,1,0.5894742710267216,1.0,True,ABm,False,False
batch,run_0009,30.0,ABi,1,0,0.0,,False,ABm,False,False
batch,run_0009,30.0,ABo,1,0,0.0,,False,ABm,False,False
batch,run_0009,30.0,ABp,1,0,0.0,,False,ABm,False,False
batch,run_0009,30.0,G,1,0,0.0,,False,ABm,False,False
batch,run_0009,30.0,tau,1,0,0.0,,False,ABm,False,False
batch,run_0009,30.0,Fi,1,0,0.0,,False,ABm,False,False
batch,run_0009,30.0,Fo,1,0,0.0,,False,ABm,False,False
batch,run_0009,30.0,M_pro,1,0,0.0,,False,ABm,False,False
batch,run_0009,30.0,Mh_pro,1,0,0.0,,False,ABm,False,False
batch,run_0009,30.0,Mh_anti,1,0,0.0,,False,ABm,False,False
batch,run_0009,30.0,Tb,1,0,0.0,,False,ABm,False,False
batch,run_0009,30.0,IL1,1,0,0.0,,False,ABm,False,False
batch,run_0009,30.0,IL12,1,0,0.0,,False,ABm,False,False
batch,run_0009,31.0,I10;IL1;IL12;IL4;M_NA;M_anti;M_pro;Tb,8,27,0.08584554547673906,0.6296296296296297,False,ABm,False,False
batch,run_0009,31.0,A;ABi;Mh_anti;Mh_pro;P;Ta,6,11,0.29600371020978994,0.8181818181818182,False,ABm,False,False
batch,run_0009,31.0,ABm;ABo;ABp;N,4,3,0.5089141388743,1.0,True,ABm,False,False
batch,run_0009,31.0,Fi;Fo;tau,3,3,0.04474783238805048,0.6666666666666666,False,ABm,False,False
batch,run_0009,31.0,G,1,0,0.0,,False,ABm,False,False
batch,run_0009,32.0,I10;IL1;IL12;IL4;M_NA;M_anti;M_pro;Tb,8,29,0.09039759877709654,0.6551724137931034,False,ABm,False,False
batch,run_0009,32.0,A;ABi;Mh_anti;Mh_pro;P;Ta,6,11,0.2604920946473467,0.8181818181818182,False,ABm,False,False
batch,run_0009,32.0,ABm;ABo;ABp;N,4,3,0.4394541698348615,1.0,True,ABm,False,False
batch,run_0009,32.0,Fi;Fo;tau,3,3,0.1051295584558478,0.6666666666666666,False,ABm,False,False
batch,run_0009,32.0,G,1,0,0.0,,False,ABm,False,False
batch,run_0009,33.0,I10;IL1;IL12;IL4;M_NA;M_anti;M_pro;Tb,8,31,0.12262342349809692,0.6129032258064516,False,ABm,False,False
batch,run_0009,33.0,A;ABi;Mh_anti;Mh_pro;P;Ta,6,11,0.21004762971511243,0.8181818181818182,False,ABm,False,False
batch,run_0009,33.0,ABm;ABo;ABp;N,4,3,0.38111199109859767,1.0,True,ABm,False,False
batch,run_0009,33.0,Fi;Fo;tau,3,3,0.14052705153009684,0.6666666666666666,False,ABm,False,False
batch,run_0009,33.0,G,1,0,0.0,,False,ABm,False,False
batch,run_0009,34.0,I10;IL1;IL12;IL4;M_NA;M_anti;M_pro;Mh_pro;Ta;Tb,10,39,0.22952535348163028,0.6153846153846154,False,ABm,False,False
batch,run_0009,34.0,ABi;Fi;Fo;tau,4,4,0.15624239301765508,0.5,False,ABm,False,False
batch,run_0009,34.0,ABm;ABo;ABp;N,4,3,0.3343425163477936,1.0,True,ABm,False,False
batch,run_0009,34.0,A;Mh_anti;P,3,2,0.11536584749444183,1.0,False,ABm,False,False
batch,run_0009,34.0,G,1,0,0.0,,False,ABm,False,False
batch,run_0009,35.0,I10;IL1;IL12;IL4;M_NA;M_anti;M_pro;Mh_pro;Ta;Tb,10,39,0.27600128427261283,0.6153846153846154,False,ABm,False,False
batch,run_0009,35.0,ABi;Fi;Fo;tau,4,4,0.16171132766034194,0.5,False,ABm,False,False
batch,run_0009,35.0,ABm;ABo;ABp;N,4,3,0.2972253946776458,1.0,True,ABm,False,False
batch,run_0009,35.0,A;Mh_anti;P,3,2,0.09190299005230557,1.0,False,ABm,False,False
batch,run_0009,35.0,G,1,0,0.0,,False,ABm,False,False
batch,run_0009,36.0,I10;IL1;IL12;IL4;M_NA;M_anti;M_pro;Ta;Tb,9,35,0.2953744103359458,0.6285714285714286,False,Fi,False,False
batch,run_0009,36.0,ABi;Fi;Fo;tau,4,4,0.16271433128623328,0.5,True,Fi,False,False
batch,run_0009,36.0,ABm;ABo;ABp;N,4,3,0.2672104631261512,1.0,False,Fi,False,False
batch,run_0009,36.0,A;Mh_anti;Mh_pro;P,4,6,0.08810730590039934,0.8333333333333334,False,Fi,False,False
batch,run_0009,36.0,G,1,0,0.0,,False,Fi,False,False
batch,run_0009,37.0,I10;IL4;M_NA;M_anti;Tb,5,12,0.162648864868811,0.75,False,Fi,False,False
batch,run_0009,37.0,ABi;Fi;Fo;tau,4,4,0.16189317607057113,0.5,True,Fi,False,False
batch,run_0009,37.0,ABm;ABo;ABp;N,4,3,0.24241653247625,1.0,False,Fi,False,False
batch,run_0009,37.0,IL1;IL12;M_pro;Ta,4,7,0.09385547405677198,1.0,False,Fi,False,False
batch,run_0009,37.0,A;Mh_anti;Mh_pro;P,4,6,0.07495415491643746,0.8333333333333334,False,Fi,False,False
batch,run_0009,37.0,G,1,0,0.0,,False,Fi,False,False
batch,run_0009,38.0,I10;IL4;M_NA;M_anti;Tb,5,12,0.17768374340524282,0.75,False,Fi,False,False
batch,run_0009,38.0,ABi;Fi;Fo;tau,4,4,0.1604387895636462,0.5,True,Fi,False,False
batch,run_0009,38.0,ABm;ABo;ABp;N,4,3,0.22167212796755426,1.0,False,Fi,False,False
batch,run_0009,38.0,IL1;IL12;M_pro;Ta,4,7,0.1076014758520702,1.0,False,Fi,False,False
batch,run_0009,38.0,A;Mh_anti;Mh_pro;P,4,6,0.06586765890971132,1.0,False,Fi,False,False
batch,run_0009,38.0,G,1,0,0.0,,False,Fi,False,False
batch,run_0009,39.0,ABi;ABm;ABo;ABp;N,5,4,0.20482292709551805,1.0,False,M_pro,False,False
batch,run_0009,39.0,I10;IL4;M_NA;M_anti;Tb,5,12,0.18917649334706746,0.75,False,M_pro,False,False
batch,run_0009,39.0,IL1;IL12;M_pro;Ta,4,7,0.12027311382315219,1.0,True,M_pro,False,False
batch,run_0009,39.0,A;Mh_anti;Mh_pro;P,4,6,0.05988236500006704,1.0,False,M_pro,False,False
batch,run_0009,39.0,Fi;Fo;tau,3,3,0.15832568431969726,0.6666666666666666,False,M_pro,False,False
batch,run_0009,39.0,G,1,0,0.0,,False,M_pro,False,False
batch,run_0009,40.0,ABi;ABm;ABo;ABp;N,5,4,0.18995867504766212,1.0,False,M_pro,False,False
batch,run_0009,40.0,I10;IL4;M_NA;M_anti;Tb,5,12,0.19758591175614518,0.75,False,M_pro,False,False
batch,run_0009,40.0,IL1;IL12;M_pro;Ta,4,7,0.13176105514984768,1.0,True,M_pro,False,False
batch,run_0009,40.0,A;Mh_anti;Mh_pro;P,4,6,0.05625127341935049,1.0,False,M_pro,False,False
batch,run_0009,40.0,Fi;Fo;tau,3,3,0.1566995601433395,0.6666666666666666,False,M_pro,False,False
batch,run_0009,40.0,G,1,0,0.0,,False,M_pro,False,False
batch,run_0009,41.0,ABi;ABm;ABo;ABp;N,5,4,0.17719169667423781,1.0,False,M_pro,False,False
batch,run_0009,41.0,I10;IL4;M_NA;M_anti;Tb,5,12,0.20341669555323288,0.75,False,M_pro,False,False
batch,run_0009,41.0,IL1;IL12;M_pro;Ta,4,7,0.1419866588109281,1.0,True,M_pro,False,False
batch,run_0009,41.0,A;Mh_anti;Mh_pro;P,4,6,0.054440673144038276,1.0,False,M_pro,False,False
batch,run_0009,41.0,Fi;Fo;tau,3,3,0.15507324066953596,0.6666666666666666,False,M_pro,False,False
batch,run_0009,41.0,G,1,0,0.0,,False,M_pro,False,False
batch,run_0009,42.0,ABi;ABm;ABo;ABp;N,5,4,0.16613061186742306,1.0,False,M_pro,False,False
batch,run_0009,42.0,I10;IL4;M_NA;M_anti;Tb,5,12,0.20714023815065524,0.75,False,M_pro,False,False
batch,run_0009,42.0,IL1;IL12;M_pro;Ta,4,7,0.15093098709285993,1.0,True,M_pro,False,False
batch,run_0009,42.0,A;Mh_anti;Mh_pro;P,4,6,0.05404830256483028,1.0,False,M_pro,False,False
batch,run_0009,42.0,Fi;Fo;tau,3,3,0.15340459088942193,0.6666666666666666,False,M_pro,False,False
batch,run_0009,42.0,G,1,0,0.0,,False,M_pro,False,False
batch,run_0009,43.0,I10;IL4;M_NA;M_anti;Tb,5,12,0.20916956346561297,0.75,False,M_pro,False,False
batch,run_0009,43.0,A;ABp;Mh_anti;Mh_pro;P,5,8,0.06766749322388564,0.875,False,M_pro,False,False
batch,run_0009,43.0,ABi;ABm;ABo;N,4,3,0.14122300827694778,1.0,False,M_pro,False,False
batch,run_0009,43.0,IL1;IL12;M_pro;Ta,4,7,0.15863102409615265,1.0,True,M_pro,False,False
batch,run_0009,43.0,Fi;Fo;tau,3,3,0.15165827393094344,0.6666666666666666,False,M_pro,False,False
batch,run_0009,43.0,G,1,0,0.0,,False,M_pro,False,False
batch,run_0009,44.0,I10;IL4;M_NA;M_anti;Tb,5,12,0.2098556004672883,0.75,False,M_pro,False,False
batch,run_0009,44.0,A;ABp;Mh_anti;Mh_pro;P,5,8,0.0704744132314777,0.875,False,M_pro,False,False
batch,run_0009,44.0,ABi;ABm;ABo;N,4,3,0.132785228679953,1.0,False,M_pro,False,False
batch,run_0009,44.0,IL1;IL12;M_pro;Ta,4,7,0.16516494583065788,1.0,True,M_pro,False,False
batch,run_0009,44.0,Fi;Fo;tau,3,3,0.1498178892084707,0.6666666666666666,False,M_pro,False,False
batch,run_0009,44.0,G,1,0,0.0,,False,M_pro,False,False
batch,run_0009,45.0,I10;IL4;M_NA;M_anti;Tb,5,12,0.20949069607846735,0.75,False,M_pro,False,False
batch,run_0009,45.0,A;ABp;Mh_anti;Mh_pro;P,5,8,0.07386927653476959,0.875,False,M_pro,False,False
batch,run_0009,45.0,ABi;ABm;ABo;N,4,3,0.12539579184785613,1.0,False,M_pro,False,False
batch,run_0009,45.0,IL1;IL12;M_pro;Ta,4,7,0.17063627718266172,1.0,True,M_pro,False,False
batch,run_0009,45.0,Fi;Fo;tau,3,3,0.14788506199766038,0.6666666666666666,False,M_pro,False,False
batch,run_0009,45.0,G,1,0,0.0,,False,M_pro,False,False
batch,run_0009,46.0,I10;IL4;M_NA;M_anti;Tb,5,12,0.20831510673644277,0.75,False,M_pro,False,False
batch,run_0009,46.0,A;ABp;Mh_anti;Mh_pro;P,5,8,0.07768348376520559,0.875,False,M_pro,False,False
batch,run_0009,46.0,ABi;ABm;ABo;N,4,3,0.11888944595377642,1.0,False,M_pro,False,False
batch,run_0009,46.0,IL1;IL12;M_pro;Ta,4,7,0.17516059247456947,1.0,True,M_pro,False,False
batch,run_0009,46.0,Fi;Fo;tau,3,3,0.14587446553695788,0.6666666666666666,False,M_pro,False,False
batch,run_0009,46.0,G,1,0,0.0,,False,M_pro,False,False
batch,run_0009,47.0,I10;IL4;M_NA;M_anti;Tb,5,12,0.20652425652976136,0.75,False,M_pro,False,False
batch,run_0009,47.0,A;ABp;Mh_anti;Mh_pro;P,5,8,0.08177907344997036,0.875,False,M_pro,False,False
batch,run_0009,47.0,ABi;ABm;ABo;N,4,3,0.11313151584923721,1.0,False,M_pro,False,False
batch,run_0009,47.0,IL1;IL12;M_pro;Ta,4,7,0.1788560574319177,1.0,True,M_pro,False,False
batch,run_0009,47.0,Fi;Fo;tau,3,3,0.14380845000666986,0.6666666666666666,False,M_pro,False,False
batch,run_0009,47.0,G,1,0,0.0,,False,M_pro,False,False
batch,run_0009,48.0,I10;IL4;M_NA;M_anti;Tb,5,12,0.2042757649207324,0.75,False,M_pro,False,False
batch,run_0009,48.0,A;ABp;Mh_anti;Mh_pro;P,5,8,0.08604281636463036,0.875,False,M_pro,False,False
batch,run_0009,48.0,ABi;ABm;ABo;N,4,3,0.1080111458031052,1.0,False,M_pro,False,False
batch,run_0009,48.0,IL1;IL12;M_pro;Ta,4,7,0.1818370726023811,1.0,True,M_pro,False,False
batch,run_0009,48.0,Fi;Fo;tau,3,3,0.14171267931997042,0.6666666666666666,False,M_pro,False,False
batch,run_0009,48.0,G,1,0,0.0,,False,M_pro,False,False
batch,run_0009,49.0,I10;IL4;M_NA;M_anti;Tb,5,12,0.2016959311490146,0.75,False,M_pro,False,False
batch,run_0009,49.0,A;ABp;Mh_anti;Mh_pro;P,5,8,0.09038197097415991,0.875,False,M_pro,False,False
batch,run_0009,49.0,ABi;ABm;ABo;N,4,3,0.10343639046083856,1.0,False,M_pro,False,False
batch,run_0009,49.0,IL1;IL12;M_pro;Ta,4,7,0.18421043128721654,1.0,True,M_pro,False,False
batch,run_0009,49.0,Fi;Fo;tau,3,3,0.1396130287830667,0.6666666666666666,False,M_pro,False,False
batch,run_0009,49.0,G,1,0,0.0,,False,M_pro,False,False
batch,run_0009,50.0,I10;IL4;M_NA;M_anti;Tb,5,12,0.1988853367586511,0.75,False,M_pro,False,False
batch,run_0009,50.0,A;ABp;Mh_anti;Mh_pro;P,5,8,0.09472114525354271,0.875,False,M_pro,False,False
batch,run_0009,50.0,ABi;ABm;ABo;N,4,3,0.09933056011619296,1.0,False,M_pro,False,False
batch,run_0009,50.0,IL1;IL12;M_pro;Ta,4,7,0.18607332299078275,1.0,True,M_pro,False,False
batch,run_0009,50.0,Fi;Fo;tau,3,3,0.13753358431680926,0.6666666666666666,False,M_pro,False,False
batch,run_0009,50.0,G,1,0,0.0,,False,M_pro,False,False
batch,run_0009,51.0,I10;IL4;M_NA;M_anti;Tb,5,12,0.19592355922952867,0.75,False,M_pro,False,False
batch,run_0009,51.0,A;ABp;Mh_anti;Mh_pro;P,5,8,0.09899987582982513,0.875,False,M_pro,False,False
batch,run_0009,51.0,ABi;ABm;ABo;N,4,3,0.09562940950014354,1.0,False,M_pro,False,False
batch,run_0009,51.0,IL1;IL12;M_pro;Ta,4,7,0.18751252336002225,1.0,True,M_pro,False,False
batch,run_0009,51.0,Fi;Fo;tau,3,3,0.13549551174069382,0.6666666666666666,False,M_pro,False,False
batch,run_0009,51.0,G,1,0,0.0,,False,M_pro,False,False
batch,run_0009,52.0,I10;IL4;M_NA;M_anti;Tb,5,12,0.19287309070342887,0.75,False,M_pro,False,False
batch,run_0009,52.0,A;ABp;Mh_anti;Mh_pro;P,5,8,0.10317066397297121,0.875,False,M_pro,False,False
batch,run_0009,52.0,ABi;ABm;ABo;N,4,3,0.09227892080815679,1.0,False,M_pro,False,False
batch,run_0009,52.0,IL1;IL12;M_pro;Ta,4,7,0.1886043492913866,1.0,True,M_pro,False,False
batch,run_0009,52.0,Fi;Fo;tau,3,3,0.13351654741766544,0.6666666666666666,False,M_pro,False,False
batch,run_0009,52.0,G,1,0,0.0,,False,M_pro,False,False
batch,run_0009,53.0,I10;IL4;M_NA;M_anti;Tb,5,12,0.18978264210650653,0.75,False,M_pro,False,False
batch,run_0009,53.0,A;ABp;Mh_anti;Mh_pro;P,5,8,0.10719727017808499,0.875,False,M_pro,False,False
batch,run_0009,53.0,ABi;ABm;ABo;N,4,3,0.08923348917850298,1.0,False,M_pro,False,False
batch,run_0009,53.0,IL1;IL12;M_pro;Ta,4,7,0.1894151215095473,1.0,True,M_pro,False,False
batch,run_0009,53.0,Fi;Fo;tau,3,3,0.13161089133035578,0.6666666666666666,False,M_pro,False,False
batch,run_0009,53.0,G,1,0,0.0,,False,M_pro,False,False
batch,run_0009,54.0,I10;IL4;M_NA;M_anti;Tb,5,12,0.18668976220978356,0.75,False,M_pro,False,False
batch,run_0009,54.0,A;ABp;Mh_anti;Mh_pro;P,5,8,0.11105321377321312,0.875,False,M_pro,False,False
batch,run_0009,54.0,ABi;ABm;ABo;N,4,3,0.08645448123710206,1.0,False,M_pro,False,False
batch,run_0009,54.0,IL1;IL12;M_pro;Ta,4,7,0.19000186462227503,1.0,True,M_pro,False,False
batch,run_0009,54.0,Fi;Fo;tau,3,3,0.12978935677431266,0.6666666666666666,False,M_pro,False,False
batch,run_0009,54.0,G,1,0,0.0,,False,M_pro,False,False
batch,run_0009,55.0,I10;IL4;M_NA;M_anti;Tb,5,12,0.1836229671029204,0.75,False,M_pro,False,False
batch,run_0009,55.0,A;ABp;Mh_anti;Mh_pro;P,5,8,0.11472040541894543,0.875,False,M_pro,False,False
batch,run_0009,55.0,ABi;ABm;ABo;N,4,3,0.08390905899244501,1.0,False,M_pro,False,False
batch,run_0009,55.0,IL1;IL12;M_pro;Ta,4,7,0.19041312313849978,1.0,True,M_pro,False,False
batch,run_0009,55.0,Fi;Fo;tau,3,3,0.12805967545079994,0.6666666666666666,False,M_pro,False,False
batch,run_0009,55.0,G,1,0,0.0,,False,M_pro,False,False
batch,run_0009,56.0,I10;IL4;M_NA;M_anti;Tb,5,12,0.18060348167084223,0.75,False,M_pro,False,False
batch,run_0009,56.0,A;ABp;Mh_anti;Mh_pro;P,5,8,0.1181878785938679,0.875,False,M_pro,False,False
batch,run_0009,56.0,ABi;ABm;ABo;N,4,3,0.08156921290805828,1.0,False,M_pro,False,False
batch,run_0009,56.0,IL1;IL12;M_pro;Ta,4,7,0.1906898255044225,1.0,True,M_pro,False,False
batch,run_0009,56.0,Fi;Fo;tau,3,3,0.12642687943945968,0.6666666666666666,False,M_pro,False,False
batch,run_0009,56.0,G,1,0,0.0,,False,M_pro,False,False
batch,run_0009,57.0,I10;IL4;M_NA;M_anti;Tb,5,12,0.17764668964637545,0.75,False,M_pro,False,False
batch,run_0009,57.0,A;ABp;Mh_anti;Mh_pro;P,5,8,0.12145059151247256,0.875,False,M_pro,False,False
batch,run_0009,57.0,ABi;ABm;ABo;N,4,3,0.07941094732183195,1.0,False,M_pro,False,False
batch,run_0009,57.0,IL1;IL12;M_pro;Ta,4,7,0.19086618067838212,1.0,True,M_pro,False,False
batch,run_0009,57.0,Fi;Fo;tau,3,3,0.12489369709582211,0.6666666666666666,False,M_pro,False,False
batch,run_0009,57.0,G,1,0,0.0,,False,M_pro,False,False
batch,run_0009,58.0,I10;IL4;M_NA;M_anti;Tb,5,12,0.17476330744496177,0.75,False,M_pro,False,False
batch,run_0009,58.0,A;ABp;Mh_anti;Mh_pro;P,5,8,0.12450833174914619,0.875,False,M_pro,False,False
batch,run_0009,58.0,ABi;ABm;ABo;N,4,3,0.07741361870215742,1.0,False,M_pro,False,False
batch,run_0009,58.0,IL1;IL12;M_pro;Ta,4,7,0.19097052154829183,1.0,True,M_pro,False,False
batch,run_0009,58.0,Fi;Fo;tau,3,3,0.12346094200214128,0.6666666666666666,False,M_pro,False,False
batch,run_0009,58.0,G,1,0,0.0,,False,M_pro,False,False
batch,run_0009,59.0,I10;IL4;M_NA;M_anti;Tb,5,12,0.1719603285161824,0.75,False,M_pro,False,False
batch,run_0009,59.0,A;ABp;Mh_anti;Mh_pro;P,5,8,0.12736473491540665,0.875,False,M_pro,False,False
batch,run_0009,59.0,ABi;ABm;ABo;N,4,3,0.07555940209679911,1.0,False,M_pro,False,False
batch,run_0009,59.0,IL1;IL12;M_pro;Ta,4,7,0.1910260709984321,1.0,True,M_pro,False,False
batch,run_0009,59.0,Fi;Fo;tau,3,3,0.12212788095468345,0.6666666666666666,False,M_pro,False,False
batch,run_0009,59.0,G,1,0,0.0,,False,M_pro,False,False
batch,run_0009,60.0,I10;IL4;M_NA;M_anti;Tb,5,12,0.16924180002168038,0.75,False,M_pro,False,False
batch,run_0009,60.0,A;ABp;Mh_anti;Mh_pro;P,5,8,0.13002640608594584,0.875,False,M_pro,False,False
batch,run_0009,60.0,ABi;ABm;ABo;N,4,3,0.07383284767144672,1.0,False,M_pro,False,False
batch,run_0009,60.0,IL1;IL12;M_pro;Ta,4,7,0.19105165604272697,1.0,True,M_pro,False,False
batch,run_0009,60.0,Fi;Fo;tau,3,3,0.12089256353695442,0.6666666666666666,False,M_pro,False,False
batch,run_0009,60.0,G,1,0,0.0,,False,M_pro,False,False
batch,run_0009,61.0,I10;IL4;M_NA;M_anti;Tb,5,12,0.16660946042611927,0.75,False,M_pro,False,False
batch,run_0009,61.0,A;ABp;Mh_anti;Mh_pro;P,5,8,0.13250215749335323,0.875,False,M_pro,False,False
batch,run_0009,61.0,ABi;ABm;ABo;N,4,3,0.07222051831204668,1.0,False,M_pro,False,False
batch,run_0009,61.0,IL1;IL12;M_pro;Ta,4,7,0.1910623279919775,1.0,True,M_pro,False,False
batch,run_0009,61.0,Fi;Fo;tau,3,3,0.1197521218335826,0.6666666666666666,False,M_pro,False,False
batch,run_0009,61.0,G,1,0,0.0,,False,M_pro,False,False
batch,run_0009,62.0,I10;IL4;M_NA;M_anti;Tb,5,12,0.16406327217198838,0.75,False,Fo,False,False
batch,run_0009,62.0,A;ABp;Mh_anti;Mh_pro;P,5,8,0.13480233843800726,0.875,False,Fo,False,False
batch,run_0009,62.0,ABi;ABm;ABo;N,4,3,0.07071067934839964,1.0,False,Fo,False,False
batch,run_0009,62.0,IL1;IL12;M_pro;Ta,4,7,0.1910699522311082,1.0,False,Fo,False,False
batch,run_0009,62.0,Fi;Fo;tau,3,3,0.11870301502951891,0.6666666666666666,True,Fo,False,False
batch,run_0009,62.0,G,1,0,0.0,,False,Fo,False,False
batch,run_0009,63.0,I10;IL4;M_NA;M_anti;Tb,5,12,0.16160185269805674,0.75,False,Fo,False,False
batch,run_0009,63.0,A;ABp;Mh_anti;Mh_pro;P,5,8,0.13693827598194244,0.875,False,Fo,False,False
batch,run_0009,63.0,ABi;ABm;ABo;N,4,3,0.06929304651341162,1.0,False,Fo,False,False
batch,run_0009,63.0,IL1;IL12;M_pro;Ta,4,7,0.1910837211319136,1.0,False,Fo,False,False
batch,run_0009,63.0,Fi;Fo;tau,3,3,0.11774123450362828,0.6666666666666666,True,Fo,False,False
batch,run_0009,63.0,G,1,0,0.0,,False,Fo,False,False
batch,run_0009,64.0,I10;IL4;M_NA;M_anti;Mh_anti;Tb,6,16,0.2032973214040329,0.8125,False,Fo,False,False
batch,run_0009,64.0,ABi;ABm;ABo;N,4,3,0.06795857631441644,1.0,False,Fo,False,False
batch,run_0009,64.0,IL1;IL12;M_pro;Ta,4,7,0.19111059597675073,1.0,False,Fo,False,False
batch,run_0009,64.0,A;ABp;Mh_pro;P,4,4,0.10167590877692742,1.0,False,Fo,False,False
batch,run_0009,64.0,Fi;Fo;tau,3,3,0.11686247522266181,0.6666666666666666,True,Fo,False,False
batch,run_0009,64.0,G,1,0,0.0,,False,Fo,False,False
batch,run_0009,65.0,I10;IL4;M_NA;M_anti;Mh_anti;Tb,6,16,0.2018302780310284,0.8125,False,Fo,False,False
batch,run_0009,65.0,ABi;ABm;ABo;N,4,3,0.06669929263383427,1.0,False,Fo,False,False
batch,run_0009,65.0,IL1;IL12;M_pro;Ta,4,7,0.19115568620158424,1.0,False,Fo,False,False
batch,run_0009,65.0,A;ABp;Mh_pro;P,4,4,0.10357480394585893,1.0,False,Fo,False,False
batch,run_0009,65.0,Fi;Fo;tau,3,3,0.11606227594753758,0.6666666666666666,True,Fo,False,False
batch,run_0009,65.0,G,1,0,0.0,,False,Fo,False,False
batch,run_0009,66.0,I10;IL4;M_anti;Mh_anti;Tb,5,12,0.1622098565649393,0.9166666666666666,False,Fo,False,False
batch,run_0009,66.0,A;ABp;Mh_pro;P;Ta,5,7,0.15126852607867308,1.0,False,Fo,False,False
batch,run_0009,66.0,ABi;ABm;ABo;N,4,3,0.06550814110150678,1.0,False,Fo,False,False
batch,run_0009,66.0,IL1;IL12;M_NA;M_pro,4,9,0.1582609784809137,0.7777777777777778,False,Fo,False,False
batch,run_0009,66.0,Fi;Fo;tau,3,3,0.11533613017690324,0.6666666666666666,True,Fo,False,False
batch,run_0009,66.0,G,1,0,0.0,,False,Fo,False,False
batch,run_0009,67.0,I10;IL4;M_anti;Mh_anti;Tb,5,12,0.1613402716268367,0.9166666666666666,False,Fo,False,False
batch,run_0009,67.0,A;ABp;Mh_pro;P;Ta,5,7,0.1541554104841294,1.0,False,Fo,False,False
batch,run_0009,67.0,ABi;ABm;ABo;N,4,3,0.06437886579519006,1.0,False,Fo,False,False
batch,run_0009,67.0,IL1;IL12;M_NA;M_pro,4,9,0.15836139943294492,0.7777777777777778,False,Fo,False,False
batch,run_0009,67.0,Fi;Fo;tau,3,3,0.1146795702232278,0.6666666666666666,True,Fo,False,False
batch,run_0009,67.0,G,1,0,0.0,,False,Fo,False,False
batch,run_0009,68.0,I10;IL4;M_anti;Mh_anti;Tb,5,12,0.16046354311242653,0.9166666666666666,False,Fo,False,False
batch,run_0009,68.0,A;ABp;Mh_pro;P;Ta,5,7,0.15692354209063358,1.0,False,Fo,False,False
batch,run_0009,68.0,ABi;ABm;ABo;N,4,3,0.06330590412661917,1.0,False,Fo,False,False
batch,run_0009,68.0,IL1;IL12;M_NA;M_pro,4,9,0.15849013335566936,0.7777777777777778,False,Fo,False,False
batch,run_0009,68.0,Fi;Fo;tau,3,3,0.11408823561252882,0.6666666666666666,True,Fo,False,False
batch,run_0009,68.0,G,1,0,0.0,,False,Fo,False,False
batch,run_0009,69.0,I10;IL4;M_anti;Mh_anti;Tb,5,12,0.15957957483192933,0.9166666666666666,False,Fo,False,False
batch,run_0009,69.0,A;ABp;Mh_pro;P;Ta,5,7,0.1595796974130062,1.0,False,Fo,False,False
batch,run_0009,69.0,ABi;ABm;ABo;N,4,3,0.062284297402111666,1.0,False,Fo,False,False
batch,run_0009,69.0,IL1;IL12;M_NA;M_pro,4,9,0.15864685807791173,0.7777777777777778,False,Fo,False,False
batch,run_0009,69.0,Fi;Fo;tau,3,3,0.11355791937652926,0.6666666666666666,True,Fo,False,False
batch,run_0009,69.0,G,1,0,0.0,,False,Fo,False,False
batch,run_0009,70.0,I10;IL4;M_anti;Mh_anti;Tb,5,12,0.15868836939112133,0.9166666666666666,False,Fo,False,False
batch,run_0009,70.0,A;ABp;Mh_pro;P;Ta,5,7,0.1621306575836791,1.0,False,Fo,False,False
batch,run_0009,70.0,ABi;ABm;ABo;N,4,3,0.06130961666106696,1.0,False,Fo,False,False
batch,run_0009,70.0,IL1;IL12;M_NA;M_pro,4,9,0.15883084320016563,0.7777777777777778,False,Fo,False,False
batch,run_0009,70.0,Fi;Fo;tau,3,3,0.11308459394591688,0.6666666666666666,True,Fo,False,False
batch,run_0009,70.0,G,1,0,0.0,,False,Fo,False,False
batch,run_0009,71.0,I10;IL4;M_anti;Mh_anti;Tb,5,12,0.15779002832399114,0.9166666666666666,False,Fo,False,False
batch,run_0009,71.0,A;ABp;Mh_pro;P;Ta,5,7,0.16458311662333003,1.0,False,Fo,False,False
batch,run_0009,71.0,ABi;ABm;ABo;N,4,3,0.06037789804624926,1.0,False,Fo,False,False
batch,run_0009,71.0,IL1;IL12;M_NA;M_pro,4,9,0.15904104519299428,0.7777777777777778,False,Fo,False,False
batch,run_0009,71.0,Fi;Fo;tau,3,3,0.11266443584552897,0.6666666666666666,True,Fo,False,False
batch,run_0009,71.0,G,1,0,0.0,,False,Fo,False,False
batch,run_0009,72.0,I10;IL4;M_anti;Mh_anti;Tb,5,12,0.15688474446017941,0.9166666666666666,False,Fo,False,False
batch,run_0009,72.0,A;ABp;Mh_pro;P;Ta,5,7,0.16694361007248767,1.0,False,Fo,False,False
batch,run_0009,72.0,ABi;ABm;ABo;N,4,3,0.05948558732467766,1.0,False,Fo,False,False
batch,run_0009,72.0,IL1;IL12;M_NA;M_pro,4,9,0.1592761882081238,0.7777777777777778,False,Fo,False,False
batch,run_0009,72.0,Fi;Fo;tau,3,3,0.11229383783557875,0.6666666666666666,True,Fo,False,False
batch,run_0009,72.0,G,1,0,0.0,,False,Fo,False,False
batch,run_0009,73.0,I10;IL4;M_anti;Mh_anti;Tb,5,12,0.1559727916494766,0.9166666666666666,False,Fo,False,False
batch,run_0009,73.0,A;ABp;Mh_pro;P;Ta,5,7,0.16921845911294295,1.0,False,Fo,False,False
batch,run_0009,73.0,ABi;ABm;ABo;N,4,3,0.058629491622767364,1.0,False,Fo,False,False
batch,run_0009,73.0,IL1;IL12;M_NA;M_pro,4,9,0.15953483004967836,0.7777777777777778,False,Fo,False,False
batch,run_0009,73.0,Fi;Fo;tau,3,3,0.11196941538276413,0.6666666666666666,True,Fo,False,False
batch,run_0009,73.0,G,1,0,0.0,,False,Fo,False,False
batch,run_0009,74.0,I10;IL4;M_anti;Mh_anti;Tb,5,12,0.15205379869582294,0.9166666666666666,False,Fo,False,False
batch,run_0009,74.0,A;ABp;Mh_pro;P;Ta,5,7,0.16809641869402414,1.0,False,Fo,False,False
batch,run_0009,74.0,Fi;Fo;G;tau,4,4,0.12887911253957393,0.75,True,Fo,False,False
batch,run_0009,74.0,ABi;ABm;ABo;N,4,3,0.056688024948767735,1.0,False,Fo,False,False
batch,run_0009,74.0,IL1;IL12;M_NA;M_pro,4,9,0.15672256592397385,0.7777777777777778,False,Fo,False,False
batch,run_0009,75.0,I10;IL4;M_anti;Mh_anti;Tb,5,12,0.15111659464419894,0.9166666666666666,False,Fo,False,False
batch,run_0009,75.0,A;ABp;Mh_pro;P;Ta,5,7,0.17014206861918998,1.0,False,Fo,False,False
batch,run_0009,75.0,Fi;Fo;G;tau,4,4,0.12881381105862355,0.75,True,Fo,False,False
batch,run_0009,75.0,ABi;ABm;ABo;N,4,3,0.05589998392330199,1.0,False,Fo,False,False
batch,run_0009,75.0,IL1;IL12;M_NA;M_pro,4,9,0.156985565829931,0.7777777777777778,False,Fo,False,False
batch,run_0009,76.0,I10;IL4;M_anti;Mh_anti;Tb,5,12,0.15014266342663243,0.9166666666666666,False,Fo,False,False
batch,run_0009,76.0,A;ABp;Mh_pro;P;Ta,5,7,0.17208355364704866,1.0,False,Fo,False,False
batch,run_0009,76.0,Fi;Fo;G;tau,4,4,0.12894552389176275,0.75,True,Fo,False,False
batch,run_0009,76.0,ABi;ABm;ABo;N,4,3,0.055128692718892876,1.0,False,Fo,False,False
batch,run_0009,76.0,IL1;IL12;M_NA;M_pro,4,9,0.15723353411526023,0.7777777777777778,False,Fo,False,False
batch,run_0009,77.0,I10;IL4;M_anti;Mh_anti;Tb,5,12,0.14913133747632487,0.9166666666666666,False,Fo,False,False
batch,run_0009,77.0,A;ABp;Mh_pro;P;Ta,5,7,0.17392274184653353,1.0,False,Fo,False,False
batch,run_0009,77.0,Fi;Fo;G;tau,4,4,0.12926954037695676,0.75,True,Fo,False,False
batch,run_0009,77.0,ABi;ABm;ABo;N,4,3,0.05437201727988475,1.0,False,Fo,False,False
batch,run_0009,77.0,IL1;IL12;M_NA;M_pro,4,9,0.15746284312822728,0.7777777777777778,False,Fo,False,False
batch,run_0009,78.0,I10;IL4;M_anti;Mh_anti;Tb,5,12,0.14808365299284398,0.9166666666666666,False,Fo,False,False
batch,run_0009,78.0,A;ABp;Mh_pro;P;Ta,5,7,0.17566309407181974,1.0,False,Fo,False,False
batch,run_0009,78.0,Fi;Fo;G;tau,4,4,0.12977669761299396,0.75,True,Fo,False,False
batch,run_0009,78.0,ABi;ABm;ABo;N,4,3,0.053628535805665754,1.0,False,Fo,False,False
batch,run_0009,78.0,IL1;IL12;M_NA;M_pro,4,9,0.15767160174455108,0.7777777777777778,False,Fo,False,False
batch,run_0009,79.0,I10;IL4;M_anti;Mh_anti;Tb,5,12,0.14700184780040096,0.9166666666666666,False,Fo,False,False
batch,run_0009,79.0,A;ABp;Mh_pro;P;Ta,5,7,0.17730923652798472,1.0,False,Fo,False,False
batch,run_0009,79.0,Fi;Fo;G;tau,4,4,0.13045466952894527,0.75,True,Fo,False,False
batch,run_0009,79.0,ABi;ABm;ABo;N,4,3,0.0528973289383133,1.0,False,Fo,False,False
batch,run_0009,79.0,IL1;IL12;M_NA;M_pro,4,9,0.15785920794097924,0.7777777777777778,False,Fo,False,False
batch,run_0009,80.0,I10;IL4;M_anti;Mh_anti;Tb,5,12,0.14588888506067196,0.9166666666666666,False,Fo,False,False
batch,run_0009,80.0,A;ABp;Mh_pro;P;Ta,5,7,0.17886652988819163,1.0,False,Fo,False,False
batch,run_0009,80.0,Fi;Fo;G;tau,4,4,0.13128971800184433,0.75,True,Fo,False,False
batch,run_0009,80.0,ABi;ABm;ABo;N,4,3,0.052177795201832064,1.0,False,Fo,False,False
batch,run_0009,80.0,IL1;IL12;M_NA;M_pro,4,9,0.15802590762888008,0.7777777777777778,False,Fo,False,False
batch,run_0010,30.0,I10;IL4;M_NA;M_anti,4,4,0.14690777532631813,0.5,False,P,False,False
batch,run_0010,30.0,A;P;Ta,3,2,0.4608301429654738,1.0,True,P,False,False
batch,run_0010,30.0,ABm;N,2,1,0.36057365984542394,1.0,False,P,False,False
batch,run_0010,30.0,ABi,1,0,0.0,,False,P,False,False
batch,run_0010,30.0,ABo,1,0,0.0,,False,P,False,False
batch,run_0010,30.0,ABp,1,0,0.0,,False,P,False,False
batch,run_0010,30.0,G,1,0,0.0,,False,P,False,False
batch,run_0010,30.0,tau,1,0,0.0,,False,P,False,False
batch,run_0010,30.0,Fi,1,0,0.0,,False,P,False,False
batch,run_0010,30.0,Fo,1,0,0.0,,False,P,False,False
batch,run_0010,30.0,M_pro,1,0,0.0,,False,P,False,False
batch,run_0010,30.0,Mh_pro,1,0,0.0,,False,P,False,False
batch,run_0010,30.0,Mh_anti,1,0,0.0,,False,P,False,False
batch,run_0010,30.0,Tb,1,0,0.0,,False,P,False,False
batch,run_0010,30.0,IL1,1,0,0.0,,False,P,False,False
batch,run_0010,30.0,IL12,1,0,0.0,,False,P,False,False
batch,run_0010,31.0,ABi;I10;IL1;IL12;IL4;M_NA;M_anti;M_pro;Mh_pro;Ta;Tb,11,36,0.15818448512051436,0.6111111111111112,False,P,False,False
batch,run_0010,31.0,ABm;ABo;ABp;N,4,3,0.3137924857259813,1.0,False,P,False,False
batch,run_0010,31.0,Fi;Fo;tau,3,3,0.02952730574184286,0.6666666666666666,False,P,False,False
batch,run_0010,31.0,A;Mh_anti;P,3,2,0.37394461525163947,1.0,True,P,False,False
batch,run_0010,31.0,G,1,0,0.0,,False,P,False,False
batch,run_0010,32.0,ABi;I10;IL1;IL12;IL4;M_NA;M_anti;M_pro;Mh_pro;Ta;Tb,11,36,0.17339468153363688,0.6111111111111112,False,P,False,False
batch,run_0010,32.0,ABm;ABo;ABp;N,4,3,0.29803509512559395,1.0,False,P,False,False
batch,run_0010,32.0,Fi;Fo;tau,3,3,0.07255619105866701,0.6666666666666666,False,P,False,False
batch,run_0010,32.0,A;Mh_anti;P,3,2,0.3033970362712792,1.0,True,P,False,False
batch,run_0010,32.0,G,1,0,0.0,,False,P,False,False
batch,run_0010,33.0,I10;IL1;IL12;IL4;M_NA;M_anti;M_pro;Mh_pro;Ta;Tb,10,38,0.19911606002927057,0.6052631578947368,False,ABm,False,False
batch,run_0010,33.0,ABi;ABm;ABo;ABp;N,5,4,0.28782416418343515,1.0,True,ABm,False,False
batch,run_0010,33.0,Fi;Fo;tau,3,3,0.10317006923221174,0.6666666666666666,False,ABm,False,False
batch,run_0010,33.0,A;Mh_anti;P,3,2,0.241415363786362,1.0,False,ABm,False,False
batch,run_0010,33.0,G,1,0,0.0,,False,ABm,False,False
batch,run_0010,34.0,I10;IL1;IL12;IL4;M_NA;M_anti;M_pro;Mh_pro;Ta;Tb,10,39,0.2305138937784694,0.6153846153846154,False,ABm,False,False
batch,run_0010,34.0,ABi;Fi;Fo;tau,4,4,0.12156371398268825,0.5,False,ABm,False,False
batch,run_0010,34.0,ABm;ABo;ABp;N,4,3,0.27636941225607836,1.0,True,ABm,False,False
batch,run_0010,34.0,A;Mh_anti;P,3,2,0.1933571564637958,1.0,False,ABm,False,False
batch,run_0010,34.0,G,1,0,0.0,,False,ABm,False,False
batch,run_0010,35.0,I10;IL1;IL12;IL4;M_NA;M_anti;M_pro;Mh_pro;Ta;Tb,10,39,0.26246071058632947,0.6153846153846154,False,ABo,False,False
batch,run_0010,35.0,ABi;Fi;Fo;tau,4,4,0.1322239277450713,0.5,False,ABo,False,False
batch,run_0010,35.0,ABm;ABo;ABp;N,4,3,0.26411380832855486,1.0,True,ABo,False,False
batch,run_0010,35.0,A;Mh_anti;P,3,2,0.15735358644001443,1.0,False,ABo,False,False
batch,run_0010,35.0,G,1,0,0.0,,False,ABo,False,False
batch,run_0010,36.0,I10;IL1;IL12;IL4;M_NA;M_anti;M_pro;Mh_pro;Ta;Tb,10,39,0.29276298320076655,0.6153846153846154,False,ABo,False,False
batch,run_0010,36.0,ABi;Fi;Fo;tau,4,4,0.13873622476752076,0.5,False,ABo,False,False
batch,run_0010,36.0,ABm;ABo;ABp;N,4,3,0.25127822520129073,1.0,True,ABo,False,False
batch,run_0010,36.0,A;Mh_anti;P,3,2,0.13027804977481522,1.0,False,ABo,False,False
batch,run_0010,36.0,G,1,0,0.0,,False,ABo,False,False
batch,run_0010,37.0,I10;IL1;IL12;IL4;M_NA;M_anti;M_pro;Mh_pro;Ta;Tb,10,39,0.32081434732877717,0.6153846153846154,False,ABo,False,False
batch,run_0010,37.0,ABi;Fi;Fo;tau,4,4,0.1429332948338754,0.5,False,ABo,False,False
batch,run_0010,37.0,ABm;ABo;ABp;N,4,3,0.23824898878439543,1.0,True,ABo,False,False
batch,run_0010,37.0,A;Mh_anti;P,3,2,0.10963034745966029,1.0,False,ABo,False,False
batch,run_0010,37.0,G,1,0,0.0,,False,ABo,False,False
batch,run_0010,38.0,I10;IL4;M_NA;M_anti;Tb,5,12,0.1306520714576263,0.75,False,ABo,False,False
batch,run_0010,38.0,ABi;Fi;Fo;tau,4,4,0.14569921879241207,0.5,False,ABo,False,False
batch,run_0010,38.0,ABm;ABo;ABp;N,4,3,0.2253945724108243,1.0,True,ABo,False,False
batch,run_0010,38.0,IL1;IL12;M_pro;Ta,4,7,0.10472419436631511,1.0,False,ABo,False,False
batch,run_0010,38.0,A;Mh_anti;Mh_pro;P,4,6,0.1160964650925734,0.8333333333333334,False,ABo,False,False
batch,run_0010,38.0,G,1,0,0.0,,False,ABo,False,False
batch,run_0010,39.0,I10;IL4;M_NA;M_anti;Tb,5,12,0.14271584073057686,0.75,False,ABo,False,False
batch,run_0010,39.0,ABi;Fi;Fo;tau,4,4,0.14749080914387233,0.5,False,ABo,False,False
batch,run_0010,39.0,ABm;ABo;ABp;N,4,3,0.21307599105410258,1.0,True,ABo,False,False
batch,run_0010,39.0,IL1;IL12;M_pro;Ta,4,7,0.11663206565087875,1.0,False,ABo,False,False
batch,run_0010,39.0,A;Mh_anti;Mh_pro;P,4,6,0.10196892814237861,0.8333333333333334,False,ABo,False,False
batch,run_0010,39.0,G,1,0,0.0,,False,ABo,False,False
batch,run_0010,40.0,I10;IL4;M_NA;M_anti;Tb,5,12,0.15293759873179033,0.75,False,ABo,False,False
batch,run_0010,40.0,ABi;Fi;Fo;tau,4,4,0.14856027710287223,0.5,False,ABo,False,False
batch,run_0010,40.0,ABm;ABo;ABp;N,4,3,0.2015515007124909,1.0,True,ABo,False,False
batch,run_0010,40.0,IL1;IL12;M_pro;Ta,4,7,0.12745818790203614,1.0,False,ABo,False,False
batch,run_0010,40.0,A;Mh_anti;Mh_pro;P,4,6,0.09139979642615334,0.8333333333333334,False,ABo,False,False
batch,run_0010,40.0,G,1,0,0.0,,False,ABo,False,False
batch,run_0010,41.0,I10;IL4;M_NA;M_anti;Tb,5,12,0.1614004882628184,0.75,False,M_pro,False,False
batch,run_0010,41.0,ABi;Fi;Fo;tau,4,4,0.14904494358397186,0.5,False,M_pro,False,False
batch,run_0010,41.0,ABm;ABo;ABp;N,4,3,0.19093725281478433,1.0,False,M_pro,False,False
batch,run_0010,41.0,IL1;IL12;M_pro;Ta,4,7,0.13728061769721375,1.0,True,M_pro,False,False
batch,run_0010,41.0,A;Mh_anti;Mh_pro;P,4,6,0.08367788284188815,1.0,False,M_pro,False,False
batch,run_0010,41.0,G,1,0,0.0,,False,M_pro,False,False
batch,run_0010,42.0,I10;IL4;M_NA;M_anti;Tb,5,12,0.16827539100005004,0.75,False,M_pro,False,False
batch,run_0010,42.0,ABi;Fi;Fo;tau,4,4,0.14903393484104643,0.5,False,M_pro,False,False
batch,run_0010,42.0,ABm;ABo;ABp;N,4,3,0.18125513440744578,1.0,False,M_pro,False,False
batch,run_0010,42.0,IL1;IL12;M_pro;Ta,4,7,0.14614358513937906,1.0,True,M_pro,False,False
batch,run_0010,42.0,A;Mh_anti;Mh_pro;P,4,6,0.07822256094864045,1.0,False,M_pro,False,False
batch,run_0010,42.0,G,1,0,0.0,,False,M_pro,False,False
batch,run_0010,43.0,I10;IL4;M_NA;M_anti;Tb,5,12,0.1737536794609246,0.75,False,M_pro,False,False
batch,run_0010,43.0,ABi;Fi;Fo;tau,4,4,0.14859395333868827,0.5,False,M_pro,False,False
batch,run_0010,43.0,ABm;ABo;ABp;N,4,3,0.1724664044756954,1.0,False,M_pro,False,False
batch,run_0010,43.0,IL1;IL12;M_pro;Ta,4,7,0.15408134152047764,1.0,True,M_pro,False,False
batch,run_0010,43.0,A;Mh_anti;Mh_pro;P,4,6,0.07458080852383367,1.0,False,M_pro,False,False
batch,run_0010,43.0,G,1,0,0.0,,False,M_pro,False,False
batch,run_0010,44.0,I10;IL4;M_NA;M_anti;Tb,5,12,0.17801829249598375,0.75,False,M_pro,False,False
batch,run_0010,44.0,A;ABp;Mh_anti;Mh_pro;P,5,8,0.08512027715376087,0.875,False,M_pro,False,False
batch,run_0010,44.0,ABi;Fi;Fo;tau,4,4,0.14778303035107007,0.5,False,M_pro,False,False
batch,run_0010,44.0,IL1;IL12;M_pro;Ta,4,7,0.1611301573953846,1.0,True,M_pro,False,False
batch,run_0010,44.0,ABm;ABo;N,3,2,0.1493063754881725,1.0,False,M_pro,False,False
batch,run_0010,44.0,G,1,0,0.0,,False,M_pro,False,False
batch,run_0010,45.0,I10;IL4;M_NA;M_anti;Tb,5,12,0.1812364898224001,0.75,False,M_pro,False,False
batch,run_0010,45.0,A;ABp;Mh_anti;Mh_pro;P,5,8,0.08524970623079794,0.875,False,M_pro,False,False
batch,run_0010,45.0,ABi;ABm;ABo;N,4,3,0.14284182000520795,1.0,False,M_pro,False,False
batch,run_0010,45.0,IL1;IL12;M_pro;Ta,4,7,0.16733450302120012,1.0,True,M_pro,False,False
batch,run_0010,45.0,Fi;Fo;tau,3,3,0.14617817093268004,0.6666666666666666,False,M_pro,False,False
batch,run_0010,45.0,G,1,0,0.0,,False,M_pro,False,False
batch,run_0010,46.0,I10;IL4;M_NA;M_anti;Tb,5,12,0.18355743935869553,0.75,False,M_pro,False,False
batch,run_0010,46.0,A;ABp;Mh_anti;Mh_pro;P,5,8,0.08629840185373802,0.875,False,M_pro,False,False
batch,run_0010,46.0,ABi;ABm;ABo;N,4,3,0.13655229860787785,1.0,False,M_pro,False,False
batch,run_0010,46.0,IL1;IL12;M_pro;Ta,4,7,0.17274663486478403,1.0,True,M_pro,False,False
batch,run_0010,46.0,Fi;Fo;tau,3,3,0.14480176713022214,0.6666666666666666,False,M_pro,False,False
batch,run_0010,46.0,G,1,0,0.0,,False,M_pro,False,False
batch,run_0010,47.0,I10;IL4;M_NA;M_anti;Tb,5,12,0.1851124980865516,0.75,False,M_pro,False,False
batch,run_0010,47.0,A;ABp;Mh_anti;Mh_pro;P,5,8,0.08808307075046432,0.875,False,M_pro,False,False
batch,run_0010,47.0,ABi;ABm;ABo;N,4,3,0.13088252347709006,1.0,False,M_pro,False,False
batch,run_0010,47.0,IL1;IL12;M_pro;Ta,4,7,0.17742429500249005,1.0,True,M_pro,False,False
batch,run_0010,47.0,Fi;Fo;tau,3,3,0.1432224743719401,0.6666666666666666,False,M_pro,False,False
batch,run_0010,47.0,G,1,0,0.0,,False,M_pro,False,False
batch,run_0010,48.0,I10;IL4;M_NA;M_anti;Tb,5,12,0.18601667660442844,0.75,False,M_pro,False,False
batch,run_0010,48.0,A;ABp;Mh_anti;Mh_pro;P,5,8,0.09045272777364372,0.875,False,M_pro,False,False
batch,run_0010,48.0,ABi;ABm;ABo;N,4,3,0.12575501241835485,1.0,False,M_pro,False,False
batch,run_0010,48.0,IL1;IL12;M_pro;Ta,4,7,0.1814281394287856,1.0,True,M_pro,False,False
batch,run_0010,48.0,Fi;Fo;tau,3,3,0.14148975592289453,0.6666666666666666,False,M_pro,False,False
batch,run_0010,48.0,G,1,0,0.0,,False,M_pro,False,False
batch,run_0010,49.0,I10;IL4;M_NA;M_anti;Tb,5,12,0.18637046478387725,0.75,False,M_pro,False,False
batch,run_0010,49.0,A;ABp;Mh_anti;Mh_pro;P,5,8,0.09328181771719139,0.875,False,M_pro,False,False
batch,run_0010,49.0,ABi;ABm;ABo;N,4,3,0.12110196937308772,1.0,False,M_pro,False,False
batch,run_0010,49.0,IL1;IL12;M_pro;Ta,4,7,0.18481959308238494,1.0,True,M_pro,False,False
batch,run_0010,49.0,Fi;Fo;tau,3,3,0.13964802625274855,0.6666666666666666,False,M_pro,False,False
batch,run_0010,49.0,G,1,0,0.0,,False,M_pro,False,False
batch,run_0010,50.0,I10;IL4;M_NA;M_anti;Tb,5,12,0.18626147085114897,0.75,False,M_pro,False,False
batch,run_0010,50.0,A;ABp;Mh_anti;Mh_pro;P,5,8,0.09646523244035855,0.875,False,M_pro,False,False
batch,run_0010,50.0,ABi;ABm;ABo;N,4,3,0.11686454497152238,1.0,False,M_pro,False,False
batch,run_0010,50.0,IL1;IL12;M_pro;Ta,4,7,0.18765914855384708,1.0,True,M_pro,False,False
batch,run_0010,50.0,Fi;Fo;tau,3,3,0.1377360097625785,0.6666666666666666,False,M_pro,False,False
batch,run_0010,50.0,G,1,0,0.0,,False,M_pro,False,False
batch,run_0010,51.0,I10;IL4;M_NA;M_anti;Tb,5,12,0.185766054885975,0.75,False,M_pro,False,False
batch,run_0010,51.0,A;ABp;Mh_anti;Mh_pro;P,5,8,0.0999145614730069,0.875,False,M_pro,False,False
batch,run_0010,51.0,ABi;ABm;ABo;N,4,3,0.11299183407797683,1.0,False,M_pro,False,False
batch,run_0010,51.0,IL1;IL12;M_pro;Ta,4,7,0.19000508934366125,1.0,True,M_pro,False,False
batch,run_0010,51.0,Fi;Fo;tau,3,3,0.1357866432071025,0.6666666666666666,False,M_pro,False,False
batch,run_0010,51.0,G,1,0,0.0,,False,M_pro,False,False
batch,run_0010,52.0,I10;IL4;M_NA;M_anti;Tb,5,12,0.18495069517714488,0.75,False,M_pro,False,False
batch,run_0010,52.0,A;ABp;Mh_anti;Mh_pro;P,5,8,0.10355530835046518,0.875,False,M_pro,False,False
batch,run_0010,52.0,ABi;ABm;ABo;N,4,3,0.10943992191941508,1.0,False,M_pro,False,False
batch,run_0010,52.0,IL1;IL12;M_pro;Ta,4,7,0.19191266207213653,1.0,True,M_pro,False,False
batch,run_0010,52.0,Fi;Fo;tau,3,3,0.13382729936507745,0.6666666666666666,False,M_pro,False,False
batch,run_0010,52.0,G,1,0,0.0,,False,M_pro,False,False
batch,run_0010,53.0,I10;IL4;M_NA;M_anti;Tb,5,12,0.18387320386957481,0.75,False,M_pro,False,False
batch,run_0010,53.0,A;ABp;Mh_anti;Mh_pro;P,5,8,0.10732473336281181,0.875,False,M_pro,False,False
batch,run_0010,53.0,ABi;ABm;ABo;N,4,3,0.10617096051174382,1.0,False,M_pro,False,False
batch,run_0010,53.0,IL1;IL12;M_pro;Ta,4,7,0.19343356519049493,1.0,True,M_pro,False,False
batch,run_0010,53.0,Fi;Fo;tau,3,3,0.1318802298277767,0.6666666666666666,False,M_pro,False,False
batch,run_0010,53.0,G,1,0,0.0,,False,M_pro,False,False
batch,run_0010,54.0,I10;IL4;M_NA;M_anti;Tb,5,12,0.182583697175176,0.75,False,M_pro,False,False
batch,run_0010,54.0,A;ABp;Mh_anti;Mh_pro;P,5,8,0.11117018168626952,0.875,False,M_pro,False,False
batch,run_0010,54.0,ABi;ABm;ABo;N,4,3,0.10315235734562732,1.0,False,M_pro,False,False
batch,run_0010,54.0,IL1;IL12;M_pro;Ta,4,7,0.19461562553160713,1.0,True,M_pro,False,False
batch,run_0010,54.0,Fi;Fo;tau,3,3,0.12996312970535712,0.6666666666666666,False,M_pro,False,False
batch,run_0010,54.0,G,1,0,0.0,,False,M_pro,False,False
batch,run_0010,55.0,I10;IL4;M_NA;M_anti;Tb,5,12,0.1811254891817569,0.75,False,M_pro,False,False
batch,run_0010,55.0,A;ABp;Mh_anti;Mh_pro;P,5,8,0.11504770400180118,0.875,False,M_pro,False,False
batch,run_0010,55.0,ABi;ABm;ABo;N,4,3,0.1003560278333502,1.0,False,M_pro,False,False
batch,run_0010,55.0,IL1;IL12;M_pro;Ta,4,7,0.19550267021194714,1.0,True,M_pro,False,False
batch,run_0010,55.0,Fi;Fo;tau,3,3,0.1280897447395689,0.6666666666666666,False,M_pro,False,False
batch,run_0010,55.0,G,1,0,0.0,,False,M_pro,False,False
batch,run_0010,56.0,I10;IL4;M_NA;M_anti;Tb,5,12,0.17953591082614687,0.75,False,M_pro,False,False
batch,run_0010,56.0,A;ABp;Mh_anti;Mh_pro;P,5,8,0.11892089199102339,0.875,False,M_pro,False,False
batch,run_0010,56.0,ABi;ABm;ABo;N,4,3,0.09775772532112796,1.0,False,M_pro,False,False
batch,run_0010,56.0,IL1;IL12;M_pro;Ta,4,7,0.19613454888171045,1.0,True,M_pro,False,False
batch,run_0010,56.0,Fi;Fo;tau,3,3,0.1262704606515809,0.6666666666666666,False,M_pro,False,False
batch,run_0010,56.0,G,1,0,0.0,,False,M_pro,False,False
batch,run_0010,57.0,I10;IL4;M_NA;M_anti;Tb,5,12,0.17784700377479226,0.75,False,M_pro,False,False
batch,run_0010,57.0,A;ABp;Mh_anti;Mh_pro;P,5,8,0.12275989987326402,0.875,False,M_pro,False,False
batch,run_0010,57.0,ABi;ABm;ABo;N,4,3,0.09533647856070736,1.0,False,M_pro,False,False
batch,run_0010,57.0,IL1;IL12;M_pro;Ta,4,7,0.1965472333424378,1.0,True,M_pro,False,False
batch,run_0010,57.0,Fi;Fo;tau,3,3,0.12451284763994419,0.6666666666666666,False,M_pro,False,False
batch,run_0010,57.0,G,1,0,0.0,,False,M_pro,False,False
batch,run_0010,58.0,I10;IL4;M_NA;M_anti;Tb,5,12,0.1760861170454633,0.75,False,M_pro,False,False
batch,run_0010,58.0,A;ABp;Mh_anti;Mh_pro;P,5,8,0.1265406018367742,0.875,False,M_pro,False,False
batch,run_0010,58.0,ABi;ABm;ABo;N,4,3,0.09307411718789065,1.0,False,M_pro,False,False
batch,run_0010,58.0,IL1;IL12;M_pro;Ta,4,7,0.19677297137327474,1.0,True,M_pro,False,False
batch,run_0010,58.0,Fi;Fo;tau,3,3,0.1228221496438655,0.6666666666666666,False,M_pro,False,False
batch,run_0010,58.0,G,1,0,0.0,,False,M_pro,False,False
batch,run_0010,59.0,I10;IL4;M_NA;M_anti;Tb,5,12,0.17427644286794305,0.75,False,M_pro,False,False
batch,run_0010,59.0,A;ABp;Mh_anti;Mh_pro;P,5,8,0.13024384402990857,0.875,False,M_pro,False,False
batch,run_0010,59.0,ABi;ABm;ABo;N,4,3,0.09095485890834998,1.0,False,M_pro,False,False
batch,run_0010,59.0,IL1;IL12;M_pro;Ta,4,7,0.1968404812010936,1.0,True,M_pro,False,False
batch,run_0010,59.0,Fi;Fo;tau,3,3,0.12120171948902839,0.6666666666666666,False,M_pro,False,False
batch,run_0010,59.0,G,1,0,0.0,,False,M_pro,False,False
batch,run_0010,60.0,I10;IL4;M_NA;M_anti;Tb,5,12,0.17243750003899988,0.75,False,M_pro,False,False
batch,run_0010,60.0,A;ABp;Mh_anti;Mh_pro;P,5,8,0.13385477622201028,0.875,False,M_pro,False,False
batch,run_0010,60.0,ABi;ABm;ABo;N,4,3,0.08896496123275122,1.0,False,M_pro,False,False
batch,run_0010,60.0,IL1;IL12;M_pro;Ta,4,7,0.1967751683596895,1.0,True,M_pro,False,False
batch,run_0010,60.0,Fi;Fo;tau,3,3,0.11965339876152153,0.6666666666666666,False,M_pro,False,False
batch,run_0010,60.0,G,1,0,0.0,,False,M_pro,False,False
batch,run_0010,61.0,I10;IL4;M_NA;M_anti;Tb,5,12,0.17058559297089168,0.75,False,M_pro,False,False
batch,run_0010,61.0,A;ABp;Mh_anti;Mh_pro;P,5,8,0.13736224203905537,0.875,False,M_pro,False,False
batch,run_0010,61.0,ABi;ABm;ABo;N,4,3,0.08709241252052383,1.0,False,M_pro,False,False
batch,run_0010,61.0,IL1;IL12;M_pro;Ta,4,7,0.1965993847095481,1.0,True,M_pro,False,False
batch,run_0010,61.0,Fi;Fo;tau,3,3,0.11817783009735008,0.6666666666666666,False,M_pro,False,False
batch,run_0010,61.0,G,1,0,0.0,,False,M_pro,False,False
batch,run_0010,62.0,I10;IL4;M_NA;M_anti;Tb,5,12,0.16873422145799719,0.75,False,M_pro,False,False
batch,run_0010,62.0,A;ABp;Mh_anti;Mh_pro;P,5,8,0.14075823637347556,0.875,False,M_pro,False,False
batch,run_0010,62.0,ABi;ABm;ABo;N,4,3,0.08532667583656983,1.0,False,M_pro,False,False
batch,run_0010,62.0,IL1;IL12;M_pro;Ta,4,7,0.19633268870353388,1.0,True,M_pro,False,False
batch,run_0010,62.0,Fi;Fo;tau,3,3,0.11677471630994679,0.6666666666666666,False,M_pro,False,False
batch,run_0010,62.0,G,1,0,0.0,,False,M_pro,False,False
batch,run_0010,63.0,I10;IL4;M_NA;M_anti;Tb,5,12,0.1668944413268092,0.75,False,M_pro,False,False
batch,run_0010,63.0,A;ABp;Mh_anti;Mh_pro;P,5,8,0.14403742375174475,0.875,False,M_pro,False,False
batch,run_0010,63.0,ABi;ABm;ABo;N,4,3,0.08365847370523637,1.0,False,M_pro,False,False
batch,run_0010,63.0,IL1;IL12;M_pro;Ta,4,7,0.19599209546271362,1.0,True,M_pro,False,False
batch,run_0010,63.0,Fi;Fo;tau,3,3,0.1154430380164912,0.6666666666666666,False,M_pro,False,False
batch,run_0010,63.0,G,1,0,0.0,,False,M_pro,False,False
batch,run_0010,64.0,I10;IL4;M_NA;M_anti;Tb,5,12,0.1650751830573047,0.75,False,M_pro,False,False
batch,run_0010,64.0,A;ABp;Mh_anti;Mh_pro;P,5,8,0.14719671202198453,0.875,False,M_pro,False,False
batch,run_0010,64.0,ABi;ABm;ABo;N,4,3,0.08207960985016269,1.0,False,M_pro,False,False
batch,run_0010,64.0,IL1;IL12;M_pro;Ta,4,7,0.19559231677818603,1.0,True,M_pro,False,False
batch,run_0010,64.0,Fi;Fo;tau,3,3,0.11418123320392352,0.6666666666666666,False,M_pro,False,False
batch,run_0010,64.0,G,1,0,0.0,,False,M_pro,False,False
batch,run_0010,65.0,I10;IL4;M_NA;M_anti;Tb,5,12,0.1632835412912673,0.75,False,M_pro,False,False
batch,run_0010,65.0,A;ABp;Mh_anti;Mh_pro;P,5,8,0.1502348740534942,0.875,False,M_pro,False,False
batch,run_0010,65.0,ABi;ABm;ABo;N,4,3,0.08058281723442498,1.0,False,M_pro,False,False
batch,run_0010,65.0,IL1;IL12;M_pro;Ta,4,7,0.19514600038873697,1.0,True,M_pro,False,False
batch,run_0010,65.0,Fi;Fo;tau,3,3,0.11298733909863488,0.6666666666666666,False,M_pro,False,False
batch,run_0010,65.0,G,1,0,0.0,,False,M_pro,False,False
batch,run_0010,66.0,I10;IL4;M_NA;M_anti;Tb,5,12,0.16152503112144176,0.75,False,M_pro,False,False
batch,run_0010,66.0,A;ABp;Mh_anti;Mh_pro;P,5,8,0.1531522078381163,0.875,False,M_pro,False,False
batch,run_0010,66.0,ABi;ABm;ABo;N,4,3,0.07916163033130844,1.0,False,M_pro,False,False
batch,run_0010,66.0,IL1;IL12;M_pro;Ta,4,7,0.1946639346724528,1.0,True,M_pro,False,False
batch,run_0010,66.0,Fi;Fo;tau,3,3,0.11185912379349526,0.6666666666666666,False,M_pro,False,False
batch,run_0010,66.0,G,1,0,0.0,,False,M_pro,False,False
batch,run_0010,67.0,I10;IL4;M_NA;M_anti;Tb,5,12,0.1598038281706787,0.75,False,M_pro,False,False
batch,run_0010,67.0,A;ABp;Mh_anti;Mh_pro;P,5,8,0.15595024224839832,0.875,False,M_pro,False,False
batch,run_0010,67.0,ABi;ABm;ABo;N,4,3,0.07781027151830101,1.0,False,M_pro,False,False
batch,run_0010,67.0,IL1;IL12;M_pro;Ta,4,7,0.19415527629041573,1.0,True,M_pro,False,False
batch,run_0010,67.0,Fi;Fo;tau,3,3,0.11079416829153016,0.6666666666666666,False,M_pro,False,False
batch,run_0010,67.0,G,1,0,0.0,,False,M_pro,False,False
batch,run_0010,68.0,I10;IL4;M_NA;M_anti;Tb,5,12,0.1581229720393868,0.75,False,M_pro,False,False
batch,run_0010,68.0,A;ABp;Mh_anti;Mh_pro;P,5,8,0.15863148408280678,0.875,False,M_pro,False,False
batch,run_0010,68.0,ABi;ABm;ABo;N,4,3,0.07652355858705037,1.0,False,M_pro,False,False
batch,run_0010,68.0,IL1;IL12;M_pro;Ta,4,7,0.19362774183148038,1.0,True,M_pro,False,False
batch,run_0010,68.0,Fi;Fo;tau,3,3,0.10978994021387177,0.6666666666666666,False,M_pro,False,False
batch,run_0010,68.0,G,1,0,0.0,,False,M_pro,False,False
batch,run_0010,69.0,I10;IL4;M_NA;M_anti;Tb,5,12,0.1564845496349951,0.75,False,M_pro,False,False
batch,run_0010,69.0,A;ABp;Mh_anti;Mh_pro;P,5,8,0.16119919185723677,0.875,False,M_pro,False,False
batch,run_0010,69.0,ABi;ABm;ABo;N,4,3,0.07529682629641507,1.0,False,M_pro,False,False
batch,run_0010,69.0,IL1;IL12;M_pro;Ta,4,7,0.19308777762686638,1.0,True,M_pro,False,False
batch,run_0010,69.0,Fi;Fo;tau,3,3,0.10884385986833227,0.6666666666666666,False,M_pro,False,False
batch,run_0010,69.0,G,1,0,0.0,,False,M_pro,False,False
batch,run_0010,70.0,I10;IL4;M_NA;M_anti;Tb,5,12,0.1548898538752621,0.75,False,M_pro,False,False
batch,run_0010,70.0,A;ABp;Mh_anti;Mh_pro;P,5,8,0.16365719829021824,0.875,False,M_pro,False,False
batch,run_0010,70.0,ABi;ABm;ABo;N,4,3,0.0741258588255195,1.0,False,M_pro,False,False
batch,run_0010,70.0,IL1;IL12;M_pro;Ta,4,7,0.19254073819263118,1.0,True,M_pro,False,False
batch,run_0010,70.0,Fi;Fo;tau,3,3,0.10795332863912743,0.6666666666666666,False,M_pro,False,False
batch,run_0010,70.0,G,1,0,0.0,,False,M_pro,False,False
batch,run_0010,71.0,I10;IL4;M_NA;M_anti;Tb,5,12,0.15333951568454934,0.75,False,M_pro,False,False
batch,run_0010,71.0,A;ABp;Mh_anti;Mh_pro;P,5,8,0.16600975183359287,0.875,False,M_pro,False,False
batch,run_0010,71.0,ABi;ABm;ABo;N,4,3,0.07300683640088118,1.0,False,M_pro,False,False
batch,run_0010,71.0,IL1;IL12;M_pro;Ta,4,7,0.191991017016976,1.0,True,M_pro,False,False
batch,run_0010,71.0,Fi;Fo;tau,3,3,0.10711577288335739,0.6666666666666666,False,M_pro,False,False
batch,run_0010,71.0,G,1,0,0.0,,False,M_pro,False,False
batch,run_0010,72.0,I10;IL4;M_NA;M_anti;Tb,5,12,0.15183362482256701,0.75,False,M_pro,False,False
batch,run_0010,72.0,A;ABp;Mh_anti;Mh_pro;P,5,8,0.16826138319678735,0.875,False,M_pro,False,False
batch,run_0010,72.0,ABi;ABm;ABo;N,4,3,0.07193628647415871,1.0,False,M_pro,False,False
batch,run_0010,72.0,IL1;IL12;M_pro;Ta,4,7,0.19144217793196255,1.0,True,M_pro,False,False
batch,run_0010,72.0,Fi;Fo;tau,3,3,0.10632866971106483,0.6666666666666666,False,M_pro,False,False
batch,run_0010,72.0,G,1,0,0.0,,False,M_pro,False,False
batch,run_0010,73.0,I10;IL4;M_NA;M_anti;Tb,5,12,0.1503718330060562,0.75,False,M_pro,False,False
batch,run_0010,73.0,A;ABp;Mh_anti;Mh_pro;P,5,8,0.17041679556475314,0.875,False,M_pro,False,False
batch,run_0010,73.0,ABi;ABm;ABo;N,4,3,0.0709110426778831,1.0,False,M_pro,False,False
batch,run_0010,73.0,IL1;IL12;M_pro;Ta,4,7,0.19089707144297707,1.0,True,M_pro,False,False
batch,run_0010,73.0,Fi;Fo;tau,3,3,0.10558956564533885,0.6666666666666666,False,M_pro,False,False
batch,run_0010,73.0,G,1,0,0.0,,False,M_pro,False,False
batch,run_0010,74.0,I10;IL4;M_NA;M_anti;Tb,5,12,0.1462106522787849,0.75,False,M_pro,False,False
batch,run_0010,74.0,A;ABp;Mh_anti;Mh_pro;P,5,8,0.16930473549888583,0.875,False,M_pro,False,False
batch,run_0010,74.0,Fi;Fo;G;tau,4,4,0.12137832557902584,0.75,False,M_pro,False,False
batch,run_0010,74.0,ABi;ABm;ABo;N,4,3,0.0686405651713751,1.0,False,M_pro,False,False
batch,run_0010,74.0,IL1;IL12;M_pro;Ta,4,7,0.18685272451200796,1.0,True,M_pro,False,False
batch,run_0010,75.0,I10;IL4;M_NA;M_anti;Tb,5,12,0.14483780653420888,0.75,False,M_pro,False,False
batch,run_0010,75.0,A;ABp;Mh_anti;Mh_pro;P,5,8,0.1712193313942916,0.875,False,M_pro,False,False
batch,run_0010,75.0,Fi;Fo;G;tau,4,4,0.1208716328293701,0.75,False,M_pro,False,False
batch,run_0010,75.0,ABi;ABm;ABo;N,4,3,0.06770450504902548,1.0,False,M_pro,False,False
batch,run_0010,75.0,IL1;IL12;M_pro;Ta,4,7,0.18630245842765408,1.0,True,M_pro,False,False
batch,run_0010,76.0,I10;IL4;M_NA;M_anti;Mh_anti;Tb,6,16,0.18896024238321343,0.8125,False,M_pro,False,False
batch,run_0010,76.0,Fi;Fo;G;tau,4,4,0.12056372465953555,0.75,False,M_pro,False,False
batch,run_0010,76.0,ABi;ABm;ABo;N,4,3,0.06679256519282814,1.0,False,M_pro,False,False
batch,run_0010,76.0,IL1;IL12;M_pro;Ta,4,7,0.18572503520702383,1.0,True,M_pro,False,False
batch,run_0010,76.0,A;ABp;Mh_pro;P,4,4,0.12863715162829045,1.0,False,M_pro,False,False
batch,run_0010,77.0,I10;IL4;M_NA;M_anti;Mh_anti;Tb,6,16,0.18820873872846625,0.8125,False,M_pro,False,False
batch,run_0010,77.0,Fi;Fo;G;tau,4,4,0.12045279169927547,0.75,False,M_pro,False,False
batch,run_0010,77.0,ABi;ABm;ABo;N,4,3,0.06590263747280309,1.0,False,M_pro,False,False
batch,run_0010,77.0,IL1;IL12;M_pro;Ta,4,7,0.18512023466282,1.0,True,M_pro,False,False
batch,run_0010,77.0,A;ABp;Mh_pro;P,4,4,0.13015080431220796,1.0,False,M_pro,False,False
batch,run_0010,78.0,I10;IL4;M_NA;M_anti;Mh_anti;Tb,6,16,0.18743283526011284,0.8125,False,M_pro,False,False
batch,run_0010,78.0,Fi;Fo;G;tau,4,4,0.12053075787331193,0.75,False,M_pro,False,False
batch,run_0010,78.0,ABi;ABm;ABo;N,4,3,0.06503336568187933,1.0,False,M_pro,False,False
batch,run_0010,78.0,IL1;IL12;M_pro;Ta,4,7,0.18448950064246886,1.0,True,M_pro,False,False
batch,run_0010,78.0,A;ABp;Mh_pro;P,4,4,0.1315836512562416,1.0,False,M_pro,False,False
batch,run_0010,79.0,I10;IL4;M_NA;M_anti;Mh_anti;Tb,6,16,0.18663400057440377,0.8125,False,M_pro,False,False
batch,run_0010,79.0,Fi;Fo;G;tau,4,4,0.12078549330092885,0.75,False,M_pro,False,False
batch,run_0010,79.0,ABi;ABm;ABo;N,4,3,0.06418386581457725,1.0,False,M_pro,False,False
batch,run_0010,79.0,IL1;IL12;M_pro;Ta,4,7,0.1838353318743502,1.0,True,M_pro,False,False
batch,run_0010,79.0,A;ABp;Mh_pro;P,4,4,0.13293884308990045,1.0,False,M_pro,False,False
batch,run_0010,80.0,I10;IL4;M_NA;M_anti;Mh_anti;Tb,6,16,0.18581433140880121,0.8125,False,Mh_pro,False,False
batch,run_0010,80.0,Fi;Fo;G;tau,4,4,0.12120342670400727,0.75,False,Mh_pro,False,False
batch,run_0010,80.0,ABi;ABm;ABo;N,4,3,0.0633534733790703,1.0,False,Mh_pro,False,False
batch,run_0010,80.0,IL1;IL12;M_pro;Ta,4,7,0.1831606407197887,1.0,False,Mh_pro,False,False
batch,run_0010,80.0,A;ABp;Mh_pro;P,4,4,0.13422000927111138,1.0,True,Mh_pro,False,False
batch,run_0011,30.0,I10;IL4;M_NA;M_anti,4,4,0.12922331789437633,0.5,False,ABm,False,False
batch,run_0011,30.0,ABm;N;Ta,3,2,0.4348053795309397,0.5,True,ABm,False,False
batch,run_0011,30.0,A;P,2,1,0.4010016063827612,1.0,False,ABm,False,False
batch,run_0011,30.0,ABi,1,0,0.0,,False,ABm,False,False
batch,run_0011,30.0,ABo,1,0,0.0,,False,ABm,False,False
batch,run_0011,30.0,ABp,1,0,0.0,,False,ABm,False,False
batch,run_0011,30.0,G,1,0,0.0,,False,ABm,False,False
batch,run_0011,30.0,tau,1,0,0.0,,False,ABm,False,False
batch,run_0011,30.0,Fi,1,0,0.0,,False,ABm,False,False
batch,run_0011,30.0,Fo,1,0,0.0,,False,ABm,False,False
batch,run_0011,30.0,M_pro,1,0,0.0,,False,ABm,False,False
batch,run_0011,30.0,Mh_pro,1,0,0.0,,False,ABm,False,False
batch,run_0011,30.0,Mh_anti,1,0,0.0,,False,ABm,False,False
batch,run_0011,30.0,Tb,1,0,0.0,,False,ABm,False,False
batch,run_0011,30.0,IL1,1,0,0.0,,False,ABm,False,False
batch,run_0011,30.0,IL12,1,0,0.0,,False,ABm,False,False
batch,run_0011,31.0,ABi;I10;IL1;IL12;IL4;M_NA;M_anti;M_pro;Mh_pro;Ta;Tb,11,36,0.17029371415906686,0.6111111111111112,False,ABm,False,False
batch,run_0011,31.0,ABm;ABo;ABp;N,4,3,0.3320290284565181,1.0,True,ABm,False,False
batch,run_0011,31.0,Fi;Fo;tau,3,3,0.0320408301870539,0.6666666666666666,False,ABm,False,False
batch,run_0011,31.0,A;Mh_anti;P,3,2,0.33149566725918034,1.0,False,ABm,False,False
batch,run_0011,31.0,G,1,0,0.0,,False,ABm,False,False
batch,run_0011,32.0,ABi;I10;IL1;IL12;IL4;M_NA;M_anti;M_pro;Mh_pro;Ta;Tb,11,36,0.19592841242196915,0.6111111111111112,False,ABm,False,False
batch,run_0011,32.0,ABm;ABo;ABp;N,4,3,0.3001805026818226,1.0,True,ABm,False,False
batch,run_0011,32.0,Fi;Fo;tau,3,3,0.0783336647878713,0.6666666666666666,False,ABm,False,False
batch,run_0011,32.0,A;Mh_anti;P,3,2,0.26369373878722363,1.0,False,ABm,False,False
batch,run_0011,32.0,G,1,0,0.0,,False,ABm,False,False
batch,run_0011,33.0,I10;IL1;IL12;IL4;M_NA;M_anti;M_pro;Mh_pro;Ta;Tb,10,38,0.224602296971104,0.6052631578947368,False,ABm,False,False
batch,run_0011,33.0,ABi;ABm;ABo;ABp;N,5,4,0.2798122621228179,1.0,True,ABm,False,False
batch,run_0011,33.0,Fi;Fo;tau,3,3,0.11162658014538467,0.6666666666666666,False,ABm,False,False
batch,run_0011,33.0,A;Mh_anti;P,3,2,0.2081739706580341,1.0,False,ABm,False,False
batch,run_0011,33.0,G,1,0,0.0,,False,ABm,False,False
batch,run_0011,34.0,I10;IL1;IL12;IL4;M_NA;M_anti;M_pro;Mh_pro;Ta;Tb,10,39,0.2567241273296141,0.6153846153846154,False,ABm,False,False
batch,run_0011,34.0,ABi;ABm;ABo;ABp;N,5,4,0.2623348335636791,1.0,True,ABm,False,False
batch,run_0011,34.0,Fi;Fo;tau,3,3,0.1316344026067704,0.6666666666666666,False,ABm,False,False
batch,run_0011,34.0,A;Mh_anti;P,3,2,0.16589672348051698,1.0,False,ABm,False,False
batch,run_0011,34.0,G,1,0,0.0,,False,ABm,False,False
batch,run_0011,35.0,I10;IL1;IL12;IL4;M_NA;M_anti;M_pro;Mh_pro;Ta;Tb,10,39,0.28876026006199496,0.6153846153846154,False,Fi,False,False
batch,run_0011,35.0,ABi;Fi;Fo;tau,4,4,0.14351085938852243,0.5,True,Fi,False,False
batch,run_0011,35.0,ABm;ABo;ABp;N,4,3,0.24592565241798034,1.0,False,Fi,False,False
batch,run_0011,35.0,A;Mh_anti;P,3,2,0.13442781689443306,1.0,False,Fi,False,False
batch,run_0011,35.0,G,1,0,0.0,,False,Fi,False,False
batch,run_0011,36.0,I10;IL1;IL12;M_pro;Mh_pro;Ta,6,14,0.18015520488462766,0.7142857142857143,False,Fi,False,False
batch,run_0011,36.0,ABi;Fi;Fo;tau,4,4,0.15052394488157317,0.5,True,Fi,False,False
batch,run_0011,36.0,ABm;ABo;ABp;N,4,3,0.2308228671897503,1.0,False,Fi,False,False
batch,run_0011,36.0,IL4;M_NA;M_anti;Tb,4,7,0.06663573622501145,0.8571428571428571,False,Fi,False,False
batch,run_0011,36.0,A;Mh_anti;P,3,2,0.11089607326565289,1.0,False,Fi,False,False
batch,run_0011,36.0,G,1,0,0.0,,False,Fi,False,False
batch,run_0011,37.0,A;I10;Mh_anti;Mh_pro;P,5,9,0.16637557169412437,0.7777777777777778,False,M_pro,False,False
batch,run_0011,37.0,ABi;Fi;Fo;tau,4,4,0.1548582905926992,0.5,False,M_pro,False,False
batch,run_0011,37.0,ABm;ABo;ABp;N,4,3,0.216544318893553,1.0,False,M_pro,False,False
batch,run_0011,37.0,IL4;M_NA;M_anti;Tb,4,7,0.07823824872609132,0.8571428571428571,False,M_pro,False,False
batch,run_0011,37.0,IL1;IL12;M_pro;Ta,4,7,0.10339425095765267,1.0,True,M_pro,False,False
batch,run_0011,37.0,G,1,0,0.0,,False,M_pro,False,False
batch,run_0011,38.0,I10;IL4;M_NA;M_anti;Tb,5,12,0.1265038525452548,0.75,False,M_pro,False,False
batch,run_0011,38.0,ABi;Fi;Fo;tau,4,4,0.1574889011573637,0.5,False,M_pro,False,False
batch,run_0011,38.0,ABm;ABo;ABp;N,4,3,0.2030929495336279,1.0,False,M_pro,False,False
batch,run_0011,38.0,IL1;IL12;M_pro;Ta,4,7,0.11777424508796691,1.0,True,M_pro,False,False
batch,run_0011,38.0,A;Mh_anti;Mh_pro;P,4,6,0.10785460920542168,0.8333333333333334,False,M_pro,False,False
batch,run_0011,38.0,G,1,0,0.0,,False,M_pro,False,False
batch,run_0011,39.0,I10;IL4;M_NA;M_anti;Tb,5,12,0.13984004743825143,0.75,False,M_pro,False,False
batch,run_0011,39.0,ABi;Fi;Fo;tau,4,4,0.15894738946922654,0.5,False,M_pro,False,False
batch,run_0011,39.0,ABm;ABo;ABp;N,4,3,0.19060537329595023,1.0,False,M_pro,False,False
batch,run_0011,39.0,IL1;IL12;M_pro;Ta,4,7,0.1303774028223724,1.0,True,M_pro,False,False
batch,run_0011,39.0,A;Mh_anti;Mh_pro;P,4,6,0.09444691817565405,0.8333333333333334,False,M_pro,False,False
batch,run_0011,39.0,G,1,0,0.0,,False,M_pro,False,False
batch,run_0011,40.0,I10;IL4;M_NA;M_anti;Tb,5,12,0.15137834922997118,0.75,False,M_pro,False,False
batch,run_0011,40.0,ABi;Fi;Fo;tau,4,4,0.15955350934187654,0.5,False,M_pro,False,False
batch,run_0011,40.0,ABm;ABo;ABp;N,4,3,0.17920022076728226,1.0,False,M_pro,False,False
batch,run_0011,40.0,IL1;IL12;M_pro;Ta,4,7,0.14148721443608384,1.0,True,M_pro,False,False
batch,run_0011,40.0,A;Mh_anti;Mh_pro;P,4,6,0.08458321908351268,1.0,False,M_pro,False,False
batch,run_0011,40.0,G,1,0,0.0,,False,M_pro,False,False
batch,run_0011,41.0,I10;IL4;M_NA;M_anti;Tb,5,12,0.16117109204209312,0.75,False,M_pro,False,False
batch,run_0011,41.0,ABi;Fi;Fo;tau,4,4,0.15949520426023572,0.5,False,M_pro,False,False
batch,run_0011,41.0,ABm;ABo;ABp;N,4,3,0.1688981843552443,1.0,False,M_pro,False,False
batch,run_0011,41.0,IL1;IL12;M_pro;Ta,4,7,0.15128362722939656,1.0,True,M_pro,False,False
batch,run_0011,41.0,A;Mh_anti;Mh_pro;P,4,6,0.07753584645550436,1.0,False,M_pro,False,False
batch,run_0011,41.0,G,1,0,0.0,,False,M_pro,False,False
batch,run_0011,42.0,I10;IL4;M_NA;M_anti;Tb,5,12,0.16937463382141868,0.75,False,M_pro,False,False
batch,run_0011,42.0,ABi;Fi;Fo;tau,4,4,0.1589002123779661,0.5,False,M_pro,False,False
batch,run_0011,42.0,ABm;ABo;ABp;N,4,3,0.15965491848768826,1.0,False,M_pro,False,False
batch,run_0011,42.0,IL1;IL12;M_pro;Ta,4,7,0.1598901042060765,1.0,True,M_pro,False,False
batch,run_0011,42.0,A;Mh_anti;Mh_pro;P,4,6,0.07269836035064392,1.0,False,M_pro,False,False
batch,run_0011,42.0,G,1,0,0.0,,False,M_pro,False,False
batch,run_0011,43.0,I10;IL4;M_NA;M_anti;Tb,5,12,0.17616594804068342,0.75,False,M_pro,False,False
batch,run_0011,43.0,ABi;Fi;Fo;tau,4,4,0.1578558463934572,0.5,False,M_pro,False,False
batch,run_0011,43.0,ABm;ABo;ABp;N,4,3,0.15137788416308817,1.0,False,M_pro,False,False
batch,run_0011,43.0,IL1;IL12;M_pro;Ta,4,7,0.16739321840705207,1.0,True,M_pro,False,False
batch,run_0011,43.0,A;Mh_anti;Mh_pro;P,4,6,0.06963417179175449,1.0,False,M_pro,False,False
batch,run_0011,43.0,G,1,0,0.0,,False,M_pro,False,False
batch,run_0011,44.0,ABi;ABm;ABo;ABp;N,5,4,0.14451032611833678,1.0,False,M_pro,False,False
batch,run_0011,44.0,I10;IL4;M_NA;M_anti;Tb,5,12,0.18171938036164315,0.75,False,M_pro,False,False
batch,run_0011,44.0,IL1;IL12;M_pro;Ta,4,7,0.17386867212543913,1.0,True,M_pro,False,False
batch,run_0011,44.0,A;Mh_anti;Mh_pro;P,4,6,0.06800508000354943,1.0,False,M_pro,False,False
batch,run_0011,44.0,Fi;Fo;tau,3,3,0.15592924328675933,0.6666666666666666,False,M_pro,False,False
batch,run_0011,44.0,G,1,0,0.0,,False,M_pro,False,False
batch,run_0011,45.0,I10;IL4;M_NA;M_anti;Tb,5,12,0.18619621445157605,0.75,False,M_pro,False,False
batch,run_0011,45.0,A;ABp;Mh_anti;Mh_pro;P,5,8,0.08146831753957752,0.875,False,M_pro,False,False
batch,run_0011,45.0,ABi;ABm;ABo;N,4,3,0.12278571001675244,1.0,False,M_pro,False,False
batch,run_0011,45.0,IL1;IL12;M_pro;Ta,4,7,0.17939053732663168,1.0,True,M_pro,False,False
batch,run_0011,45.0,Fi;Fo;tau,3,3,0.15420810006115185,0.6666666666666666,False,M_pro,False,False
batch,run_0011,45.0,G,1,0,0.0,,False,M_pro,False,False
batch,run_0011,46.0,I10;IL4;M_NA;M_anti;Tb,5,12,0.18974196882739727,0.75,False,M_pro,False,False
batch,run_0011,46.0,A;ABp;Mh_anti;Mh_pro;P,5,8,0.08309197256553005,0.875,False,M_pro,False,False
batch,run_0011,46.0,ABi;ABm;ABo;N,4,3,0.11689920775173748,1.0,False,M_pro,False,False
batch,run_0011,46.0,IL1;IL12;M_pro;Ta,4,7,0.18403388826703485,1.0,True,M_pro,False,False
batch,run_0011,46.0,Fi;Fo;tau,3,3,0.15224547424572096,0.6666666666666666,False,M_pro,False,False
batch,run_0011,46.0,G,1,0,0.0,,False,M_pro,False,False
batch,run_0011,47.0,I10;IL4;M_NA;M_anti;Tb,5,12,0.19248641173747025,0.75,False,M_pro,False,False
batch,run_0011,47.0,A;ABp;Mh_anti;Mh_pro;P,5,8,0.0854333120988389,0.875,False,M_pro,False,False
batch,run_0011,47.0,ABi;ABm;ABo;N,4,3,0.11163531935951189,1.0,False,M_pro,False,False
batch,run_0011,47.0,IL1;IL12;M_pro;Ta,4,7,0.18787459912192742,1.0,True,M_pro,False,False
batch,run_0011,47.0,Fi;Fo;tau,3,3,0.15010125193327156,0.6666666666666666,False,M_pro,False,False
batch,run_0011,47.0,G,1,0,0.0,,False,M_pro,False,False
batch,run_0011,48.0,I10;IL4;M_NA;M_anti;Tb,5,12,0.1945447102956832,0.75,False,M_pro,False,False
batch,run_0011,48.0,A;ABp;Mh_anti;Mh_pro;P,5,8,0.08834128721562935,0.875,False,M_pro,False,False
batch,run_0011,48.0,ABi;ABm;ABo;N,4,3,0.10691120958256212,1.0,False,M_pro,False,False
batch,run_0011,48.0,IL1;IL12;M_pro;Ta,4,7,0.19098799479509193,1.0,True,M_pro,False,False
batch,run_0011,48.0,Fi;Fo;tau,3,3,0.1478300302311993,0.6666666666666666,False,M_pro,False,False
batch,run_0011,48.0,G,1,0,0.0,,False,M_pro,False,False
batch,run_0011,49.0,I10;IL4;M_NA;M_anti;Tb,5,12,0.19601891130547763,0.75,False,M_pro,False,False
batch,run_0011,49.0,A;ABp;Mh_anti;Mh_pro;P,5,8,0.09168924903414315,0.875,False,M_pro,False,False
batch,run_0011,49.0,ABi;ABm;ABo;N,4,3,0.10265618596262366,1.0,False,M_pro,False,False
batch,run_0011,49.0,IL1;IL12;M_pro;Ta,4,7,0.19344761728528,1.0,True,M_pro,False,False
batch,run_0011,49.0,Fi;Fo;tau,3,3,0.14548009039646798,0.6666666666666666,False,M_pro,False,False
batch,run_0011,49.0,G,1,0,0.0,,False,M_pro,False,False
batch,run_0011,50.0,I10;IL4;M_NA;M_anti;Tb,5,12,0.19699932337220646,0.75,False,M_pro,False,False
batch,run_0011,50.0,A;ABp;Mh_anti;Mh_pro;P,5,8,0.09537023565939914,0.875,False,M_pro,False,False
batch,run_0011,50.0,ABi;ABm;ABo;N,4,3,0.09881007207851558,1.0,False,M_pro,False,False
batch,run_0011,50.0,IL1;IL12;M_pro;Ta,4,7,0.19532411084449172,1.0,True,M_pro,False,False
batch,run_0011,50.0,Fi;Fo;tau,3,3,0.14309292990220757,0.6666666666666666,False,M_pro,False,False
batch,run_0011,50.0,G,1,0,0.0,,False,M_pro,False,False
batch,run_0011,51.0,I10;IL4;M_NA;M_anti;Tb,5,12,0.19756572787928053,0.75,False,M_pro,False,False
batch,run_0011,51.0,A;ABp;Mh_anti;Mh_pro;P,5,8,0.09929357512838714,0.875,False,M_pro,False,False
batch,run_0011,51.0,ABi;ABm;ABo;N,4,3,0.09532165668869322,1.0,False,M_pro,False,False
batch,run_0011,51.0,IL1;IL12;M_pro;Ta,4,7,0.1966843580197316,1.0,True,M_pro,False,False
batch,run_0011,51.0,Fi;Fo;tau,3,3,0.14070329042554955,0.6666666666666666,False,M_pro,False,False
batch,run_0011,51.0,G,1,0,0.0,,False,M_pro,False,False
batch,run_0011,52.0,I10;IL4;M_NA;M_anti;Tb,5,12,0.19778851648839552,0.75,False,M_pro,False,False
batch,run_0011,52.0,A;ABp;Mh_anti;Mh_pro;P,5,8,0.10338234486148493,0.875,False,M_pro,False,False
batch,run_0011,52.0,ABi;ABm;ABo;N,4,3,0.09214728325321656,1.0,False,M_pro,False,False
batch,run_0011,52.0,IL1;IL12;M_pro;Ta,4,7,0.19759091622498767,1.0,True,M_pro,False,False
batch,run_0011,52.0,Fi;Fo;tau,3,3,0.13833953718823558,0.6666666666666666,False,M_pro,False,False
batch,run_0011,52.0,G,1,0,0.0,,False,M_pro,False,False
batch,run_0011,53.0,I10;IL4;M_NA;M_anti;Tb,5,12,0.19772960733296271,0.75,False,M_pro,False,False
batch,run_0011,53.0,A;ABp;Mh_anti;Mh_pro;P,5,8,0.10757147153272698,0.875,False,M_pro,False,False
batch,run_0011,53.0,ABi;ABm;ABo;N,4,3,0.08924967291769893,1.0,False,M_pro,False,False
batch,run_0011,53.0,IL1;IL12;M_pro;Ta,4,7,0.1981016936706576,1.0,True,M_pro,False,False
batch,run_0011,53.0,Fi;Fo;tau,3,3,0.13602422112463258,0.6666666666666666,False,M_pro,False,False
batch,run_0011,53.0,G,1,0,0.0,,False,M_pro,False,False
batch,run_0011,54.0,I10;IL4;M_NA;M_anti;Tb,5,12,0.19744325424086667,0.75,False,M_pro,False,False
batch,run_0011,54.0,A;ABp;Mh_anti;Mh_pro;P,5,8,0.11180622315777405,0.875,False,M_pro,False,False
batch,run_0011,54.0,ABi;ABm;ABo;N,4,3,0.08659691086033375,1.0,False,M_pro,False,False
batch,run_0011,54.0,IL1;IL12;M_pro;Ta,4,7,0.1982697822944356,1.0,True,M_pro,False,False
batch,run_0011,54.0,Fi;Fo;tau,3,3,0.13377476444506012,0.6666666666666666,False,M_pro,False,False
batch,run_0011,54.0,G,1,0,0.0,,False,M_pro,False,False
batch,run_0011,55.0,I10;IL4;M_NA;M_anti;Tb,5,12,0.1969767622495486,0.75,False,M_pro,False,False
batch,run_0011,55.0,A;ABp;Mh_anti;Mh_pro;P,5,8,0.11604096927990207,0.875,False,M_pro,False,False
batch,run_0011,55.0,ABi;ABm;ABo;N,4,3,0.08416159188616106,1.0,False,M_pro,False,False
batch,run_0011,55.0,IL1;IL12;M_pro;Ta,4,7,0.19814342712783825,1.0,True,M_pro,False,False
batch,run_0011,55.0,Fi;Fo;tau,3,3,0.1316041822499133,0.6666666666666666,False,M_pro,False,False
batch,run_0011,55.0,G,1,0,0.0,,False,M_pro,False,False
batch,run_0011,56.0,I10;IL4;M_NA;M_anti;Tb,5,12,0.19637118246810903,0.75,False,M_pro,False,False
batch,run_0011,56.0,A;ABp;Mh_anti;Mh_pro;P,5,8,0.12023809745265918,0.875,False,M_pro,False,False
batch,run_0011,56.0,ABi;ABm;ABo;N,4,3,0.08192009025384873,1.0,False,M_pro,False,False
batch,run_0011,56.0,IL1;IL12;M_pro;Ta,4,7,0.197766130715769,1.0,True,M_pro,False,False
batch,run_0011,56.0,Fi;Fo;tau,3,3,0.12952177220552225,0.6666666666666666,False,M_pro,False,False
batch,run_0011,56.0,G,1,0,0.0,,False,M_pro,False,False
batch,run_0011,57.0,I10;IL4;M_NA;M_anti;Tb,5,12,0.19566192730166942,0.75,False,M_pro,False,False
batch,run_0011,57.0,A;ABp;Mh_anti;Mh_pro;P,5,8,0.12436706973470334,0.875,False,M_pro,False,False
batch,run_0011,57.0,ABi;ABm;ABo;N,4,3,0.07985196347931647,1.0,False,M_pro,False,False
batch,run_0011,57.0,IL1;IL12;M_pro;Ta,4,7,0.19717682874632755,1.0,True,M_pro,False,False
batch,run_0011,57.0,Fi;Fo;tau,3,3,0.12753374716686502,0.6666666666666666,False,M_pro,False,False
batch,run_0011,57.0,G,1,0,0.0,,False,M_pro,False,False
batch,run_0011,58.0,I10;IL4;M_NA;M_anti;Tb,5,12,0.194879329068077,0.75,False,M_pro,False,False
batch,run_0011,58.0,A;ABp;Mh_anti;Mh_pro;P,5,8,0.12840357571278976,0.875,False,M_pro,False,False
batch,run_0011,58.0,ABi;ABm;ABo;N,4,3,0.07793945869231998,1.0,False,M_pro,False,False
batch,run_0011,58.0,IL1;IL12;M_pro;Ta,4,7,0.1964101181189997,1.0,True,M_pro,False,False
batch,run_0011,58.0,Fi;Fo;tau,3,3,0.12564380348478413,0.6666666666666666,False,M_pro,False,False
batch,run_0011,58.0,G,1,0,0.0,,False,M_pro,False,False
batch,run_0011,59.0,I10;IL4;M_NA;M_anti;Tb,5,12,0.19404916836498073,0.75,False,M_pro,False,False
batch,run_0011,59.0,A;ABp;Mh_anti;Mh_pro;P,5,8,0.132328752043387,0.875,False,M_pro,False,False
batch,run_0011,59.0,ABi;ABm;ABo;N,4,3,0.07616709875430844,1.0,False,M_pro,False,False
batch,run_0011,59.0,IL1;IL12;M_pro;Ta,4,7,0.19549652784851196,1.0,True,M_pro,False,False
batch,run_0011,59.0,Fi;Fo;tau,3,3,0.12385361825478962,0.6666666666666666,False,M_pro,False,False
batch,run_0011,59.0,G,1,0,0.0,,False,M_pro,False,False
batch,run_0011,60.0,I10;IL4;M_NA;M_anti;Tb,5,12,0.19319315286998112,0.75,False,M_pro,False,False
batch,run_0011,60.0,A;ABp;Mh_anti;Mh_pro;P,5,8,0.13612847289284272,0.875,False,M_pro,False,False
batch,run_0011,60.0,ABi;ABm;ABo;N,4,3,0.0745213436864075,1.0,False,M_pro,False,False
batch,run_0011,60.0,IL1;IL12;M_pro;Ta,4,7,0.19446280004350933,1.0,True,M_pro,False,False
batch,run_0011,60.0,Fi;Fo;tau,3,3,0.12216328578742211,0.6666666666666666,False,M_pro,False,False
batch,run_0011,60.0,G,1,0,0.0,,False,M_pro,False,False
batch,run_0011,61.0,I10;IL4;M_NA;M_anti;Tb,5,12,0.1923293909881226,0.75,False,M_pro,False,False
batch,run_0011,61.0,A;ABp;Mh_anti;Mh_pro;P,5,8,0.13979267952267824,0.875,False,M_pro,False,False
batch,run_0011,61.0,ABi;ABm;ABo;N,4,3,0.0729902977467069,1.0,False,M_pro,False,False
batch,run_0011,61.0,IL1;IL12;M_pro;Ta,4,7,0.19333221229257444,1.0,True,M_pro,False,False
batch,run_0011,61.0,Fi;Fo;tau,3,3,0.12057167287298294,0.6666666666666666,False,M_pro,False,False
batch,run_0011,61.0,G,1,0,0.0,,False,M_pro,False,False
batch,run_0011,62.0,I10;IL4;M_NA;M_anti;Tb,5,12,0.19147282905032503,0.75,False,M_pro,False,False
batch,run_0011,62.0,A;ABp;Mh_anti;Mh_pro;P,5,8,0.14331476844239932,0.875,False,M_pro,False,False
batch,run_0011,62.0,ABi;ABm;ABo;N,4,3,0.07156346693345404,1.0,False,M_pro,False,False
batch,run_0011,62.0,IL1;IL12;M_pro;Ta,4,7,0.19212490097790086,1.0,True,M_pro,False,False
batch,run_0011,62.0,Fi;Fo;tau,3,3,0.11907671235748413,0.6666666666666666,False,M_pro,False,False
batch,run_0011,62.0,G,1,0,0.0,,False,M_pro,False,False
batch,run_0011,63.0,I10;IL4;M_NA;M_anti;Tb,5,12,0.19063564628507595,0.75,False,M_pro,False,False
batch,run_0011,63.0,A;ABp;Mh_anti;Mh_pro;P,5,8,0.14669104100519753,0.875,False,M_pro,False,False
batch,run_0011,63.0,ABi;ABm;ABo;N,4,3,0.07023155999069555,1.0,False,M_pro,False,False
batch,run_0011,63.0,IL1;IL12;M_pro;Ta,4,7,0.19085817177613829,1.0,True,M_pro,False,False
batch,run_0011,63.0,Fi;Fo;tau,3,3,0.11767564657469633,0.6666666666666666,False,M_pro,False,False
batch,run_0011,63.0,G,1,0,0.0,,False,M_pro,False,False
batch,run_0011,64.0,I10;IL4;M_NA;M_anti;Tb,5,12,0.18982760820027975,0.75,False,M_pro,False,False
batch,run_0011,64.0,A;ABp;Mh_anti;Mh_pro;P,5,8,0.14992021289690294,0.875,False,M_pro,False,False
batch,run_0011,64.0,ABi;ABm;ABo;N,4,3,0.06898632394676878,1.0,False,M_pro,False,False
batch,run_0011,64.0,IL1;IL12;M_pro;Ta,4,7,0.18954679414796552,1.0,True,M_pro,False,False
batch,run_0011,64.0,Fi;Fo;tau,3,3,0.11636522844802705,0.6666666666666666,False,M_pro,False,False
batch,run_0011,64.0,G,1,0,0.0,,False,M_pro,False,False
batch,run_0011,65.0,I10;IL4;M_NA;M_anti;Tb,5,12,0.1890563913955713,0.75,False,M_pro,False,False
batch,run_0011,65.0,A;ABp;Mh_anti;Mh_pro;P,5,8,0.15300297511958574,0.875,False,M_pro,False,False
batch,run_0011,65.0,ABi;ABm;ABo;N,4,3,0.06782040382990716,1.0,False,M_pro,False,False
batch,run_0011,65.0,IL1;IL12;M_pro;Ta,4,7,0.18820328741342246,1.0,True,M_pro,False,False
batch,run_0011,65.0,Fi;Fo;tau,3,3,0.11514188106635537,0.6666666666666666,False,M_pro,False,False
batch,run_0011,65.0,G,1,0,0.0,,False,M_pro,False,False
batch,run_0011,66.0,I10;IL4;M_NA;M_anti;Tb,5,12,0.18832786968908946,0.75,False,M_pro,False,False
batch,run_0011,66.0,A;ABp;Mh_anti;Mh_pro;P,5,8,0.15594160737479973,0.875,False,M_pro,False,False
batch,run_0011,66.0,ABi;ABm;ABo;N,4,3,0.06672722686387587,1.0,False,M_pro,False,False
batch,run_0011,66.0,IL1;IL12;M_pro;Ta,4,7,0.18683816945593357,1.0,True,M_pro,False,False
batch,run_0011,66.0,Fi;Fo;tau,3,3,0.11400183920537173,0.6666666666666666,False,M_pro,False,False
batch,run_0011,66.0,G,1,0,0.0,,False,M_pro,False,False
batch,run_0011,67.0,I10;IL4;M_NA;M_anti;Tb,5,12,0.18764638934606778,0.75,False,M_pro,False,False
batch,run_0011,67.0,A;ABp;Mh_anti;Mh_pro;P,5,8,0.15873963391487622,0.875,False,M_pro,False,False
batch,run_0011,67.0,ABi;ABm;ABo;N,4,3,0.06570090007536733,1.0,False,M_pro,False,False
batch,run_0011,67.0,IL1;IL12;M_pro;Ta,4,7,0.18546021630398504,1.0,True,M_pro,False,False
batch,run_0011,67.0,Fi;Fo;tau,3,3,0.11294123907845505,0.6666666666666666,False,M_pro,False,False
batch,run_0011,67.0,G,1,0,0.0,,False,M_pro,False,False
batch,run_0011,68.0,I10;IL4;M_NA;M_anti;Tb,5,12,0.18701500352104802,0.75,False,Mh_pro,False,False
batch,run_0011,68.0,A;ABp;Mh_anti;Mh_pro;P,5,8,0.16140153159469403,0.875,True,Mh_pro,False,False
batch,run_0011,68.0,ABi;ABm;ABo;N,4,3,0.06473612474338075,1.0,False,Mh_pro,False,False
batch,run_0011,68.0,IL1;IL12;M_pro;Ta,4,7,0.18407668742225866,1.0,False,Mh_pro,False,False
batch,run_0011,68.0,Fi;Fo;tau,3,3,0.11195619570984817,0.6666666666666666,False,Mh_pro,False,False
batch,run_0011,68.0,G,1,0,0.0,,False,Mh_pro,False,False
batch,run_0011,69.0,I10;IL4;M_NA;M_anti;Tb,5,12,0.18643567913981537,0.75,False,Mh_pro,False,False
batch,run_0011,69.0,A;ABp;Mh_anti;Mh_pro;P,5,8,0.16393247646507253,0.875,True,Mh_pro,False,False
batch,run_0011,69.0,ABi;ABm;ABo;N,4,3,0.06382812425013139,1.0,False,Mh_pro,False,False
batch,run_0011,69.0,IL1;IL12;M_pro;Ta,4,7,0.1826935218468446,1.0,False,Mh_pro,False,False
batch,run_0011,69.0,Fi;Fo;tau,3,3,0.11104286942614636,0.6666666666666666,False,Mh_pro,False,False
batch,run_0011,69.0,G,1,0,0.0,,False,Mh_pro,False,False
batch,run_0011,70.0,I10;IL4;M_NA;M_anti;Tb,5,12,0.1859094864952699,0.75,False,Mh_pro,False,False
batch,run_0011,70.0,A;ABp;Mh_anti;Mh_pro;P,5,8,0.16633813456549762,0.875,True,Mh_pro,False,False
batch,run_0011,70.0,ABi;ABm;ABo;N,4,3,0.06297258042241209,1.0,False,Mh_pro,False,False
batch,run_0011,70.0,IL1;IL12;M_pro;Ta,4,7,0.18131553736927122,1.0,False,Mh_pro,False,False
batch,run_0011,70.0,Fi;Fo;tau,3,3,0.11019749519562835,0.6666666666666666,False,Mh_pro,False,False
batch,run_0011,70.0,G,1,0,0.0,,False,Mh_pro,False,False
batch,run_0011,71.0,I10;IL4;M_NA;M_anti;Tb,5,12,0.18543674986540193,0.75,False,Mh_pro,False,False
batch,run_0011,71.0,A;ABp;Mh_anti;Mh_pro;P,5,8,0.16862449044394345,0.875,True,Mh_pro,False,False
batch,run_0011,71.0,ABi;ABm;ABo;N,4,3,0.06216558277541689,1.0,False,Mh_pro,False,False
batch,run_0011,71.0,IL1;IL12;M_pro;Ta,4,7,0.1799465807728936,1.0,False,Mh_pro,False,False
batch,run_0011,71.0,Fi;Fo;tau,3,3,0.10941642396287521,0.6666666666666666,False,Mh_pro,False,False
batch,run_0011,71.0,G,1,0,0.0,,False,Mh_pro,False,False
batch,run_0011,72.0,I10;IL4;M_NA;M_anti;Tb,5,12,0.18501718640682308,0.75,False,Mh_pro,False,False
batch,run_0011,72.0,A;ABp;Mh_anti;Mh_pro;P,5,8,0.17079770130404925,0.875,True,Mh_pro,False,False
batch,run_0011,72.0,ABi;ABm;ABo;N,4,3,0.0614035821601996,1.0,False,Mh_pro,False,False
batch,run_0011,72.0,IL1;IL12;M_pro;Ta,4,7,0.1785896715502521,1.0,False,Mh_pro,False,False
batch,run_0011,72.0,Fi;Fo;tau,3,3,0.10869614587865531,0.6666666666666666,False,Mh_pro,False,False
batch,run_0011,72.0,G,1,0,0.0,,False,Mh_pro,False,False
batch,run_0011,73.0,I10;IL4;M_NA;M_anti;Tb,5,12,0.18465002504477468,0.75,False,Mh_pro,False,False
batch,run_0011,73.0,A;ABp;Mh_anti;Mh_pro;P,5,8,0.17286398108129059,0.875,True,Mh_pro,False,False
batch,run_0011,73.0,ABi;ABm;ABo;N,4,3,0.06068335080801048,1.0,False,Mh_pro,False,False
batch,run_0011,73.0,IL1;IL12;M_pro;Ta,4,7,0.1772471296285105,1.0,False,Mh_pro,False,False
batch,run_0011,73.0,Fi;Fo;tau,3,3,0.1080333034299912,0.6666666666666666,False,Mh_pro,False,False
batch,run_0011,73.0,G,1,0,0.0,,False,Mh_pro,False,False
batch,run_0011,74.0,I10;IL4;M_NA;M_anti;Tb,5,12,0.18084469151735313,0.75,False,Mh_pro,False,False
batch,run_0011,74.0,A;ABp;Mh_anti;Mh_pro;P,5,8,0.17151998686193118,0.875,True,Mh_pro,False,False
batch,run_0011,74.0,Fi;Fo;G;tau,4,4,0.12432100841214684,0.75,False,Mh_pro,False,False
batch,run_0011,74.0,ABi;ABm;ABo;N,4,3,0.05886611767435734,1.0,False,Mh_pro,False,False
batch,run_0011,74.0,IL1;IL12;M_pro;Ta,4,7,0.1725905237068375,1.0,False,Mh_pro,False,False
batch,run_0011,75.0,I10;IL4;M_NA;M_anti;Tb,5,12,0.18054801447597657,0.75,False,Mh_pro,False,False
batch,run_0011,75.0,A;ABp;Mh_anti;Mh_pro;P,5,8,0.17332118413827144,0.875,True,Mh_pro,False,False
batch,run_0011,75.0,Fi;Fo;G;tau,4,4,0.1239436730490321,0.75,False,Mh_pro,False,False
batch,run_0011,75.0,ABi;ABm;ABo;N,4,3,0.05822164059255506,1.0,False,Mh_pro,False,False
batch,run_0011,75.0,IL1;IL12;M_pro;Ta,4,7,0.17127241667544044,1.0,False,Mh_pro,False,False
batch,run_0011,76.0,I10;IL4;M_NA;M_anti;Tb,5,12,0.18026189998719572,0.75,False,Mh_pro,False,False
batch,run_0011,76.0,A;ABp;Mh_anti;Mh_pro;P,5,8,0.17499886490775535,0.875,True,Mh_pro,False,False
batch,run_0011,76.0,Fi;Fo;G;tau,4,4,0.12378052719223674,0.75,False,Mh_pro,False,False
batch,run_0011,76.0,ABi;ABm;ABo;N,4,3,0.057598916760137016,1.0,False,Mh_pro,False,False
batch,run_0011,76.0,IL1;IL12;M_pro;Ta,4,7,0.16993800379982074,1.0,False,Mh_pro,False,False
batch,run_0011,77.0,I10;IL4;M_NA;M_anti;Tb,5,12,0.1799832807788487,0.75,False,Mh_pro,False,False
batch,run_0011,77.0,A;ABp;Mh_anti;Mh_pro;P,5,8,0.17655626027566704,0.875,True,Mh_pro,False,False
batch,run_0011,77.0,Fi;Fo;G;tau,4,4,0.12382913892456412,0.75,False,Mh_pro,False,False
batch,run_0011,77.0,ABi;ABm;ABo;N,4,3,0.05699575644100316,1.0,False,Mh_pro,False,False
batch,run_0011,77.0,IL1;IL12;M_pro;Ta,4,7,0.16858727495456338,1.0,False,Mh_pro,False,False
batch,run_0011,78.0,I10;IL4;M_NA;M_anti;Tb,5,12,0.17971069442472448,0.75,False,Mh_pro,False,False
batch,run_0011,78.0,A;ABp;Mh_anti;Mh_pro;P,5,8,0.17799812567453807,0.875,True,Mh_pro,False,False
batch,run_0011,78.0,Fi;Fo;G;tau,4,4,0.12408125414552114,0.75,False,Mh_pro,False,False
batch,run_0011,78.0,ABi;ABm;ABo;N,4,3,0.05641060656625808,1.0,False,Mh_pro,False,False
batch,run_0011,78.0,IL1;IL12;M_pro;Ta,4,7,0.16722161462523255,1.0,False,Mh_pro,False,False
batch,run_0011,79.0,I10;IL4;M_NA;M_anti;Tb,5,12,0.17944376574958487,0.75,False,Mh_pro,False,False
batch,run_0011,79.0,A;ABp;Mh_anti;Mh_pro;P,5,8,0.17933025272413014,0.875,True,Mh_pro,False,False
batch,run_0011,79.0,Fi;Fo;G;tau,4,4,0.1245248669623783,0.75,False,Mh_pro,False,False
batch,run_0011,79.0,ABi;ABm;ABo;N,4,3,0.05584233882555865,1.0,False,Mh_pro,False,False
batch,run_0011,79.0,IL1;IL12;M_pro;Ta,4,7,0.16584327566228094,1.0,False,Mh_pro,False,False
batch,run_0011,80.0,I10;IL4;M_NA;M_anti;Tb,5,12,0.17918269083833638,0.75,False,Mh_pro,False,False
batch,run_0011,80.0,A;ABp;Mh_anti;Mh_pro;P,5,8,0.18055890819063616,0.875,True,Mh_pro,False,False
batch,run_0011,80.0,Fi;Fo;G;tau,4,4,0.1251463175520744,0.75,False,Mh_pro,False,False
batch,run_0011,80.0,ABi;ABm;ABo;N,4,3,0.055290063552314736,1.0,False,Mh_pro,False,False
batch,run_0011,80.0,IL1;IL12;M_pro;Ta,4,7,0.16445488033914213,1.0,False,Mh_pro,False,False
batch,run_0012,30.0,I10;IL4;M_NA;M_anti,4,4,0.15410290699977894,0.5,False,ABm,False,False
batch,run_0012,30.0,A;P;Ta,3,2,0.37639236060780273,1.0,False,ABm,False,False
batch,run_0012,30.0,ABm;N,2,1,0.43677610575491,1.0,True,ABm,False,False
batch,run_0012,30.0,ABi,1,0,0.0,,False,ABm,False,False
batch,run_0012,30.0,ABo,1,0,0.0,,False,ABm,False,False
batch,run_0012,30.0,ABp,1,0,0.0,,False,ABm,False,False
batch,run_0012,30.0,G,1,0,0.0,,False,ABm,False,False
batch,run_0012,30.0,tau,1,0,0.0,,False,ABm,False,False
batch,run_0012,30.0,Fi,1,0,0.0,,False,ABm,False,False
batch,run_0012,30.0,Fo,1,0,0.0,,False,ABm,False,False
batch,run_0012,30.0,M_pro,1,0,0.0,,False,ABm,False,False
batch,run_0012,30.0,Mh_pro,1,0,0.0,,False,ABm,False,False
batch,run_0012,30.0,Mh_anti,1,0,0.0,,False,ABm,False,False
batch,run_0012,30.0,Tb,1,0,0.0,,False,ABm,False,False
batch,run_0012,30.0,IL1,1,0,0.0,,False,ABm,False,False
batch,run_0012,30.0,IL12,1,0,0.0,,False,ABm,False,False
batch,run_0012,31.0,I10;IL1;IL12;IL4;M_NA;M_anti;M_pro;Tb,8,27,0.10297805917283946,0.6296296296296297,False,ABm,False,False
batch,run_0012,31.0,A;ABi;Mh_anti;Mh_pro;P;Ta,6,11,0.41121258947068035,0.8181818181818182,False,ABm,False,False
batch,run_0012,31.0,ABm;ABo;ABp;N,4,3,0.37937083401856764,1.0,True,ABm,False,False
batch,run_0012,31.0,Fi;Fo;tau,3,3,0.03641520184254831,0.6666666666666666,False,ABm,False,False
batch,run_0012,31.0,G,1,0,0.0,,False,ABm,False,False
batch,run_0012,32.0,I10;IL1;IL12;IL4;M_NA;M_anti;M_pro;Tb,8,27,0.09058181598631852,0.6296296296296297,False,ABm,False,False
batch,run_0012,32.0,ABi;ABm;ABo;ABp;N,5,4,0.3479828554266276,1.0,True,ABm,False,False
batch,run_0012,32.0,A;Mh_anti;Mh_pro;P;Ta,5,10,0.3680761833684797,0.9,False,ABm,False,False
batch,run_0012,32.0,Fi;Fo;tau,3,3,0.0894025351182301,0.6666666666666666,False,ABm,False,False
batch,run_0012,32.0,G,1,0,0.0,,False,ABm,False,False
batch,run_0012,33.0,I10;IL1;IL12;IL4;M_NA;M_anti;M_pro;Tb,8,31,0.10550117389583283,0.6129032258064516,False,ABm,False,False
batch,run_0012,33.0,ABi;ABm;ABo;ABp;N,5,4,0.32387363723111456,1.0,True,ABm,False,False
batch,run_0012,33.0,A;Mh_anti;Mh_pro;P;Ta,5,10,0.3071605540811742,0.9,False,ABm,False,False
batch,run_0012,33.0,Fi;Fo;tau,3,3,0.12618416139275448,0.6666666666666666,False,ABm,False,False
batch,run_0012,33.0,G,1,0,0.0,,False,ABm,False,False
batch,run_0012,34.0,I10;IL1;IL12;IL4;M_NA;M_anti;M_pro;Mh_pro;Ta;Tb,10,38,0.2042653958143897,0.6052631578947368,False,ABm,False,False
batch,run_0012,34.0,ABi;Fi;Fo;tau,4,4,0.14713865199740309,0.5,False,ABm,False,False
batch,run_0012,34.0,ABm;ABo;ABp;N,4,3,0.30191071538956993,1.0,True,ABm,False,False
batch,run_0012,34.0,A;Mh_anti;P,3,2,0.1764440675224873,1.0,False,ABm,False,False
batch,run_0012,34.0,G,1,0,0.0,,False,ABm,False,False
batch,run_0012,35.0,I10;IL1;IL12;IL4;M_NA;M_anti;M_pro;Mh_pro;Ta;Tb,10,39,0.23818896959877964,0.6153846153846154,False,Fi,False,False
batch,run_0012,35.0,ABi;Fi;Fo;tau,4,4,0.158094057753198,0.5,True,Fi,False,False
batch,run_0012,35.0,ABm;ABo;ABp;N,4,3,0.28180505160808095,1.0,False,Fi,False,False
batch,run_0012,35.0,A;Mh_anti;P,3,2,0.14385323179566276,1.0,False,Fi,False,False
batch,run_0012,35.0,G,1,0,0.0,,False,Fi,False,False
batch,run_0012,36.0,I10;IL1;IL12;IL4;M_NA;M_anti;M_pro;Mh_pro;Ta;Tb,10,39,0.2713758343722752,0.6153846153846154,False,Fi,False,False
batch,run_0012,36.0,ABi;Fi;Fo;tau,4,4,0.16367534461284317,0.5,True,Fi,False,False
batch,run_0012,36.0,ABm;ABo;ABp;N,4,3,0.26300219410504844,1.0,False,Fi,False,False
batch,run_0012,36.0,A;Mh_anti;P,3,2,0.1189298975550969,1.0,False,Fi,False,False
batch,run_0012,36.0,G,1,0,0.0,,False,Fi,False,False
batch,run_0012,37.0,I10;IL4;M_NA;M_anti;Tb,5,12,0.13316224269430518,0.75,False,Fi,False,False
batch,run_0012,37.0,ABi;Fi;Fo;tau,4,4,0.1662906157242023,0.5,True,Fi,False,False
batch,run_0012,37.0,ABm;ABo;ABp;N,4,3,0.24534959457399966,1.0,False,Fi,False,False
batch,run_0012,37.0,IL1;IL12;M_pro;Ta,4,7,0.07906054565803529,1.0,False,Fi,False,False
batch,run_0012,37.0,A;Mh_anti;Mh_pro;P,4,6,0.11677848029415319,0.8333333333333334,False,Fi,False,False
batch,run_0012,37.0,G,1,0,0.0,,False,Fi,False,False
batch,run_0012,38.0,I10;IL4;M_NA;M_anti;Tb,5,12,0.14896897418440086,0.75,False,Fi,False,False
batch,run_0012,38.0,ABi;Fi;Fo;tau,4,4,0.16716252611002339,0.5,True,Fi,False,False
batch,run_0012,38.0,ABm;ABo;ABp;N,4,3,0.22887395053200255,1.0,False,Fi,False,False
batch,run_0012,38.0,IL1;IL12;M_pro;Ta,4,7,0.09114618176128243,1.0,False,Fi,False,False
batch,run_0012,38.0,A;Mh_anti;Mh_pro;P,4,6,0.10013436241416408,0.8333333333333334,False,Fi,False,False
batch,run_0012,38.0,G,1,0,0.0,,False,Fi,False,False
batch,run_0012,39.0,I10;IL4;M_NA;M_anti;Tb,5,12,0.16244083218605926,0.75,False,Fi,False,False
batch,run_0012,39.0,ABi;Fi;Fo;tau,4,4,0.16696550329572554,0.5,True,Fi,False,False
batch,run_0012,39.0,ABm;ABo;ABp;N,4,3,0.2137139872616853,1.0,False,Fi,False,False
batch,run_0012,39.0,IL1;IL12;M_pro;Ta,4,7,0.10256119787720999,1.0,False,Fi,False,False
batch,run_0012,39.0,A;Mh_anti;Mh_pro;P,4,6,0.08757528998668009,0.8333333333333334,False,Fi,False,False
batch,run_0012,39.0,G,1,0,0.0,,False,Fi,False,False
batch,run_0012,40.0,I10;IL4;M_NA;M_anti;Tb,5,12,0.17347070065466766,0.75,False,Fi,False,False
batch,run_0012,40.0,ABi;Fi;Fo;tau,4,4,0.16608342470224008,0.5,True,Fi,False,False
batch,run_0012,40.0,ABm;ABo;ABp;N,4,3,0.19995671774109242,1.0,False,Fi,False,False
batch,run_0012,40.0,IL1;IL12;M_pro;Ta,4,7,0.11338701959804079,1.0,False,Fi,False,False
batch,run_0012,40.0,A;Mh_anti;Mh_pro;P,4,6,0.07828126312050161,1.0,False,Fi,False,False
batch,run_0012,40.0,G,1,0,0.0,,False,Fi,False,False
batch,run_0012,41.0,I10;IL4;M_NA;M_anti;Tb,5,12,0.18220245409192048,0.75,False,M_pro,False,False
batch,run_0012,41.0,ABi;Fi;Fo;tau,4,4,0.16472270440844516,0.5,False,M_pro,False,False
batch,run_0012,41.0,ABm;ABo;ABp;N,4,3,0.1875773457658371,1.0,False,M_pro,False,False
batch,run_0012,41.0,IL1;IL12;M_pro;Ta,4,7,0.1236012648402446,1.0,True,M_pro,False,False
batch,run_0012,41.0,A;Mh_anti;Mh_pro;P,4,6,0.07164539632304869,1.0,False,M_pro,False,False
batch,run_0012,41.0,G,1,0,0.0,,False,M_pro,False,False
batch,run_0012,42.0,I10;IL4;M_NA;M_anti;Tb,5,12,0.18889364191438815,0.75,False,M_pro,False,False
batch,run_0012,42.0,ABi;Fi;Fo;tau,4,4,0.16301101602455007,0.5,False,M_pro,False,False
batch,run_0012,42.0,ABm;ABo;ABp;N,4,3,0.17649281373264133,1.0,False,M_pro,False,False
batch,run_0012,42.0,IL1;IL12;M_pro;Ta,4,7,0.13315575571845448,1.0,True,M_pro,False,False
batch,run_0012,42.0,A;Mh_anti;Mh_pro;P,4,6,0.06711362322770661,1.0,False,M_pro,False,False
batch,run_0012,42.0,G,1,0,0.0,,False,M_pro,False,False
batch,run_0012,43.0,I10;IL4;M_NA;M_anti;Tb,5,12,0.1938163055381282,0.75,False,M_pro,False,False
batch,run_0012,43.0,ABi;Fi;Fo;tau,4,4,0.16102513162177953,0.5,False,M_pro,False,False
batch,run_0012,43.0,ABm;ABo;ABp;N,4,3,0.16657725073059557,1.0,False,M_pro,False,False
batch,run_0012,43.0,IL1;IL12;M_pro;Ta,4,7,0.14200003499401276,1.0,True,M_pro,False,False
batch,run_0012,43.0,A;Mh_anti;Mh_pro;P,4,6,0.06427813769040655,1.0,False,M_pro,False,False
batch,run_0012,43.0,G,1,0,0.0,,False,M_pro,False,False
batch,run_0012,44.0,ABi;ABm;ABo;ABp;N,5,4,0.1583171925019458,1.0,False,M_pro,False,False
batch,run_0012,44.0,I10;IL4;M_NA;M_anti;Tb,5,12,0.19723140292479457,0.75,False,M_pro,False,False
batch,run_0012,44.0,IL1;IL12;M_pro;Ta,4,7,0.1501021408347312,1.0,True,M_pro,False,False
batch,run_0012,44.0,A;Mh_anti;Mh_pro;P,4,6,0.06281401695948705,1.0,False,M_pro,False,False
batch,run_0012,44.0,Fi;Fo;tau,3,3,0.1582882937504176,0.6666666666666666,False,M_pro,False,False
batch,run_0012,44.0,G,1,0,0.0,,False,M_pro,False,False
batch,run_0012,45.0,I10;IL4;M_NA;M_anti;Tb,5,12,0.19937670967379714,0.75,False,M_pro,False,False
batch,run_0012,45.0,A;ABp;Mh_anti;Mh_pro;P,5,8,0.07598585553860511,0.875,False,M_pro,False,False
batch,run_0012,45.0,ABi;ABm;ABo;N,4,3,0.13456990306548725,1.0,False,M_pro,False,False
batch,run_0012,45.0,IL1;IL12;M_pro;Ta,4,7,0.15745203045766867,1.0,True,M_pro,False,False
batch,run_0012,45.0,Fi;Fo;tau,3,3,0.1559333392279979,0.6666666666666666,False,M_pro,False,False
batch,run_0012,45.0,G,1,0,0.0,,False,M_pro,False,False
batch,run_0012,46.0,I10;IL4;M_NA;M_anti;Tb,5,12,0.20046345072744548,0.75,False,M_pro,False,False
batch,run_0012,46.0,A;ABp;Mh_anti;Mh_pro;P,5,8,0.07754677647969745,0.875,False,M_pro,False,False
batch,run_0012,46.0,ABi;ABm;ABo;N,4,3,0.1276336222447805,1.0,False,M_pro,False,False
batch,run_0012,46.0,IL1;IL12;M_pro;Ta,4,7,0.16405952293488973,1.0,True,M_pro,False,False
batch,run_0012,46.0,Fi;Fo;tau,3,3,0.1534643127419688,0.6666666666666666,False,M_pro,False,False
batch,run_0012,46.0,G,1,0,0.0,,False,M_pro,False,False
batch,run_0012,47.0,I10;IL4;M_NA;M_anti;Tb,5,12,0.20067644259593617,0.75,False,M_pro,False,False
batch,run_0012,47.0,A;ABp;Mh_anti;Mh_pro;P,5,8,0.07976814834297401,0.875,False,M_pro,False,False
batch,run_0012,47.0,ABi;ABm;ABo;N,4,3,0.12143627414679771,1.0,False,M_pro,False,False
batch,run_0012,47.0,IL1;IL12;M_pro;Ta,4,7,0.16995004457446666,1.0,True,M_pro,False,False
batch,run_0012,47.0,Fi;Fo;tau,3,3,0.1509244247014329,0.6666666666666666,False,M_pro,False,False
batch,run_0012,47.0,G,1,0,0.0,,False,M_pro,False,False
batch,run_0012,48.0,I10;IL4;M_NA;M_anti;Tb,5,12,0.2001759318369869,0.75,False,M_pro,False,False
batch,run_0012,48.0,A;ABp;Mh_anti;Mh_pro;P,5,8,0.08250336885503981,0.875,False,M_pro,False,False
batch,run_0012,48.0,ABi;ABm;ABo;N,4,3,0.1158804448568817,1.0,False,M_pro,False,False
batch,run_0012,48.0,IL1;IL12;M_pro;Ta,4,7,0.17516027087547964,1.0,True,M_pro,False,False
batch,run_0012,48.0,Fi;Fo;tau,3,3,0.1483524412524318,0.6666666666666666,False,M_pro,False,False
batch,run_0012,48.0,G,1,0,0.0,,False,M_pro,False,False
batch,run_0012,49.0,I10;IL4;M_NA;M_anti;Tb,5,12,0.19909990380730894,0.75,False,M_pro,False,False
batch,run_0012,49.0,A;ABp;Mh_anti;Mh_pro;P,5,8,0.08563074813006799,0.875,False,M_pro,False,False
batch,run_0012,49.0,ABi;ABm;ABo;N,4,3,0.11088278758558374,1.0,False,M_pro,False,False
batch,run_0012,49.0,IL1;IL12;M_pro;Ta,4,7,0.1797343336886116,1.0,True,M_pro,False,False
batch,run_0012,49.0,Fi;Fo;tau,3,3,0.1457820514449505,0.6666666666666666,False,M_pro,False,False
batch,run_0012,49.0,G,1,0,0.0,,False,M_pro,False,False
batch,run_0012,50.0,I10;IL4;M_NA;M_anti;Tb,5,12,0.19756644584918084,0.75,False,M_pro,False,False
batch,run_0012,50.0,A;ABp;Mh_anti;Mh_pro;P,5,8,0.08904887697289392,0.875,False,M_pro,False,False
batch,run_0012,50.0,ABi;ABm;ABo;N,4,3,0.1063720652126989,1.0,False,M_pro,False,False
batch,run_0012,50.0,IL1;IL12;M_pro;Ta,4,7,0.1837206474240151,1.0,True,M_pro,False,False
batch,run_0012,50.0,Fi;Fo;tau,3,3,0.1432416207324117,0.6666666666666666,False,M_pro,False,False
batch,run_0012,50.0,G,1,0,0.0,,False,M_pro,False,False
batch,run_0012,51.0,I10;IL4;M_NA;M_anti;Tb,5,12,0.19567612602990286,0.75,False,M_pro,False,False
batch,run_0012,51.0,A;ABp;Mh_anti;Mh_pro;P,5,8,0.09267310873129328,0.875,False,M_pro,False,False
batch,run_0012,51.0,ABi;ABm;ABo;N,4,3,0.102287332273632,1.0,False,M_pro,False,False
batch,run_0012,51.0,IL1;IL12;M_pro;Ta,4,7,0.18716939440017405,1.0,True,M_pro,False,False
batch,run_0012,51.0,Fi;Fo;tau,3,3,0.14075431485150566,0.6666666666666666,False,M_pro,False,False
batch,run_0012,51.0,G,1,0,0.0,,False,M_pro,False,False
batch,run_0012,52.0,I10;IL4;M_NA;M_anti;Tb,5,12,0.19351415482909004,0.75,False,M_pro,False,False
batch,run_0012,52.0,A;ABp;Mh_anti;Mh_pro;P,5,8,0.09643286895882919,0.875,False,M_pro,False,False
batch,run_0012,52.0,ABi;ABm;ABo;N,4,3,0.09857637953084476,1.0,False,M_pro,False,False
batch,run_0012,52.0,IL1;IL12;M_pro;Ta,4,7,0.1901307002094984,1.0,True,M_pro,False,False
batch,run_0012,52.0,Fi;Fo;tau,3,3,0.13833843971620133,0.6666666666666666,False,M_pro,False,False
batch,run_0012,52.0,G,1,0,0.0,,False,M_pro,False,False
batch,run_0012,53.0,I10;IL4;M_NA;M_anti;Tb,5,12,0.19115234106803028,0.75,False,M_pro,False,False
batch,run_0012,53.0,A;ABp;Mh_anti;Mh_pro;P,5,8,0.10026953745984862,0.875,False,M_pro,False,False
batch,run_0012,53.0,ABi;ABm;ABo;N,4,3,0.0951944037270038,1.0,False,M_pro,False,False
batch,run_0012,53.0,IL1;IL12;M_pro;Ta,4,7,0.19265332961010118,1.0,True,M_pro,False,False
batch,run_0012,53.0,Fi;Fo;tau,3,3,0.13600792196056957,0.6666666666666666,False,M_pro,False,False
batch,run_0012,53.0,G,1,0,0.0,,False,M_pro,False,False
batch,run_0012,54.0,I10;IL4;M_NA;M_anti;Tb,5,12,0.18865079972595672,0.75,False,M_pro,False,False
batch,run_0012,54.0,A;ABp;Mh_anti;Mh_pro;P,5,8,0.10413474274400604,0.875,False,M_pro,False,False
batch,run_0012,54.0,ABi;ABm;ABo;N,4,3,0.09210287872934245,1.0,False,M_pro,False,False
batch,run_0012,54.0,IL1;IL12;M_pro;Ta,4,7,0.19478376521887536,1.0,True,M_pro,False,False
batch,run_0012,54.0,Fi;Fo;tau,3,3,0.13377287382726022,0.6666666666666666,False,M_pro,False,False
batch,run_0012,54.0,G,1,0,0.0,,False,M_pro,False,False
batch,run_0012,55.0,I10;IL4;M_NA;M_anti;Tb,5,12,0.18605950787820216,0.75,False,M_pro,False,False
batch,run_0012,55.0,A;ABp;Mh_anti;Mh_pro;P,5,8,0.10798894068031087,0.875,False,M_pro,False,False
batch,run_0012,55.0,ABi;ABm;ABo;N,4,3,0.08926859170522307,1.0,False,M_pro,False,False
batch,run_0012,55.0,IL1;IL12;M_pro;Ta,4,7,0.1965656030986009,1.0,True,M_pro,False,False
batch,run_0012,55.0,Fi;Fo;tau,3,3,0.13164017234081157,0.6666666666666666,False,M_pro,False,False
batch,run_0012,55.0,G,1,0,0.0,,False,M_pro,False,False
batch,run_0012,56.0,I10;IL4;M_NA;M_anti;Tb,5,12,0.1834197254601422,0.75,False,M_pro,False,False
batch,run_0012,56.0,A;ABp;Mh_anti;Mh_pro;P,5,8,0.11180019948986421,0.875,False,M_pro,False,False
batch,run_0012,56.0,ABi;ABm;ABo;N,4,3,0.08666282504554451,1.0,False,M_pro,False,False
batch,run_0012,56.0,IL1;IL12;M_pro;Ta,4,7,0.19803921161216403,1.0,True,M_pro,False,False
batch,run_0012,56.0,Fi;Fo;tau,3,3,0.12961399894723896,0.6666666666666666,False,M_pro,False,False
batch,run_0012,56.0,G,1,0,0.0,,False,M_pro,False,False
batch,run_0012,57.0,I10;IL4;M_NA;M_anti;Tb,5,12,0.18076520274325475,0.75,False,M_pro,False,False
batch,run_0012,57.0,A;ABp;Mh_anti;Mh_pro;P,5,8,0.11554316125588225,0.875,False,M_pro,False,False
batch,run_0012,57.0,ABi;ABm;ABo;N,4,3,0.08426068293548532,1.0,False,M_pro,False,False
batch,run_0012,57.0,IL1;IL12;M_pro;Ta,4,7,0.1992415749727506,1.0,True,M_pro,False,False
batch,run_0012,57.0,Fi;Fo;tau,3,3,0.12769632937579511,0.6666666666666666,False,M_pro,False,False
batch,run_0012,57.0,G,1,0,0.0,,False,M_pro,False,False
batch,run_0012,58.0,I10;IL4;M_NA;M_anti;Tb,5,12,0.178123265916522,0.75,False,M_pro,False,False
batch,run_0012,58.0,A;ABp;Mh_anti;Mh_pro;P,5,8,0.11919812033652805,0.875,False,M_pro,False,False
batch,run_0012,58.0,ABi;ABm;ABo;N,4,3,0.08204051465216564,1.0,False,M_pro,False,False
batch,run_0012,58.0,IL1;IL12;M_pro;Ta,4,7,0.20020627906016591,1.0,True,M_pro,False,False
batch,run_0012,58.0,Fi;Fo;tau,3,3,0.12588736553366686,0.6666666666666666,False,M_pro,False,False
batch,run_0012,58.0,G,1,0,0.0,,False,M_pro,False,False
batch,run_0012,59.0,I10;IL4;M_NA;M_anti;Tb,5,12,0.17551571739452843,0.75,False,M_pro,False,False
batch,run_0012,59.0,A;ABp;Mh_anti;Mh_pro;P,5,8,0.12275022780870914,0.875,False,M_pro,False,False
batch,run_0012,59.0,ABi;ABm;ABo;N,4,3,0.07998344705386684,1.0,False,M_pro,False,False
batch,run_0012,59.0,IL1;IL12;M_pro;Ta,4,7,0.20096355406198985,1.0,True,M_pro,False,False
batch,run_0012,59.0,Fi;Fo;tau,3,3,0.12418593043661783,0.6666666666666666,False,M_pro,False,False
batch,run_0012,59.0,G,1,0,0.0,,False,M_pro,False,False
batch,run_0012,60.0,I10;IL4;M_NA;M_anti;Tb,5,12,0.17295968492806776,0.75,False,M_pro,False,False
batch,run_0012,60.0,A;ABp;Mh_anti;Mh_pro;P,5,8,0.1261887601832541,0.875,False,M_pro,False,False
batch,run_0012,60.0,ABi;ABm;ABo;N,4,3,0.0780729733797048,1.0,False,M_pro,False,False
batch,run_0012,60.0,IL1;IL12;M_pro;Ta,4,7,0.20154042796070118,1.0,True,M_pro,False,False
batch,run_0012,60.0,Fi;Fo;tau,3,3,0.12258978509428775,0.6666666666666666,False,M_pro,False,False
batch,run_0012,60.0,G,1,0,0.0,,False,M_pro,False,False
batch,run_0012,61.0,I10;IL4;M_NA;M_anti;Tb,5,12,0.17046836326659384,0.75,False,M_pro,False,False
batch,run_0012,61.0,A;ABp;Mh_anti;Mh_pro;P,5,8,0.12950646777819252,0.875,False,M_pro,False,False
batch,run_0012,61.0,ABi;ABm;ABo;N,4,3,0.07629460686338299,1.0,False,M_pro,False,False
batch,run_0012,61.0,IL1;IL12;M_pro;Ta,4,7,0.2019609279403289,1.0,True,M_pro,False,False
batch,run_0012,61.0,Fi;Fo;tau,3,3,0.12109589002444923,0.6666666666666666,False,M_pro,False,False
batch,run_0012,61.0,G,1,0,0.0,,False,M_pro,False,False
batch,run_0012,62.0,I10;IL4;M_NA;M_anti;Tb,5,12,0.16805164529054437,0.75,False,M_pro,False,False
batch,run_0012,62.0,A;ABp;Mh_anti;Mh_pro;P,5,8,0.13269900159378425,0.875,False,M_pro,False,False
batch,run_0012,62.0,ABi;ABm;ABo;N,4,3,0.07463559412164038,1.0,False,M_pro,False,False
batch,run_0012,62.0,IL1;IL12;M_pro;Ta,4,7,0.20224629714306916,1.0,True,M_pro,False,False
batch,run_0012,62.0,Fi;Fo;tau,3,3,0.11970062440149722,0.6666666666666666,False,M_pro,False,False
batch,run_0012,62.0,G,1,0,0.0,,False,M_pro,False,False
batch,run_0012,63.0,I10;IL4;M_NA;M_anti;Tb,5,12,0.16571665803022276,0.75,False,M_pro,False,False
batch,run_0012,63.0,A;ABp;Mh_anti;Mh_pro;P,5,8,0.13576441088780625,0.875,False,M_pro,False,False
batch,run_0012,63.0,ABi;ABm;ABo;N,4,3,0.07308467694792496,1.0,False,M_pro,False,False
batch,run_0012,63.0,IL1;IL12;M_pro;Ta,4,7,0.20241521560673584,1.0,True,M_pro,False,False
batch,run_0012,63.0,Fi;Fo;tau,3,3,0.11839996999087851,0.6666666666666666,False,M_pro,False,False
batch,run_0012,63.0,G,1,0,0.0,,False,M_pro,False,False
batch,run_0012,64.0,I10;IL4;M_NA;M_anti;Tb,5,12,0.1634682305125605,0.75,False,M_pro,False,False
batch,run_0012,64.0,A;ABp;Mh_anti;Mh_pro;P,5,8,0.1387026990879224,0.875,False,M_pro,False,False
batch,run_0012,64.0,ABi;ABm;ABo;N,4,3,0.07163188800607574,1.0,False,M_pro,False,False
batch,run_0012,64.0,IL1;IL12;M_pro;Ta,4,7,0.20248403391867273,1.0,True,M_pro,False,False
batch,run_0012,64.0,Fi;Fo;tau,3,3,0.11718965721028553,0.6666666666666666,False,M_pro,False,False
batch,run_0012,64.0,G,1,0,0.0,,False,M_pro,False,False
batch,run_0012,65.0,I10;IL4;M_NA;M_anti;Tb,5,12,0.16130929502978492,0.75,False,M_pro,False,False
batch,run_0012,65.0,A;ABp;Mh_anti;Mh_pro;P,5,8,0.1415154380431378,0.875,False,M_pro,False,False
batch,run_0012,65.0,ABi;ABm;ABo;N,4,3,0.07026838056655732,1.0,False,M_pro,False,False
batch,run_0012,65.0,IL1;IL12;M_pro;Ta,4,7,0.2024669890542581,1.0,True,M_pro,False,False
batch,run_0012,65.0,Fi;Fo;tau,3,3,0.11606528866944961,0.6666666666666666,False,M_pro,False,False
batch,run_0012,65.0,G,1,0,0.0,,False,M_pro,False,False
batch,run_0012,66.0,I10;IL4;M_NA;M_anti;Tb,5,12,0.15924124103096382,0.75,False,M_pro,False,False
batch,run_0012,66.0,A;ABp;Mh_anti;Mh_pro;P,5,8,0.14420542907448386,0.875,False,M_pro,False,False
batch,run_0012,66.0,ABi;ABm;ABo;N,4,3,0.06898627818063598,1.0,False,M_pro,False,False
batch,run_0012,66.0,IL1;IL12;M_pro;Ta,4,7,0.2023764328443153,1.0,True,M_pro,False,False
batch,run_0012,66.0,Fi;Fo;tau,3,3,0.1150224271183835,0.6666666666666666,False,M_pro,False,False
batch,run_0012,66.0,G,1,0,0.0,,False,M_pro,False,False
batch,run_0012,67.0,I10;IL4;M_NA;M_anti;Tb,5,12,0.1572642107751863,0.75,False,M_pro,False,False
batch,run_0012,67.0,A;ABp;Mh_anti;Mh_pro;P,5,8,0.14677641584009107,0.875,False,M_pro,False,False
batch,run_0012,67.0,ABi;ABm;ABo;N,4,3,0.06777855178424497,1.0,False,M_pro,False,False
batch,run_0012,67.0,IL1;IL12;M_pro;Ta,4,7,0.20222303775395647,1.0,True,M_pro,False,False
batch,run_0012,67.0,Fi;Fo;tau,3,3,0.11405666677080735,0.6666666666666666,False,M_pro,False,False
batch,run_0012,67.0,G,1,0,0.0,,False,M_pro,False,False
batch,run_0012,68.0,I10;IL4;M_NA;M_anti;Tb,5,12,0.15537735799414013,0.75,False,M_pro,False,False
batch,run_0012,68.0,A;ABp;Mh_anti;Mh_pro;P,5,8,0.1492328367739062,0.875,False,M_pro,False,False
batch,run_0012,68.0,ABi;ABm;ABo;N,4,3,0.06663891132646042,1.0,False,M_pro,False,False
batch,run_0012,68.0,IL1;IL12;M_pro;Ta,4,7,0.20201598740977872,1.0,True,M_pro,False,False
batch,run_0012,68.0,Fi;Fo;tau,3,3,0.11316368886254101,0.6666666666666666,False,M_pro,False,False
batch,run_0012,68.0,G,1,0,0.0,,False,M_pro,False,False
batch,run_0012,69.0,I10;IL4;M_NA;M_anti;Mh_anti;Tb,6,16,0.19950910945301914,0.8125,False,M_pro,False,False
batch,run_0012,69.0,ABi;ABm;ABo;N,4,3,0.06556171314101174,1.0,False,M_pro,False,False
batch,run_0012,69.0,IL1;IL12;M_pro;Ta,4,7,0.20176317498799357,1.0,True,M_pro,False,False
batch,run_0012,69.0,A;ABp;Mh_pro;P,4,4,0.10979046518092815,1.0,False,M_pro,False,False
batch,run_0012,69.0,Fi;Fo;tau,3,3,0.11233928979563938,0.6666666666666666,False,M_pro,False,False
batch,run_0012,69.0,G,1,0,0.0,,False,M_pro,False,False
batch,run_0012,70.0,I10;IL4;M_NA;M_anti;Mh_anti;Tb,6,16,0.19868628843355035,0.8125,False,M_pro,False,False
batch,run_0012,70.0,ABi;ABm;ABo;N,4,3,0.064541884170066,1.0,False,M_pro,False,False
batch,run_0012,70.0,IL1;IL12;M_pro;Ta,4,7,0.20147134461159602,1.0,True,M_pro,False,False
batch,run_0012,70.0,A;ABp;Mh_pro;P,4,4,0.11176772549161076,1.0,False,M_pro,False,False
batch,run_0012,70.0,Fi;Fo;tau,3,3,0.11157942062696084,0.6666666666666666,False,M_pro,False,False
batch,run_0012,70.0,G,1,0,0.0,,False,M_pro,False,False
batch,run_0012,71.0,I10;IL4;M_NA;M_anti;Mh_anti;Tb,6,16,0.19791313973983854,0.8125,False,M_pro,False,False
batch,run_0012,71.0,ABi;ABm;ABo;N,4,3,0.06357485446541136,1.0,False,M_pro,False,False
batch,run_0012,71.0,IL1;IL12;M_pro;Ta,4,7,0.2011462396402055,1.0,True,M_pro,False,False
batch,run_0012,71.0,A;ABp;Mh_pro;P,4,4,0.1136711654911404,1.0,False,M_pro,False,False
batch,run_0012,71.0,Fi;Fo;tau,3,3,0.1108802055505268,0.6666666666666666,False,M_pro,False,False
batch,run_0012,71.0,G,1,0,0.0,,False,M_pro,False,False
batch,run_0012,72.0,I10;IL4;M_NA;M_anti;Mh_anti;Tb,6,16,0.19718710047791338,0.8125,False,M_pro,False,False
batch,run_0012,72.0,ABi;ABm;ABo;N,4,3,0.06265649875214233,1.0,False,M_pro,False,False
batch,run_0012,72.0,IL1;IL12;M_pro;Ta,4,7,0.20079273675766052,1.0,True,M_pro,False,False
batch,run_0012,72.0,A;ABp;Mh_pro;P,4,4,0.11550380383907068,1.0,False,M_pro,False,False
batch,run_0012,72.0,Fi;Fo;tau,3,3,0.11023795197511221,0.6666666666666666,False,M_pro,False,False
batch,run_0012,72.0,G,1,0,0.0,,False,M_pro,False,False
batch,run_0012,73.0,I10;IL4;M_NA;M_anti;Mh_anti;Tb,6,16,0.1965056429116481,0.8125,False,M_pro,False,False
batch,run_0012,73.0,ABi;ABm;ABo;N,4,3,0.061783085411568996,1.0,False,M_pro,False,False
batch,run_0012,73.0,IL1;IL12;M_pro;Ta,4,7,0.2004149405468314,1.0,True,M_pro,False,False
batch,run_0012,73.0,A;ABp;Mh_pro;P,4,4,0.11726873681945107,1.0,False,M_pro,False,False
batch,run_0012,73.0,Fi;Fo;tau,3,3,0.10964917278064105,0.6666666666666666,False,M_pro,False,False
batch,run_0012,73.0,G,1,0,0.0,,False,M_pro,False,False
batch,run_0012,74.0,I10;IL4;M_NA;M_anti;Mh_anti;Tb,6,16,0.19216024875864643,0.8125,False,M_pro,False,False
batch,run_0012,74.0,Fi;Fo;G;tau,4,4,0.12596729856518718,0.75,False,M_pro,False,False
batch,run_0012,74.0,ABi;ABm;ABo;N,4,3,0.059797958272712184,1.0,False,M_pro,False,False
batch,run_0012,74.0,IL1;IL12;M_pro;Ta,4,7,0.19623175501597775,1.0,True,M_pro,False,False
batch,run_0012,74.0,A;ABp;Mh_pro;P,4,4,0.11671805362147966,1.0,False,M_pro,False,False
batch,run_0012,75.0,I10;IL4;M_NA;M_anti;Mh_anti;Tb,6,16,0.1915362126851007,0.8125,False,M_pro,False,False
batch,run_0012,75.0,Fi;Fo;G;tau,4,4,0.12564330506561533,0.75,False,M_pro,False,False
batch,run_0012,75.0,ABi;ABm;ABo;N,4,3,0.05900865483308884,1.0,False,M_pro,False,False
batch,run_0012,75.0,IL1;IL12;M_pro;Ta,4,7,0.19578659356335015,1.0,True,M_pro,False,False
batch,run_0012,75.0,A;ABp;Mh_pro;P,4,4,0.11830390782294543,1.0,False,M_pro,False,False
batch,run_0012,76.0,I10;IL4;M_NA;M_anti;Mh_anti;Tb,6,16,0.19090995655456128,0.8125,False,M_pro,False,False
batch,run_0012,76.0,Fi;Fo;G;tau,4,4,0.12552457119204802,0.75,False,M_pro,False,False
batch,run_0012,76.0,ABi;ABm;ABo;N,4,3,0.05824293029665244,1.0,False,M_pro,False,False
batch,run_0012,76.0,IL1;IL12;M_pro;Ta,4,7,0.19528640519668056,1.0,True,M_pro,False,False
batch,run_0012,76.0,A;ABp;Mh_pro;P,4,4,0.11980738565900097,1.0,False,M_pro,False,False
batch,run_0012,77.0,I10;IL4;M_NA;M_anti;Mh_anti;Tb,6,16,0.19027772589033087,0.8125,False,M_pro,False,False
batch,run_0012,77.0,Fi;Fo;G;tau,4,4,0.12560836828926336,0.75,False,M_pro,False,False
batch,run_0012,77.0,ABi;ABm;ABo;N,4,3,0.05749825037162733,1.0,False,M_pro,False,False
batch,run_0012,77.0,IL1;IL12;M_pro;Ta,4,7,0.19473152441409475,1.0,True,M_pro,False,False
batch,run_0012,77.0,A;ABp;Mh_pro;P,4,4,0.12122931839522187,1.0,False,M_pro,False,False
batch,run_0012,78.0,I10;IL4;M_NA;M_anti;Mh_anti;Tb,6,16,0.1896380399831926,0.8125,False,M_pro,False,False
batch,run_0012,78.0,Fi;Fo;G;tau,4,4,0.12588592263798204,0.75,False,M_pro,False,False
batch,run_0012,78.0,ABi;ABm;ABo;N,4,3,0.05677286450709164,1.0,False,M_pro,False,False
batch,run_0012,78.0,IL1;IL12;M_pro;Ta,4,7,0.1941242310354735,1.0,True,M_pro,False,False
batch,run_0012,78.0,A;ABp;Mh_pro;P,4,4,0.12257184627346888,1.0,False,M_pro,False,False
batch,run_0012,79.0,I10;IL4;M_NA;M_anti;Mh_anti;Tb,6,16,0.18899094090752638,0.8125,False,M_pro,False,False
batch,run_0012,79.0,Fi;Fo;G;tau,4,4,0.12634468205061797,0.75,False,M_pro,False,False
batch,run_0012,79.0,ABi;ABm;ABo;N,4,3,0.05606553313929649,1.0,False,M_pro,False,False
batch,run_0012,79.0,IL1;IL12;M_pro;Ta,4,7,0.19346802765884233,1.0,True,M_pro,False,False
batch,run_0012,79.0,A;ABp;Mh_pro;P,4,4,0.12383800904277457,1.0,False,M_pro,False,False
batch,run_0012,80.0,I10;IL4;M_NA;M_anti;Mh_anti;Tb,6,16,0.18833727456993388,0.8125,False,M_pro,False,False
batch,run_0012,80.0,Fi;Fo;G;tau,4,4,0.12697080557030596,0.75,False,M_pro,False,False
batch,run_0012,80.0,ABi;ABm;ABo;N,4,3,0.05537529358561203,1.0,False,M_pro,False,False
batch,run_0012,80.0,IL1;IL12;M_pro;Ta,4,7,0.19276693425670258,1.0,True,M_pro,False,False
batch,run_0012,80.0,A;ABp;Mh_pro;P,4,4,0.12503131925693575,1.0,False,M_pro,False,False
batch,run_0013,30.0,I10;IL4;M_NA;M_anti,4,4,0.11779393832508163,0.5,False,ABm,False,False
batch,run_0013,30.0,A;P;Ta,3,2,0.38011838288801963,1.0,False,ABm,False,False
batch,run_0013,30.0,ABm;N,2,1,0.46650793182907674,1.0,True,ABm,False,False
batch,run_0013,30.0,ABi,1,0,0.0,,False,ABm,False,False
batch,run_0013,30.0,ABo,1,0,0.0,,False,ABm,False,False
batch,run_0013,30.0,ABp,1,0,0.0,,False,ABm,False,False
batch,run_0013,30.0,G,1,0,0.0,,False,ABm,False,False
batch,run_0013,30.0,tau,1,0,0.0,,False,ABm,False,False
batch,run_0013,30.0,Fi,1,0,0.0,,False,ABm,False,False
batch,run_0013,30.0,Fo,1,0,0.0,,False,ABm,False,False
batch,run_0013,30.0,M_pro,1,0,0.0,,False,ABm,False,False
batch,run_0013,30.0,Mh_pro,1,0,0.0,,False,ABm,False,False
batch,run_0013,30.0,Mh_anti,1,0,0.0,,False,ABm,False,False
batch,run_0013,30.0,Tb,1,0,0.0,,False,ABm,False,False
batch,run_0013,30.0,IL1,1,0,0.0,,False,ABm,False,False
batch,run_0013,30.0,IL12,1,0,0.0,,False,ABm,False,False
batch,run_0013,31.0,ABi;I10;IL1;IL12;IL4;M_NA;M_anti;M_pro;Mh_pro;Ta;Tb,11,36,0.14191347803290646,0.6111111111111112,False,ABm,False,False
batch,run_0013,31.0,ABm;ABo;ABp;N,4,3,0.40323432905642875,1.0,True,ABm,False,False
batch,run_0013,31.0,Fi;Fo;tau,3,3,0.03405528595267386,0.6666666666666666,False,ABm,False,False
batch,run_0013,31.0,A;Mh_anti;P,3,2,0.3041059820590217,1.0,False,ABm,False,False
batch,run_0013,31.0,G,1,0,0.0,,False,ABm,False,False
batch,run_0013,32.0,ABi;I10;IL1;IL12;IL4;M_NA;M_anti;M_pro;Mh_pro;Ta;Tb,11,38,0.17233279159740963,0.631578947368421,False,ABm,False,False
batch,run_0013,32.0,ABm;ABo;ABp;N,4,3,0.3692759925531014,1.0,True,ABm,False,False
batch,run_0013,32.0,Fi;Fo;tau,3,3,0.0792595987861603,0.6666666666666666,False,ABm,False,False
batch,run_0013,32.0,A;Mh_anti;P,3,2,0.2339273689718685,1.0,False,ABm,False,False
batch,run_0013,32.0,G,1,0,0.0,,False,ABm,False,False
batch,run_0013,33.0,I10;IL1;IL12;IL4;M_NA;M_anti;M_pro;Mh_pro;Ta;Tb,10,38,0.2128597769304576,0.6052631578947368,False,ABm,False,False
batch,run_0013,33.0,ABi;ABm;ABo;ABp;N,5,4,0.3411037643047754,1.0,True,ABm,False,False
batch,run_0013,33.0,Fi;Fo;tau,3,3,0.1066760026511662,0.6666666666666666,False,ABm,False,False
batch,run_0013,33.0,A;Mh_anti;P,3,2,0.17645834921785641,1.0,False,ABm,False,False
batch,run_0013,33.0,G,1,0,0.0,,False,ABm,False,False
batch,run_0013,34.0,I10;IL1;IL12;IL4;M_NA;M_anti;M_pro;Mh_pro;Ta;Tb,10,39,0.254989692308854,0.6153846153846154,False,ABo,False,False
batch,run_0013,34.0,ABi;Fi;Fo;tau,4,4,0.1205548142381061,0.5,False,ABo,False,False
batch,run_0013,34.0,ABm;ABo;ABp;N,4,3,0.3151457803894083,1.0,True,ABo,False,False
batch,run_0013,34.0,A;Mh_anti;P,3,2,0.13595913950766347,1.0,False,ABo,False,False
batch,run_0013,34.0,G,1,0,0.0,,False,ABo,False,False
batch,run_0013,35.0,I10;IL1;IL12;IL4;M_NA;M_anti;M_pro;Mh_pro;Ta;Tb,10,39,0.29367265847536,0.6153846153846154,False,ABo,False,False
batch,run_0013,35.0,ABi;Fi;Fo;tau,4,4,0.12747809296866403,0.5,False,ABo,False,False
batch,run_0013,35.0,ABm;ABo;ABp;N,4,3,0.2923566093347869,1.0,True,ABo,False,False
batch,run_0013,35.0,A;Mh_anti;P,3,2,0.10814925465730325,1.0,False,ABo,False,False
batch,run_0013,35.0,G,1,0,0.0,,False,ABo,False,False
batch,run_0013,36.0,I10;IL1;IL12;IL4;M_NA;M_anti;M_pro;Mh_pro;Ta;Tb,10,39,0.3278416356133138,0.6153846153846154,False,ABo,False,False
batch,run_0013,36.0,ABi;Fi;Fo;tau,4,4,0.1313511484413309,0.5,False,ABo,False,False
batch,run_0013,36.0,ABm;ABo;ABp;N,4,3,0.2720253352096642,1.0,True,ABo,False,False
batch,run_0013,36.0,A;Mh_anti;P,3,2,0.0887371398635793,1.0,False,ABo,False,False
batch,run_0013,36.0,G,1,0,0.0,,False,ABo,False,False
batch,run_0013,37.0,I10;IL4;M_NA;M_anti;Tb,5,12,0.132422073246608,0.75,False,ABo,False,False
batch,run_0013,37.0,ABi;Fi;Fo;tau,4,4,0.13386225011682087,0.5,False,ABo,False,False
batch,run_0013,37.0,ABm;ABo;ABp;N,4,3,0.25373671824055255,1.0,True,ABo,False,False
batch,run_0013,37.0,IL1;IL12;M_pro;Ta,4,7,0.1069933906919737,1.0,False,ABo,False,False
batch,run_0013,37.0,A;Mh_anti;Mh_pro;P,4,6,0.09716054830688005,0.8333333333333334,False,ABo,False,False
batch,run_0013,37.0,G,1,0,0.0,,False,ABo,False,False
batch,run_0013,38.0,I10;IL4;M_NA;M_anti;Tb,5,12,0.14531311569822744,0.75,False,ABo,False,False
batch,run_0013,38.0,ABi;Fi;Fo;tau,4,4,0.13572453915924482,0.5,False,ABo,False,False
batch,run_0013,38.0,ABm;ABo;ABp;N,4,3,0.23730817513979935,1.0,True,ABo,False,False
batch,run_0013,38.0,IL1;IL12;M_pro;Ta,4,7,0.12041731098516822,1.0,False,ABo,False,False
batch,run_0013,38.0,A;Mh_anti;Mh_pro;P,4,6,0.08558417307104138,0.8333333333333334,False,ABo,False,False
batch,run_0013,38.0,G,1,0,0.0,,False,ABo,False,False
batch,run_0013,39.0,I10;IL4;M_NA;M_anti;Tb,5,12,0.15582115439415334,0.75,False,ABo,False,False
batch,run_0013,39.0,ABi;Fi;Fo;tau,4,4,0.13721261919707273,0.5,False,ABo,False,False
batch,run_0013,39.0,ABm;ABo;ABp;N,4,3,0.22263569186663595,1.0,True,ABo,False,False
batch,run_0013,39.0,IL1;IL12;M_pro;Ta,4,7,0.1321539395145663,1.0,False,ABo,False,False
batch,run_0013,39.0,A;Mh_anti;Mh_pro;P,4,6,0.07762997637349586,1.0,False,ABo,False,False
batch,run_0013,39.0,G,1,0,0.0,,False,ABo,False,False
batch,run_0013,40.0,I10;IL4;M_NA;M_anti;Tb,5,12,0.16420333965730752,0.75,False,ABo,False,False
batch,run_0013,40.0,ABi;Fi;Fo;tau,4,4,0.1383982289214505,0.5,False,ABo,False,False
batch,run_0013,40.0,ABm;ABo;ABp;N,4,3,0.20958730736991457,1.0,True,ABo,False,False
batch,run_0013,40.0,IL1;IL12;M_pro;Ta,4,7,0.1422838488492624,1.0,False,ABo,False,False
batch,run_0013,40.0,A;Mh_anti;Mh_pro;P,4,6,0.07240980643480632,1.0,False,ABo,False,False
batch,run_0013,40.0,G,1,0,0.0,,False,ABo,False,False
batch,run_0013,41.0,I10;IL4;M_NA;M_anti;Tb,5,12,0.17077693040473085,0.75,False,M_pro,False,False
batch,run_0013,41.0,ABi;Fi;Fo;tau,4,4,0.13927525307820723,0.5,False,M_pro,False,False
batch,run_0013,41.0,ABm;ABo;ABp;N,4,3,0.19800223319239488,1.0,False,M_pro,False,False
batch,run_0013,41.0,IL1;IL12;M_pro;Ta,4,7,0.15088309310173767,1.0,True,M_pro,False,False
batch,run_0013,41.0,A;Mh_anti;Mh_pro;P,4,6,0.06928160776468188,1.0,False,M_pro,False,False
batch,run_0013,41.0,G,1,0,0.0,,False,M_pro,False,False
batch,run_0013,42.0,ABi;ABm;ABo;ABp;N,5,4,0.18829996397510404,1.0,False,M_pro,False,False
batch,run_0013,42.0,I10;IL4;M_NA;M_anti;Tb,5,12,0.17584371387735093,0.75,False,M_pro,False,False
batch,run_0013,42.0,IL1;IL12;M_pro;Ta,4,7,0.1580444162639123,1.0,True,M_pro,False,False
batch,run_0013,42.0,A;Mh_anti;Mh_pro;P,4,6,0.06778910020747017,1.0,False,M_pro,False,False
batch,run_0013,42.0,Fi;Fo;tau,3,3,0.13936056459526502,0.6666666666666666,False,M_pro,False,False
batch,run_0013,42.0,G,1,0,0.0,,False,M_pro,False,False
batch,run_0013,43.0,I10;IL4;M_NA;M_anti;Tb,5,12,0.17966966108979368,0.75,False,M_pro,False,False
batch,run_0013,43.0,A;ABp;Mh_anti;Mh_pro;P,5,8,0.08108477651007635,0.875,False,M_pro,False,False
batch,run_0013,43.0,ABi;ABm;ABo;N,4,3,0.1637174679961417,1.0,False,M_pro,False,False
batch,run_0013,43.0,IL1;IL12;M_pro;Ta,4,7,0.163882724167461,1.0,True,M_pro,False,False
batch,run_0013,43.0,Fi;Fo;tau,3,3,0.1395619922812614,0.6666666666666666,False,M_pro,False,False
batch,run_0013,43.0,G,1,0,0.0,,False,M_pro,False,False
batch,run_0013,44.0,I10;IL4;M_NA;M_anti;Tb,5,12,0.18248089870596537,0.75,False,M_pro,False,False
batch,run_0013,44.0,A;ABp;Mh_anti;Mh_pro;P,5,8,0.08313939211476523,0.875,False,M_pro,False,False
batch,run_0013,44.0,ABi;ABm;ABo;N,4,3,0.15582032809007645,1.0,False,M_pro,False,False
batch,run_0013,44.0,IL1;IL12;M_pro;Ta,4,7,0.1685281757838794,1.0,True,M_pro,False,False
batch,run_0013,44.0,Fi;Fo;tau,3,3,0.13943460559784146,0.6666666666666666,False,M_pro,False,False
batch,run_0013,44.0,G,1,0,0.0,,False,M_pro,False,False
batch,run_0013,45.0,I10;IL4;M_NA;M_anti;Tb,5,12,0.18446594449674628,0.75,False,M_pro,False,False
batch,run_0013,45.0,A;ABp;Mh_anti;Mh_pro;P,5,8,0.08593559387340297,0.875,False,M_pro,False,False
batch,run_0013,45.0,ABi;ABm;ABo;N,4,3,0.14882255413397763,1.0,False,M_pro,False,False
batch,run_0013,45.0,IL1;IL12;M_pro;Ta,4,7,0.17211724231039588,1.0,True,M_pro,False,False
batch,run_0013,45.0,Fi;Fo;tau,3,3,0.13900335382441065,0.6666666666666666,False,M_pro,False,False
batch,run_0013,45.0,G,1,0,0.0,,False,M_pro,False,False
batch,run_0013,46.0,I10;IL4;M_NA;M_anti;Tb,5,12,0.1857803897064311,0.75,False,M_pro,False,False
batch,run_0013,46.0,A;ABp;Mh_anti;Mh_pro;P,5,8,0.08929824771153982,0.875,False,M_pro,False,False
batch,run_0013,46.0,ABi;ABm;ABo;N,4,3,0.14259675525733023,1.0,False,M_pro,False,False
batch,run_0013,46.0,IL1;IL12;M_pro;Ta,4,7,0.17478501032003052,1.0,True,M_pro,False,False
batch,run_0013,46.0,Fi;Fo;tau,3,3,0.13830414414191627,0.6666666666666666,False,M_pro,False,False
batch,run_0013,46.0,G,1,0,0.0,,False,M_pro,False,False
batch,run_0013,47.0,I10;IL4;M_NA;M_anti;Tb,5,12,0.18655201723448736,0.75,False,M_pro,False,False
batch,run_0013,47.0,A;ABp;Mh_anti;Mh_pro;P,5,8,0.09308426890662176,0.875,False,M_pro,False,False
batch,run_0013,47.0,ABi;ABm;ABo;N,4,3,0.13703415256250895,1.0,False,M_pro,False,False
batch,run_0013,47.0,IL1;IL12;M_pro;Ta,4,7,0.1766600401963776,1.0,True,M_pro,False,False
batch,run_0013,47.0,Fi;Fo;tau,3,3,0.13737841075132537,0.6666666666666666,False,M_pro,False,False
batch,run_0013,47.0,G,1,0,0.0,,False,M_pro,False,False
batch,run_0013,48.0,I10;IL4;M_NA;M_anti;Tb,5,12,0.18688553813689407,0.75,False,M_pro,False,False
batch,run_0013,48.0,A;ABp;Mh_anti;Mh_pro;P,5,8,0.09717560612857712,0.875,False,M_pro,False,False
batch,run_0013,48.0,ABi;ABm;ABo;N,4,3,0.1320420484620786,1.0,False,M_pro,False,False
batch,run_0013,48.0,IL1;IL12;M_pro;Ta,4,7,0.1778612100289009,1.0,True,M_pro,False,False
batch,run_0013,48.0,Fi;Fo;tau,3,3,0.13626887526178244,0.6666666666666666,False,M_pro,False,False
batch,run_0013,48.0,G,1,0,0.0,,False,M_pro,False,False
batch,run_0013,49.0,I10;IL4;M_NA;M_anti;Tb,5,12,0.18686682127042595,0.75,False,M_pro,False,False
batch,run_0013,49.0,A;ABp;Mh_anti;Mh_pro;P,5,8,0.10147430265662023,0.875,False,M_pro,False,False
batch,run_0013,49.0,ABi;ABm;ABo;N,4,3,0.12754155351241778,1.0,False,M_pro,False,False
batch,run_0013,49.0,IL1;IL12;M_pro;Ta,4,7,0.17849615995989218,1.0,True,M_pro,False,False
batch,run_0013,49.0,Fi;Fo;tau,3,3,0.13501664478657088,0.6666666666666666,False,M_pro,False,False
batch,run_0013,49.0,G,1,0,0.0,,False,M_pro,False,False
batch,run_0013,50.0,I10;IL4;M_NA;M_anti;Tb,5,12,0.18656644140661344,0.75,False,M_pro,False,False
batch,run_0013,50.0,A;ABp;Mh_anti;Mh_pro;P,5,8,0.10589894126912806,0.875,False,M_pro,False,False
batch,run_0013,50.0,ABi;ABm;ABo;N,4,3,0.1234656076629976,1.0,False,M_pro,False,False
batch,run_0013,50.0,IL1;IL12;M_pro;Ta,4,7,0.17866088981421066,1.0,True,M_pro,False,False
batch,run_0013,50.0,Fi;Fo;tau,3,3,0.13365943232534136,0.6666666666666666,False,M_pro,False,False
batch,run_0013,50.0,G,1,0,0.0,,False,M_pro,False,False
batch,run_0013,51.0,I10;IL4;M_NA;M_anti;Tb,5,12,0.18604247379744554,0.75,False,M_pro,False,False
batch,run_0013,51.0,A;ABp;Mh_anti;Mh_pro;P,5,8,0.11038205027765709,0.875,False,M_pro,False,False
batch,run_0013,51.0,ABi;ABm;ABo;N,4,3,0.11975730606376535,1.0,False,M_pro,False,False
batch,run_0013,51.0,IL1;IL12;M_pro;Ta,4,7,0.17843995828655435,1.0,True,M_pro,False,False
batch,run_0013,51.0,Fi;Fo;tau,3,3,0.13223062384433742,0.6666666666666666,False,M_pro,False,False
batch,run_0013,51.0,G,1,0,0.0,,False,M_pro,False,False
batch,run_0013,52.0,I10;IL4;M_NA;M_anti;Tb,5,12,0.18534278459309708,0.75,False,M_pro,False,False
batch,run_0013,52.0,A;ABp;Mh_anti;Mh_pro;P,5,8,0.11486808581803198,0.875,False,M_pro,False,False
batch,run_0013,52.0,ABi;ABm;ABo;N,4,3,0.11636839940040375,1.0,False,M_pro,False,False
batch,run_0013,52.0,IL1;IL12;M_pro;Ta,4,7,0.17790709488204356,1.0,True,M_pro,False,False
batch,run_0013,52.0,Fi;Fo;tau,3,3,0.13075895382906796,0.6666666666666666,False,M_pro,False,False
batch,run_0013,52.0,G,1,0,0.0,,False,M_pro,False,False
batch,run_0013,53.0,I10;IL4;M_NA;M_anti;Tb,5,12,0.18450690875120934,0.75,False,M_pro,False,False
batch,run_0013,53.0,A;ABp;Mh_anti;Mh_pro;P,5,8,0.11931178424029296,0.875,False,M_pro,False,False
batch,run_0013,53.0,ABi;ABm;ABo;N,4,3,0.11325794924690888,1.0,False,M_pro,False,False
batch,run_0013,53.0,IL1;IL12;M_pro;Ta,4,7,0.17712607409201933,1.0,True,M_pro,False,False
batch,run_0013,53.0,Fi;Fo;tau,3,3,0.12926857000445105,0.6666666666666666,False,M_pro,False,False
batch,run_0013,53.0,G,1,0,0.0,,False,M_pro,False,False
batch,run_0013,54.0,I10;IL4;M_NA;M_anti;Tb,5,12,0.1835675149747521,0.75,False,M_pro,False,False
batch,run_0013,54.0,A;ABp;Mh_anti;Mh_pro;P,5,8,0.12367680663358445,0.875,False,M_pro,False,False
batch,run_0013,54.0,ABi;ABm;ABo;N,4,3,0.1103911998751108,1.0,False,M_pro,False,False
batch,run_0013,54.0,IL1;IL12;M_pro;Ta,4,7,0.17615163953206872,1.0,True,M_pro,False,False
batch,run_0013,54.0,Fi;Fo;tau,3,3,0.1277793230858235,0.6666666666666666,False,M_pro,False,False
batch,run_0013,54.0,G,1,0,0.0,,False,M_pro,False,False
batch,run_0013,55.0,I10;IL4;M_NA;M_anti;Tb,5,12,0.18255156049336566,0.75,False,M_pro,False,False
batch,run_0013,55.0,A;ABp;Mh_anti;Mh_pro;P,5,8,0.12793457327623745,0.875,False,M_pro,False,False
batch,run_0013,55.0,ABi;ABm;ABo;N,4,3,0.10773861788123638,1.0,False,M_pro,False,False
batch,run_0013,55.0,IL1;IL12;M_pro;Ta,4,7,0.17503043600879953,1.0,True,M_pro,False,False
batch,run_0013,55.0,Fi;Fo;tau,3,3,0.12630717652449291,0.6666666666666666,False,M_pro,False,False
batch,run_0013,55.0,G,1,0,0.0,,False,M_pro,False,False
batch,run_0013,56.0,I10;IL4;M_NA;M_anti;Tb,5,12,0.18148121151783703,0.75,False,M_pro,False,False
batch,run_0013,56.0,A;ABp;Mh_anti;Mh_pro;P,5,8,0.1320632394806366,0.875,False,M_pro,False,False
batch,run_0013,56.0,ABi;ABm;ABo;N,4,3,0.10527507942351991,1.0,False,M_pro,False,False
batch,run_0013,56.0,IL1;IL12;M_pro;Ta,4,7,0.17380188294985094,1.0,True,M_pro,False,False
batch,run_0013,56.0,Fi;Fo;tau,3,3,0.12486467886990198,0.6666666666666666,False,M_pro,False,False
batch,run_0013,56.0,G,1,0,0.0,,False,M_pro,False,False
batch,run_0013,57.0,I10;IL4;M_NA;M_anti;Tb,5,12,0.18037461744509248,0.75,False,M_pro,False,False
batch,run_0013,57.0,A;ABp;Mh_anti;Mh_pro;P,5,8,0.13604675391687085,0.875,False,M_pro,False,False
batch,run_0013,57.0,ABi;ABm;ABo;N,4,3,0.10297916221211098,1.0,False,M_pro,False,False
batch,run_0013,57.0,IL1;IL12;M_pro;Ta,4,7,0.17249903207164752,1.0,True,M_pro,False,False
batch,run_0013,57.0,Fi;Fo;tau,3,3,0.12346144411877893,0.6666666666666666,False,M_pro,False,False
batch,run_0013,57.0,G,1,0,0.0,,False,M_pro,False,False
batch,run_0013,58.0,I10;IL4;M_NA;M_anti;Tb,5,12,0.17924655848478682,0.75,False,M_pro,False,False
batch,run_0013,58.0,A;ABp;Mh_anti;Mh_pro;P,5,8,0.13987399604715162,0.875,False,M_pro,False,False
batch,run_0013,58.0,ABi;ABm;ABo;N,4,3,0.10083253404078023,1.0,False,M_pro,False,False
batch,run_0013,58.0,IL1;IL12;M_pro;Ta,4,7,0.17114938606083246,1.0,True,M_pro,False,False
batch,run_0013,58.0,Fi;Fo;tau,3,3,0.12210460326991214,0.6666666666666666,False,M_pro,False,False
batch,run_0013,58.0,G,1,0,0.0,,False,M_pro,False,False
batch,run_0013,59.0,I10;IL4;M_NA;M_anti;Tb,5,12,0.17810897130843217,0.75,False,M_pro,False,False
batch,run_0013,59.0,A;ABp;Mh_anti;Mh_pro;P,5,8,0.14353800742795045,0.875,False,M_pro,False,False
batch,run_0013,59.0,ABi;ABm;ABo;N,4,3,0.09881945536451256,1.0,False,M_pro,False,False
batch,run_0013,59.0,IL1;IL12;M_pro;Ta,4,7,0.16977562219380013,1.0,True,M_pro,False,False
batch,run_0013,59.0,Fi;Fo;tau,3,3,0.12079921685064551,0.6666666666666666,False,M_pro,False,False
batch,run_0013,59.0,G,1,0,0.0,,False,M_pro,False,False
batch,run_0013,60.0,I10;IL4;M_NA;M_anti;Tb,5,12,0.17697138354676023,0.75,False,M_pro,False,False
batch,run_0013,60.0,A;ABp;Mh_anti;Mh_pro;P,5,8,0.1470353050153874,0.875,False,M_pro,False,False
batch,run_0013,60.0,ABi;ABm;ABo;N,4,3,0.09692637078267448,1.0,False,M_pro,False,False
batch,run_0013,60.0,IL1;IL12;M_pro;Ta,4,7,0.16839623236731785,1.0,True,M_pro,False,False
batch,run_0013,60.0,Fi;Fo;tau,3,3,0.11954864500199587,0.6666666666666666,False,M_pro,False,False
batch,run_0013,60.0,G,1,0,0.0,,False,M_pro,False,False
batch,run_0013,61.0,I10;IL4;M_NA;M_anti;Tb,5,12,0.17584128849119188,0.75,False,M_pro,False,False
batch,run_0013,61.0,A;ABp;Mh_anti;Mh_pro;P,5,8,0.15036526186474614,0.875,False,M_pro,False,False
batch,run_0013,61.0,ABi;ABm;ABo;N,4,3,0.09514155844015745,1.0,False,M_pro,False,False
batch,run_0013,61.0,IL1;IL12;M_pro;Ta,4,7,0.16702611349553476,1.0,True,M_pro,False,False
batch,run_0013,61.0,Fi;Fo;tau,3,3,0.11835486760878625,0.6666666666666666,False,M_pro,False,False
batch,run_0013,61.0,G,1,0,0.0,,False,M_pro,False,False
batch,run_0013,62.0,I10;IL4;M_NA;M_anti;Tb,5,12,0.17472446448398676,0.75,False,M_pro,False,False
batch,run_0013,62.0,A;ABp;Mh_anti;Mh_pro;P,5,8,0.15352955365630308,0.875,False,M_pro,False,False
batch,run_0013,62.0,ABi;ABm;ABo;N,4,3,0.09345484260288715,1.0,False,M_pro,False,False
batch,run_0013,62.0,IL1;IL12;M_pro;Ta,4,7,0.1656770756985452,1.0,True,M_pro,False,False
batch,run_0013,62.0,Fi;Fo;tau,3,3,0.11721877494421762,0.6666666666666666,False,M_pro,False,False
batch,run_0013,62.0,G,1,0,0.0,,False,M_pro,False,False
batch,run_0013,63.0,I10;IL4;M_NA;M_anti;Tb,5,12,0.1736252560892072,0.75,False,M_pro,False,False
batch,run_0013,63.0,A;ABp;Mh_anti;Mh_pro;P,5,8,0.15653167166024876,0.875,False,M_pro,False,False
batch,run_0013,63.0,ABi;ABm;ABo;N,4,3,0.09185734585778406,1.0,False,M_pro,False,False
batch,run_0013,63.0,IL1;IL12;M_pro;Ta,4,7,0.16435832333752787,1.0,True,M_pro,False,False
batch,run_0013,63.0,Fi;Fo;tau,3,3,0.11614039594128978,0.6666666666666666,False,M_pro,False,False
batch,run_0013,63.0,G,1,0,0.0,,False,M_pro,False,False
batch,run_0013,64.0,I10;IL4;M_NA;M_anti;Tb,5,12,0.1725468126383636,0.75,False,M_pro,False,False
batch,run_0013,64.0,A;ABp;Mh_anti;Mh_pro;P,5,8,0.15937650420095145,0.875,False,M_pro,False,False
batch,run_0013,64.0,ABi;ABm;ABo;N,4,3,0.09034128564410769,1.0,False,M_pro,False,False
batch,run_0013,64.0,IL1;IL12;M_pro;Ta,4,7,0.1630768674967424,1.0,True,M_pro,False,False
batch,run_0013,64.0,Fi;Fo;tau,3,3,0.11511909121476652,0.6666666666666666,False,M_pro,False,False
batch,run_0013,64.0,G,1,0,0.0,,False,M_pro,False,False
batch,run_0013,65.0,I10;IL4;M_NA;M_anti;Tb,5,12,0.17149129133205118,0.75,False,Mh_pro,False,False
batch,run_0013,65.0,A;ABp;Mh_anti;Mh_pro;P,5,8,0.1620699802369321,0.875,True,Mh_pro,False,False
batch,run_0013,65.0,ABi;ABm;ABo;N,4,3,0.08889980822539363,1.0,False,Mh_pro,False,False
batch,run_0013,65.0,IL1;IL12;M_pro;Ta,4,7,0.1618378809532048,1.0,False,Mh_pro,False,False
batch,run_0013,65.0,Fi;Fo;tau,3,3,0.11415371423926263,0.6666666666666666,False,Mh_pro,False,False
batch,run_0013,65.0,G,1,0,0.0,,False,Mh_pro,False,False
batch,run_0013,66.0,I10;IL4;M_NA;M_anti;Tb,5,12,0.17046003171759466,0.75,False,Mh_pro,False,False
batch,run_0013,66.0,A;ABp;Mh_anti;Mh_pro;P,5,8,0.16461876754996965,0.875,True,Mh_pro,False,False
batch,run_0013,66.0,ABi;ABm;ABo;N,4,3,0.08752685075352637,1.0,False,Mh_pro,False,False
batch,run_0013,66.0,IL1;IL12;M_pro;Ta,4,7,0.16064500594092818,1.0,False,Mh_pro,False,False
batch,run_0013,66.0,Fi;Fo;tau,3,3,0.11324274466753856,0.6666666666666666,False,Mh_pro,False,False
batch,run_0013,66.0,G,1,0,0.0,,False,Mh_pro,False,False
batch,run_0013,67.0,I10;IL4;M_NA;M_anti;Tb,5,12,0.16945370586243408,0.75,False,Mh_pro,False,False
batch,run_0013,67.0,A;ABp;Mh_anti;Mh_pro;P,5,8,0.16703002055426225,0.875,True,Mh_pro,False,False
batch,run_0013,67.0,ABi;ABm;ABo;N,4,3,0.08621702597106948,1.0,False,Mh_pro,False,False
batch,run_0013,67.0,IL1;IL12;M_pro;Ta,4,7,0.15950062108889546,1.0,False,Mh_pro,False,False
batch,run_0013,67.0,Fi;Fo;tau,3,3,0.11238439649602923,0.6666666666666666,False,Mh_pro,False,False
batch,run_0013,67.0,G,1,0,0.0,,False,Mh_pro,False,False
batch,run_0013,68.0,I10;IL4;M_NA;M_anti;Tb,5,12,0.1684724463424582,0.75,False,Mh_pro,False,False
batch,run_0013,68.0,IL1;IL12;M_pro;Mh_pro;Ta,5,9,0.211471667907914,1.0,True,Mh_pro,False,False
batch,run_0013,68.0,ABi;ABm;ABo;N,4,3,0.08496552590991306,1.0,False,Mh_pro,False,False
batch,run_0013,68.0,A;ABp;Mh_anti;P,4,4,0.12565668926752308,0.75,False,Mh_pro,False,False
batch,run_0013,68.0,Fi;Fo;tau,3,3,0.11157670139110913,0.6666666666666666,False,Mh_pro,False,False
batch,run_0013,68.0,G,1,0,0.0,,False,Mh_pro,False,False
batch,run_0013,69.0,I10;IL4;M_NA;M_anti;Tb,5,12,0.1675159615870157,0.75,False,Mh_pro,False,False
batch,run_0013,69.0,IL1;IL12;M_pro;Mh_pro;Ta,5,9,0.2116028974234023,1.0,True,Mh_pro,False,False
batch,run_0013,69.0,ABi;ABm;ABo;N,4,3,0.08376803828152188,1.0,False,Mh_pro,False,False
batch,run_0013,69.0,A;ABp;Mh_anti;P,4,4,0.12710375738649785,0.75,False,Mh_pro,False,False
batch,run_0013,69.0,Fi;Fo;tau,3,3,0.11081758964965271,0.6666666666666666,False,Mh_pro,False,False
batch,run_0013,69.0,G,1,0,0.0,,False,Mh_pro,False,False
batch,run_0013,70.0,I10;IL4;M_NA;M_anti;Tb,5,12,0.16658362658128337,0.75,False,Mh_pro,False,False
batch,run_0013,70.0,IL1;IL12;M_pro;Mh_pro;Ta,5,9,0.21174722370019755,1.0,True,Mh_pro,False,False
batch,run_0013,70.0,ABi;ABm;ABo;N,4,3,0.08262068004792618,1.0,False,Mh_pro,False,False
batch,run_0013,70.0,A;ABp;Mh_anti;P,4,4,0.12846551022405664,0.75,False,Mh_pro,False,False
batch,run_0013,70.0,Fi;Fo;tau,3,3,0.11010492964882482,0.6666666666666666,False,Mh_pro,False,False
batch,run_0013,70.0,G,1,0,0.0,,False,Mh_pro,False,False
batch,run_0013,71.0,I10;IL4;M_NA;M_anti;Tb,5,12,0.16567456141231135,0.75,False,Mh_pro,False,False
batch,run_0013,71.0,IL1;IL12;M_pro;Mh_pro;Ta,5,9,0.2119045539503393,1.0,True,Mh_pro,False,False
batch,run_0013,71.0,ABi;ABm;ABo;N,4,3,0.08151994138895438,1.0,False,Mh_pro,False,False
batch,run_0013,71.0,A;ABp;Mh_anti;P,4,4,0.12974763816934554,0.75,False,Mh_pro,False,False
batch,run_0013,71.0,Fi;Fo;tau,3,3,0.10943657158803971,0.6666666666666666,False,Mh_pro,False,False
batch,run_0013,71.0,G,1,0,0.0,,False,Mh_pro,False,False
batch,run_0013,72.0,I10;IL4;M_NA;M_anti;Tb,5,12,0.16478770138173207,0.75,False,Mh_pro,False,False
batch,run_0013,72.0,IL1;IL12;M_pro;Mh_pro;Ta,5,9,0.21207458074763746,1.0,True,Mh_pro,False,False
batch,run_0013,72.0,ABi;ABm;ABo;N,4,3,0.08046263590099044,1.0,False,Mh_pro,False,False
batch,run_0013,72.0,A;ABp;Mh_anti;P,4,4,0.13095563017790454,0.75,False,Mh_pro,False,False
batch,run_0013,72.0,Fi;Fo;tau,3,3,0.10881038439262698,0.6666666666666666,False,Mh_pro,False,False
batch,run_0013,72.0,G,1,0,0.0,,False,Mh_pro,False,False
batch,run_0013,73.0,I10;IL4;M_NA;M_anti;Tb,5,12,0.16392184954180306,0.75,False,Mh_pro,False,False
batch,run_0013,73.0,IL1;IL12;M_pro;Mh_pro;Ta,5,9,0.21225684058976024,1.0,True,Mh_pro,False,False
batch,run_0013,73.0,ABi;ABm;ABo;N,4,3,0.07944586234035599,1.0,False,Mh_pro,False,False
batch,run_0013,73.0,A;ABp;Mh_anti;P,4,4,0.13209474254063108,0.75,False,Mh_pro,False,False
batch,run_0013,73.0,Fi;Fo;tau,3,3,0.10822427266976006,0.6666666666666666,False,Mh_pro,False,False
batch,run_0013,73.0,G,1,0,0.0,,False,Mh_pro,False,False
batch,run_0013,74.0,I10;IL4;M_NA;M_anti;Tb,5,12,0.1599431154020821,0.75,False,Mh_pro,False,False
batch,run_0013,74.0,IL1;IL12;M_pro;Mh_pro;Ta,5,9,0.20836968544253096,1.0,True,Mh_pro,False,False
batch,run_0013,74.0,Fi;Fo;G;tau,4,4,0.12481725227244624,0.75,False,Mh_pro,False,False
batch,run_0013,74.0,ABi;ABm;ABo;N,4,3,0.07695966143960521,1.0,False,Mh_pro,False,False
batch,run_0013,74.0,A;ABp;Mh_anti;P,4,4,0.13061184940915038,0.75,False,Mh_pro,False,False
batch,run_0013,75.0,I10;IL4;M_NA;M_anti;Tb,5,12,0.15910106963332846,0.75,False,Mh_pro,False,False
batch,run_0013,75.0,IL1;IL12;M_pro;Mh_pro;Ta,5,9,0.2085310999269359,1.0,True,Mh_pro,False,False
batch,run_0013,75.0,Fi;Fo;G;tau,4,4,0.12447704333012706,0.75,False,Mh_pro,False,False
batch,run_0013,75.0,ABi;ABm;ABo;N,4,3,0.07601998576734592,1.0,False,Mh_pro,False,False
batch,run_0013,75.0,A;ABp;Mh_anti;P,4,4,0.1315834417736507,0.75,False,Mh_pro,False,False
batch,run_0013,76.0,I10;IL4;M_NA;M_anti;Tb,5,12,0.15824416686022122,0.75,False,Mh_pro,False,False
batch,run_0013,76.0,IL1;IL12;M_pro;Mh_pro;Ta,5,9,0.2086605561839616,1.0,True,Mh_pro,False,False
batch,run_0013,76.0,Fi;Fo;G;tau,4,4,0.12433159560162133,0.75,False,Mh_pro,False,False
batch,run_0013,76.0,ABi;ABm;ABo;N,4,3,0.07509837861644786,1.0,False,Mh_pro,False,False
batch,run_0013,76.0,A;ABp;Mh_anti;P,4,4,0.1324743280998495,0.75,False,Mh_pro,False,False
batch,run_0013,77.0,I10;IL4;M_NA;M_anti;Tb,5,12,0.1573702318027987,0.75,False,Mh_pro,False,False
batch,run_0013,77.0,IL1;IL12;M_pro;Mh_pro;Ta,5,9,0.20875549071432356,1.0,True,Mh_pro,False,False
batch,run_0013,77.0,Fi;Fo;G;tau,4,4,0.12437851954214682,0.75,False,Mh_pro,False,False
batch,run_0013,77.0,ABi;ABm;ABo;N,4,3,0.07419286496773221,1.0,False,Mh_pro,False,False
batch,run_0013,77.0,A;ABp;Mh_anti;P,4,4,0.1332869152756354,0.75,False,Mh_pro,False,False
batch,run_0013,78.0,I10;IL4;M_NA;M_anti;Tb,5,12,0.15647879074081417,0.75,False,Mh_pro,False,False
batch,run_0013,78.0,IL1;IL12;M_pro;Mh_pro;Ta,5,9,0.20881555481994865,1.0,True,Mh_pro,False,False
batch,run_0013,78.0,Fi;Fo;G;tau,4,4,0.12460940536326302,0.75,False,Mh_pro,False,False
batch,run_0013,78.0,ABi;ABm;ABo;N,4,3,0.07330229958433618,1.0,False,Mh_pro,False,False
batch,run_0013,78.0,A;ABp;Mh_anti;P,4,4,0.13402475835632213,0.75,False,Mh_pro,False,False
batch,run_0013,79.0,I10;IL4;M_NA;M_anti;Tb,5,12,0.1555705008652347,0.75,False,Mh_pro,False,False
batch,run_0013,79.0,IL1;IL12;M_pro;Mh_pro;Ta,5,9,0.20884191489818038,1.0,True,Mh_pro,False,False
batch,run_0013,79.0,Fi;Fo;G;tau,4,4,0.12501214758235418,0.75,False,Mh_pro,False,False
batch,run_0013,79.0,ABi;ABm;ABo;N,4,3,0.07242605237064788,1.0,False,Mh_pro,False,False
batch,run_0013,79.0,A;ABp;Mh_anti;P,4,4,0.1346921474764718,0.75,False,Mh_pro,False,False
batch,run_0013,80.0,I10;IL4;M_NA;M_anti;Tb,5,12,0.15464666174027422,0.75,False,Mh_pro,False,False
batch,run_0013,80.0,IL1;IL12;M_pro;Mh_pro;Ta,5,9,0.2088366303479517,1.0,True,Mh_pro,False,False
batch,run_0013,80.0,Fi;Fo;G;tau,4,4,0.12557298352571214,0.75,False,Mh_pro,False,False
batch,run_0013,80.0,ABi;ABm;ABo;N,4,3,0.07156376580983773,1.0,False,Mh_pro,False,False
batch,run_0013,80.0,A;ABp;Mh_anti;P,4,4,0.13529373228430022,0.75,False,Mh_pro,False,False
batch,run_0014,30.0,I10;IL4;M_NA;M_anti,4,4,0.09813091812526943,0.5,False,P,False,False
batch,run_0014,30.0,ABm;N;Ta,3,2,0.38783016637026885,0.5,False,P,False,False
batch,run_0014,30.0,A;P,2,1,0.4817320376522177,1.0,True,P,False,False
batch,run_0014,30.0,ABi,1,0,0.0,,False,P,False,False
batch,run_0014,30.0,ABo,1,0,0.0,,False,P,False,False
batch,run_0014,30.0,ABp,1,0,0.0,,False,P,False,False
batch,run_0014,30.0,G,1,0,0.0,,False,P,False,False
batch,run_0014,30.0,tau,1,0,0.0,,False,P,False,False
batch,run_0014,30.0,Fi,1,0,0.0,,False,P,False,False
batch,run_0014,30.0,Fo,1,0,0.0,,False,P,False,False
batch,run_0014,30.0,M_pro,1,0,0.0,,False,P,False,False
batch,run_0014,30.0,Mh_pro,1,0,0.0,,False,P,False,False
batch,run_0014,30.0,Mh_anti,1,0,0.0,,False,P,False,False
batch,run_0014,30.0,Tb,1,0,0.0,,False,P,False,False
batch,run_0014,30.0,IL1,1,0,0.0,,False,P,False,False
batch,run_0014,30.0,IL12,1,0,0.0,,False,P,False,False
batch,run_0014,31.0,ABi;I10;IL1;IL12;IL4;M_NA;M_anti;M_pro;Mh_pro;Ta;Tb,11,36,0.21281313838736365,0.6111111111111112,False,P,False,False
batch,run_0014,31.0,ABm;ABo;ABp;N,4,3,0.2554876738763971,1.0,False,P,False,False
batch,run_0014,31.0,Fi;Fo;tau,3,3,0.02475393074461745,0.6666666666666666,False,P,False,False
batch,run_0014,31.0,A;Mh_anti;P,3,2,0.3369319384983396,1.0,True,P,False,False
batch,run_0014,31.0,G,1,0,0.0,,False,P,False,False
batch,run_0014,32.0,I10;IL1;IL12;IL4;M_NA;M_anti;M_pro;Mh_pro;Ta;Tb,10,36,0.263720261607741,0.6388888888888888,True,Mh_pro,False,False
batch,run_0014,32.0,ABi;ABm;ABo;ABp;N,5,4,0.22343530426185637,1.0,False,Mh_pro,False,False
batch,run_0014,32.0,Fi;Fo;tau,3,3,0.05893426442745238,0.6666666666666666,False,Mh_pro,False,False
batch,run_0014,32.0,A;Mh_anti;P,3,2,0.2529829048545268,1.0,False,Mh_pro,False,False
batch,run_0014,32.0,G,1,0,0.0,,False,Mh_pro,False,False
batch,run_0014,33.0,IL1;IL12;IL4;M_NA;M_anti;M_pro;Tb,7,22,0.06754540444324177,0.6818181818181818,False,Mh_pro,False,False
batch,run_0014,33.0,ABi;ABm;ABo;ABp;N,5,4,0.20689636673214,1.0,False,Mh_pro,False,False
batch,run_0014,33.0,Fi;Fo;tau,3,3,0.08415253110854641,0.6666666666666666,False,Mh_pro,False,False
batch,run_0014,33.0,I10;Mh_pro;Ta,3,3,0.17253824046103772,0.6666666666666666,True,Mh_pro,False,False
batch,run_0014,33.0,A;Mh_anti;P,3,2,0.19550770982990967,1.0,False,Mh_pro,False,False
batch,run_0014,33.0,G,1,0,0.0,,False,Mh_pro,False,False
batch,run_0014,34.0,IL1;IL12;IL4;M_NA;M_anti;M_pro;Tb,7,23,0.10350904093162373,0.6956521739130435,False,Mh_pro,False,False
batch,run_0014,34.0,A;I10;Mh_anti;Mh_pro;P;Ta,6,13,0.429422188852193,0.8461538461538461,True,Mh_pro,False,False
batch,run_0014,34.0,ABi;ABm;ABo;ABp;N,5,4,0.19532172298624748,1.0,False,Mh_pro,False,False
batch,run_0014,34.0,Fi;Fo;tau,3,3,0.1007307880680153,0.6666666666666666,False,Mh_pro,False,False
batch,run_0014,34.0,G,1,0,0.0,,False,Mh_pro,False,False
batch,run_0014,35.0,IL1;IL12;IL4;M_NA;M_anti;M_pro;Tb,7,23,0.1395316320094955,0.6956521739130435,False,Mh_pro,False,False
batch,run_0014,35.0,A;I10;Mh_anti;Mh_pro;P;Ta,6,13,0.3538674266825805,0.7692307692307693,True,Mh_pro,False,False
batch,run_0014,35.0,ABi;Fi;Fo;tau,4,4,0.1126877156457078,0.5,False,Mh_pro,False,False
batch,run_0014,35.0,ABm;ABo;ABp;N,4,3,0.1862990745906443,1.0,False,Mh_pro,False,False
batch,run_0014,35.0,G,1,0,0.0,,False,Mh_pro,False,False
batch,run_0014,36.0,IL1;IL12;IL4;M_NA;M_anti;M_pro;Tb,7,23,0.17237159996399948,0.6956521739130435,True,M_pro,False,False
batch,run_0014,36.0,A;I10;Mh_anti;Mh_pro;P;Ta,6,13,0.2921615539442524,0.7692307692307693,False,M_pro,False,False
batch,run_0014,36.0,ABi;Fi;Fo;tau,4,4,0.12262191334639011,0.5,False,M_pro,False,False
batch,run_0014,36.0,ABm;ABo;ABp;N,4,3,0.1798263193011928,1.0,False,M_pro,False,False
batch,run_0014,36.0,G,1,0,0.0,,False,M_pro,False,False
batch,run_0014,37.0,IL1;IL12;IL4;M_NA;M_anti;M_pro;Tb,7,23,0.20075240648092915,0.6956521739130435,True,M_pro,False,False
batch,run_0014,37.0,A;I10;Mh_anti;Mh_pro;P;Ta,6,13,0.24353738422468676,0.7692307692307693,False,M_pro,False,False
batch,run_0014,37.0,ABi;Fi;Fo;tau,4,4,0.13206358394225864,0.5,False,M_pro,False,False
batch,run_0014,37.0,ABm;ABo;ABp;N,4,3,0.1751139725707112,1.0,False,M_pro,False,False
batch,run_0014,37.0,G,1,0,0.0,,False,M_pro,False,False
batch,run_0014,38.0,A;I10;Mh_anti;Mh_pro;P,5,9,0.1641295129039196,0.7777777777777778,False,M_pro,False,False
batch,run_0014,38.0,ABi;Fi;Fo;tau,4,4,0.14126171037009996,0.5,False,M_pro,False,False
batch,run_0014,38.0,ABm;ABo;ABp;N,4,3,0.1714211174331751,1.0,False,M_pro,False,False
batch,run_0014,38.0,IL4;M_NA;M_anti;Tb,4,7,0.0700308302244907,0.8571428571428571,False,M_pro,False,False
batch,run_0014,38.0,IL1;IL12;M_pro;Ta,4,7,0.1536061799794233,1.0,True,M_pro,False,False
batch,run_0014,38.0,G,1,0,0.0,,False,M_pro,False,False
batch,run_0014,39.0,A;I10;Mh_anti;Mh_pro;P,5,9,0.14263502337224676,0.7777777777777778,False,M_pro,False,False
batch,run_0014,39.0,ABi;Fi;Fo;tau,4,4,0.14997188821864513,0.5,False,M_pro,False,False
batch,run_0014,39.0,ABm;ABo;ABp;N,4,3,0.16814594613501005,1.0,False,M_pro,False,False
batch,run_0014,39.0,IL4;M_NA;M_anti;Tb,4,7,0.08196305619494816,0.8571428571428571,False,M_pro,False,False
batch,run_0014,39.0,IL1;IL12;M_pro;Ta,4,7,0.16263005668636554,1.0,True,M_pro,False,False
batch,run_0014,39.0,G,1,0,0.0,,False,M_pro,False,False
batch,run_0014,40.0,I10;IL4;M_NA;M_anti;Tb,5,12,0.13036667483576422,0.75,False,M_pro,False,False
batch,run_0014,40.0,ABi;Fi;Fo;tau,4,4,0.15790550651566426,0.5,False,M_pro,False,False
batch,run_0014,40.0,ABm;ABo;ABp;N,4,3,0.1649842631729129,1.0,False,M_pro,False,False
batch,run_0014,40.0,IL1;IL12;M_pro;Ta,4,7,0.16745832259517376,1.0,True,M_pro,False,False
batch,run_0014,40.0,A;Mh_anti;Mh_pro;P,4,6,0.09616426031713379,0.8333333333333334,False,M_pro,False,False
batch,run_0014,40.0,G,1,0,0.0,,False,M_pro,False,False
batch,run_0014,41.0,I10;IL4;M_NA;M_anti;Tb,5,12,0.14650332492203266,0.75,False,M_pro,False,False
batch,run_0014,41.0,ABi;Fi;Fo;tau,4,4,0.16488841737564658,0.5,False,M_pro,False,False
batch,run_0014,41.0,ABm;ABo;ABp;N,4,3,0.1618568184181313,1.0,False,M_pro,False,False
batch,run_0014,41.0,IL1;IL12;M_pro;Ta,4,7,0.1689761763108821,1.0,True,M_pro,False,False
batch,run_0014,41.0,A;Mh_anti;Mh_pro;P,4,6,0.08802139598112196,1.0,False,M_pro,False,False
batch,run_0014,41.0,G,1,0,0.0,,False,M_pro,False,False
batch,run_0014,42.0,I10;IL4;M_NA;M_anti;Tb,5,12,0.16195095115547667,0.75,False,M_pro,False,False
batch,run_0014,42.0,ABi;Fi;Fo;tau,4,4,0.1708709536288707,0.5,False,M_pro,False,False
batch,run_0014,42.0,ABm;ABo;ABp;N,4,3,0.1587941342327276,1.0,False,M_pro,False,False
batch,run_0014,42.0,IL1;IL12;M_pro;Ta,4,7,0.16797207231278669,1.0,True,M_pro,False,False
batch,run_0014,42.0,A;Mh_anti;Mh_pro;P,4,6,0.08226759345279085,1.0,False,M_pro,False,False
batch,run_0014,42.0,G,1,0,0.0,,False,M_pro,False,False
batch,run_0014,43.0,I10;IL4;M_NA;M_anti;Tb,5,12,0.17660089110891458,0.75,False,M_pro,False,False
batch,run_0014,43.0,ABi;Fi;Fo;tau,4,4,0.17587475549022938,0.5,False,M_pro,False,False
batch,run_0014,43.0,ABm;ABo;ABp;N,4,3,0.15584265240386524,1.0,False,M_pro,False,False
batch,run_0014,43.0,IL1;IL12;M_pro;Ta,4,7,0.16507377180963323,1.0,True,M_pro,False,False
batch,run_0014,43.0,A;Mh_anti;Mh_pro;P,4,6,0.07845973056002024,1.0,False,M_pro,False,False
batch,run_0014,43.0,G,1,0,0.0,,False,M_pro,False,False
batch,run_0014,44.0,I10;IL4;M_NA;M_anti;Tb,5,12,0.1904074666693285,0.75,False,M_pro,False,False
batch,run_0014,44.0,A;ABp;Mh_anti;Mh_pro;P,5,8,0.09132712230932048,0.875,False,M_pro,False,False
batch,run_0014,44.0,ABi;Fi;Fo;tau,4,4,0.17996109891182607,0.5,False,M_pro,False,False
batch,run_0014,44.0,IL1;IL12;M_pro;Ta,4,7,0.1607639216008515,1.0,True,M_pro,False,False
batch,run_0014,44.0,ABm;ABo;N,3,2,0.1362808955462877,1.0,False,M_pro,False,False
batch,run_0014,44.0,G,1,0,0.0,,False,M_pro,False,False
batch,run_0014,45.0,I10;IL4;M_NA;M_anti;Tb,5,12,0.20335896686335997,0.75,False,M_pro,False,False
batch,run_0014,45.0,A;ABp;Mh_anti;Mh_pro;P,5,8,0.09241484439158368,0.875,False,M_pro,False,False
batch,run_0014,45.0,ABi;Fi;Fo;tau,4,4,0.18321203452933374,0.5,False,M_pro,False,False
batch,run_0014,45.0,IL1;IL12;M_pro;Ta,4,7,0.15541262541984238,1.0,True,M_pro,False,False
batch,run_0014,45.0,ABm;ABo;N,3,2,0.1331530335092441,1.0,False,M_pro,False,False
batch,run_0014,45.0,G,1,0,0.0,,False,M_pro,False,False
batch,run_0014,46.0,I10;IL4;M_NA;M_anti;Tb,5,12,0.2154617743131005,0.75,False,Fo,False,False
batch,run_0014,46.0,A;ABp;Mh_anti;Mh_pro;P,5,8,0.09466486053430206,0.875,False,Fo,False,False
batch,run_0014,46.0,ABi;Fi;Fo;tau,4,4,0.18571891920993824,0.5,True,Fo,False,False
batch,run_0014,46.0,IL1;IL12;M_pro;Ta,4,7,0.1493069606656245,1.0,False,Fo,False,False
batch,run_0014,46.0,ABm;ABo;N,3,2,0.13027903813780822,1.0,False,Fo,False,False
batch,run_0014,46.0,G,1,0,0.0,,False,Fo,False,False
batch,run_0014,47.0,I10;IL4;M_NA;M_anti;Tb,5,12,0.22673205384030262,0.75,False,Fo,False,False
batch,run_0014,47.0,A;ABp;Mh_anti;Mh_pro;P,5,8,0.09789286307551787,0.875,False,Fo,False,False
batch,run_0014,47.0,ABi;Fi;Fo;tau,4,4,0.18757502806902718,0.5,True,Fo,False,False
batch,run_0014,47.0,IL1;IL12;M_pro;Ta,4,7,0.14267363530048915,1.0,False,Fo,False,False
batch,run_0014,47.0,ABm;ABo;N,3,2,0.12764100399194842,1.0,False,Fo,False,False
batch,run_0014,47.0,G,1,0,0.0,,False,Fo,False,False
batch,run_0014,48.0,I10;IL4;M_NA;M_anti;Tb,5,12,0.23719196881111043,0.75,False,Fo,False,False
batch,run_0014,48.0,A;ABp;Mh_anti;Mh_pro;P,5,8,0.1019403704624363,0.875,False,Fo,False,False
batch,run_0014,48.0,ABi;ABm;ABo;N,4,3,0.1257699750543874,1.0,False,Fo,False,False
batch,run_0014,48.0,IL1;IL12;M_pro;Ta,4,7,0.1356944345824277,1.0,False,Fo,False,False
batch,run_0014,48.0,Fi;Fo;tau,3,3,0.1882973560192107,0.6666666666666666,True,Fo,False,False
batch,run_0014,48.0,G,1,0,0.0,,False,Fo,False,False
batch,run_0014,49.0,I10;IL4;M_NA;M_anti;Tb,5,12,0.24686796298805702,0.75,False,Fo,False,False
batch,run_0014,49.0,A;ABp;Mh_anti;Mh_pro;P,5,8,0.10666814845377987,0.875,False,Fo,False,False
batch,run_0014,49.0,ABi;ABm;ABo;N,4,3,0.12354008033933629,1.0,False,Fo,False,False
batch,run_0014,49.0,IL1;IL12;M_pro;Ta,4,7,0.12851669596384963,1.0,False,Fo,False,False
batch,run_0014,49.0,Fi;Fo;tau,3,3,0.18911620608189134,0.6666666666666666,True,Fo,False,False
batch,run_0014,49.0,G,1,0,0.0,,False,Fo,False,False
batch,run_0014,50.0,I10;IL4;M_NA;M_anti;Tb,5,12,0.25578975958951583,0.75,False,Fo,False,False
batch,run_0014,50.0,A;ABp;Mh_anti;Mh_pro;P,5,8,0.11195198585107291,0.875,False,Fo,False,False
batch,run_0014,50.0,ABi;ABm;ABo;N,4,3,0.12148039228419537,1.0,False,Fo,False,False
batch,run_0014,50.0,IL1;IL12;M_pro;Ta,4,7,0.12126058429389912,1.0,False,Fo,False,False
batch,run_0014,50.0,Fi;Fo;tau,3,3,0.1895370755292017,0.6666666666666666,True,Fo,False,False
batch,run_0014,50.0,G,1,0,0.0,,False,Fo,False,False
batch,run_0014,51.0,I10;IL4;M_NA;M_anti;Tb,5,12,0.26398983917176383,0.75,False,Fo,False,False
batch,run_0014,51.0,IL1;IL12;M_pro;Mh_pro;Ta,5,9,0.12353973157180984,1.0,False,Fo,False,False
batch,run_0014,51.0,ABi;ABm;ABo;N,4,3,0.11957109322829955,1.0,False,Fo,False,False
batch,run_0014,51.0,A;ABp;Mh_anti;P,4,4,0.10851872918580585,0.75,False,Fo,False,False
batch,run_0014,51.0,Fi;Fo;tau,3,3,0.18962809679995948,0.6666666666666666,True,Fo,False,False
batch,run_0014,51.0,G,1,0,0.0,,False,Fo,False,False
batch,run_0014,52.0,I10;IL4;M_NA;M_anti;Tb,5,12,0.27150304667698166,0.75,False,Fo,False,False
batch,run_0014,52.0,IL1;IL12;M_pro;Mh_pro;Ta,5,9,0.1160524242697418,1.0,False,Fo,False,False
batch,run_0014,52.0,ABi;ABm;ABo;N,4,3,0.11779410485508805,1.0,False,Fo,False,False
batch,run_0014,52.0,A;ABp;Mh_anti;P,4,4,0.11495653539177837,0.75,False,Fo,False,False
batch,run_0014,52.0,Fi;Fo;tau,3,3,0.18944889059036346,0.6666666666666666,True,Fo,False,False
batch,run_0014,52.0,G,1,0,0.0,,False,Fo,False,False
batch,run_0014,53.0,I10;IL4;M_NA;M_anti;Tb,5,12,0.2783661354332612,0.75,False,Fo,False,False
batch,run_0014,53.0,IL1;IL12;M_pro;Mh_pro;Ta,5,9,0.10876669010150745,1.0,False,Fo,False,False
batch,run_0014,53.0,ABi;ABm;ABo;N,4,3,0.11613327416439982,1.0,False,Fo,False,False
batch,run_0014,53.0,A;ABp;Mh_anti;P,4,4,0.12160899697172291,0.75,False,Fo,False,False
batch,run_0014,53.0,Fi;Fo;tau,3,3,0.18905093117657606,0.6666666666666666,True,Fo,False,False
batch,run_0014,53.0,G,1,0,0.0,,False,Fo,False,False
batch,run_0014,54.0,I10;IL4;M_NA;M_anti;Tb,5,12,0.2846172628526548,0.75,False,Fo,False,False
batch,run_0014,54.0,IL1;IL12;M_pro;Mh_pro;Ta,5,9,0.10172030086497781,1.0,False,Fo,False,False
batch,run_0014,54.0,ABi;ABm;ABo;N,4,3,0.11457434507358295,1.0,False,Fo,False,False
batch,run_0014,54.0,A;ABp;Mh_anti;P,4,4,0.1284064402210616,0.75,False,Fo,False,False
batch,run_0014,54.0,Fi;Fo;tau,3,3,0.18847816259777947,0.6666666666666666,True,Fo,False,False
batch,run_0014,54.0,G,1,0,0.0,,False,Fo,False,False
batch,run_0014,55.0,I10;IL4;M_NA;M_anti;Tb,5,12,0.29029548330834853,0.75,False,Fo,False,False
batch,run_0014,55.0,IL1;IL12;M_pro;Mh_pro;Ta,5,9,0.09494214025153212,1.0,False,Fo,False,False
batch,run_0014,55.0,ABi;ABm;ABo;N,4,3,0.11310486519199574,1.0,False,Fo,False,False
batch,run_0014,55.0,A;ABp;Mh_anti;P,4,4,0.1352851185974931,0.75,False,Fo,False,False
batch,run_0014,55.0,Fi;Fo;tau,3,3,0.1877677508084028,0.6666666666666666,True,Fo,False,False
batch,run_0014,55.0,G,1,0,0.0,,False,Fo,False,False
batch,run_0014,56.0,I10;IL4;M_NA;M_anti;Tb,5,12,0.2954402185529293,0.75,False,Fo,False,False
batch,run_0014,56.0,IL1;IL12;M_pro;Mh_pro;Ta,5,9,0.08845337622713018,1.0,False,Fo,False,False
batch,run_0014,56.0,ABi;ABm;ABo;N,4,3,0.11171406706445398,1.0,False,Fo,False,False
batch,run_0014,56.0,A;ABp;Mh_anti;P,4,4,0.14218738706395448,0.75,False,Fo,False,False
batch,run_0014,56.0,Fi;Fo;tau,3,3,0.18695089714211452,0.6666666666666666,True,Fo,False,False
batch,run_0014,56.0,G,1,0,0.0,,False,Fo,False,False
batch,run_0014,57.0,I10;IL4;M_NA;M_anti;Tb,5,12,0.30009073791122903,0.75,False,Fo,False,False
batch,run_0014,57.0,IL1;IL12;M_pro;Mh_pro;Ta,5,9,0.08226851946032344,1.0,False,Fo,False,False
batch,run_0014,57.0,ABi;ABm;ABo;N,4,3,0.11039270630569721,1.0,False,Fo,False,False
batch,run_0014,57.0,A;ABp;Mh_anti;P,4,4,0.14906178770644912,0.75,False,Fo,False,False
batch,run_0014,57.0,Fi;Fo;tau,3,3,0.1860536322238336,0.6666666666666666,True,Fo,False,False
batch,run_0014,57.0,G,1,0,0.0,,False,Fo,False,False
batch,run_0014,58.0,I10;IL4;M_NA;M_anti;Tb,5,12,0.30428567464906564,0.75,False,Fo,False,False
batch,run_0014,58.0,IL1;IL12;M_pro;Mh_pro;Ta,5,9,0.0763963756584148,1.0,False,Fo,False,False
batch,run_0014,58.0,ABi;ABm;ABo;N,4,3,0.10913289357492287,1.0,False,Fo,False,False
batch,run_0014,58.0,A;ABp;Mh_anti;P,4,4,0.15586304705712722,0.75,False,Fo,False,False
batch,run_0014,58.0,Fi;Fo;tau,3,3,0.18509756180737247,0.6666666666666666,True,Fo,False,False
batch,run_0014,58.0,G,1,0,0.0,,False,Fo,False,False
batch,run_0014,59.0,I10;IL4;M_NA;M_anti;Tb,5,12,0.3080626132311673,0.75,False,Fo,False,False
batch,run_0014,59.0,IL1;IL12;M_pro;Mh_pro;Ta,5,9,0.07084090879943453,1.0,False,Fo,False,False
batch,run_0014,59.0,ABi;ABm;ABo;N,4,3,0.1079279246233584,1.0,False,Fo,False,False
batch,run_0014,59.0,A;ABp;Mh_anti;P,4,4,0.1625519676633096,0.75,False,Fo,False,False
batch,run_0014,59.0,Fi;Fo;tau,3,3,0.18410053160359535,0.6666666666666666,True,Fo,False,False
batch,run_0014,59.0,G,1,0,0.0,,False,Fo,False,False
batch,run_0014,60.0,I10;IL4;M_NA;M_anti;Tb,5,12,0.3114577321501428,0.75,False,Fo,False,False
batch,run_0014,60.0,IL1;IL12;M_pro;Mh_pro;Ta,5,9,0.06560201699894906,1.0,False,Fo,False,False
batch,run_0014,60.0,ABi;ABm;ABo;N,4,3,0.10677212734614346,1.0,False,Fo,False,False
batch,run_0014,60.0,A;ABp;Mh_anti;P,4,4,0.16909523842071264,0.75,False,Fo,False,False
batch,run_0014,60.0,Fi;Fo;tau,3,3,0.183077222194428,0.6666666666666666,True,Fo,False,False
batch,run_0014,60.0,G,1,0,0.0,,False,Fo,False,False
batch,run_0014,61.0,I10;IL4;M_NA;M_anti;Tb,5,12,0.3145055249651491,0.75,False,Fo,False,False
batch,run_0014,61.0,IL1;IL12;M_pro;Mh_pro;Ta,5,9,0.0606762211359481,1.0,False,Fo,False,False
batch,run_0014,61.0,ABi;ABm;ABo;N,4,3,0.10566072122195351,1.0,False,Fo,False,False
batch,run_0014,61.0,A;ABp;Mh_anti;P,4,4,0.17546516325945358,0.75,False,Fo,False,False
batch,run_0014,61.0,Fi;Fo;tau,3,3,0.18203966513601774,0.6666666666666666,True,Fo,False,False
batch,run_0014,61.0,G,1,0,0.0,,False,Fo,False,False
batch,run_0014,62.0,I10;IL4;M_NA;M_anti;Tb,5,12,0.31723857235719033,0.75,False,Fo,False,False
batch,run_0014,62.0,IL1;IL12;M_pro;Mh_pro;Ta,5,9,0.05605728748045523,1.0,False,Fo,False,False
batch,run_0014,62.0,ABi;ABm;ABo;N,4,3,0.10458968935895631,1.0,False,Fo,False,False
batch,run_0014,62.0,A;ABp;Mh_anti;P,4,4,0.18163932371450361,0.75,False,Fo,False,False
batch,run_0014,62.0,Fi;Fo;tau,3,3,0.18099769187304626,0.6666666666666666,True,Fo,False,False
batch,run_0014,62.0,G,1,0,0.0,,False,Fo,False,False
batch,run_0014,63.0,I10;IL4;M_NA;M_anti;Tb,5,12,0.31968738537987057,0.75,False,Fo,False,False
batch,run_0014,63.0,IL1;IL12;M_pro;Mh_pro;Ta,5,9,0.0517367821510319,1.0,False,Fo,False,False
batch,run_0014,63.0,ABi;ABm;ABo;N,4,3,0.10355566143862059,1.0,False,Fo,False,False
batch,run_0014,63.0,A;ABp;Mh_anti;P,4,4,0.187600183367549,0.75,False,Fo,False,False
batch,run_0014,63.0,Fi;Fo;tau,3,3,0.17995931071196403,0.6666666666666666,True,Fo,False,False
batch,run_0014,63.0,G,1,0,0.0,,False,Fo,False,False
batch,run_0014,64.0,I10;IL4;M_NA;M_anti;Tb,5,12,0.3218803293496736,0.75,False,Fo,False,False
batch,run_0014,64.0,IL1;IL12;M_pro;Mh_pro;Ta,5,9,0.04770455059431825,1.0,False,Fo,False,False
batch,run_0014,64.0,ABi;ABm;ABo;N,4,3,0.10255581015299436,1.0,False,Fo,False,False
batch,run_0014,64.0,A;ABp;Mh_anti;P,4,4,0.19333465344429743,0.75,False,Fo,False,False
batch,run_0014,64.0,Fi;Fo;tau,3,3,0.17893101642875744,0.6666666666666666,True,Fo,False,False
batch,run_0014,64.0,G,1,0,0.0,,False,Fo,False,False
batch,run_0014,65.0,I10;IL4;M_NA;M_anti;Tb,5,12,0.3238435950908665,0.75,False,Fo,False,False
batch,run_0014,65.0,IL1;IL12;M_pro;Mh_pro;Ta,5,9,0.04394913674355891,1.0,False,Fo,False,False
batch,run_0014,65.0,ABi;ABm;ABo;N,4,3,0.10158776274009033,1.0,False,Fo,False,False
batch,run_0014,65.0,A;ABp;Mh_anti;P,4,4,0.19883364265906564,0.75,False,Fo,False,False
batch,run_0014,65.0,Fi;Fo;tau,3,3,0.17791805088850676,0.6666666666666666,True,Fo,False,False
batch,run_0014,65.0,G,1,0,0.0,,False,Fo,False,False
batch,run_0014,66.0,I10;IL4;M_NA;M_anti;Tb,5,12,0.32560120551278376,0.75,False,Fo,False,False
batch,run_0014,66.0,IL1;IL12;M_pro;Mh_pro;Ta,5,9,0.040458149119243024,1.0,False,Fo,False,False
batch,run_0014,66.0,ABi;ABm;ABo;N,4,3,0.10064952506630978,1.0,False,Fo,False,False
batch,run_0014,66.0,A;ABp;Mh_anti;P,4,4,0.204091603515185,0.75,False,Fo,False,False
batch,run_0014,66.0,Fi;Fo;tau,3,3,0.17692462290904107,0.6666666666666666,True,Fo,False,False
batch,run_0014,66.0,G,1,0,0.0,,False,Fo,False,False
batch,run_0014,67.0,I10;IL4;M_NA;M_anti;Tb,5,12,0.3271750606651213,0.75,False,P,False,False
batch,run_0014,67.0,IL1;IL12;M_pro;Mh_pro;Ta,5,9,0.03721857348722848,1.0,False,P,False,False
batch,run_0014,67.0,ABi;ABm;ABo;N,4,3,0.09973941594679647,1.0,False,P,False,False
batch,run_0014,67.0,A;ABp;Mh_anti;P,4,4,0.2091060841415971,0.75,True,P,False,False
batch,run_0014,67.0,Fi;Fo;tau,3,3,0.17595408964700068,0.6666666666666666,False,P,False,False
batch,run_0014,67.0,G,1,0,0.0,,False,P,False,False
batch,run_0014,68.0,I10;IL4;M_NA;M_anti;Tb,5,12,0.32858500859484546,0.75,False,P,False,False
batch,run_0014,68.0,IL1;IL12;M_pro;Mh_pro;Ta,5,9,0.03421704331578581,1.0,False,P,False,False
batch,run_0014,68.0,ABi;ABm;ABo;N,4,3,0.09885600938684182,1.0,False,P,False,False
batch,run_0014,68.0,A;ABp;Mh_anti;P,4,4,0.21387729129984828,0.75,True,P,False,False
batch,run_0014,68.0,Fi;Fo;tau,3,3,0.1750091049929174,0.6666666666666666,False,P,False,False
batch,run_0014,68.0,G,1,0,0.0,,False,P,False,False
batch,run_0014,69.0,I10;IL4;M_NA;M_anti;Tb,5,12,0.3298489445801947,0.75,False,P,False,False
batch,run_0014,69.0,IL1;IL12;M_pro;Mh_pro;Ta,5,9,0.03144006359825178,1.0,False,P,False,False
batch,run_0014,69.0,ABi;ABm;ABo;N,4,3,0.09799808590865498,1.0,False,P,False,False
batch,run_0014,69.0,A;ABp;Mh_anti;P,4,4,0.2184076771288112,0.75,True,P,False,False
batch,run_0014,69.0,Fi;Fo;tau,3,3,0.17409173978153233,0.6666666666666666,False,P,False,False
batch,run_0014,69.0,G,1,0,0.0,,False,P,False,False
batch,run_0014,70.0,I10;IL4;M_NA;M_anti;Tb,5,12,0.3309829309541539,0.75,False,P,False,False
batch,run_0014,70.0,IL1;IL12;M_pro;Mh_pro;Ta,5,9,0.028874191600798522,1.0,False,P,False,False
batch,run_0014,70.0,ABi;ABm;ABo;N,4,3,0.09716459252067011,1.0,False,P,False,False
batch,run_0014,70.0,A;ABp;Mh_anti;P,4,4,0.22270155760126356,0.75,True,P,False,False
batch,run_0014,70.0,Fi;Fo;tau,3,3,0.17320357990730034,0.6666666666666666,False,P,False,False
batch,run_0014,70.0,G,1,0,0.0,,False,P,False,False
batch,run_0014,71.0,I10;IL4;M_NA;M_anti;Tb,5,12,0.3320013240759598,0.75,False,P,False,False
batch,run_0014,71.0,IL1;IL12;M_pro;Mh_pro;Ta,5,9,0.026506184822474833,1.0,False,P,False,False
batch,run_0014,71.0,ABi;ABm;ABo;N,4,3,0.09635460949757887,1.0,False,P,False,False
batch,run_0014,71.0,A;ABp;Mh_anti;P,4,4,0.22676476398576886,0.75,True,P,False,False
batch,run_0014,71.0,Fi;Fo;tau,3,3,0.1723458076080634,0.6666666666666666,False,P,False,False
batch,run_0014,71.0,G,1,0,0.0,,False,P,False,False
batch,run_0014,72.0,I10;IL4;M_NA;M_anti;Tb,5,12,0.332916903314681,0.75,False,P,False,False
batch,run_0014,72.0,IL1;IL12;M_pro;Mh_pro;Ta,5,9,0.02432312124382169,1.0,False,P,False,False
batch,run_0014,72.0,ABi;ABm;ABo;N,4,3,0.09556732258966652,1.0,False,P,False,False
batch,run_0014,72.0,A;ABp;Mh_anti;P,4,4,0.23060432778477286,0.75,True,P,False,False
batch,run_0014,72.0,Fi;Fo;tau,3,3,0.1715192689946371,0.6666666666666666,False,P,False,False
batch,run_0014,72.0,G,1,0,0.0,,False,P,False,False
batch,run_0014,73.0,I10;IL4;M_NA;M_anti;Tb,5,12,0.3337410009706459,0.75,False,P,False,False
batch,run_0014,73.0,IL1;IL12;M_pro;Mh_pro;Ta,5,9,0.02231249356778433,1.0,False,P,False,False
batch,run_0014,73.0,ABi;ABm;ABo;N,4,3,0.0948019999552562,1.0,False,P,False,False
batch,run_0014,73.0,A;ABp;Mh_anti;P,4,4,0.23422820023666072,0.75,True,P,False,False
batch,run_0014,73.0,Fi;Fo;tau,3,3,0.17072452970858512,0.6666666666666666,False,P,False,False
batch,run_0014,73.0,G,1,0,0.0,,False,P,False,False
batch,run_0014,74.0,I10;IL4;M_NA;M_anti;Tb,5,12,0.32464156824108614,0.75,False,P,False,False
batch,run_0014,74.0,IL1;IL12;M_pro;Mh_pro;Ta,5,9,0.019860195980099422,1.0,False,P,False,False
batch,run_0014,74.0,Fi;Fo;G;tau,4,4,0.19438546780634408,0.75,False,P,False,False
batch,run_0014,74.0,ABi;ABm;ABo;N,4,3,0.0912903509506675,1.0,False,P,False,False
batch,run_0014,74.0,A;ABp;Mh_anti;P,4,4,0.23065237930077856,0.75,True,P,False,False
batch,run_0014,75.0,I10;IL4;M_NA;M_anti;Tb,5,12,0.3251771357394109,0.75,False,P,False,False
batch,run_0014,75.0,IL1;IL12;M_pro;Mh_pro;Ta,5,9,0.01820256416070941,1.0,False,P,False,False
batch,run_0014,75.0,Fi;Fo;G;tau,4,4,0.1939588480314373,0.75,False,P,False,False
batch,run_0014,75.0,ABi;ABm;ABo;N,4,3,0.09055642203265256,1.0,False,P,False,False
batch,run_0014,75.0,A;ABp;Mh_anti;P,4,4,0.23369404099933425,0.75,True,P,False,False
batch,run_0014,76.0,I10;IL4;M_NA;M_anti;Tb,5,12,0.32554930494837103,0.75,False,P,False,False
batch,run_0014,76.0,IL1;IL12;M_pro;Mh_pro;Ta,5,9,0.01667483749838207,1.0,False,P,False,False
batch,run_0014,76.0,Fi;Fo;G;tau,4,4,0.19380314574017654,0.75,False,P,False,False
batch,run_0014,76.0,ABi;ABm;ABo;N,4,3,0.08981521243433774,1.0,False,P,False,False
batch,run_0014,76.0,A;ABp;Mh_anti;P,4,4,0.23647789031325248,0.75,True,P,False,False
batch,run_0014,77.0,I10;IL4;M_NA;M_anti;Tb,5,12,0.325759683083341,0.75,False,P,False,False
batch,run_0014,77.0,IL1;IL12;M_pro;Mh_pro;Ta,5,9,0.015267939294711628,1.0,False,P,False,False
batch,run_0014,77.0,Fi;Fo;G;tau,4,4,0.19392422926770492,0.75,False,P,False,False
batch,run_0014,77.0,ABi;ABm;ABo;N,4,3,0.0890657070984484,1.0,False,P,False,False
batch,run_0014,77.0,A;ABp;Mh_anti;P,4,4,0.23900738773059615,0.75,True,P,False,False
batch,run_0014,78.0,I10;IL4;M_NA;M_anti;Tb,5,12,0.32581449763883286,0.75,False,P,False,False
batch,run_0014,78.0,IL1;IL12;M_pro;Mh_pro;Ta,5,9,0.013973463053066817,1.0,False,P,False,False
batch,run_0014,78.0,Fi;Fo;G;tau,4,4,0.19431609137320988,0.75,False,P,False,False
batch,run_0014,78.0,ABi;ABm;ABo;N,4,3,0.08830824665708308,1.0,False,P,False,False
batch,run_0014,78.0,A;ABp;Mh_anti;P,4,4,0.24129005713821572,0.75,True,P,False,False
batch,run_0014,79.0,I10;IL4;M_NA;M_anti;Tb,5,12,0.3257231705976767,0.75,False,P,False,False
batch,run_0014,79.0,IL1;IL12;M_pro;Mh_pro;Ta,5,9,0.01278354510032428,1.0,False,P,False,False
batch,run_0014,79.0,Fi;Fo;G;tau,4,4,0.19496454499757251,0.75,False,P,False,False
batch,run_0014,79.0,ABi;ABm;ABo;N,4,3,0.0875440603205025,1.0,False,P,False,False
batch,run_0014,79.0,A;ABp;Mh_anti;P,4,4,0.24333648697340463,0.75,True,P,False,False
batch,run_0014,80.0,I10;IL4;M_NA;M_anti;Tb,5,12,0.32549663880325846,0.75,False,P,False,False
batch,run_0014,80.0,IL1;IL12;M_pro;Mh_pro;Ta,5,9,0.011690753148850555,1.0,False,P,False,False
batch,run_0014,80.0,Fi;Fo;G;tau,4,4,0.19585143898490093,0.75,False,P,False,False
batch,run_0014,80.0,ABi;ABm;ABo;N,4,3,0.08677477131061447,1.0,False,P,False,False
batch,run_0014,80.0,A;ABp;Mh_anti;P,4,4,0.2451590194853699,0.75,True,P,False,False
batch,run_0015,30.0,I10;IL4;M_NA;M_anti,4,4,0.10493571756514303,0.5,False,P,False,False
batch,run_0015,30.0,ABm;N;Ta,3,2,0.36299773638277527,0.5,False,P,False,False
batch,run_0015,30.0,A;P,2,1,0.4992596745549337,1.0,True,P,False,False
batch,run_0015,30.0,ABi,1,0,0.0,,False,P,False,False
batch,run_0015,30.0,ABo,1,0,0.0,,False,P,False,False
batch,run_0015,30.0,ABp,1,0,0.0,,False,P,False,False
batch,run_0015,30.0,G,1,0,0.0,,False,P,False,False
batch,run_0015,30.0,tau,1,0,0.0,,False,P,False,False
batch,run_0015,30.0,Fi,1,0,0.0,,False,P,False,False
batch,run_0015,30.0,Fo,1,0,0.0,,False,P,False,False
batch,run_0015,30.0,M_pro,1,0,0.0,,False,P,False,False
batch,run_0015,30.0,Mh_pro,1,0,0.0,,False,P,False,False
batch,run_0015,30.0,Mh_anti,1,0,0.0,,False,P,False,False
batch,run_0015,30.0,Tb,1,0,0.0,,False,P,False,False
batch,run_0015,30.0,IL1,1,0,0.0,,False,P,False,False
batch,run_0015,30.0,IL12,1,0,0.0,,False,P,False,False
batch,run_0015,31.0,ABi;I10;IL1;IL12;IL4;M_NA;M_anti;M_pro;Mh_pro;Ta;Tb,11,36,0.19590549381129477,0.6111111111111112,False,P,False,False
batch,run_0015,31.0,ABm;ABo;ABp;N,4,3,0.25554789002173167,1.0,False,P,False,False
batch,run_0015,31.0,Fi;Fo;tau,3,3,0.02455530507140281,0.6666666666666666,False,P,False,False
batch,run_0015,31.0,A;Mh_anti;P,3,2,0.3683676766092558,1.0,True,P,False,False
batch,run_0015,31.0,G,1,0,0.0,,False,P,False,False
batch,run_0015,32.0,I10;IL1;IL12;IL4;M_NA;M_anti;M_pro;Mh_pro;Ta;Tb,10,36,0.2384440278680648,0.6388888888888888,True,Mh_pro,False,False
batch,run_0015,32.0,ABi;ABm;ABo;ABp;N,5,4,0.23212407694407763,1.0,False,Mh_pro,False,False
batch,run_0015,32.0,Fi;Fo;tau,3,3,0.05977850917627056,0.6666666666666666,False,Mh_pro,False,False
batch,run_0015,32.0,A;Mh_anti;P,3,2,0.283206462636169,1.0,False,Mh_pro,False,False
batch,run_0015,32.0,G,1,0,0.0,,False,Mh_pro,False,False
batch,run_0015,33.0,IL1;IL12;IL4;M_NA;M_anti;M_pro;Tb,7,22,0.057193206746638074,0.6818181818181818,False,Mh_pro,False,False
batch,run_0015,33.0,ABi;ABm;ABo;ABp;N,5,4,0.2211615975567104,1.0,False,Mh_pro,False,False
batch,run_0015,33.0,Fi;Fo;tau,3,3,0.08659629214487244,0.6666666666666666,False,Mh_pro,False,False
batch,run_0015,33.0,I10;Mh_pro;Ta,3,3,0.1603919595960407,0.6666666666666666,True,Mh_pro,False,False
batch,run_0015,33.0,A;Mh_anti;P,3,2,0.22224400883491155,1.0,False,Mh_pro,False,False
batch,run_0015,33.0,G,1,0,0.0,,False,Mh_pro,False,False
batch,run_0015,34.0,IL1;IL12;IL4;M_NA;M_anti;M_pro;Tb,7,23,0.0863955135275293,0.6956521739130435,False,Mh_pro,False,False
batch,run_0015,34.0,A;I10;Mh_anti;Mh_pro;P;Ta,6,13,0.4447173575547739,0.8461538461538461,True,Mh_pro,False,False
batch,run_0015,34.0,ABi;ABm;ABo;ABp;N,5,4,0.21273815984048977,1.0,False,Mh_pro,False,False
batch,run_0015,34.0,Fi;Fo;tau,3,3,0.10444528854233513,0.6666666666666666,False,Mh_pro,False,False
batch,run_0015,34.0,G,1,0,0.0,,False,Mh_pro,False,False
batch,run_0015,35.0,IL1;IL12;IL4;M_NA;M_anti;M_pro;Tb,7,23,0.11687173383627407,0.6956521739130435,False,Mh_pro,False,False
batch,run_0015,35.0,A;I10;Mh_anti;Mh_pro;P;Ta,6,13,0.374785307306077,0.7692307692307693,True,Mh_pro,False,False
batch,run_0015,35.0,ABi;Fi;Fo;tau,4,4,0.11667142576932386,0.5,False,Mh_pro,False,False
batch,run_0015,35.0,ABm;ABo;ABp;N,4,3,0.20439749279441924,1.0,False,Mh_pro,False,False
batch,run_0015,35.0,G,1,0,0.0,,False,Mh_pro,False,False
batch,run_0015,36.0,IL1;IL12;IL4;M_NA;M_anti;M_pro;Tb,7,23,0.1457591979283373,0.6956521739130435,False,Mh_pro,False,False
batch,run_0015,36.0,A;I10;Mh_anti;Mh_pro;P;Ta,6,13,0.31697611818074817,0.7692307692307693,True,Mh_pro,False,False
batch,run_0015,36.0,ABi;Fi;Fo;tau,4,4,0.12552835113989835,0.5,False,Mh_pro,False,False
batch,run_0015,36.0,ABm;ABo;ABp;N,4,3,0.1964381857516469,1.0,False,Mh_pro,False,False
batch,run_0015,36.0,G,1,0,0.0,,False,Mh_pro,False,False
batch,run_0015,37.0,IL1;IL12;IL4;M_NA;M_anti;M_pro;Tb,7,23,0.17169623069123996,0.6956521739130435,True,M_pro,False,False
batch,run_0015,37.0,A;I10;Mh_anti;Mh_pro;P;Ta,6,13,0.2710104454639262,0.7692307692307693,False,M_pro,False,False
batch,run_0015,37.0,ABi;Fi;Fo;tau,4,4,0.1326263993446197,0.5,False,M_pro,False,False
batch,run_0015,37.0,ABm;ABo;ABp;N,4,3,0.18870251163591165,1.0,False,M_pro,False,False
batch,run_0015,37.0,G,1,0,0.0,,False,M_pro,False,False
batch,run_0015,38.0,I10;IL1;IL12;M_pro;Mh_pro;Ta,6,14,0.241527200566644,0.7142857142857143,True,M_pro,False,False
batch,run_0015,38.0,ABi;Fi;Fo;tau,4,4,0.1386086873720355,0.5,False,M_pro,False,False
batch,run_0015,38.0,ABm;ABo;ABp;N,4,3,0.18127091573737503,1.0,False,M_pro,False,False
batch,run_0015,38.0,IL4;M_NA;M_anti;Tb,4,7,0.07266189141977408,0.8571428571428571,False,M_pro,False,False
batch,run_0015,38.0,A;Mh_anti;P,3,2,0.08991984031324683,1.0,False,M_pro,False,False
batch,run_0015,38.0,G,1,0,0.0,,False,M_pro,False,False
batch,run_0015,39.0,A;I10;Mh_anti;Mh_pro;P,5,9,0.15900679796363995,0.7777777777777778,False,M_pro,False,False
batch,run_0015,39.0,ABi;Fi;Fo;tau,4,4,0.14372327133170254,0.5,False,M_pro,False,False
batch,run_0015,39.0,ABm;ABo;ABp;N,4,3,0.17423072704683962,1.0,False,M_pro,False,False
batch,run_0015,39.0,IL4;M_NA;M_anti;Tb,4,7,0.08214689465143335,0.8571428571428571,False,M_pro,False,False
batch,run_0015,39.0,IL1;IL12;M_pro;Ta,4,7,0.13819764054877856,1.0,True,M_pro,False,False
batch,run_0015,39.0,G,1,0,0.0,,False,M_pro,False,False
batch,run_0015,40.0,I10;IL4;M_NA;M_anti;Tb,5,12,0.12969338315172108,0.75,False,M_pro,False,False
batch,run_0015,40.0,ABi;Fi;Fo;tau,4,4,0.14806646725022402,0.5,False,M_pro,False,False
batch,run_0015,40.0,ABm;ABo;ABp;N,4,3,0.16766286843976946,1.0,False,M_pro,False,False
batch,run_0015,40.0,IL1;IL12;M_pro;Ta,4,7,0.14728992284620757,1.0,True,M_pro,False,False
batch,run_0015,40.0,A;Mh_anti;Mh_pro;P,4,6,0.10596133111768656,0.8333333333333334,False,M_pro,False,False
batch,run_0015,40.0,G,1,0,0.0,,False,M_pro,False,False
batch,run_0015,41.0,I10;IL4;M_NA;M_anti;Tb,5,12,0.141832017532805,0.75,False,M_pro,False,False
batch,run_0015,41.0,ABi;Fi;Fo;tau,4,4,0.15168175647562876,0.5,False,M_pro,False,False
batch,run_0015,41.0,ABm;ABo;ABp;N,4,3,0.16161139597395083,1.0,False,M_pro,False,False
batch,run_0015,41.0,IL1;IL12;M_pro;Ta,4,7,0.15404539758013333,1.0,True,M_pro,False,False
batch,run_0015,41.0,A;Mh_anti;Mh_pro;P,4,6,0.09719332413921274,1.0,False,M_pro,False,False
batch,run_0015,41.0,G,1,0,0.0,,False,M_pro,False,False
batch,run_0015,42.0,I10;IL4;M_NA;M_anti;Tb,5,12,0.15308874607161307,0.75,False,M_pro,False,False
batch,run_0015,42.0,ABi;Fi;Fo;tau,4,4,0.1546103781912285,0.5,False,M_pro,False,False
batch,run_0015,42.0,ABm;ABo;ABp;N,4,3,0.15608992593556548,1.0,False,M_pro,False,False
batch,run_0015,42.0,IL1;IL12;M_pro;Ta,4,7,0.1587975511462935,1.0,True,M_pro,False,False
batch,run_0015,42.0,A;Mh_anti;Mh_pro;P,4,6,0.09098815249840497,1.0,False,M_pro,False,False
batch,run_0015,42.0,G,1,0,0.0,,False,M_pro,False,False
batch,run_0015,43.0,I10;IL4;M_NA;M_anti;Tb,5,12,0.16349157903820763,0.75,False,M_pro,False,False
batch,run_0015,43.0,ABi;Fi;Fo;tau,4,4,0.15689816715632382,0.5,False,M_pro,False,False
batch,run_0015,43.0,ABm;ABo;ABp;N,4,3,0.1510811872422459,1.0,False,M_pro,False,False
batch,run_0015,43.0,IL1;IL12;M_pro;Ta,4,7,0.1618403295196048,1.0,True,M_pro,False,False
batch,run_0015,43.0,A;Mh_anti;Mh_pro;P,4,6,0.0868450079242364,1.0,False,M_pro,False,False
batch,run_0015,43.0,G,1,0,0.0,,False,M_pro,False,False
batch,run_0015,44.0,I10;IL4;M_NA;M_anti;Tb,5,12,0.1730871634235053,0.75,False,M_pro,False,False
batch,run_0015,44.0,A;ABp;Mh_anti;Mh_pro;P,5,8,0.09821237791416905,0.875,False,M_pro,False,False
batch,run_0015,44.0,ABi;Fi;Fo;tau,4,4,0.15859944101618798,0.5,False,M_pro,False,False
batch,run_0015,44.0,IL1;IL12;M_pro;Ta,4,7,0.16342844265472667,1.0,True,M_pro,False,False
batch,run_0015,44.0,ABm;ABo;N,3,2,0.13125397521835658,1.0,False,M_pro,False,False
batch,run_0015,44.0,G,1,0,0.0,,False,M_pro,False,False
batch,run_0015,45.0,I10;IL4;M_NA;M_anti;Tb,5,12,0.1819288083071523,0.75,False,M_pro,False,False
batch,run_0015,45.0,A;ABp;Mh_anti;Mh_pro;P,5,8,0.09868510588244225,0.875,False,M_pro,False,False
batch,run_0015,45.0,ABi;Fi;Fo;tau,4,4,0.15977681440484723,0.5,False,M_pro,False,False
batch,run_0015,45.0,IL1;IL12;M_pro;Ta,4,7,0.16378360557041463,1.0,True,M_pro,False,False
batch,run_0015,45.0,ABm;ABo;N,3,2,0.12697295480338075,1.0,False,M_pro,False,False
batch,run_0015,45.0,G,1,0,0.0,,False,M_pro,False,False
batch,run_0015,46.0,I10;IL4;M_NA;M_anti;Tb,5,12,0.19007053493318485,0.75,False,M_pro,False,False
batch,run_0015,46.0,A;ABp;Mh_anti;Mh_pro;P,5,8,0.10029110013514213,0.875,False,M_pro,False,False
batch,run_0015,46.0,ABi;ABm;ABo;N,4,3,0.12365761020961216,1.0,False,M_pro,False,False
batch,run_0015,46.0,IL1;IL12;M_pro;Ta,4,7,0.16309951797740008,1.0,True,M_pro,False,False
batch,run_0015,46.0,Fi;Fo;tau,3,3,0.15999768726515684,0.6666666666666666,False,M_pro,False,False
batch,run_0015,46.0,G,1,0,0.0,,False,M_pro,False,False
batch,run_0015,47.0,I10;IL4;M_NA;M_anti;Tb,5,12,0.1975645512669023,0.75,False,M_pro,False,False
batch,run_0015,47.0,A;ABp;Mh_anti;Mh_pro;P,5,8,0.10282832042918187,0.875,False,M_pro,False,False
batch,run_0015,47.0,ABi;ABm;ABo;N,4,3,0.12023389426193712,1.0,False,M_pro,False,False
batch,run_0015,47.0,IL1;IL12;M_pro;Ta,4,7,0.16154592245183721,1.0,True,M_pro,False,False
batch,run_0015,47.0,Fi;Fo;tau,3,3,0.16033006523319293,0.6666666666666666,False,M_pro,False,False
batch,run_0015,47.0,G,1,0,0.0,,False,M_pro,False,False
batch,run_0015,48.0,I10;IL4;M_NA;M_anti;Tb,5,12,0.20446019587727765,0.75,False,M_pro,False,False
batch,run_0015,48.0,A;ABp;Mh_anti;Mh_pro;P,5,8,0.1061284589104559,0.875,False,M_pro,False,False
batch,run_0015,48.0,ABi;ABm;ABo;N,4,3,0.11716040756217437,1.0,False,M_pro,False,False
batch,run_0015,48.0,IL1;IL12;M_pro;Ta,4,7,0.15927192510992003,1.0,True,M_pro,False,False
batch,run_0015,48.0,Fi;Fo;tau,3,3,0.16034017682954646,0.6666666666666666,False,M_pro,False,False
batch,run_0015,48.0,G,1,0,0.0,,False,M_pro,False,False
batch,run_0015,49.0,I10;IL4;M_NA;M_anti;Tb,5,12,0.2108038173037574,0.75,False,M_pro,False,False
batch,run_0015,49.0,A;ABp;Mh_anti;Mh_pro;P,5,8,0.11004905545768304,0.875,False,M_pro,False,False
batch,run_0015,49.0,ABi;ABm;ABo;N,4,3,0.11439358264093817,1.0,False,M_pro,False,False
batch,run_0015,49.0,IL1;IL12;M_pro;Ta,4,7,0.1564085891033007,1.0,True,M_pro,False,False
batch,run_0015,49.0,Fi;Fo;tau,3,3,0.1600883034422054,0.6666666666666666,False,M_pro,False,False
batch,run_0015,49.0,G,1,0,0.0,,False,M_pro,False,False
batch,run_0015,50.0,I10;IL4;M_NA;M_anti;Tb,5,12,0.2166389741017941,0.75,False,Fo,False,False
batch,run_0015,50.0,A;ABp;Mh_anti;Mh_pro;P,5,8,0.11446798551608439,0.875,False,Fo,False,False
batch,run_0015,50.0,ABi;ABm;ABo;N,4,3,0.11189512073830371,1.0,False,Fo,False,False
batch,run_0015,50.0,IL1;IL12;M_pro;Ta,4,7,0.15307104158642998,1.0,False,Fo,False,False
batch,run_0015,50.0,Fi;Fo;tau,3,3,0.15962862089368296,0.6666666666666666,True,Fo,False,False
batch,run_0015,50.0,G,1,0,0.0,,False,Fo,False,False
batch,run_0015,51.0,I10;IL4;M_NA;M_anti;Tb,5,12,0.22200666778981532,0.75,False,Fo,False,False
batch,run_0015,51.0,A;ABp;Mh_anti;Mh_pro;P,5,8,0.11927963847942082,0.875,False,Fo,False,False
batch,run_0015,51.0,ABi;ABm;ABo;N,4,3,0.10963162229072232,1.0,False,Fo,False,False
batch,run_0015,51.0,IL1;IL12;M_pro;Ta,4,7,0.14936012803287077,1.0,False,Fo,False,False
batch,run_0015,51.0,Fi;Fo;tau,3,3,0.1590086217116901,0.6666666666666666,True,Fo,False,False
batch,run_0015,51.0,G,1,0,0.0,,False,Fo,False,False
batch,run_0015,52.0,I10;IL4;M_NA;M_anti;Tb,5,12,0.22694554986842336,0.75,False,Fo,False,False
batch,run_0015,52.0,IL1;IL12;M_pro;Mh_pro;Ta,5,9,0.16935639918223952,1.0,False,Fo,False,False
batch,run_0015,52.0,ABi;ABm;ABo;N,4,3,0.10757403049114334,1.0,False,Fo,False,False
batch,run_0015,52.0,A;ABp;Mh_anti;P,4,4,0.10447796694809443,0.75,False,Fo,False,False
batch,run_0015,52.0,Fi;Fo;tau,3,3,0.15826907834635315,0.6666666666666666,True,Fo,False,False
batch,run_0015,52.0,G,1,0,0.0,,False,Fo,False,False
batch,run_0015,53.0,I10;IL4;M_NA;M_anti;Tb,5,12,0.23149209005763552,0.75,False,Fo,False,False
batch,run_0015,53.0,IL1;IL12;M_pro;Mh_pro;Ta,5,9,0.16518584039869416,1.0,False,Fo,False,False
batch,run_0015,53.0,ABi;ABm;ABo;N,4,3,0.10569714866487788,1.0,False,Fo,False,False
batch,run_0015,53.0,A;ABp;Mh_anti;P,4,4,0.10981974683798731,0.75,False,Fo,False,False
batch,run_0015,53.0,Fi;Fo;tau,3,3,0.1574443697156732,0.6666666666666666,True,Fo,False,False
batch,run_0015,53.0,G,1,0,0.0,,False,Fo,False,False
batch,run_0015,54.0,I10;IL4;M_NA;M_anti;Tb,5,12,0.2356806899296239,0.75,False,Fo,False,False
batch,run_0015,54.0,IL1;IL12;M_pro;Mh_pro;Ta,5,9,0.1609183293099339,1.0,False,Fo,False,False
batch,run_0015,54.0,ABi;ABm;ABo;N,4,3,0.10397915302854199,1.0,False,Fo,False,False
batch,run_0015,54.0,A;ABp;Mh_anti;P,4,4,0.11528597662689118,0.75,False,Fo,False,False
batch,run_0015,54.0,Fi;Fo;tau,3,3,0.1565630108861664,0.6666666666666666,True,Fo,False,False
batch,run_0015,54.0,G,1,0,0.0,,False,Fo,False,False
batch,run_0015,55.0,I10;IL4;M_NA;M_anti;Tb,5,12,0.23954372314815545,0.75,False,Fo,False,False
batch,run_0015,55.0,IL1;IL12;M_pro;Mh_pro;Ta,5,9,0.15659551344608952,1.0,False,Fo,False,False
batch,run_0015,55.0,ABi;ABm;ABo;N,4,3,0.10240117536979121,1.0,False,Fo,False,False
batch,run_0015,55.0,A;ABp;Mh_anti;P,4,4,0.12082884280512375,0.75,False,Fo,False,False
batch,run_0015,55.0,Fi;Fo;tau,3,3,0.15564831780140334,0.6666666666666666,True,Fo,False,False
batch,run_0015,55.0,G,1,0,0.0,,False,Fo,False,False
batch,run_0015,56.0,I10;IL4;M_NA;M_anti;Tb,5,12,0.24311155762370407,0.75,False,Fo,False,False
batch,run_0015,56.0,IL1;IL12;M_pro;Mh_pro;Ta,5,9,0.1522527711279489,1.0,False,Fo,False,False
batch,run_0015,56.0,ABi;ABm;ABo;N,4,3,0.10094690417442209,1.0,False,Fo,False,False
batch,run_0015,56.0,A;ABp;Mh_anti;P,4,4,0.12640636526634266,0.75,False,Fo,False,False
batch,run_0015,56.0,Fi;Fo;tau,3,3,0.15471908844654503,0.6666666666666666,True,Fo,False,False
batch,run_0015,56.0,G,1,0,0.0,,False,Fo,False,False
batch,run_0015,57.0,I10;IL4;M_NA;M_anti;Tb,5,12,0.24641257158249005,0.75,False,Fo,False,False
batch,run_0015,57.0,IL1;IL12;M_pro;Mh_pro;Ta,5,9,0.14791988953252241,1.0,False,Fo,False,False
batch,run_0015,57.0,ABi;ABm;ABo;N,4,3,0.09960221891391385,1.0,False,Fo,False,False
batch,run_0015,57.0,A;ABp;Mh_anti;P,4,4,0.1319819193163314,0.75,False,Fo,False,False
batch,run_0015,57.0,Fi;Fo;tau,3,3,0.15379025143246516,0.6666666666666666,True,Fo,False,False
batch,run_0015,57.0,G,1,0,0.0,,False,Fo,False,False
batch,run_0015,58.0,I10;IL4;M_NA;M_anti;Tb,5,12,0.24947316345004372,0.75,False,Fo,False,False
batch,run_0015,58.0,IL1;IL12;M_pro;Mh_pro;Ta,5,9,0.14362168665275216,1.0,False,Fo,False,False
batch,run_0015,58.0,ABi;ABm;ABo;N,4,3,0.0983548852490014,1.0,False,Fo,False,False
batch,run_0015,58.0,A;ABp;Mh_anti;P,4,4,0.137523820661732,0.75,False,Fo,False,False
batch,run_0015,58.0,Fi;Fo;tau,3,3,0.15287347176804053,0.6666666666666666,True,Fo,False,False
batch,run_0015,58.0,G,1,0,0.0,,False,Fo,False,False
batch,run_0015,59.0,I10;IL4;M_NA;M_anti;Tb,5,12,0.25231776482321855,0.75,False,Fo,False,False
batch,run_0015,59.0,IL1;IL12;M_pro;Mh_pro;Ta,5,9,0.13937857403544252,1.0,False,Fo,False,False
batch,run_0015,59.0,ABi;ABm;ABo;N,4,3,0.09719430022025181,1.0,False,Fo,False,False
batch,run_0015,59.0,A;ABp;Mh_anti;P,4,4,0.14300495071066416,0.75,False,Fo,False,False
batch,run_0015,59.0,Fi;Fo;tau,3,3,0.15197770197492813,0.6666666666666666,True,Fo,False,False
batch,run_0015,59.0,G,1,0,0.0,,False,Fo,False,False
batch,run_0015,60.0,I10;IL4;M_NA;M_anti;Tb,5,12,0.2549688620697872,0.75,False,Fo,False,False
batch,run_0015,60.0,IL1;IL12;M_pro;Mh_pro;Ta,5,9,0.13520707689328662,1.0,False,Fo,False,False
batch,run_0015,60.0,ABi;ABm;ABo;N,4,3,0.09611126900328686,1.0,False,Fo,False,False
batch,run_0015,60.0,A;ABp;Mh_anti;P,4,4,0.1484023962055027,0.75,False,Fo,False,False
batch,run_0015,60.0,Fi;Fo;tau,3,3,0.15110967114569057,0.6666666666666666,True,Fo,False,False
batch,run_0015,60.0,G,1,0,0.0,,False,Fo,False,False
batch,run_0015,61.0,I10;IL4;M_NA;M_anti;Tb,5,12,0.2574470326570464,0.75,False,Fo,False,False
batch,run_0015,61.0,IL1;IL12;M_pro;Mh_pro;Ta,5,9,0.13112032280553895,1.0,False,Fo,False,False
batch,run_0015,61.0,ABi;ABm;ABo;N,4,3,0.09509780570491044,1.0,False,Fo,False,False
batch,run_0015,61.0,A;ABp;Mh_anti;P,4,4,0.15369709063551254,0.75,False,Fo,False,False
batch,run_0015,61.0,Fi;Fo;tau,3,3,0.15027430498494673,0.6666666666666666,True,Fo,False,False
batch,run_0015,61.0,G,1,0,0.0,,False,Fo,False,False
batch,run_0015,62.0,I10;IL4;M_NA;M_anti;Tb,5,12,0.25977100504700523,0.75,False,Fo,False,False
batch,run_0015,62.0,IL1;IL12;M_pro;Mh_pro;Ta,5,9,0.127128495350018,1.0,False,Fo,False,False
batch,run_0015,62.0,ABi;ABm;ABo;N,4,3,0.09414695889494144,1.0,False,Fo,False,False
batch,run_0015,62.0,A;ABp;Mh_anti;P,4,4,0.15887345803893838,0.75,False,Fo,False,False
batch,run_0015,62.0,Fi;Fo;tau,3,3,0.14947507352608283,0.6666666666666666,True,Fo,False,False
batch,run_0015,62.0,G,1,0,0.0,,False,Fo,False,False
batch,run_0015,63.0,I10;IL4;M_NA;M_anti;Tb,5,12,0.26195773100220104,0.75,False,Fo,False,False
batch,run_0015,63.0,IL1;IL12;M_pro;Mh_pro;Ta,5,9,0.12323923999593697,1.0,False,Fo,False,False
batch,run_0015,63.0,ABi;ABm;ABo;N,4,3,0.09325266635485294,1.0,False,Fo,False,False
batch,run_0015,63.0,A;ABp;Mh_anti;P,4,4,0.16391907202156553,0.75,False,Fo,False,False
batch,run_0015,63.0,Fi;Fo;tau,3,3,0.1487142842673263,0.6666666666666666,True,Fo,False,False
batch,run_0015,63.0,G,1,0,0.0,,False,Fo,False,False
batch,run_0015,64.0,I10;IL4;M_NA;M_anti;Tb,5,12,0.26402246688600806,0.75,False,P,False,False
batch,run_0015,64.0,IL1;IL12;M_pro;Mh_pro;Ta,5,9,0.11945802530433168,1.0,False,P,False,False
batch,run_0015,64.0,ABi;ABm;ABo;N,4,3,0.09240963286764516,1.0,False,P,False,False
batch,run_0015,64.0,A;ABp;Mh_anti;P,4,4,0.1688243294587746,0.75,True,P,False,False
batch,run_0015,64.0,Fi;Fo;tau,3,3,0.14799332928282377,0.6666666666666666,False,P,False,False
batch,run_0015,64.0,G,1,0,0.0,,False,P,False,False
batch,run_0015,65.0,I10;IL4;M_NA;M_anti;Tb,5,12,0.26597886852543096,0.75,False,P,False,False
batch,run_0015,65.0,IL1;IL12;M_pro;Mh_pro;Ta,5,9,0.11578846604744886,1.0,False,P,False,False
batch,run_0015,65.0,ABi;ABm;ABo;N,4,3,0.09161322396495233,1.0,False,P,False,False
batch,run_0015,65.0,A;ABp;Mh_anti;P,4,4,0.1735821361621841,0.75,True,P,False,False
batch,run_0015,65.0,Fi;Fo;tau,3,3,0.1473128868144211,0.6666666666666666,False,P,False,False
batch,run_0015,65.0,G,1,0,0.0,,False,P,False,False
batch,run_0015,66.0,I10;IL4;M_NA;M_anti;Tb,5,12,0.2678390838436924,0.75,False,P,False,False
batch,run_0015,66.0,IL1;IL12;M_pro;Mh_pro;Ta,5,9,0.11223261833131586,1.0,False,P,False,False
batch,run_0015,66.0,ABi;ABm;ABo;N,4,3,0.09085937299766264,1.0,False,P,False,False
batch,run_0015,66.0,A;ABp;Mh_anti;P,4,4,0.17818760277410256,0.75,True,P,False,False
batch,run_0015,66.0,Fi;Fo;tau,3,3,0.14667308862221223,0.6666666666666666,False,P,False,False
batch,run_0015,66.0,G,1,0,0.0,,False,P,False,False
batch,run_0015,67.0,I10;IL4;M_NA;M_anti;Tb,5,12,0.269613856356773,0.75,False,P,False,False
batch,run_0015,67.0,IL1;IL12;M_pro;Mh_pro;Ta,5,9,0.1087912403661072,1.0,False,P,False,False
batch,run_0015,67.0,ABi;ABm;ABo;N,4,3,0.09014450133881077,1.0,False,P,False,False
batch,run_0015,67.0,A;ABp;Mh_anti;P,4,4,0.18263775820857225,0.75,True,P,False,False
batch,run_0015,67.0,Fi;Fo;tau,3,3,0.14607365182066806,0.6666666666666666,False,P,False,False
batch,run_0015,67.0,G,1,0,0.0,,False,P,False,False
batch,run_0015,68.0,I10;IL4;M_NA;M_anti;Tb,5,12,0.27131263696392444,0.75,False,P,False,False
batch,run_0015,68.0,IL1;IL12;M_pro;Mh_pro;Ta,5,9,0.10546401911689274,1.0,False,P,False,False
batch,run_0015,68.0,ABi;ABm;ABo;N,4,3,0.08946545053958242,1.0,False,P,False,False
batch,run_0015,68.0,A;ABp;Mh_anti;P,4,4,0.18693128465757283,0.75,True,P,False,False
batch,run_0015,68.0,Fi;Fo;tau,3,3,0.14551398162891566,0.6666666666666666,False,P,False,False
batch,run_0015,68.0,G,1,0,0.0,,False,P,False,False
batch,run_0015,69.0,I10;IL4;M_NA;M_anti;Tb,5,12,0.2729436890148097,0.75,False,P,False,False
batch,run_0015,69.0,IL1;IL12;M_pro;Mh_pro;Ta,5,9,0.10224977374362042,1.0,False,P,False,False
batch,run_0015,69.0,ABi;ABm;ABo;N,4,3,0.08881942326161148,1.0,False,P,False,False
batch,run_0015,69.0,A;ABp;Mh_anti;P,4,4,0.19106826918884462,0.75,True,P,False,False
batch,run_0015,69.0,Fi;Fo;tau,3,3,0.14499325497315096,0.6666666666666666,False,P,False,False
batch,run_0015,69.0,G,1,0,0.0,,False,P,False,False
batch,run_0015,70.0,I10;IL4;M_NA;M_anti;Tb,5,12,0.27451420344546085,0.75,False,P,False,False
batch,run_0015,70.0,IL1;IL12;M_pro;Mh_pro;Ta,5,9,0.09914662384997114,1.0,False,P,False,False
batch,run_0015,70.0,ABi;ABm;ABo;N,4,3,0.0882039344454894,1.0,False,P,False,False
batch,run_0015,70.0,A;ABp;Mh_anti;P,4,4,0.19504998355952086,0.75,True,P,False,False
batch,run_0015,70.0,Fi;Fo;tau,3,3,0.14451048250472245,0.6666666666666666,False,P,False,False
batch,run_0015,70.0,G,1,0,0.0,,False,P,False,False
batch,run_0015,71.0,I10;IL4;M_NA;M_anti;Tb,5,12,0.27603039810608687,0.75,False,P,False,False
batch,run_0015,71.0,IL1;IL12;M_pro;Mh_pro;Ta,5,9,0.09615213777724962,1.0,False,P,False,False
batch,run_0015,71.0,ABi;ABm;ABo;N,4,3,0.08761676951100283,1.0,False,P,False,False
batch,run_0015,71.0,A;ABp;Mh_anti;P,4,4,0.1988786840472945,0.75,True,P,False,False
batch,run_0015,71.0,Fi;Fo;tau,3,3,0.144064563470058,0.6666666666666666,False,P,False,False
batch,run_0015,71.0,G,1,0,0.0,,False,P,False,False
batch,run_0015,72.0,I10;IL4;M_NA;M_anti;Tb,5,12,0.27749761318011995,0.75,False,P,False,False
batch,run_0015,72.0,IL1;IL12;M_pro;Mh_pro;Ta,5,9,0.09326346343703286,1.0,False,P,False,False
batch,run_0015,72.0,ABi;ABm;ABo;N,4,3,0.08705594712213617,1.0,False,P,False,False
batch,run_0015,72.0,A;ABp;Mh_anti;P,4,4,0.2025574279818328,0.75,True,P,False,False
batch,run_0015,72.0,Fi;Fo;tau,3,3,0.14365432686260937,0.6666666666666666,False,P,False,False
batch,run_0015,72.0,G,1,0,0.0,,False,P,False,False
batch,run_0015,73.0,I10;IL4;M_NA;M_anti;Tb,5,12,0.2789204056276587,0.75,False,P,False,False
batch,run_0015,73.0,IL1;IL12;M_pro;Mh_pro;Ta,5,9,0.09047743891403927,1.0,False,P,False,False
batch,run_0015,73.0,ABi;ABm;ABo;N,4,3,0.08651968728484692,1.0,False,P,False,False
batch,run_0015,73.0,A;ABp;Mh_anti;P,4,4,0.2060899108006235,0.75,True,P,False,False
batch,run_0015,73.0,Fi;Fo;tau,3,3,0.1432785610381157,0.6666666666666666,False,P,False,False
batch,run_0015,73.0,G,1,0,0.0,,False,P,False,False
batch,run_0015,74.0,I10;IL4;M_NA;M_anti;Tb,5,12,0.27316524304949225,0.75,False,P,False,False
batch,run_0015,74.0,IL1;IL12;M_pro;Mh_pro;Ta,5,9,0.085555285952419,1.0,False,P,False,False
batch,run_0015,74.0,Fi;Fo;G;tau,4,4,0.16475954243426377,0.75,False,P,False,False
batch,run_0015,74.0,ABi;ABm;ABo;N,4,3,0.08381638918436032,1.0,False,P,False,False
batch,run_0015,74.0,A;ABp;Mh_anti;P,4,4,0.20414627609737565,0.75,True,P,False,False
batch,run_0015,75.0,I10;IL4;M_NA;M_anti;Tb,5,12,0.2743755847788847,0.75,False,P,False,False
batch,run_0015,75.0,IL1;IL12;M_pro;Mh_pro;Ta,5,9,0.08299995266723453,1.0,False,P,False,False
batch,run_0015,75.0,Fi;Fo;G;tau,4,4,0.16476012790777286,0.75,False,P,False,False
batch,run_0015,75.0,ABi;ABm;ABo;N,4,3,0.08330671753208949,1.0,False,P,False,False
batch,run_0015,75.0,A;ABp;Mh_anti;P,4,4,0.20724054001688133,0.75,True,P,False,False
batch,run_0015,76.0,I10;IL4;M_NA;M_anti;Tb,5,12,0.2754780918040889,0.75,False,P,False,False
batch,run_0015,76.0,IL1;IL12;M_pro;Mh_pro;Ta,5,9,0.08051483976053145,1.0,False,P,False,False
batch,run_0015,76.0,Fi;Fo;G;tau,4,4,0.16500420900574436,0.75,False,P,False,False
batch,run_0015,76.0,ABi;ABm;ABo;N,4,3,0.08279534109630983,1.0,False,P,False,False
batch,run_0015,76.0,A;ABp;Mh_anti;P,4,4,0.21014741116948793,0.75,True,P,False,False
batch,run_0015,77.0,I10;IL4;M_NA;M_anti;Tb,5,12,0.2764708961575473,0.75,False,P,False,False
batch,run_0015,77.0,IL1;IL12;M_pro;Mh_pro;Ta,5,9,0.07809732686032511,1.0,False,P,False,False
batch,run_0015,77.0,Fi;Fo;G;tau,4,4,0.16549486034518865,0.75,False,P,False,False
batch,run_0015,77.0,ABi;ABm;ABo;N,4,3,0.08228065772423108,1.0,False,P,False,False
batch,run_0015,77.0,A;ABp;Mh_anti;P,4,4,0.2128671446415643,0.75,True,P,False,False
batch,run_0015,78.0,I10;IL4;M_NA;M_anti;Tb,5,12,0.27735532603663754,0.75,False,P,False,False
batch,run_0015,78.0,IL1;IL12;M_pro;Mh_pro;Ta,5,9,0.07574577582569487,1.0,False,P,False,False
batch,run_0015,78.0,Fi;Fo;G;tau,4,4,0.16622603043757517,0.75,False,P,False,False
batch,run_0015,78.0,ABi;ABm;ABo;N,4,3,0.08176210277346042,1.0,False,P,False,False
batch,run_0015,78.0,A;ABp;Mh_anti;P,4,4,0.2154028703587645,0.75,True,P,False,False
batch,run_0015,79.0,I10;IL4;M_NA;M_anti;Tb,5,12,0.27813515467374744,0.75,False,P,False,False
batch,run_0015,79.0,IL1;IL12;M_pro;Mh_pro;Ta,5,9,0.07345918103323132,1.0,False,P,False,False
batch,run_0015,79.0,Fi;Fo;G;tau,4,4,0.16718497417789227,0.75,False,P,False,False
batch,run_0015,79.0,ABi;ABm;ABo;N,4,3,0.08123985569302362,1.0,False,P,False,False
batch,run_0015,79.0,A;ABp;Mh_anti;P,4,4,0.21776007887984342,0.75,True,P,False,False
batch,run_0015,80.0,I10;IL4;M_NA;M_anti;Tb,5,12,0.2788153967488852,0.75,False,P,False,False
batch,run_0015,80.0,IL1;IL12;M_pro;Mh_pro;Ta,5,9,0.07123676743008027,1.0,False,P,False,False
batch,run_0015,80.0,Fi;Fo;G;tau,4,4,0.16835588122937623,0.75,False,P,False,False
batch,run_0015,80.0,ABi;ABm;ABo;N,4,3,0.08071444748031059,1.0,False,P,False,False
batch,run_0015,80.0,A;ABp;Mh_anti;P,4,4,0.2199456413412329,0.75,True,P,False,False
batch,run_0016,30.0,I10;IL4;M_NA;M_anti,4,4,0.11312363642160263,0.5,False,P,False,False
batch,run_0016,30.0,ABm;N;Ta,3,2,0.29037360175988547,0.5,False,P,False,False
batch,run_0016,30.0,A;P,2,1,0.5651140580295788,1.0,True,P,False,False
batch,run_0016,30.0,ABi,1,0,0.0,,False,P,False,False
batch,run_0016,30.0,ABo,1,0,0.0,,False,P,False,False
batch,run_0016,30.0,ABp,1,0,0.0,,False,P,False,False
batch,run_0016,30.0,G,1,0,0.0,,False,P,False,False
batch,run_0016,30.0,tau,1,0,0.0,,False,P,False,False
batch,run_0016,30.0,Fi,1,0,0.0,,False,P,False,False
batch,run_0016,30.0,Fo,1,0,0.0,,False,P,False,False
batch,run_0016,30.0,M_pro,1,0,0.0,,False,P,False,False
batch,run_0016,30.0,Mh_pro,1,0,0.0,,False,P,False,False
batch,run_0016,30.0,Mh_anti,1,0,0.0,,False,P,False,False
batch,run_0016,30.0,Tb,1,0,0.0,,False,P,False,False
batch,run_0016,30.0,IL1,1,0,0.0,,False,P,False,False
batch,run_0016,30.0,IL12,1,0,0.0,,False,P,False,False
batch,run_0016,31.0,ABi;I10;IL1;IL12;IL4;M_NA;M_anti;M_pro;Mh_pro;Ta;Tb,11,36,0.18874582641182044,0.6111111111111112,False,P,False,False
batch,run_0016,31.0,ABm;ABo;ABp;N,4,3,0.21982083519410167,1.0,False,P,False,False
batch,run_0016,31.0,Fi;Fo;tau,3,3,0.020350452189846727,0.6666666666666666,False,P,False,False
batch,run_0016,31.0,A;Mh_anti;P,3,2,0.4264132888016221,1.0,True,P,False,False
batch,run_0016,31.0,G,1,0,0.0,,False,P,False,False
batch,run_0016,32.0,I10;IL1;IL12;IL4;M_NA;M_anti;M_pro;Mh_pro;Ta;Tb,10,36,0.22713580361264837,0.6388888888888888,False,P,False,False
batch,run_0016,32.0,ABi;ABm;ABo;ABp;N,5,4,0.21529229198821154,1.0,False,P,False,False
batch,run_0016,32.0,Fi;Fo;tau,3,3,0.05018049509213875,0.6666666666666666,False,P,False,False
batch,run_0016,32.0,A;Mh_anti;P,3,2,0.3291729910968015,1.0,True,P,False,False
batch,run_0016,32.0,G,1,0,0.0,,False,P,False,False
batch,run_0016,33.0,I10;IL1;IL12;IL4;M_NA;M_anti;M_pro;Mh_pro;Ta;Tb,10,38,0.2588010234578837,0.6052631578947368,True,Mh_pro,False,False
batch,run_0016,33.0,ABi;ABm;ABo;ABp;N,5,4,0.21730771209861038,1.0,False,Mh_pro,False,False
batch,run_0016,33.0,Fi;Fo;tau,3,3,0.07316364539805913,0.6666666666666666,False,Mh_pro,False,False
batch,run_0016,33.0,A;Mh_anti;P,3,2,0.25846349606745966,1.0,False,Mh_pro,False,False
batch,run_0016,33.0,G,1,0,0.0,,False,Mh_pro,False,False
batch,run_0016,34.0,I10;IL1;IL12;IL4;M_NA;M_anti;M_pro;Mh_pro;Ta;Tb,10,39,0.2878478563492196,0.6153846153846154,True,Mh_pro,False,False
batch,run_0016,34.0,ABi;ABm;ABo;ABp;N,5,4,0.21830935980525648,1.0,False,Mh_pro,False,False
batch,run_0016,34.0,Fi;Fo;tau,3,3,0.08893788015456049,0.6666666666666666,False,Mh_pro,False,False
batch,run_0016,34.0,A;Mh_anti;P,3,2,0.20755353700312412,1.0,False,Mh_pro,False,False
batch,run_0016,34.0,G,1,0,0.0,,False,Mh_pro,False,False
batch,run_0016,35.0,I10;IL1;IL12;IL4;M_NA;M_anti;M_pro;Mh_pro;Ta;Tb,10,39,0.313455945754366,0.6153846153846154,True,Mh_pro,False,False
batch,run_0016,35.0,ABi;Fi;Fo;tau,4,4,0.1004785954468201,0.5,False,Mh_pro,False,False
batch,run_0016,35.0,ABm;ABo;ABp;N,4,3,0.21730021054397067,1.0,False,Mh_pro,False,False
batch,run_0016,35.0,A;Mh_anti;P,3,2,0.17096444062250413,1.0,False,Mh_pro,False,False
batch,run_0016,35.0,G,1,0,0.0,,False,Mh_pro,False,False
batch,run_0016,36.0,I10;IL1;IL12;IL4;M_NA;M_anti;M_pro;Mh_pro;Ta;Tb,10,39,0.3351743650171318,0.6153846153846154,True,M_pro,False,False
batch,run_0016,36.0,ABi;Fi;Fo;tau,4,4,0.10960994159220667,0.5,False,M_pro,False,False
batch,run_0016,36.0,ABm;ABo;ABp;N,4,3,0.21511921880332574,1.0,False,M_pro,False,False
batch,run_0016,36.0,A;Mh_anti;P,3,2,0.14425847868469588,1.0,False,M_pro,False,False
batch,run_0016,36.0,G,1,0,0.0,,False,M_pro,False,False
batch,run_0016,37.0,I10;IL1;IL12;M_pro;Mh_pro;Ta,6,14,0.21625360692765444,0.7142857142857143,True,M_pro,False,False
batch,run_0016,37.0,ABi;Fi;Fo;tau,4,4,0.11746946834235222,0.5,False,M_pro,False,False
batch,run_0016,37.0,ABm;ABo;ABp;N,4,3,0.2118024612905571,1.0,False,M_pro,False,False
batch,run_0016,37.0,IL4;M_NA;M_anti;Tb,4,7,0.0630292831517972,0.8571428571428571,False,M_pro,False,False
batch,run_0016,37.0,A;Mh_anti;P,3,2,0.12423287361750279,1.0,False,M_pro,False,False
batch,run_0016,37.0,G,1,0,0.0,,False,M_pro,False,False
batch,run_0016,38.0,I10;IL1;IL12;M_pro;Mh_pro;Ta,6,14,0.21819695030991473,0.7142857142857143,True,M_pro,False,False
batch,run_0016,38.0,ABi;Fi;Fo;tau,4,4,0.12436767303990502,0.5,False,M_pro,False,False
batch,run_0016,38.0,ABm;ABo;ABp;N,4,3,0.207491508061401,1.0,False,M_pro,False,False
batch,run_0016,38.0,IL4;M_NA;M_anti;Tb,4,7,0.07278133963411376,0.8571428571428571,False,M_pro,False,False
batch,run_0016,38.0,A;Mh_anti;P,3,2,0.10884412298233921,1.0,False,M_pro,False,False
batch,run_0016,38.0,G,1,0,0.0,,False,M_pro,False,False
batch,run_0016,39.0,A;I10;Mh_anti;Mh_pro;P,5,9,0.17125457715914422,0.7777777777777778,False,M_pro,False,False
batch,run_0016,39.0,ABi;Fi;Fo;tau,4,4,0.13036647100020346,0.5,False,M_pro,False,False
batch,run_0016,39.0,ABm;ABo;ABp;N,4,3,0.20243615936896958,1.0,False,M_pro,False,False
batch,run_0016,39.0,IL4;M_NA;M_anti;Tb,4,7,0.08173329763235737,0.8571428571428571,False,M_pro,False,False
batch,run_0016,39.0,IL1;IL12;M_pro;Ta,4,7,0.13152085321967907,1.0,True,M_pro,False,False
batch,run_0016,39.0,G,1,0,0.0,,False,M_pro,False,False
batch,run_0016,40.0,I10;IL4;M_NA;M_anti;Tb,5,12,0.12970947825745596,0.75,False,M_pro,False,False
batch,run_0016,40.0,ABi;Fi;Fo;tau,4,4,0.13549332441235323,0.5,False,M_pro,False,False
batch,run_0016,40.0,ABm;ABo;ABp;N,4,3,0.196967823953792,1.0,False,M_pro,False,False
batch,run_0016,40.0,IL1;IL12;M_pro;Ta,4,7,0.13932378757561845,1.0,True,M_pro,False,False
batch,run_0016,40.0,A;Mh_anti;Mh_pro;P,4,6,0.11820366856909684,0.8333333333333334,False,M_pro,False,False
batch,run_0016,40.0,G,1,0,0.0,,False,M_pro,False,False
batch,run_0016,41.0,I10;IL4;M_NA;M_anti;Tb,5,12,0.140836553932917,0.75,False,M_pro,False,False
batch,run_0016,41.0,ABi;Fi;Fo;tau,4,4,0.13978815772753198,0.5,False,M_pro,False,False
batch,run_0016,41.0,ABm;ABo;ABp;N,4,3,0.19138679013617435,1.0,False,M_pro,False,False
batch,run_0016,41.0,IL1;IL12;M_pro;Ta,4,7,0.14538642108626673,1.0,True,M_pro,False,False
batch,run_0016,41.0,A;Mh_anti;Mh_pro;P,4,6,0.10820260515375059,1.0,False,M_pro,False,False
batch,run_0016,41.0,G,1,0,0.0,,False,M_pro,False,False
batch,run_0016,42.0,I10;IL4;M_NA;M_anti;Tb,5,12,0.15085765149745017,0.75,False,M_pro,False,False
batch,run_0016,42.0,ABi;Fi;Fo;tau,4,4,0.1433002630891027,0.5,False,M_pro,False,False
batch,run_0016,42.0,ABm;ABo;ABp;N,4,3,0.18590379263759588,1.0,False,M_pro,False,False
batch,run_0016,42.0,IL1;IL12;M_pro;Ta,4,7,0.15004297562725133,1.0,True,M_pro,False,False
batch,run_0016,42.0,A;Mh_anti;Mh_pro;P,4,6,0.10081611340233347,1.0,False,M_pro,False,False
batch,run_0016,42.0,G,1,0,0.0,,False,M_pro,False,False
batch,run_0016,43.0,I10;IL4;M_NA;M_anti;Tb,5,12,0.15983144622765788,0.75,False,M_pro,False,False
batch,run_0016,43.0,ABi;Fi;Fo;tau,4,4,0.14609328822552248,0.5,False,M_pro,False,False
batch,run_0016,43.0,ABm;ABo;ABp;N,4,3,0.1806527927865361,1.0,False,M_pro,False,False
batch,run_0016,43.0,IL1;IL12;M_pro;Ta,4,7,0.15354544289002475,1.0,True,M_pro,False,False
batch,run_0016,43.0,A;Mh_anti;Mh_pro;P,4,6,0.09554003823372623,1.0,False,M_pro,False,False
batch,run_0016,43.0,G,1,0,0.0,,False,M_pro,False,False
batch,run_0016,44.0,I10;IL4;M_NA;M_anti;Tb,5,12,0.16783369198994683,0.75,False,M_pro,False,False
batch,run_0016,44.0,ABi;Fi;Fo;tau,4,4,0.14823328792214838,0.5,False,M_pro,False,False
batch,run_0016,44.0,ABm;ABo;ABp;N,4,3,0.17569924850616986,1.0,False,M_pro,False,False
batch,run_0016,44.0,IL1;IL12;M_pro;Ta,4,7,0.15607969263338772,1.0,True,M_pro,False,False
batch,run_0016,44.0,A;Mh_anti;Mh_pro;P,4,6,0.09200259500070293,1.0,False,M_pro,False,False
batch,run_0016,44.0,G,1,0,0.0,,False,M_pro,False,False
batch,run_0016,45.0,I10;IL4;M_NA;M_anti;Tb,5,12,0.17494535723781607,0.75,False,M_pro,False,False
batch,run_0016,45.0,A;ABp;Mh_anti;Mh_pro;P,5,8,0.10326799536142088,0.875,False,M_pro,False,False
batch,run_0016,45.0,ABi;Fi;Fo;tau,4,4,0.1497911034948844,0.5,False,M_pro,False,False
batch,run_0016,45.0,IL1;IL12;M_pro;Ta,4,7,0.15779037262246617,1.0,True,M_pro,False,False
batch,run_0016,45.0,ABm;ABo;N,3,2,0.15604230108436665,1.0,False,M_pro,False,False
batch,run_0016,45.0,G,1,0,0.0,,False,M_pro,False,False
batch,run_0016,46.0,I10;IL4;M_NA;M_anti;Tb,5,12,0.18124622108442884,0.75,False,M_pro,False,False
batch,run_0016,46.0,A;ABp;Mh_anti;Mh_pro;P,5,8,0.10359069831315824,0.875,False,M_pro,False,False
batch,run_0016,46.0,ABi;Fi;Fo;tau,4,4,0.15083997006483163,0.5,False,M_pro,False,False
batch,run_0016,46.0,IL1;IL12;M_pro;Ta,4,7,0.15879461933599676,1.0,True,M_pro,False,False
batch,run_0016,46.0,ABm;ABo;N,3,2,0.15182512569461912,1.0,False,M_pro,False,False
batch,run_0016,46.0,G,1,0,0.0,,False,M_pro,False,False
batch,run_0016,47.0,I10;IL4;M_NA;M_anti;Tb,5,12,0.1868122844206241,0.75,False,ABo,False,False
batch,run_0016,47.0,A;ABp;Mh_anti;Mh_pro;P,5,8,0.104888703439104,0.875,False,ABo,False,False
batch,run_0016,47.0,ABi;Fi;Fo;tau,4,4,0.15145261606018434,0.5,False,ABo,False,False
batch,run_0016,47.0,IL1;IL12;M_pro;Ta,4,7,0.15919048344011444,1.0,False,ABo,False,False
batch,run_0016,47.0,ABm;ABo;N,3,2,0.14795783501768248,1.0,True,ABo,False,False
batch,run_0016,47.0,G,1,0,0.0,,False,ABo,False,False
batch,run_0016,48.0,I10;IL4;M_NA;M_anti;Tb,5,12,0.19171504959899707,0.75,False,ABo,False,False
batch,run_0016,48.0,A;ABp;Mh_anti;Mh_pro;P,5,8,0.10699464598908986,0.875,False,ABo,False,False
batch,run_0016,48.0,ABi;Fi;Fo;tau,4,4,0.15169867554344107,0.5,False,ABo,False,False
batch,run_0016,48.0,IL1;IL12;M_pro;Ta,4,7,0.15906196528423278,1.0,False,ABo,False,False
batch,run_0016,48.0,ABm;ABo;N,3,2,0.14441067499184232,1.0,True,ABo,False,False
batch,run_0016,48.0,G,1,0,0.0,,False,ABo,False,False
batch,run_0016,49.0,I10;IL4;M_NA;M_anti;Tb,5,12,0.19602147149232502,0.75,False,ABo,False,False
batch,run_0016,49.0,A;ABp;Mh_anti;Mh_pro;P,5,8,0.10976698568884456,0.875,False,ABo,False,False
batch,run_0016,49.0,ABi;Fi;Fo;tau,4,4,0.15164276103757487,0.5,False,ABo,False,False
batch,run_0016,49.0,IL1;IL12;M_pro;Ta,4,7,0.1584821507451057,1.0,False,ABo,False,False
batch,run_0016,49.0,ABm;ABo;N,3,2,0.14115365192465984,1.0,True,ABo,False,False
batch,run_0016,49.0,G,1,0,0.0,,False,ABo,False,False
batch,run_0016,50.0,I10;IL4;M_NA;M_anti;Tb,5,12,0.1997940632158674,0.75,False,ABo,False,False
batch,run_0016,50.0,A;ABp;Mh_anti;Mh_pro;P,5,8,0.11308479871966788,0.875,False,ABo,False,False
batch,run_0016,50.0,ABi;Fi;Fo;tau,4,4,0.15134327040740972,0.5,False,ABo,False,False
batch,run_0016,50.0,IL1;IL12;M_pro;Ta,4,7,0.15751521750767802,1.0,False,ABo,False,False
batch,run_0016,50.0,ABm;ABo;N,3,2,0.13815817076541054,1.0,True,ABo,False,False
batch,run_0016,50.0,G,1,0,0.0,,False,ABo,False,False
batch,run_0016,51.0,I10;IL4;M_NA;M_anti;Tb,5,12,0.20309109960058358,0.75,False,ABo,False,False
batch,run_0016,51.0,A;ABp;Mh_anti;Mh_pro;P,5,8,0.11684400940118317,0.875,False,ABo,False,False
batch,run_0016,51.0,ABi;Fi;Fo;tau,4,4,0.1508518457405937,0.5,False,ABo,False,False
batch,run_0016,51.0,IL1;IL12;M_pro;Ta,4,7,0.15621781668597096,1.0,False,ABo,False,False
batch,run_0016,51.0,ABm;ABo;N,3,2,0.1353978023809192,1.0,True,ABo,False,False
batch,run_0016,51.0,G,1,0,0.0,,False,ABo,False,False
batch,run_0016,52.0,I10;IL4;M_NA;M_anti;Tb,5,12,0.20596680258528743,0.75,False,ABo,False,False
batch,run_0016,52.0,A;ABp;Mh_anti;Mh_pro;P,5,8,0.1209546524747407,0.875,False,ABo,False,False
batch,run_0016,52.0,ABi;Fi;Fo;tau,4,4,0.15021331574528568,0.5,False,ABo,False,False
batch,run_0016,52.0,IL1;IL12;M_pro;Ta,4,7,0.15464008983636554,1.0,False,ABo,False,False
batch,run_0016,52.0,ABm;ABo;N,3,2,0.13284861576265036,1.0,True,ABo,False,False
batch,run_0016,52.0,G,1,0,0.0,,False,ABo,False,False
batch,run_0016,53.0,I10;IL4;M_NA;M_anti;Tb,5,12,0.20847144072200813,0.75,False,ABo,False,False
batch,run_0016,53.0,A;ABp;Mh_anti;Mh_pro;P,5,8,0.12533884173895243,0.875,False,ABo,False,False
batch,run_0016,53.0,ABi;Fi;Fo;tau,4,4,0.14946597935822659,0.5,False,ABo,False,False
batch,run_0016,53.0,IL1;IL12;M_pro;Ta,4,7,0.15282642219037607,1.0,False,ABo,False,False
batch,run_0016,53.0,ABm;ABo;N,3,2,0.13048924766280506,1.0,True,ABo,False,False
batch,run_0016,53.0,G,1,0,0.0,,False,ABo,False,False
batch,run_0016,54.0,I10;IL4;M_NA;M_anti;Tb,5,12,0.21065140800181975,0.75,False,ABo,False,False
batch,run_0016,54.0,A;ABp;Mh_anti;Mh_pro;P,5,8,0.1299291933366753,0.875,False,ABo,False,False
batch,run_0016,54.0,ABi;Fi;Fo;tau,4,4,0.1486421071779196,0.5,False,ABo,False,False
batch,run_0016,54.0,IL1;IL12;M_pro;Ta,4,7,0.1508160345963155,1.0,False,ABo,False,False
batch,run_0016,54.0,ABm;ABo;N,3,2,0.12830079634145236,1.0,True,ABo,False,False
batch,run_0016,54.0,G,1,0,0.0,,False,ABo,False,False
batch,run_0016,55.0,I10;IL4;M_NA;M_anti;Tb,5,12,0.2125493458742309,0.75,False,ABo,False,False
batch,run_0016,55.0,A;ABp;Mh_anti;Mh_pro;P,5,8,0.13466752767252305,0.875,False,ABo,False,False
batch,run_0016,55.0,ABi;Fi;Fo;tau,4,4,0.14776854653184077,0.5,False,ABo,False,False
batch,run_0016,55.0,IL1;IL12;M_pro;Ta,4,7,0.14864352115265106,1.0,False,ABo,False,False
batch,run_0016,55.0,ABm;ABo;N,3,2,0.12626658683423128,1.0,True,ABo,False,False
batch,run_0016,55.0,G,1,0,0.0,,False,ABo,False,False
batch,run_0016,56.0,I10;IL4;M_NA;M_anti;Tb,5,12,0.21420425071478774,0.75,False,ABo,False,False
batch,run_0016,56.0,A;ABp;Mh_anti;Mh_pro;P,5,8,0.13950381207340284,0.875,False,ABo,False,False
batch,run_0016,56.0,ABi;Fi;Fo;tau,4,4,0.14686735840936851,0.5,False,ABo,False,False
batch,run_0016,56.0,IL1;IL12;M_pro;Ta,4,7,0.14633931317071697,1.0,False,ABo,False,False
batch,run_0016,56.0,ABm;ABo;N,3,2,0.12437194133936887,1.0,True,ABo,False,False
batch,run_0016,56.0,G,1,0,0.0,,False,ABo,False,False
batch,run_0016,57.0,I10;IL4;M_NA;M_anti;Tb,5,12,0.21565156380742434,0.75,False,ABo,False,False
batch,run_0016,57.0,A;ABp;Mh_anti;Mh_pro;P,5,8,0.1443952744404693,0.875,False,ABo,False,False
batch,run_0016,57.0,ABi;ABm;ABo;N,4,3,0.1230628998583247,1.0,True,ABo,False,False
batch,run_0016,57.0,IL1;IL12;M_pro;Ta,4,7,0.14393007597206275,1.0,False,ABo,False,False
batch,run_0016,57.0,Fi;Fo;tau,3,3,0.14550853831073293,0.6666666666666666,False,ABo,False,False
batch,run_0016,57.0,G,1,0,0.0,,False,ABo,False,False
batch,run_0016,58.0,I10;IL4;M_NA;M_anti;Tb,5,12,0.21692328780233242,0.75,False,ABo,False,False
batch,run_0016,58.0,A;ABp;Mh_anti;Mh_pro;P,5,8,0.14930561393118785,0.875,False,ABo,False,False
batch,run_0016,58.0,ABi;ABm;ABo;N,4,3,0.12140717458724465,1.0,True,ABo,False,False
batch,run_0016,58.0,IL1;IL12;M_pro;Ta,4,7,0.1414390713323569,1.0,False,ABo,False,False
batch,run_0016,58.0,Fi;Fo;tau,3,3,0.14460532067337956,0.6666666666666666,False,ABo,False,False
batch,run_0016,58.0,G,1,0,0.0,,False,ABo,False,False
batch,run_0016,59.0,I10;IL4;M_NA;M_anti;Tb,5,12,0.2180481258608673,0.75,False,Fo,False,False
batch,run_0016,59.0,A;ABp;Mh_anti;Mh_pro;P,5,8,0.154204284763438,0.875,False,Fo,False,False
batch,run_0016,59.0,ABi;ABm;ABo;N,4,3,0.11985687482190711,1.0,False,Fo,False,False
batch,run_0016,59.0,IL1;IL12;M_pro;Ta,4,7,0.13888649317505136,1.0,False,Fo,False,False
batch,run_0016,59.0,Fi;Fo;tau,3,3,0.14371795526495895,0.6666666666666666,True,Fo,False,False
batch,run_0016,59.0,G,1,0,0.0,,False,Fo,False,False
batch,run_0016,60.0,I10;IL4;M_NA;M_anti;Tb,5,12,0.2190516575870627,0.75,False,Fo,False,False
batch,run_0016,60.0,A;ABp;Mh_anti;Mh_pro;P,5,8,0.15906583690775028,0.875,False,Fo,False,False
batch,run_0016,60.0,ABi;ABm;ABo;N,4,3,0.1184032230657962,1.0,False,Fo,False,False
batch,run_0016,60.0,IL1;IL12;M_pro;Ta,4,7,0.13628978977361678,1.0,False,Fo,False,False
batch,run_0016,60.0,Fi;Fo;tau,3,3,0.1428552514001536,0.6666666666666666,True,Fo,False,False
batch,run_0016,60.0,G,1,0,0.0,,False,Fo,False,False
batch,run_0016,61.0,I10;IL4;M_NA;M_anti;Tb,5,12,0.21995652574424865,0.75,False,P,False,False
batch,run_0016,61.0,A;ABp;Mh_anti;Mh_pro;P,5,8,0.1638693179011691,0.875,True,P,False,False
batch,run_0016,61.0,ABi;ABm;ABo;N,4,3,0.11703843695027613,1.0,False,P,False,False
batch,run_0016,61.0,IL1;IL12;M_pro;Ta,4,7,0.1336639611469081,1.0,False,P,False,False
batch,run_0016,61.0,Fi;Fo;tau,3,3,0.14202392597431113,0.6666666666666666,False,P,False,False
batch,run_0016,61.0,G,1,0,0.0,,False,P,False,False
batch,run_0016,62.0,I10;IL4;M_NA;M_anti;Tb,5,12,0.22078262602426768,0.75,False,P,False,False
batch,run_0016,62.0,A;ABp;Mh_anti;Mh_pro;P,5,8,0.16859772861969755,0.875,True,P,False,False
batch,run_0016,62.0,ABi;ABm;ABo;N,4,3,0.11575559349441172,1.0,False,P,False,False
batch,run_0016,62.0,IL1;IL12;M_pro;Ta,4,7,0.13102182908064347,1.0,False,P,False,False
batch,run_0016,62.0,Fi;Fo;tau,3,3,0.1412289699139216,0.6666666666666666,False,P,False,False
batch,run_0016,62.0,G,1,0,0.0,,False,P,False,False
batch,run_0016,63.0,I10;IL4;M_NA;M_anti;Tb,5,12,0.22154730767159211,0.75,False,P,False,False
batch,run_0016,63.0,A;ABp;Mh_anti;Mh_pro;P,5,8,0.17323752338248027,0.875,True,P,False,False
batch,run_0016,63.0,ABi;ABm;ABo;N,4,3,0.1145485096034945,1.0,False,P,False,False
batch,run_0016,63.0,IL1;IL12;M_pro;Ta,4,7,0.12837428612379373,1.0,False,P,False,False
batch,run_0016,63.0,Fi;Fo;tau,3,3,0.14047396123449532,0.6666666666666666,False,P,False,False
batch,run_0016,63.0,G,1,0,0.0,,False,P,False,False
batch,run_0016,64.0,I10;IL4;M_NA;M_anti;Tb,5,12,0.22226557476145278,0.75,False,P,False,False
batch,run_0016,64.0,IL1;IL12;M_pro;Mh_pro;Ta,5,9,0.14758303847565293,1.0,False,P,False,False
batch,run_0016,64.0,ABi;ABm;ABo;N,4,3,0.11341163818637474,1.0,False,P,False,False
batch,run_0016,64.0,A;ABp;Mh_anti;P,4,4,0.15518770133079945,0.75,True,P,False,False
batch,run_0016,64.0,Fi;Fo;tau,3,3,0.13976133458614753,0.6666666666666666,False,P,False,False
batch,run_0016,64.0,G,1,0,0.0,,False,P,False,False
batch,run_0016,65.0,I10;IL4;M_NA;M_anti;Tb,5,12,0.22295029140563047,0.75,False,P,False,False
batch,run_0016,65.0,IL1;IL12;M_pro;Mh_pro;Ta,5,9,0.1451851756352596,1.0,False,P,False,False
batch,run_0016,65.0,ABi;ABm;ABo;N,4,3,0.11233997989268991,1.0,False,P,False,False
batch,run_0016,65.0,A;ABp;Mh_anti;P,4,4,0.15947246052915137,0.75,True,P,False,False
batch,run_0016,65.0,Fi;Fo;tau,3,3,0.13909260513994479,0.6666666666666666,False,P,False,False
batch,run_0016,65.0,G,1,0,0.0,,False,P,False,False
batch,run_0016,66.0,I10;IL4;M_NA;M_anti;Tb,5,12,0.223612386855921,0.75,False,P,False,False
batch,run_0016,66.0,IL1;IL12;M_pro;Mh_pro;Ta,5,9,0.1427789364875414,1.0,False,P,False,False
batch,run_0016,66.0,ABi;ABm;ABo;N,4,3,0.11132900840881053,1.0,False,P,False,False
batch,run_0016,66.0,A;ABp;Mh_anti;P,4,4,0.16367248413024865,0.75,True,P,False,False
batch,run_0016,66.0,Fi;Fo;tau,3,3,0.1384685512744346,0.6666666666666666,False,P,False,False
batch,run_0016,66.0,G,1,0,0.0,,False,P,False,False
batch,run_0016,67.0,I10;IL4;M_NA;M_anti;Tb,5,12,0.22426105172412356,0.75,False,P,False,False
batch,run_0016,67.0,IL1;IL12;M_pro;Mh_pro;Ta,5,9,0.14036865675116852,1.0,False,P,False,False
batch,run_0016,67.0,ABi;ABm;ABo;N,4,3,0.11037460827659937,1.0,False,P,False,False
batch,run_0016,67.0,A;ABp;Mh_anti;P,4,4,0.16778425592485716,0.75,True,P,False,False
batch,run_0016,67.0,Fi;Fo;tau,3,3,0.1378893655877028,0.6666666666666666,False,P,False,False
batch,run_0016,67.0,G,1,0,0.0,,False,P,False,False
batch,run_0016,68.0,I10;IL4;M_NA;M_anti;Tb,5,12,0.22490392043497143,0.75,False,P,False,False
batch,run_0016,68.0,IL1;IL12;M_pro;Mh_pro;Ta,5,9,0.13795810420005902,1.0,False,P,False,False
batch,run_0016,68.0,ABi;ABm;ABo;N,4,3,0.10947302273016028,1.0,False,P,False,False
batch,run_0016,68.0,A;ABp;Mh_anti;P,4,4,0.17180543513695493,0.75,True,P,False,False
batch,run_0016,68.0,Fi;Fo;tau,3,3,0.1373547826693398,0.6666666666666666,False,P,False,False
batch,run_0016,68.0,G,1,0,0.0,,False,P,False,False
batch,run_0016,69.0,I10;IL4;M_NA;M_anti;Tb,5,12,0.22554724292797387,0.75,False,P,False,False
batch,run_0016,69.0,IL1;IL12;M_pro;Mh_pro;Ta,5,9,0.1355505571819812,1.0,False,P,False,False
batch,run_0016,69.0,ABi;ABm;ABo;N,4,3,0.10862081014009885,1.0,False,P,False,False
batch,run_0016,69.0,A;ABp;Mh_anti;P,4,4,0.17573466498342794,0.75,True,P,False,False
batch,run_0016,69.0,Fi;Fo;tau,3,3,0.13686418366564565,0.6666666666666666,False,P,False,False
batch,run_0016,69.0,G,1,0,0.0,,False,P,False,False
batch,run_0016,70.0,I10;IL4;M_NA;M_anti;Tb,5,12,0.22619604613353825,0.75,False,P,False,False
batch,run_0016,70.0,IL1;IL12;M_pro;Mh_pro;Ta,5,9,0.13314887161935413,1.0,False,P,False,False
batch,run_0016,70.0,ABi;ABm;ABo;N,4,3,0.10781480738005082,1.0,False,P,False,False
batch,run_0016,70.0,A;ABp;Mh_anti;P,4,4,0.17957140981038805,0.75,True,P,False,False
batch,run_0016,70.0,Fi;Fo;tau,3,3,0.13641667962989187,0.6666666666666666,False,P,False,False
batch,run_0016,70.0,G,1,0,0.0,,False,P,False,False
batch,run_0016,71.0,I10;IL4;M_NA;M_anti;Tb,5,12,0.22685427966296923,0.75,False,P,False,False
batch,run_0016,71.0,IL1;IL12;M_pro;Mh_pro;Ta,5,9,0.13075554547546542,1.0,False,P,False,False
batch,run_0016,71.0,ABi;ABm;ABo;N,4,3,0.10705209562394523,1.0,False,P,False,False
batch,run_0016,71.0,A;ABp;Mh_anti;P,4,4,0.1833157961916869,0.75,True,P,False,False
batch,run_0016,71.0,Fi;Fo;tau,3,3,0.13601118744890087,0.6666666666666666,False,P,False,False
batch,run_0016,71.0,G,1,0,0.0,,False,P,False,False
batch,run_0016,72.0,I10;IL4;M_NA;M_anti;Tb,5,12,0.22752495788502647,0.75,False,P,False,False
batch,run_0016,72.0,IL1;IL12;M_pro;Mh_pro;Ta,5,9,0.1283727665051551,1.0,False,P,False,False
batch,run_0016,72.0,ABi;ABm;ABo;N,4,3,0.10632997545690764,1.0,False,P,False,False
batch,run_0016,72.0,A;ABp;Mh_anti;P,4,4,0.18696850084120284,0.75,True,P,False,False
batch,run_0016,72.0,Fi;Fo;tau,3,3,0.1356464764183406,0.6666666666666666,False,P,False,False
batch,run_0016,72.0,G,1,0,0.0,,False,P,False,False
batch,run_0016,73.0,I10;IL4;M_NA;M_anti;Tb,5,12,0.22821027972079322,0.75,False,P,False,False
batch,run_0016,73.0,IL1;IL12;M_pro;Mh_pro;Ta,5,9,0.12600246318186897,1.0,False,P,False,False
batch,run_0016,73.0,ABi;ABm;ABo;N,4,3,0.10564594073859708,1.0,False,P,False,False
batch,run_0016,73.0,A;ABp;Mh_anti;P,4,4,0.1905306240516029,0.75,True,P,False,False
batch,run_0016,73.0,Fi;Fo;tau,3,3,0.13532122234617394,0.6666666666666666,False,P,False,False
batch,run_0016,73.0,G,1,0,0.0,,False,P,False,False
batch,run_0016,74.0,I10;IL4;M_NA;M_anti;Tb,5,12,0.22339356144565442,0.75,False,P,False,False
batch,run_0016,74.0,IL1;IL12;M_pro;Mh_pro;Ta,5,9,0.12066570084790695,1.0,False,P,False,False
batch,run_0016,74.0,Fi;Fo;G;tau,4,4,0.1558850314254088,0.75,False,P,False,False
batch,run_0016,74.0,ABi;ABm;ABo;N,4,3,0.10246656781218608,1.0,False,P,False,False
batch,run_0016,74.0,A;ABp;Mh_anti;P,4,4,0.18932691808027446,0.75,True,P,False,False
batch,run_0016,75.0,I10;IL4;M_NA;M_anti;Tb,5,12,0.2240159748009137,0.75,False,P,False,False
batch,run_0016,75.0,IL1;IL12;M_pro;Mh_pro;Ta,5,9,0.11834006427159048,1.0,False,P,False,False
batch,run_0016,75.0,Fi;Fo;G;tau,4,4,0.15593524979915596,0.75,False,P,False,False
batch,run_0016,75.0,ABi;ABm;ABo;N,4,3,0.10183094745347027,1.0,False,P,False,False
batch,run_0016,75.0,A;ABp;Mh_anti;P,4,4,0.19256313827239374,0.75,True,P,False,False
batch,run_0016,76.0,I10;IL4;M_NA;M_anti;Tb,5,12,0.22459792561346084,0.75,False,P,False,False
batch,run_0016,76.0,IL1;IL12;M_pro;Mh_pro;Ta,5,9,0.11600320489956319,1.0,False,P,False,False
batch,run_0016,76.0,Fi;Fo;G;tau,4,4,0.1562259414202132,0.75,False,P,False,False
batch,run_0016,76.0,ABi;ABm;ABo;N,4,3,0.1012011617935755,1.0,False,P,False,False
batch,run_0016,76.0,A;ABp;Mh_anti;P,4,4,0.19566398621295578,0.75,True,P,False,False
batch,run_0016,77.0,I10;IL4;M_NA;M_anti;Tb,5,12,0.225136617967789,0.75,False,P,False,False
batch,run_0016,77.0,IL1;IL12;M_pro;Mh_pro;Ta,5,9,0.11365688080571962,1.0,False,P,False,False
batch,run_0016,77.0,Fi;Fo;G;tau,4,4,0.15675935101000865,0.75,False,P,False,False
batch,run_0016,77.0,ABi;ABm;ABo;N,4,3,0.1005749611527838,1.0,False,P,False,False
batch,run_0016,77.0,A;ABp;Mh_anti;P,4,4,0.19862716038860592,0.75,True,P,False,False
batch,run_0016,78.0,I10;IL4;M_NA;M_anti;Tb,5,12,0.2256316754618284,0.75,False,P,False,False
batch,run_0016,78.0,IL1;IL12;M_pro;Mh_pro;Ta,5,9,0.11130417957762069,1.0,False,P,False,False
batch,run_0016,78.0,Fi;Fo;G;tau,4,4,0.15752898576045768,0.75,False,P,False,False
batch,run_0016,78.0,ABi;ABm;ABo;N,4,3,0.099951312945888,1.0,False,P,False,False
batch,run_0016,78.0,A;ABp;Mh_anti;P,4,4,0.20145292407058848,0.75,True,P,False,False
batch,run_0016,79.0,I10;IL4;M_NA;M_anti;Tb,5,12,0.22608427537327638,0.75,False,P,False,False
batch,run_0016,79.0,IL1;IL12;M_pro;Mh_pro;Ta,5,9,0.10894891792230112,1.0,False,P,False,False
batch,run_0016,79.0,Fi;Fo;G;tau,4,4,0.15852290944677913,0.75,False,P,False,False
batch,run_0016,79.0,ABi;ABm;ABo;N,4,3,0.0993299227776302,1.0,False,P,False,False
batch,run_0016,79.0,A;ABp;Mh_anti;P,4,4,0.20414340861869856,0.75,True,P,False,False
batch,run_0016,80.0,I10;IL4;M_NA;M_anti;Tb,5,12,0.2264963814039227,0.75,False,P,False,False
batch,run_0016,80.0,IL1;IL12;M_pro;Mh_pro;Ta,5,9,0.10659518038099393,1.0,False,P,False,False
batch,run_0016,80.0,Fi;Fo;G;tau,4,4,0.15972653743544246,0.75,False,P,False,False
batch,run_0016,80.0,ABi;ABm;ABo;N,4,3,0.09871085536735855,1.0,False,P,False,False
batch,run_0016,80.0,A;ABp;Mh_anti;P,4,4,0.2067018504556394,0.75,True,P,False,False
batch,run_0017,30.0,I10;IL4;M_NA;M_anti,4,4,0.09840148460668764,0.5,False,ABm,False,False
batch,run_0017,30.0,ABm;N;Ta,3,2,0.5056291371378682,0.5,True,ABm,False,False
batch,run_0017,30.0,A;P,2,1,0.36614834759598497,1.0,False,ABm,False,False
batch,run_0017,30.0,ABi,1,0,0.0,,False,ABm,False,False
batch,run_0017,30.0,ABo,1,0,0.0,,False,ABm,False,False
batch,run_0017,30.0,ABp,1,0,0.0,,False,ABm,False,False
batch,run_0017,30.0,G,1,0,0.0,,False,ABm,False,False
batch,run_0017,30.0,tau,1,0,0.0,,False,ABm,False,False
batch,run_0017,30.0,Fi,1,0,0.0,,False,ABm,False,False
batch,run_0017,30.0,Fo,1,0,0.0,,False,ABm,False,False
batch,run_0017,30.0,M_pro,1,0,0.0,,False,ABm,False,False
batch,run_0017,30.0,Mh_pro,1,0,0.0,,False,ABm,False,False
batch,run_0017,30.0,Mh_anti,1,0,0.0,,False,ABm,False,False
batch,run_0017,30.0,Tb,1,0,0.0,,False,ABm,False,False
batch,run_0017,30.0,IL1,1,0,0.0,,False,ABm,False,False
batch,run_0017,30.0,IL12,1,0,0.0,,False,ABm,False,False
batch,run_0017,31.0,ABi;I10;IL1;IL12;IL4;M_NA;M_anti;M_pro;Mh_pro;Ta;Tb,11,36,0.19862544377833188,0.6111111111111112,False,ABm,False,False
batch,run_0017,31.0,ABm;ABo;ABp;N,4,3,0.350175095810098,1.0,True,ABm,False,False
batch,run_0017,31.0,Fi;Fo;tau,3,3,0.03024611758125162,0.6666666666666666,False,ABm,False,False
batch,run_0017,31.0,A;Mh_anti;P,3,2,0.2649563579360049,1.0,False,ABm,False,False
batch,run_0017,31.0,G,1,0,0.0,,False,ABm,False,False
batch,run_0017,32.0,I10;IL1;IL12;IL4;M_NA;M_anti;M_pro;Mh_pro;Ta;Tb,10,36,0.24667819834541857,0.6388888888888888,True,Mh_pro,False,False
batch,run_0017,32.0,ABi;ABm;ABo;ABp;N,5,4,0.30439538947878114,1.0,False,Mh_pro,False,False
batch,run_0017,32.0,Fi;Fo;tau,3,3,0.06933355449208382,0.6666666666666666,False,Mh_pro,False,False
batch,run_0017,32.0,A;Mh_anti;P,3,2,0.19521368199343192,1.0,False,Mh_pro,False,False
batch,run_0017,32.0,G,1,0,0.0,,False,Mh_pro,False,False
batch,run_0017,33.0,IL1;IL12;IL4;M_NA;M_anti;M_pro;Tb,7,22,0.07023253396690937,0.6818181818181818,False,Mh_pro,False,False
batch,run_0017,33.0,A;I10;Mh_anti;Mh_pro;P;Ta,6,13,0.420988931587374,0.8461538461538461,True,Mh_pro,False,False
batch,run_0017,33.0,ABi;ABm;ABo;ABp;N,5,4,0.2768340582919665,1.0,False,Mh_pro,False,False
batch,run_0017,33.0,Fi;Fo;tau,3,3,0.0948496638129772,0.6666666666666666,False,Mh_pro,False,False
batch,run_0017,33.0,G,1,0,0.0,,False,Mh_pro,False,False
batch,run_0017,34.0,IL1;IL12;IL4;M_NA;M_anti;M_pro;Tb,7,23,0.10366537731920628,0.6956521739130435,False,Mh_pro,False,False
batch,run_0017,34.0,A;I10;Mh_anti;Mh_pro;P;Ta,6,13,0.35025971866468447,0.8461538461538461,True,Mh_pro,False,False
batch,run_0017,34.0,ABi;ABm;ABo;ABp;N,5,4,0.2554473907771946,1.0,False,Mh_pro,False,False
batch,run_0017,34.0,Fi;Fo;tau,3,3,0.10924309034740251,0.6666666666666666,False,Mh_pro,False,False
batch,run_0017,34.0,G,1,0,0.0,,False,Mh_pro,False,False
batch,run_0017,35.0,IL1;IL12;IL4;M_NA;M_anti;M_pro;Tb,7,23,0.13553352251126946,0.6956521739130435,False,Mh_pro,False,False
batch,run_0017,35.0,A;I10;Mh_anti;Mh_pro;P;Ta,6,13,0.293002694173919,0.7692307692307693,True,Mh_pro,False,False
batch,run_0017,35.0,ABi;Fi;Fo;tau,4,4,0.11787840779056744,0.5,False,Mh_pro,False,False
batch,run_0017,35.0,ABm;ABo;ABp;N,4,3,0.23716011349707458,1.0,False,Mh_pro,False,False
batch,run_0017,35.0,G,1,0,0.0,,False,Mh_pro,False,False
batch,run_0017,36.0,A;I10;IL1;IL12;M_pro;Mh_anti;Mh_pro;P;Ta,9,25,0.3948335081763786,0.76,True,M_pro,False,False
batch,run_0017,36.0,ABi;Fi;Fo;tau,4,4,0.12356645551960697,0.5,False,M_pro,False,False
batch,run_0017,36.0,ABm;ABo;ABp;N,4,3,0.22156861169944303,1.0,False,M_pro,False,False
batch,run_0017,36.0,IL4;M_NA;M_anti;Tb,4,7,0.06880348872438631,0.8571428571428571,False,M_pro,False,False
batch,run_0017,36.0,G,1,0,0.0,,False,M_pro,False,False
batch,run_0017,37.0,A;I10;Mh_anti;Mh_pro;P,5,9,0.15813091740418359,0.7777777777777778,False,M_pro,False,False
batch,run_0017,37.0,ABi;Fi;Fo;tau,4,4,0.12794918053131732,0.5,False,M_pro,False,False
batch,run_0017,37.0,ABm;ABo;ABp;N,4,3,0.2078194751310534,1.0,False,M_pro,False,False
batch,run_0017,37.0,IL4;M_NA;M_anti;Tb,4,7,0.07975939513916687,0.8571428571428571,False,M_pro,False,False
batch,run_0017,37.0,IL1;IL12;M_pro;Ta,4,7,0.12463454964393073,1.0,True,M_pro,False,False
batch,run_0017,37.0,G,1,0,0.0,,False,M_pro,False,False
batch,run_0017,38.0,I10;IL4;M_NA;M_anti;Tb,5,12,0.12646540441680154,0.75,False,M_pro,False,False
batch,run_0017,38.0,ABi;Fi;Fo;tau,4,4,0.1316191917741616,0.5,False,M_pro,False,False
batch,run_0017,38.0,ABm;ABo;ABp;N,4,3,0.19559811612811243,1.0,False,M_pro,False,False
batch,run_0017,38.0,IL1;IL12;M_pro;Ta,4,7,0.1391800686885074,1.0,True,M_pro,False,False
batch,run_0017,38.0,A;Mh_anti;Mh_pro;P,4,6,0.0986356391275589,0.8333333333333334,False,M_pro,False,False
batch,run_0017,38.0,G,1,0,0.0,,False,M_pro,False,False
batch,run_0017,39.0,I10;IL4;M_NA;M_anti;Tb,5,12,0.13868956758599146,0.75,False,M_pro,False,False
batch,run_0017,39.0,ABi;Fi;Fo;tau,4,4,0.13477152331423267,0.5,False,M_pro,False,False
batch,run_0017,39.0,ABm;ABo;ABp;N,4,3,0.18472259570297622,1.0,False,M_pro,False,False
batch,run_0017,39.0,IL1;IL12;M_pro;Ta,4,7,0.1508018487239676,1.0,True,M_pro,False,False
batch,run_0017,39.0,A;Mh_anti;Mh_pro;P,4,6,0.08967048649175706,1.0,False,M_pro,False,False
batch,run_0017,39.0,G,1,0,0.0,,False,M_pro,False,False
batch,run_0017,40.0,I10;IL4;M_NA;M_anti;Tb,5,12,0.14922834509412566,0.75,False,M_pro,False,False
batch,run_0017,40.0,ABi;Fi;Fo;tau,4,4,0.13743886917876433,0.5,False,M_pro,False,False
batch,run_0017,40.0,ABm;ABo;ABp;N,4,3,0.17505177125151047,1.0,False,M_pro,False,False
batch,run_0017,40.0,IL1;IL12;M_pro;Ta,4,7,0.1598234016440242,1.0,True,M_pro,False,False
batch,run_0017,40.0,A;Mh_anti;Mh_pro;P,4,6,0.08375364753517363,1.0,False,M_pro,False,False
batch,run_0017,40.0,G,1,0,0.0,,False,M_pro,False,False
batch,run_0017,41.0,ABi;ABm;ABo;ABp;N,5,4,0.166978382948717,1.0,False,M_pro,False,False
batch,run_0017,41.0,I10;IL4;M_NA;M_anti;Tb,5,12,0.1582447828821872,0.75,False,M_pro,False,False
batch,run_0017,41.0,IL1;IL12;M_pro;Ta,4,7,0.16656728949121197,1.0,True,M_pro,False,False
batch,run_0017,41.0,A;Mh_anti;Mh_pro;P,4,6,0.08016942335825146,1.0,False,M_pro,False,False
batch,run_0017,41.0,Fi;Fo;tau,3,3,0.13916535936529772,0.6666666666666666,False,M_pro,False,False
batch,run_0017,41.0,G,1,0,0.0,,False,M_pro,False,False
batch,run_0017,42.0,ABi;ABm;ABo;ABp;N,5,4,0.15933784740685983,1.0,False,M_pro,False,False
batch,run_0017,42.0,I10;IL4;M_NA;M_anti;Tb,5,12,0.16592568468799399,0.75,False,M_pro,False,False
batch,run_0017,42.0,IL1;IL12;M_pro;Ta,4,7,0.17133972652683457,1.0,True,M_pro,False,False
batch,run_0017,42.0,A;Mh_anti;Mh_pro;P,4,6,0.07840993490842658,1.0,False,M_pro,False,False
batch,run_0017,42.0,Fi;Fo;tau,3,3,0.1407981798479293,0.6666666666666666,False,M_pro,False,False
batch,run_0017,42.0,G,1,0,0.0,,False,M_pro,False,False
batch,run_0017,43.0,I10;IL4;M_NA;M_anti;Tb,5,12,0.17245273805337255,0.75,False,M_pro,False,False
batch,run_0017,43.0,A;ABp;Mh_anti;Mh_pro;P,5,8,0.09139552116133585,0.875,False,M_pro,False,False
batch,run_0017,43.0,ABi;ABm;ABo;N,4,3,0.1378643430240685,1.0,False,M_pro,False,False
batch,run_0017,43.0,IL1;IL12;M_pro;Ta,4,7,0.17442708326979176,1.0,True,M_pro,False,False
batch,run_0017,43.0,Fi;Fo;tau,3,3,0.14191712170334092,0.6666666666666666,False,M_pro,False,False
batch,run_0017,43.0,G,1,0,0.0,,False,M_pro,False,False
batch,run_0017,44.0,I10;IL4;M_NA;M_anti;Tb,5,12,0.17799066304225292,0.75,False,M_pro,False,False
batch,run_0017,44.0,A;ABp;Mh_anti;Mh_pro;P,5,8,0.09362068188999444,0.875,False,M_pro,False,False
batch,run_0017,44.0,ABi;ABm;ABo;N,4,3,0.13178123732566976,1.0,False,M_pro,False,False
batch,run_0017,44.0,IL1;IL12;M_pro;Ta,4,7,0.17609231606410225,1.0,True,M_pro,False,False
batch,run_0017,44.0,Fi;Fo;tau,3,3,0.14254869343832896,0.6666666666666666,False,M_pro,False,False
batch,run_0017,44.0,G,1,0,0.0,,False,M_pro,False,False
batch,run_0017,45.0,I10;IL4;M_NA;M_anti;Tb,5,12,0.18268383044100353,0.75,False,M_pro,False,False
batch,run_0017,45.0,A;ABp;Mh_anti;Mh_pro;P,5,8,0.09670882160105365,0.875,False,M_pro,False,False
batch,run_0017,45.0,ABi;ABm;ABo;N,4,3,0.12638964971550148,1.0,False,M_pro,False,False
batch,run_0017,45.0,IL1;IL12;M_pro;Ta,4,7,0.17657265963080293,1.0,True,M_pro,False,False
batch,run_0017,45.0,Fi;Fo;tau,3,3,0.14273779295040417,0.6666666666666666,False,M_pro,False,False
batch,run_0017,45.0,G,1,0,0.0,,False,M_pro,False,False
batch,run_0017,46.0,I10;IL4;M_NA;M_anti;Tb,5,12,0.1866565556944698,0.75,False,M_pro,False,False
batch,run_0017,46.0,A;ABp;Mh_anti;Mh_pro;P,5,8,0.10046296799198866,0.875,False,M_pro,False,False
batch,run_0017,46.0,ABi;ABm;ABo;N,4,3,0.12159397737984118,1.0,False,M_pro,False,False
batch,run_0017,46.0,IL1;IL12;M_pro;Ta,4,7,0.17607890450647135,1.0,True,M_pro,False,False
batch,run_0017,46.0,Fi;Fo;tau,3,3,0.14254034046015096,0.6666666666666666,False,M_pro,False,False
batch,run_0017,46.0,G,1,0,0.0,,False,M_pro,False,False
batch,run_0017,47.0,I10;IL4;M_NA;M_anti;Tb,5,12,0.1900151343920312,0.75,False,M_pro,False,False
batch,run_0017,47.0,A;ABp;Mh_anti;Mh_pro;P,5,8,0.10472027655855368,0.875,False,M_pro,False,False
batch,run_0017,47.0,ABi;ABm;ABo;N,4,3,0.11731215234213477,1.0,False,M_pro,False,False
batch,run_0017,47.0,IL1;IL12;M_pro;Ta,4,7,0.174796082648813,1.0,True,M_pro,False,False
batch,run_0017,47.0,Fi;Fo;tau,3,3,0.14201671896053183,0.6666666666666666,False,M_pro,False,False
batch,run_0017,47.0,G,1,0,0.0,,False,M_pro,False,False
batch,run_0017,48.0,I10;IL4;M_NA;M_anti;Tb,5,12,0.19285029627560776,0.75,False,M_pro,False,False
batch,run_0017,48.0,A;ABp;Mh_anti;Mh_pro;P,5,8,0.10934447980561585,0.875,False,M_pro,False,False
batch,run_0017,48.0,ABi;ABm;ABo;N,4,3,0.11347393369948774,1.0,False,M_pro,False,False
batch,run_0017,48.0,IL1;IL12;M_pro;Ta,4,7,0.17288498161657473,1.0,True,M_pro,False,False
batch,run_0017,48.0,Fi;Fo;tau,3,3,0.14122686343188634,0.6666666666666666,False,M_pro,False,False
batch,run_0017,48.0,G,1,0,0.0,,False,M_pro,False,False
batch,run_0017,49.0,I10;IL4;M_NA;M_anti;Tb,5,12,0.19523957797092248,0.75,False,M_pro,False,False
batch,run_0017,49.0,A;ABp;Mh_anti;Mh_pro;P,5,8,0.11422079889894601,0.875,False,M_pro,False,False
batch,run_0017,49.0,ABi;ABm;ABo;N,4,3,0.11001930843879268,1.0,False,M_pro,False,False
batch,run_0017,49.0,IL1;IL12;M_pro;Ta,4,7,0.170484132932117,1.0,True,M_pro,False,False
batch,run_0017,49.0,Fi;Fo;tau,3,3,0.1402270368915606,0.6666666666666666,False,M_pro,False,False
batch,run_0017,49.0,G,1,0,0.0,,False,M_pro,False,False
batch,run_0017,50.0,I10;IL4;M_NA;M_anti;Tb,5,12,0.19724943577249304,0.75,False,Mh_pro,False,False
batch,run_0017,50.0,A;ABp;Mh_anti;Mh_pro;P,5,8,0.11925242212252972,0.875,True,Mh_pro,False,False
batch,run_0017,50.0,ABi;ABm;ABo;N,4,3,0.10689704907711252,1.0,False,Mh_pro,False,False
batch,run_0017,50.0,IL1;IL12;M_pro;Ta,4,7,0.16771200906225361,1.0,False,Mh_pro,False,False
batch,run_0017,50.0,Fi;Fo;tau,3,3,0.1390679701721982,0.6666666666666666,False,Mh_pro,False,False
batch,run_0017,50.0,G,1,0,0.0,,False,Mh_pro,False,False
batch,run_0017,51.0,I10;IL4;M_NA;M_anti;Tb,5,12,0.19893699159582742,0.75,False,Mh_pro,False,False
batch,run_0017,51.0,A;ABp;Mh_anti;Mh_pro;P,5,8,0.12435798956167222,0.875,True,Mh_pro,False,False
batch,run_0017,51.0,ABi;ABm;ABo;N,4,3,0.10406346803401473,1.0,False,Mh_pro,False,False
batch,run_0017,51.0,IL1;IL12;M_pro;Ta,4,7,0.1646691813380015,1.0,False,Mh_pro,False,False
batch,run_0017,51.0,Fi;Fo;tau,3,3,0.13779400130574887,0.6666666666666666,False,Mh_pro,False,False
batch,run_0017,51.0,G,1,0,0.0,,False,Mh_pro,False,False
batch,run_0017,52.0,I10;IL4;M_NA;M_anti;Tb,5,12,0.20035143106514944,0.75,False,Mh_pro,False,False
batch,run_0017,52.0,A;ABp;Mh_anti;Mh_pro;P,5,8,0.12946969401127958,0.875,True,Mh_pro,False,False
batch,run_0017,52.0,ABi;ABm;ABo;N,4,3,0.10148133235216435,1.0,False,Mh_pro,False,False
batch,run_0017,52.0,IL1;IL12;M_pro;Ta,4,7,0.1614403378941924,1.0,False,Mh_pro,False,False
batch,run_0017,52.0,Fi;Fo;tau,3,3,0.13644291100918574,0.6666666666666666,False,Mh_pro,False,False
batch,run_0017,52.0,G,1,0,0.0,,False,Mh_pro,False,False
batch,run_0017,53.0,I10;IL4;M_NA;M_anti;Tb,5,12,0.20153514513587403,0.75,False,Mh_pro,False,False
batch,run_0017,53.0,A;ABp;Mh_anti;Mh_pro;P,5,8,0.1345317240337574,0.875,True,Mh_pro,False,False
batch,run_0017,53.0,ABi;ABm;ABo;N,4,3,0.09911889305193618,1.0,False,Mh_pro,False,False
batch,run_0017,53.0,IL1;IL12;M_pro;Ta,4,7,0.15809617897966785,1.0,False,Mh_pro,False,False
batch,run_0017,53.0,Fi;Fo;tau,3,3,0.13504619803025725,0.6666666666666666,False,Mh_pro,False,False
batch,run_0017,53.0,G,1,0,0.0,,False,Mh_pro,False,False
batch,run_0017,54.0,I10;IL4;M_NA;M_anti;Tb,5,12,0.20252466349318135,0.75,False,Mh_pro,False,False
batch,run_0017,54.0,A;ABp;Mh_anti;Mh_pro;P,5,8,0.13949891042996515,0.875,True,Mh_pro,False,False
batch,run_0017,54.0,ABi;ABm;ABo;N,4,3,0.09694904138672993,1.0,False,Mh_pro,False,False
batch,run_0017,54.0,IL1;IL12;M_pro;Ta,4,7,0.15469516414289886,1.0,False,Mh_pro,False,False
batch,run_0017,54.0,Fi;Fo;tau,3,3,0.13362960051528427,0.6666666666666666,False,Mh_pro,False,False
batch,run_0017,54.0,G,1,0,0.0,,False,Mh_pro,False,False
batch,run_0017,55.0,I10;IL4;M_NA;M_anti;Tb,5,12,0.20335141998957695,0.75,False,Mh_pro,False,False
batch,run_0017,55.0,A;ABp;Mh_anti;Mh_pro;P,5,8,0.14433550015236438,0.875,True,Mh_pro,False,False
batch,run_0017,55.0,ABi;ABm;ABo;N,4,3,0.09494858833940717,1.0,False,Mh_pro,False,False
batch,run_0017,55.0,IL1;IL12;M_pro;Ta,4,7,0.1512851002623426,1.0,False,Mh_pro,False,False
batch,run_0017,55.0,Fi;Fo;tau,3,3,0.1322137333410515,0.6666666666666666,False,Mh_pro,False,False
batch,run_0017,55.0,G,1,0,0.0,,False,Mh_pro,False,False
batch,run_0017,56.0,I10;IL4;M_NA;M_anti;Tb,5,12,0.20404238624485382,0.75,False,Mh_pro,False,False
batch,run_0017,56.0,IL1;IL12;M_pro;Mh_pro;Ta,5,9,0.2032117576492273,1.0,True,Mh_pro,False,False
batch,run_0017,56.0,ABi;ABm;ABo;N,4,3,0.09309766690931275,1.0,False,Mh_pro,False,False
batch,run_0017,56.0,A;ABp;Mh_anti;P,4,4,0.10656178114138011,0.75,False,Mh_pro,False,False
batch,run_0017,56.0,Fi;Fo;tau,3,3,0.130814766369905,0.6666666666666666,False,Mh_pro,False,False
batch,run_0017,56.0,G,1,0,0.0,,False,Mh_pro,False,False
batch,run_0017,57.0,I10;IL4;M_NA;M_anti;Tb,5,12,0.20462060241710578,0.75,False,Mh_pro,False,False
batch,run_0017,57.0,IL1;IL12;M_pro;Mh_pro;Ta,5,9,0.20150820536610678,1.0,True,Mh_pro,False,False
batch,run_0017,57.0,ABi;ABm;ABo;N,4,3,0.09137923548885354,1.0,False,Mh_pro,False,False
batch,run_0017,57.0,A;ABp;Mh_anti;P,4,4,0.11019371864251017,0.75,False,Mh_pro,False,False
batch,run_0017,57.0,Fi;Fo;tau,3,3,0.12944510574519186,0.6666666666666666,False,Mh_pro,False,False
batch,run_0017,57.0,G,1,0,0.0,,False,Mh_pro,False,False
batch,run_0017,58.0,I10;IL4;M_NA;M_anti;Tb,5,12,0.205105663428156,0.75,False,Mh_pro,False,False
batch,run_0017,58.0,IL1;IL12;M_pro;Mh_pro;Ta,5,9,0.19986015267954862,1.0,True,Mh_pro,False,False
batch,run_0017,58.0,ABi;ABm;ABo;N,4,3,0.08977862803972801,1.0,False,Mh_pro,False,False
batch,run_0017,58.0,A;ABp;Mh_anti;P,4,4,0.11368296450232912,0.75,False,Mh_pro,False,False
batch,run_0017,58.0,Fi;Fo;tau,3,3,0.1281140115071334,0.6666666666666666,False,Mh_pro,False,False
batch,run_0017,58.0,G,1,0,0.0,,False,Mh_pro,False,False
batch,run_0017,59.0,I10;IL4;M_NA;M_anti;Tb,5,12,0.205514147865355,0.75,False,Mh_pro,False,False
batch,run_0017,59.0,IL1;IL12;M_pro;Mh_pro;Ta,5,9,0.19827707628288102,1.0,True,Mh_pro,False,False
batch,run_0017,59.0,ABi;ABm;ABo;N,4,3,0.08828318099700565,1.0,False,Mh_pro,False,False
batch,run_0017,59.0,A;ABp;Mh_anti;P,4,4,0.11702270126672477,0.75,False,Mh_pro,False,False
batch,run_0017,59.0,Fi;Fo;tau,3,3,0.12682814948604298,0.6666666666666666,False,Mh_pro,False,False
batch,run_0017,59.0,G,1,0,0.0,,False,Mh_pro,False,False
batch,run_0017,60.0,I10;IL4;M_NA;M_anti;Tb,5,12,0.20585999378376965,0.75,False,Mh_pro,False,False
batch,run_0017,60.0,IL1;IL12;M_pro;Mh_pro;Ta,5,9,0.19676546104774698,1.0,True,Mh_pro,False,False
batch,run_0017,60.0,ABi;ABm;ABo;N,4,3,0.08688193093030558,1.0,False,Mh_pro,False,False
batch,run_0017,60.0,A;ABp;Mh_anti;P,4,4,0.12020907332254381,0.75,False,Mh_pro,False,False
batch,run_0017,60.0,Fi;Fo;tau,3,3,0.1255920778063767,0.6666666666666666,False,Mh_pro,False,False
batch,run_0017,60.0,G,1,0,0.0,,False,Mh_pro,False,False
batch,run_0017,61.0,I10;IL4;M_NA;M_anti;Tb,5,12,0.20615483317128755,0.75,False,Mh_pro,False,False
batch,run_0017,61.0,IL1;IL12;M_pro;Mh_pro;Ta,5,9,0.19532936378715887,1.0,True,Mh_pro,False,False
batch,run_0017,61.0,ABi;ABm;ABo;N,4,3,0.08556536421407669,1.0,False,Mh_pro,False,False
batch,run_0017,61.0,A;ABp;Mh_anti;P,4,4,0.12324072528207577,0.75,False,Mh_pro,False,False
batch,run_0017,61.0,Fi;Fo;tau,3,3,0.12440866889342898,0.6666666666666666,False,Mh_pro,False,False
batch,run_0017,61.0,G,1,0,0.0,,False,Mh_pro,False,False
batch,run_0017,62.0,I10;IL4;M_NA;M_anti;Tb,5,12,0.20640829459059543,0.75,False,Mh_pro,False,False
batch,run_0017,62.0,IL1;IL12;M_pro;Mh_pro;Ta,5,9,0.19397089242849172,1.0,True,Mh_pro,False,False
batch,run_0017,62.0,ABi;ABm;ABo;N,4,3,0.08432520170503706,1.0,False,Mh_pro,False,False
batch,run_0017,62.0,A;ABp;Mh_anti;P,4,4,0.12611837662251887,0.75,False,Mh_pro,False,False
batch,run_0017,62.0,Fi;Fo;tau,3,3,0.1232794666000214,0.6666666666666666,False,Mh_pro,False,False
batch,run_0017,62.0,G,1,0,0.0,,False,Mh_pro,False,False
batch,run_0017,63.0,I10;IL4;M_NA;M_anti;Tb,5,12,0.20662827420969154,0.75,False,Mh_pro,False,False
batch,run_0017,63.0,IL1;IL12;M_pro;Mh_pro;Ta,5,9,0.19269061259921724,1.0,True,Mh_pro,False,False
batch,run_0017,63.0,ABi;ABm;ABo;N,4,3,0.08315421451298395,1.0,False,Mh_pro,False,False
batch,run_0017,63.0,A;ABp;Mh_anti;P,4,4,0.1288444334511516,0.75,False,Mh_pro,False,False
batch,run_0017,63.0,Fi;Fo;tau,3,3,0.12220498446615524,0.6666666666666666,False,Mh_pro,False,False
batch,run_0017,63.0,G,1,0,0.0,,False,Mh_pro,False,False
batch,run_0017,64.0,I10;IL4;M_NA;M_anti;Tb,5,12,0.2068211838812644,0.75,False,Mh_pro,False,False
batch,run_0017,64.0,IL1;IL12;M_pro;Mh_pro;Ta,5,9,0.19148788725119997,1.0,True,Mh_pro,False,False
batch,run_0017,64.0,ABi;ABm;ABo;N,4,3,0.08204606832471772,1.0,False,Mh_pro,False,False
batch,run_0017,64.0,A;ABp;Mh_anti;P,4,4,0.1314226420361962,0.75,False,Mh_pro,False,False
batch,run_0017,64.0,Fi;Fo;tau,3,3,0.12118494515307525,0.6666666666666666,False,Mh_pro,False,False
batch,run_0017,64.0,G,1,0,0.0,,False,Mh_pro,False,False
batch,run_0017,65.0,I10;IL4;M_NA;M_anti;Tb,5,12,0.2069921713410348,0.75,False,Mh_pro,False,False
batch,run_0017,65.0,IL1;IL12;M_pro;Mh_pro;Ta,5,9,0.1903611571880105,1.0,True,Mh_pro,False,False
batch,run_0017,65.0,ABi;ABm;ABo;N,4,3,0.08099519391090912,1.0,False,Mh_pro,False,False
batch,run_0017,65.0,A;ABp;Mh_anti;P,4,4,0.13385778603441575,0.75,False,Mh_pro,False,False
batch,run_0017,65.0,Fi;Fo;tau,3,3,0.12021847506132732,0.6666666666666666,False,Mh_pro,False,False
batch,run_0017,65.0,G,1,0,0.0,,False,Mh_pro,False,False
batch,run_0017,66.0,I10;IL4;M_NA;M_anti;Tb,5,12,0.2071453131689393,0.75,False,Mh_pro,False,False
batch,run_0017,66.0,IL1;IL12;M_pro;Mh_pro;Ta,5,9,0.18930817186525012,1.0,True,Mh_pro,False,False
batch,run_0017,66.0,ABi;ABm;ABo;N,4,3,0.0799966790436177,1.0,False,Mh_pro,False,False
batch,run_0017,66.0,A;ABp;Mh_anti;P,4,4,0.1361554247238575,0.75,False,Mh_pro,False,False
batch,run_0017,66.0,Fi;Fo;tau,3,3,0.11930426291087182,0.6666666666666666,False,Mh_pro,False,False
batch,run_0017,66.0,G,1,0,0.0,,False,Mh_pro,False,False
batch,run_0017,67.0,I10;IL4;M_NA;M_anti;Tb,5,12,0.20728378348022783,0.75,False,Mh_pro,False,False
batch,run_0017,67.0,IL1;IL12;M_pro;Mh_pro;Ta,5,9,0.18832618062056602,1.0,True,Mh_pro,False,False
batch,run_0017,67.0,ABi;ABm;ABo;N,4,3,0.07904617624814024,1.0,False,Mh_pro,False,False
batch,run_0017,67.0,A;ABp;Mh_anti;P,4,4,0.13832166633891582,0.75,False,Mh_pro,False,False
batch,run_0017,67.0,Fi;Fo;tau,3,3,0.11844068790990141,0.6666666666666666,False,Mh_pro,False,False
batch,run_0017,67.0,G,1,0,0.0,,False,Mh_pro,False,False
batch,run_0017,68.0,I10;IL4;M_NA;M_anti;Tb,5,12,0.20741000726992656,0.75,False,Mh_pro,False,False
batch,run_0017,68.0,IL1;IL12;M_pro;Mh_pro;Ta,5,9,0.18741208230783304,1.0,True,Mh_pro,False,False
batch,run_0017,68.0,ABi;ABm;ABo;N,4,3,0.07813982553536769,1.0,False,Mh_pro,False,False
batch,run_0017,68.0,A;ABp;Mh_anti;P,4,4,0.14036298353053103,0.75,False,Mh_pro,False,False
batch,run_0017,68.0,Fi;Fo;tau,3,3,0.11762591594311375,0.6666666666666666,False,Mh_pro,False,False
batch,run_0017,68.0,G,1,0,0.0,,False,Mh_pro,False,False
batch,run_0017,69.0,I10;IL4;M_NA;M_anti;Tb,5,12,0.20752578135644054,0.75,False,Mh_pro,False,False
batch,run_0017,69.0,IL1;IL12;M_pro;Mh_pro;Ta,5,9,0.1865625700512295,1.0,True,Mh_pro,False,False
batch,run_0017,69.0,ABi;ABm;ABo;N,4,3,0.0772741823523836,1.0,False,Mh_pro,False,False
batch,run_0017,69.0,A;ABp;Mh_anti;P,4,4,0.14228603118721952,0.75,False,Mh_pro,False,False
batch,run_0017,69.0,Fi;Fo;tau,3,3,0.11685798652466571,0.6666666666666666,False,Mh_pro,False,False
batch,run_0017,69.0,G,1,0,0.0,,False,Mh_pro,False,False
batch,run_0017,70.0,I10;IL4;M_NA;M_anti;Tb,5,12,0.20763239682304158,0.75,False,Mh_pro,False,False
batch,run_0017,70.0,IL1;IL12;M_pro;Mh_pro;Ta,5,9,0.1857742203157042,1.0,True,Mh_pro,False,False
batch,run_0017,70.0,ABi;ABm;ABo;N,4,3,0.07644616382807072,1.0,False,Mh_pro,False,False
batch,run_0017,70.0,A;ABp;Mh_anti;P,4,4,0.1440975284233434,0.75,False,Mh_pro,False,False
batch,run_0017,70.0,Fi;Fo;tau,3,3,0.1161348634999932,0.6666666666666666,False,Mh_pro,False,False
batch,run_0017,70.0,G,1,0,0.0,,False,Mh_pro,False,False
batch,run_0017,71.0,I10;IL4;M_NA;M_anti;Tb,5,12,0.20773073523295454,0.75,False,Mh_pro,False,False
batch,run_0017,71.0,IL1;IL12;M_pro;Mh_pro;Ta,5,9,0.18504357339634037,1.0,True,Mh_pro,False,False
batch,run_0017,71.0,ABi;ABm;ABo;N,4,3,0.0756530008428387,1.0,False,Mh_pro,False,False
batch,run_0017,71.0,A;ABp;Mh_anti;P,4,4,0.14580415222006937,0.75,False,Mh_pro,False,False
batch,run_0017,71.0,Fi;Fo;tau,3,3,0.11545448101429032,0.6666666666666666,False,Mh_pro,False,False
batch,run_0017,71.0,G,1,0,0.0,,False,Mh_pro,False,False
batch,run_0017,72.0,I10;IL4;M_NA;M_anti;Tb,5,12,0.20782134967843863,0.75,False,Mh_pro,False,False
batch,run_0017,72.0,IL1;IL12;M_pro;Mh_pro;Ta,5,9,0.18436720549282837,1.0,True,Mh_pro,False,False
batch,run_0017,72.0,ABi;ABm;ABo;N,4,3,0.07489219428311257,1.0,False,Mh_pro,False,False
batch,run_0017,72.0,A;ABp;Mh_anti;P,4,4,0.14741244098681316,0.75,False,Mh_pro,False,False
batch,run_0017,72.0,Fi;Fo;tau,3,3,0.11481478089804459,0.6666666666666666,False,Mh_pro,False,False
batch,run_0017,72.0,G,1,0,0.0,,False,Mh_pro,False,False
batch,run_0017,73.0,I10;IL4;M_NA;M_anti;Tb,5,12,0.2079044803614688,0.75,False,Mh_pro,False,False
batch,run_0017,73.0,IL1;IL12;M_pro;Mh_pro;Ta,5,9,0.18374171187727592,1.0,True,Mh_pro,False,False
batch,run_0017,73.0,ABi;ABm;ABo;N,4,3,0.07416146214258434,1.0,False,Mh_pro,False,False
batch,run_0017,73.0,A;ABp;Mh_anti;P,4,4,0.14892869979774825,0.75,False,Mh_pro,False,False
batch,run_0017,73.0,Fi;Fo;tau,3,3,0.1142139809801563,0.6666666666666666,False,Mh_pro,False,False
batch,run_0017,73.0,G,1,0,0.0,,False,Mh_pro,False,False
batch,run_0017,74.0,I10;IL4;M_NA;M_anti;Tb,5,12,0.20375903570003498,0.75,False,Mh_pro,False,False
batch,run_0017,74.0,IL1;IL12;M_pro;Mh_pro;Ta,5,9,0.17944633498513335,1.0,True,Mh_pro,False,False
batch,run_0017,74.0,Fi;Fo;G;tau,4,4,0.1316395160876171,0.75,False,Mh_pro,False,False
batch,run_0017,74.0,ABi;ABm;ABo;N,4,3,0.07196782470033296,1.0,False,Mh_pro,False,False
batch,run_0017,74.0,A;ABp;Mh_anti;P,4,4,0.14730732585337378,0.75,False,Mh_pro,False,False
batch,run_0017,75.0,I10;IL4;M_NA;M_anti;Tb,5,12,0.2037796887847521,0.75,False,Mh_pro,False,False
batch,run_0017,75.0,IL1;IL12;M_pro;Mh_pro;Ta,5,9,0.17888320812812555,1.0,True,Mh_pro,False,False
batch,run_0017,75.0,Fi;Fo;G;tau,4,4,0.13131570270190399,0.75,False,Mh_pro,False,False
batch,run_0017,75.0,ABi;ABm;ABo;N,4,3,0.07128886869714447,1.0,False,Mh_pro,False,False
batch,run_0017,75.0,A;ABp;Mh_anti;P,4,4,0.1485963962267071,0.75,False,Mh_pro,False,False
batch,run_0017,76.0,I10;IL4;M_NA;M_anti;Tb,5,12,0.20374990049100405,0.75,False,Mh_pro,False,False
batch,run_0017,76.0,IL1;IL12;M_pro;Mh_pro;Ta,5,9,0.1783234173063349,1.0,True,Mh_pro,False,False
batch,run_0017,76.0,Fi;Fo;G;tau,4,4,0.13119676589673948,0.75,False,Mh_pro,False,False
batch,run_0017,76.0,ABi;ABm;ABo;N,4,3,0.07061950532432484,1.0,False,Mh_pro,False,False
batch,run_0017,76.0,A;ABp;Mh_anti;P,4,4,0.14978022148492262,0.75,False,Mh_pro,False,False
batch,run_0017,77.0,I10;IL4;M_NA;M_anti;Tb,5,12,0.20366751155838453,0.75,False,Mh_pro,False,False
batch,run_0017,77.0,IL1;IL12;M_pro;Mh_pro;Ta,5,9,0.1777628258139098,1.0,True,Mh_pro,False,False
batch,run_0017,77.0,Fi;Fo;G;tau,4,4,0.13128285341627566,0.75,False,Mh_pro,False,False
batch,run_0017,77.0,ABi;ABm;ABo;N,4,3,0.06995806305277584,1.0,False,Mh_pro,False,False
batch,run_0017,77.0,A;ABp;Mh_anti;P,4,4,0.15086175331705937,0.75,False,Mh_pro,False,False
batch,run_0017,78.0,I10;IL4;M_NA;M_anti;Tb,5,12,0.20353266630004116,0.75,False,Mh_pro,False,False
batch,run_0017,78.0,IL1;IL12;M_pro;Mh_pro;Ta,5,9,0.1771994668091151,1.0,True,Mh_pro,False,False
batch,run_0017,78.0,Fi;Fo;G;tau,4,4,0.13156641213908796,0.75,False,Mh_pro,False,False
batch,run_0017,78.0,ABi;ABm;ABo;N,4,3,0.06930369194326569,1.0,False,Mh_pro,False,False
batch,run_0017,78.0,A;ABp;Mh_anti;P,4,4,0.15184538489262223,0.75,False,Mh_pro,False,False
batch,run_0017,79.0,I10;IL4;M_NA;M_anti;Tb,5,12,0.20334708283035985,0.75,False,Mh_pro,False,False
batch,run_0017,79.0,IL1;IL12;M_pro;Mh_pro;Ta,5,9,0.17663288404539287,1.0,True,Mh_pro,False,False
batch,run_0017,79.0,Fi;Fo;G;tau,4,4,0.1320351140192477,0.75,False,Mh_pro,False,False
batch,run_0017,79.0,ABi;ABm;ABo;N,4,3,0.0686560591032217,1.0,False,Mh_pro,False,False
batch,run_0017,79.0,A;ABp;Mh_anti;P,4,4,0.15273645902366095,0.75,False,Mh_pro,False,False
batch,run_0017,80.0,I10;IL4;M_NA;M_anti;Tb,5,12,0.2031133182125216,0.75,False,Mh_pro,False,False
batch,run_0017,80.0,IL1;IL12;M_pro;Mh_pro;Ta,5,9,0.17606346305525722,1.0,True,Mh_pro,False,False
batch,run_0017,80.0,Fi;Fo;G;tau,4,4,0.13267460089390554,0.75,False,Mh_pro,False,False
batch,run_0017,80.0,ABi;ABm;ABo;N,4,3,0.06801508126140893,1.0,False,Mh_pro,False,False
batch,run_0017,80.0,A;ABp;Mh_anti;P,4,4,0.15354073612414276,0.75,False,Mh_pro,False,False
batch,run_0018,30.0,I10;IL4;M_NA;M_anti,4,4,0.10416021492037875,0.5,False,P,False,False
batch,run_0018,30.0,ABm;N;Ta,3,2,0.3589534545925744,0.5,False,P,False,False
batch,run_0018,30.0,A;P,2,1,0.5042720238048616,1.0,True,P,False,False
batch,run_0018,30.0,ABi,1,0,0.0,,False,P,False,False
batch,run_0018,30.0,ABo,1,0,0.0,,False,P,False,False
batch,run_0018,30.0,ABp,1,0,0.0,,False,P,False,False
batch,run_0018,30.0,G,1,0,0.0,,False,P,False,False
batch,run_0018,30.0,tau,1,0,0.0,,False,P,False,False
batch,run_0018,30.0,Fi,1,0,0.0,,False,P,False,False
batch,run_0018,30.0,Fo,1,0,0.0,,False,P,False,False
batch,run_0018,30.0,M_pro,1,0,0.0,,False,P,False,False
batch,run_0018,30.0,Mh_pro,1,0,0.0,,False,P,False,False
batch,run_0018,30.0,Mh_anti,1,0,0.0,,False,P,False,False
batch,run_0018,30.0,Tb,1,0,0.0,,False,P,False,False
batch,run_0018,30.0,IL1,1,0,0.0,,False,P,False,False
batch,run_0018,30.0,IL12,1,0,0.0,,False,P,False,False
batch,run_0018,31.0,ABi;I10;IL1;IL12;IL4;M_NA;M_anti;M_pro;Mh_pro;Ta;Tb,11,36,0.19253612451078264,0.6111111111111112,False,P,False,False
batch,run_0018,31.0,ABm;ABo;ABp;N,4,3,0.2548459553203704,1.0,False,P,False,False
batch,run_0018,31.0,Fi;Fo;tau,3,3,0.02448514651303155,0.6666666666666666,False,P,False,False
batch,run_0018,31.0,A;Mh_anti;P,3,2,0.3749061003073657,1.0,True,P,False,False
batch,run_0018,31.0,G,1,0,0.0,,False,P,False,False
batch,run_0018,32.0,I10;IL1;IL12;IL4;M_NA;M_anti;M_pro;Mh_pro;Ta;Tb,10,36,0.2352195021772592,0.6388888888888888,True,Mh_pro,False,False
batch,run_0018,32.0,ABi;ABm;ABo;ABp;N,5,4,0.23220225553228924,1.0,False,Mh_pro,False,False
batch,run_0018,32.0,Fi;Fo;tau,3,3,0.05977032630611879,0.6666666666666666,False,Mh_pro,False,False
batch,run_0018,32.0,A;Mh_anti;P,3,2,0.2888074852200817,1.0,False,Mh_pro,False,False
batch,run_0018,32.0,G,1,0,0.0,,False,Mh_pro,False,False
batch,run_0018,33.0,IL1;IL12;IL4;M_NA;M_anti;M_pro;Tb,7,22,0.0565173219753644,0.6818181818181818,False,Mh_pro,False,False
batch,run_0018,33.0,ABi;ABm;ABo;ABp;N,5,4,0.22144469503877098,1.0,False,Mh_pro,False,False
batch,run_0018,33.0,Fi;Fo;tau,3,3,0.08664130699677562,0.6666666666666666,False,Mh_pro,False,False
batch,run_0018,33.0,I10;Mh_pro;Ta,3,3,0.15917717246734234,0.6666666666666666,True,Mh_pro,False,False
batch,run_0018,33.0,A;Mh_anti;P,3,2,0.22662622457619994,1.0,False,Mh_pro,False,False
batch,run_0018,33.0,G,1,0,0.0,,False,Mh_pro,False,False
batch,run_0018,34.0,IL1;IL12;IL4;M_NA;M_anti;M_pro;Tb,7,23,0.08540772522293483,0.6956521739130435,False,Mh_pro,False,False
batch,run_0018,34.0,A;I10;Mh_anti;Mh_pro;P;Ta,6,13,0.4469484019892817,0.8461538461538461,True,Mh_pro,False,False
batch,run_0018,34.0,ABi;ABm;ABo;ABp;N,5,4,0.21294759918690762,1.0,False,Mh_pro,False,False
batch,run_0018,34.0,Fi;Fo;tau,3,3,0.10445137624155595,0.6666666666666666,False,Mh_pro,False,False
batch,run_0018,34.0,G,1,0,0.0,,False,Mh_pro,False,False
batch,run_0018,35.0,IL1;IL12;IL4;M_NA;M_anti;M_pro;Tb,7,23,0.11566158740178313,0.6956521739130435,False,Mh_pro,False,False
batch,run_0018,35.0,A;I10;Mh_anti;Mh_pro;P;Ta,6,13,0.37782723429802345,0.7692307692307693,True,Mh_pro,False,False
batch,run_0018,35.0,ABi;Fi;Fo;tau,4,4,0.11653216213301101,0.5,False,Mh_pro,False,False
batch,run_0018,35.0,ABm;ABo;ABp;N,4,3,0.20435683280682704,1.0,False,Mh_pro,False,False
batch,run_0018,35.0,G,1,0,0.0,,False,Mh_pro,False,False
batch,run_0018,36.0,IL1;IL12;IL4;M_NA;M_anti;M_pro;Tb,7,23,0.14443539241867548,0.6956521739130435,False,Mh_pro,False,False
batch,run_0018,36.0,A;I10;Mh_anti;Mh_pro;P;Ta,6,13,0.32065806036408984,0.7692307692307693,True,Mh_pro,False,False
batch,run_0018,36.0,ABi;Fi;Fo;tau,4,4,0.12517212350241086,0.5,False,Mh_pro,False,False
batch,run_0018,36.0,ABm;ABo;ABp;N,4,3,0.19608056305151675,1.0,False,Mh_pro,False,False
batch,run_0018,36.0,G,1,0,0.0,,False,Mh_pro,False,False
batch,run_0018,37.0,IL1;IL12;IL4;M_NA;M_anti;M_pro;Tb,7,23,0.17034964506965042,0.6956521739130435,True,M_pro,False,False
batch,run_0018,37.0,A;I10;Mh_anti;Mh_pro;P;Ta,6,13,0.2751069328539276,0.7692307692307693,False,M_pro,False,False
batch,run_0018,37.0,ABi;Fi;Fo;tau,4,4,0.13204872177210747,0.5,False,M_pro,False,False
batch,run_0018,37.0,ABm;ABo;ABp;N,4,3,0.18807393427005908,1.0,False,M_pro,False,False
batch,run_0018,37.0,G,1,0,0.0,,False,M_pro,False,False
batch,run_0018,38.0,I10;IL1;IL12;M_pro;Mh_pro;Ta,6,14,0.2420668175033401,0.7142857142857143,True,M_pro,False,False
batch,run_0018,38.0,ABi;Fi;Fo;tau,4,4,0.13786730555062884,0.5,False,M_pro,False,False
batch,run_0018,38.0,ABm;ABo;ABp;N,4,3,0.18048943515320154,1.0,False,M_pro,False,False
batch,run_0018,38.0,IL4;M_NA;M_anti;Tb,4,7,0.07197261335753191,0.8571428571428571,False,M_pro,False,False
batch,run_0018,38.0,A;Mh_anti;P,3,2,0.09086700269501914,1.0,False,M_pro,False,False
batch,run_0018,38.0,G,1,0,0.0,,False,M_pro,False,False
batch,run_0018,39.0,I10;IL1;IL12;IL4;M_NA;M_anti;M_pro;Tb,8,32,0.28083372048408634,0.625,True,M_pro,False,False
batch,run_0018,39.0,A;Mh_anti;Mh_pro;P;Ta,5,10,0.17091235076801398,0.8,False,M_pro,False,False
batch,run_0018,39.0,ABi;Fi;Fo;tau,4,4,0.14290573884509436,0.5,False,M_pro,False,False
batch,run_0018,39.0,ABm;ABo;ABp;N,4,3,0.17342543313467698,1.0,False,M_pro,False,False
batch,run_0018,39.0,G,1,0,0.0,,False,M_pro,False,False
batch,run_0018,40.0,I10;IL4;M_NA;M_anti;Tb,5,12,0.12854301516685696,0.75,False,M_pro,False,False
batch,run_0018,40.0,A;Mh_anti;Mh_pro;P;Ta,5,10,0.15398611285317435,0.8,False,M_pro,False,False
batch,run_0018,40.0,ABi;Fi;Fo;tau,4,4,0.1472592850906714,0.5,False,M_pro,False,False
batch,run_0018,40.0,ABm;ABo;ABp;N,4,3,0.16693566268699306,1.0,False,M_pro,False,False
batch,run_0018,40.0,IL1;IL12;M_pro,3,5,0.0938453219443886,1.0,True,M_pro,False,False
batch,run_0018,40.0,G,1,0,0.0,,False,M_pro,False,False
batch,run_0018,41.0,I10;IL4;M_NA;M_anti;Tb,5,12,0.14065540462853082,0.75,False,M_pro,False,False
batch,run_0018,41.0,IL1;IL12;M_pro;Mh_pro;Ta,5,9,0.18944410589546556,1.0,True,M_pro,False,False
batch,run_0018,41.0,ABi;Fi;Fo;tau,4,4,0.15095551935893378,0.5,False,M_pro,False,False
batch,run_0018,41.0,ABm;ABo;ABp;N,4,3,0.16102861062522,1.0,False,M_pro,False,False
batch,run_0018,41.0,A;Mh_anti;P,3,2,0.06810220941511425,1.0,False,M_pro,False,False
batch,run_0018,41.0,G,1,0,0.0,,False,M_pro,False,False
batch,run_0018,42.0,I10;IL4;M_NA;M_anti;Tb,5,12,0.15198201447020768,0.75,False,M_pro,False,False
batch,run_0018,42.0,ABi;Fi;Fo;tau,4,4,0.15401694780425126,0.5,False,M_pro,False,False
batch,run_0018,42.0,ABm;ABo;ABp;N,4,3,0.155688705671394,1.0,False,M_pro,False,False
batch,run_0018,42.0,IL1;IL12;M_pro;Ta,4,7,0.1568146362436278,1.0,True,M_pro,False,False
batch,run_0018,42.0,A;Mh_anti;Mh_pro;P,4,6,0.09210133180474947,1.0,False,M_pro,False,False
batch,run_0018,42.0,G,1,0,0.0,,False,M_pro,False,False
batch,run_0018,43.0,I10;IL4;M_NA;M_anti;Tb,5,12,0.16253991681420846,0.75,False,M_pro,False,False
batch,run_0018,43.0,ABi;Fi;Fo;tau,4,4,0.15647340583267885,0.5,False,M_pro,False,False
batch,run_0018,43.0,ABm;ABo;ABp;N,4,3,0.1508791136360675,1.0,False,M_pro,False,False
batch,run_0018,43.0,IL1;IL12;M_pro;Ta,4,7,0.15967615012140204,1.0,True,M_pro,False,False
batch,run_0018,43.0,A;Mh_anti;Mh_pro;P,4,6,0.0879867656688033,1.0,False,M_pro,False,False
batch,run_0018,43.0,G,1,0,0.0,,False,M_pro,False,False
batch,run_0018,44.0,I10;IL4;M_NA;M_anti;Tb,5,12,0.17236302776663742,0.75,False,M_pro,False,False
batch,run_0018,44.0,A;ABp;Mh_anti;Mh_pro;P,5,8,0.09942550796933378,0.875,False,M_pro,False,False
batch,run_0018,44.0,ABi;Fi;Fo;tau,4,4,0.15836645960616585,0.5,False,M_pro,False,False
batch,run_0018,44.0,IL1;IL12;M_pro;Ta,4,7,0.16100278378940358,1.0,True,M_pro,False,False
batch,run_0018,44.0,ABm;ABo;N,3,2,0.13126948565033542,1.0,False,M_pro,False,False
batch,run_0018,44.0,G,1,0,0.0,,False,M_pro,False,False
batch,run_0018,45.0,I10;IL4;M_NA;M_anti;Tb,5,12,0.18149193423103993,0.75,False,M_pro,False,False
batch,run_0018,45.0,A;ABp;Mh_anti;Mh_pro;P,5,8,0.09995847868331509,0.875,False,M_pro,False,False
batch,run_0018,45.0,ABi;Fi;Fo;tau,4,4,0.1597488549113779,0.5,False,M_pro,False,False
batch,run_0018,45.0,IL1;IL12;M_pro;Ta,4,7,0.16103023497879188,1.0,True,M_pro,False,False
batch,run_0018,45.0,ABm;ABo;N,3,2,0.12717116597455408,1.0,False,M_pro,False,False
batch,run_0018,45.0,G,1,0,0.0,,False,M_pro,False,False
batch,run_0018,46.0,I10;IL4;M_NA;M_anti;Tb,5,12,0.18996846054948535,0.75,False,M_pro,False,False
batch,run_0018,46.0,A;ABp;Mh_anti;Mh_pro;P,5,8,0.10163191320793573,0.875,False,M_pro,False,False
batch,run_0018,46.0,ABi;ABm;ABo;N,4,3,0.12403161006613278,1.0,False,M_pro,False,False
batch,run_0018,46.0,IL1;IL12;M_pro;Ta,4,7,0.15996738991109166,1.0,True,M_pro,False,False
batch,run_0018,46.0,Fi;Fo;tau,3,3,0.16017963957318287,0.6666666666666666,False,M_pro,False,False
batch,run_0018,46.0,G,1,0,0.0,,False,M_pro,False,False
batch,run_0018,47.0,I10;IL4;M_NA;M_anti;Tb,5,12,0.19783335915235403,0.75,False,M_pro,False,False
batch,run_0018,47.0,A;ABp;Mh_anti;Mh_pro;P,5,8,0.10424363675645812,0.875,False,M_pro,False,False
batch,run_0018,47.0,ABi;ABm;ABo;N,4,3,0.12077304429905814,1.0,False,M_pro,False,False
batch,run_0018,47.0,IL1;IL12;M_pro;Ta,4,7,0.15799875264711838,1.0,True,M_pro,False,False
batch,run_0018,47.0,Fi;Fo;tau,3,3,0.16072157180444768,0.6666666666666666,False,M_pro,False,False
batch,run_0018,47.0,G,1,0,0.0,,False,M_pro,False,False
batch,run_0018,48.0,I10;IL4;M_NA;M_anti;Tb,5,12,0.2051253688952825,0.75,False,M_pro,False,False
batch,run_0018,48.0,IL1;IL12;M_pro;Mh_pro;Ta,5,9,0.18172475499837537,1.0,True,M_pro,False,False
batch,run_0018,48.0,ABi;ABm;ABo;N,4,3,0.11785336322072436,1.0,False,M_pro,False,False
batch,run_0018,48.0,A;ABp;Mh_anti;P,4,4,0.08731231129240086,0.75,False,M_pro,False,False
batch,run_0018,48.0,Fi;Fo;tau,3,3,0.16093632131381777,0.6666666666666666,False,M_pro,False,False
batch,run_0018,48.0,G,1,0,0.0,,False,M_pro,False,False
batch,run_0018,49.0,I10;IL4;M_NA;M_anti;Tb,5,12,0.21188109123053891,0.75,False,M_pro,False,False
batch,run_0018,49.0,IL1;IL12;M_pro;Mh_pro;Ta,5,9,0.1779148070946887,1.0,True,M_pro,False,False
batch,run_0018,49.0,ABi;ABm;ABo;N,4,3,0.11522830797640864,1.0,False,M_pro,False,False
batch,run_0018,49.0,A;ABp;Mh_anti;P,4,4,0.09171521137737118,0.75,False,M_pro,False,False
batch,run_0018,49.0,Fi;Fo;tau,3,3,0.16088065896877476,0.6666666666666666,False,M_pro,False,False
batch,run_0018,49.0,G,1,0,0.0,,False,M_pro,False,False
batch,run_0018,50.0,I10;IL4;M_NA;M_anti;Tb,5,12,0.2181352319390713,0.75,False,Fo,False,False
batch,run_0018,50.0,IL1;IL12;M_pro;Mh_pro;Ta,5,9,0.17376766727968027,1.0,False,Fo,False,False
batch,run_0018,50.0,ABi;ABm;ABo;N,4,3,0.11285924656362571,1.0,False,Fo,False,False
batch,run_0018,50.0,A;ABp;Mh_anti;P,4,4,0.09651437170706148,0.75,False,Fo,False,False
batch,run_0018,50.0,Fi;Fo;tau,3,3,0.1606061221313012,0.6666666666666666,True,Fo,False,False
batch,run_0018,50.0,G,1,0,0.0,,False,Fo,False,False
batch,run_0018,51.0,I10;IL4;M_NA;M_anti;Tb,5,12,0.22392087812433897,0.75,False,Fo,False,False
batch,run_0018,51.0,IL1;IL12;M_pro;Mh_pro;Ta,5,9,0.16936628299462586,1.0,False,Fo,False,False
batch,run_0018,51.0,ABi;ABm;ABo;N,4,3,0.11071266998783995,1.0,False,Fo,False,False
batch,run_0018,51.0,A;ABp;Mh_anti;P,4,4,0.1016303797802088,0.75,False,Fo,False,False
batch,run_0018,51.0,Fi;Fo;tau,3,3,0.1601582808537293,0.6666666666666666,True,Fo,False,False
batch,run_0018,51.0,G,1,0,0.0,,False,Fo,False,False
batch,run_0018,52.0,I10;IL4;M_NA;M_anti;Tb,5,12,0.2292697209633846,0.75,False,Fo,False,False
batch,run_0018,52.0,IL1;IL12;M_pro;Mh_pro;Ta,5,9,0.16478302133888692,1.0,False,Fo,False,False
batch,run_0018,52.0,ABi;ABm;ABo;N,4,3,0.10875960292722071,1.0,False,Fo,False,False
batch,run_0018,52.0,A;ABp;Mh_anti;P,4,4,0.10699258515349036,0.75,False,Fo,False,False
batch,run_0018,52.0,Fi;Fo;tau,3,3,0.15957658475973144,0.6666666666666666,True,Fo,False,False
batch,run_0018,52.0,G,1,0,0.0,,False,Fo,False,False
batch,run_0018,53.0,I10;IL4;M_NA;M_anti;Tb,5,12,0.23421223203009806,0.75,False,Fo,False,False
batch,run_0018,53.0,IL1;IL12;M_pro;Mh_pro;Ta,5,9,0.160080551737982,1.0,False,Fo,False,False
batch,run_0018,53.0,ABi;ABm;ABo;N,4,3,0.10697503645854244,1.0,False,Fo,False,False
batch,run_0018,53.0,A;ABp;Mh_anti;P,4,4,0.11253795382198932,0.75,False,Fo,False,False
batch,run_0018,53.0,Fi;Fo;tau,3,3,0.15889457342870308,0.6666666666666666,True,Fo,False,False
batch,run_0018,53.0,G,1,0,0.0,,False,Fo,False,False
batch,run_0018,54.0,I10;IL4;M_NA;M_anti;Tb,5,12,0.23877776402237263,0.75,False,Fo,False,False
batch,run_0018,54.0,IL1;IL12;M_pro;Mh_pro;Ta,5,9,0.15531266010238476,1.0,False,Fo,False,False
batch,run_0018,54.0,ABi;ABm;ABo;N,4,3,0.10533744542800011,1.0,False,Fo,False,False
batch,run_0018,54.0,A;ABp;Mh_anti;P,4,4,0.11821028633627506,0.75,False,Fo,False,False
batch,run_0018,54.0,Fi;Fo;tau,3,3,0.158140332159265,0.6666666666666666,True,Fo,False,False
batch,run_0018,54.0,G,1,0,0.0,,False,Fo,False,False
batch,run_0018,55.0,I10;IL4;M_NA;M_anti;Tb,5,12,0.24299457492549828,0.75,False,Fo,False,False
batch,run_0018,55.0,IL1;IL12;M_pro;Mh_pro;Ta,5,9,0.15052505796188945,1.0,False,Fo,False,False
batch,run_0018,55.0,ABi;ABm;ABo;N,4,3,0.10382833512726644,1.0,False,Fo,False,False
batch,run_0018,55.0,A;ABp;Mh_anti;P,4,4,0.1239596331168513,0.75,False,Fo,False,False
batch,run_0018,55.0,Fi;Fo;tau,3,3,0.1573370710926786,0.6666666666666666,True,Fo,False,False
batch,run_0018,55.0,G,1,0,0.0,,False,Fo,False,False
batch,run_0018,56.0,I10;IL4;M_NA;M_anti;Tb,5,12,0.24688980194649934,0.75,False,Fo,False,False
batch,run_0018,56.0,IL1;IL12;M_pro;Mh_pro;Ta,5,9,0.14575615107598874,1.0,False,Fo,False,False
batch,run_0018,56.0,ABi;ABm;ABo;N,4,3,0.10243184276669991,1.0,False,Fo,False,False
batch,run_0018,56.0,A;ABp;Mh_anti;P,4,4,0.12974184646733894,0.75,False,Fo,False,False
batch,run_0018,56.0,Fi;Fo;tau,3,3,0.1565037516166134,0.6666666666666666,True,Fo,False,False
batch,run_0018,56.0,G,1,0,0.0,,False,Fo,False,False
batch,run_0018,57.0,I10;IL4;M_NA;M_anti;Tb,5,12,0.25048941770278776,0.75,False,Fo,False,False
batch,run_0018,57.0,IL1;IL12;M_pro;Mh_pro;Ta,5,9,0.1410378282529708,1.0,False,Fo,False,False
batch,run_0018,57.0,ABi;ABm;ABo;N,4,3,0.10113435396792324,1.0,False,Fo,False,False
batch,run_0018,57.0,A;ABp;Mh_anti;P,4,4,0.13551817236816938,0.75,False,Fo,False,False
batch,run_0018,57.0,Fi;Fo;tau,3,3,0.15565567696876945,0.6666666666666666,True,Fo,False,False
batch,run_0018,57.0,G,1,0,0.0,,False,Fo,False,False
batch,run_0018,58.0,I10;IL4;M_NA;M_anti;Tb,5,12,0.2538181704883956,0.75,False,Fo,False,False
batch,run_0018,58.0,IL1;IL12;M_pro;Mh_pro;Ta,5,9,0.1363961824656123,1.0,False,Fo,False,False
batch,run_0018,58.0,ABi;ABm;ABo;N,4,3,0.0999241868377059,1.0,False,Fo,False,False
batch,run_0018,58.0,A;ABp;Mh_anti;P,4,4,0.14125490203365185,0.75,False,Fo,False,False
batch,run_0018,58.0,Fi;Fo;tau,3,3,0.15480505170635409,0.6666666666666666,True,Fo,False,False
batch,run_0018,58.0,G,1,0,0.0,,False,Fo,False,False
batch,run_0018,59.0,I10;IL4;M_NA;M_anti;Tb,5,12,0.2568995188493499,0.75,False,Fo,False,False
batch,run_0018,59.0,IL1;IL12;M_pro;Mh_pro;Ta,5,9,0.13185216759557283,1.0,False,Fo,False,False
batch,run_0018,59.0,ABi;ABm;ABo;N,4,3,0.09879132804223331,1.0,False,Fo,False,False
batch,run_0018,59.0,A;ABp;Mh_anti;P,4,4,0.1469230544146103,0.75,False,Fo,False,False
batch,run_0018,59.0,Fi;Fo;tau,3,3,0.15396149660737402,0.6666666666666666,True,Fo,False,False
batch,run_0018,59.0,G,1,0,0.0,,False,Fo,False,False
batch,run_0018,60.0,I10;IL4;M_NA;M_anti;Tb,5,12,0.2597555742851624,0.75,False,Fo,False,False
batch,run_0018,60.0,IL1;IL12;M_pro;Mh_pro;Ta,5,9,0.12742221522968858,1.0,False,Fo,False,False
batch,run_0018,60.0,ABi;ABm;ABo;N,4,3,0.0977271983838419,1.0,False,Fo,False,False
batch,run_0018,60.0,A;ABp;Mh_anti;P,4,4,0.15249805637550437,0.75,False,Fo,False,False
batch,run_0018,60.0,Fi;Fo;tau,3,3,0.1531325012317868,0.6666666666666666,True,Fo,False,False
batch,run_0018,60.0,G,1,0,0.0,,False,Fo,False,False
batch,run_0018,61.0,I10;IL4;M_NA;M_anti;Tb,5,12,0.262407052194569,0.75,False,Fo,False,False
batch,run_0018,61.0,IL1;IL12;M_pro;Mh_pro;Ta,5,9,0.12311881360400907,1.0,False,Fo,False,False
batch,run_0018,61.0,ABi;ABm;ABo;N,4,3,0.09672444546727149,1.0,False,Fo,False,False
batch,run_0018,61.0,A;ABp;Mh_anti;P,4,4,0.1579594153734091,0.75,False,Fo,False,False
batch,run_0018,61.0,Fi;Fo;tau,3,3,0.1523238165783815,0.6666666666666666,True,Fo,False,False
batch,run_0018,61.0,G,1,0,0.0,,False,Fo,False,False
batch,run_0018,62.0,I10;IL4;M_NA;M_anti;Tb,5,12,0.26487324833952475,0.75,False,Fo,False,False
batch,run_0018,62.0,IL1;IL12;M_pro;Mh_pro;Ta,5,9,0.11895104941433239,1.0,False,Fo,False,False
batch,run_0018,62.0,ABi;ABm;ABo;N,4,3,0.09577675949589856,1.0,False,Fo,False,False
batch,run_0018,62.0,A;ABp;Mh_anti;P,4,4,0.16329038003212928,0.75,False,Fo,False,False
batch,run_0018,62.0,Fi;Fo;tau,3,3,0.15153977888293105,0.6666666666666666,True,Fo,False,False
batch,run_0018,62.0,G,1,0,0.0,,False,Fo,False,False
batch,run_0018,63.0,I10;IL4;M_NA;M_anti;Tb,5,12,0.267172033872707,0.75,False,P,False,False
batch,run_0018,63.0,IL1;IL12;M_pro;Mh_pro;Ta,5,9,0.11492509765758388,1.0,False,P,False,False
batch,run_0018,63.0,ABi;ABm;ABo;N,4,3,0.09487871845245509,1.0,False,P,False,False
batch,run_0018,63.0,A;ABp;Mh_anti;P,4,4,0.1684776034842168,0.75,True,P,False,False
batch,run_0018,63.0,Fi;Fo;tau,3,3,0.15078358137704026,0.6666666666666666,False,P,False,False
batch,run_0018,63.0,G,1,0,0.0,,False,P,False,False
batch,run_0018,64.0,I10;IL4;M_NA;M_anti;Tb,5,12,0.2693198646530151,0.75,False,P,False,False
batch,run_0018,64.0,IL1;IL12;M_pro;Mh_pro;Ta,5,9,0.11104465987381332,1.0,False,P,False,False
batch,run_0018,64.0,ABi;ABm;ABo;N,4,3,0.0940256581864303,1.0,False,P,False,False
batch,run_0018,64.0,A;ABp;Mh_anti;P,4,4,0.1735108131479116,0.75,True,P,False,False
batch,run_0018,64.0,Fi;Fo;tau,3,3,0.15005750400638726,0.6666666666666666,False,P,False,False
batch,run_0018,64.0,G,1,0,0.0,,False,P,False,False
batch,run_0018,65.0,I10;IL4;M_NA;M_anti;Tb,5,12,0.2713318087901755,0.75,False,P,False,False
batch,run_0018,65.0,IL1;IL12;M_pro;Mh_pro;Ta,5,9,0.1073113570735024,1.0,False,P,False,False
batch,run_0018,65.0,ABi;ABm;ABo;N,4,3,0.0932135601781105,1.0,False,P,False,False
batch,run_0018,65.0,A;ABp;Mh_anti;P,4,4,0.17838248550096156,0.75,True,P,False,False
batch,run_0018,65.0,Fi;Fo;tau,3,3,0.14936310230318847,0.6666666666666666,False,P,False,False
batch,run_0018,65.0,G,1,0,0.0,,False,P,False,False
batch,run_0018,66.0,I10;IL4;M_NA;M_anti;Tb,5,12,0.27322158423544557,0.75,False,P,False,False
batch,run_0018,66.0,IL1;IL12;M_pro;Mh_pro;Ta,5,9,0.10372508712291066,1.0,False,P,False,False
batch,run_0018,66.0,ABi;ABm;ABo;N,4,3,0.0924389529211223,1.0,False,P,False,False
batch,run_0018,66.0,A;ABp;Mh_anti;P,4,4,0.18308752556398913,0.75,True,P,False,False
batch,run_0018,66.0,Fi;Fo;tau,3,3,0.14870136139226958,0.6666666666666666,False,P,False,False
batch,run_0018,66.0,G,1,0,0.0,,False,P,False,False
batch,run_0018,67.0,I10;IL4;M_NA;M_anti;Tb,5,12,0.2750016073209504,0.75,False,P,False,False
batch,run_0018,67.0,IL1;IL12;M_pro;Mh_pro;Ta,5,9,0.1002843435791609,1.0,False,P,False,False
batch,run_0018,67.0,ABi;ABm;ABo;N,4,3,0.09169882754621918,1.0,False,P,False,False
batch,run_0018,67.0,A;ABp;Mh_anti;P,4,4,0.18762295849007418,0.75,True,P,False,False
batch,run_0018,67.0,Fi;Fo;tau,3,3,0.14807282038506442,0.6666666666666666,False,P,False,False
batch,run_0018,67.0,G,1,0,0.0,,False,P,False,False
batch,run_0018,68.0,I10;IL4;M_NA;M_anti;Tb,5,12,0.27668305331478915,0.75,False,P,False,False
batch,run_0018,68.0,IL1;IL12;M_pro;Mh_pro;Ta,5,9,0.09698649682346336,1.0,False,P,False,False
batch,run_0018,68.0,ABi;ABm;ABo;N,4,3,0.0909905654521867,1.0,False,P,False,False
batch,run_0018,68.0,A;ABp;Mh_anti;P,4,4,0.19198763691212212,0.75,True,P,False,False
batch,run_0018,68.0,Fi;Fo;tau,3,3,0.1474776711202586,0.6666666666666666,False,P,False,False
batch,run_0018,68.0,G,1,0,0.0,,False,P,False,False
batch,run_0018,69.0,I10;IL4;M_NA;M_anti;Tb,5,12,0.27827593405044554,0.75,False,P,False,False
batch,run_0018,69.0,IL1;IL12;M_pro;Mh_pro;Ta,5,9,0.09382803501952404,1.0,False,P,False,False
batch,run_0018,69.0,ABi;ABm;ABo;N,4,3,0.0903118769895009,1.0,False,P,False,False
batch,run_0018,69.0,A;ABp;Mh_anti;P,4,4,0.196181969462226,0.75,True,P,False,False
batch,run_0018,69.0,Fi;Fo;tau,3,3,0.14691583273390324,0.6666666666666666,False,P,False,False
batch,run_0018,69.0,G,1,0,0.0,,False,P,False,False
batch,run_0018,70.0,I10;IL4;M_NA;M_anti;Tb,5,12,0.27978918657409235,0.75,False,P,False,False
batch,run_0018,70.0,IL1;IL12;M_pro;Mh_pro;Ta,5,9,0.09080476006269703,1.0,False,P,False,False
batch,run_0018,70.0,ABi;ABm;ABo;N,4,3,0.08966075275780248,1.0,False,P,False,False
batch,run_0018,70.0,A;ABp;Mh_anti;P,4,4,0.20020768092698976,0.75,True,P,False,False
batch,run_0018,70.0,Fi;Fo;tau,3,3,0.14638701201701057,0.6666666666666666,False,P,False,False
batch,run_0018,70.0,G,1,0,0.0,,False,P,False,False
batch,run_0018,71.0,I10;IL4;M_NA;M_anti;Tb,5,12,0.28123074013151794,0.75,False,P,False,False
batch,run_0018,71.0,IL1;IL12;M_pro;Mh_pro;Ta,5,9,0.08791197366288897,1.0,False,P,False,False
batch,run_0018,71.0,ABi;ABm;ABo;N,4,3,0.08903541919251706,1.0,False,P,False,False
batch,run_0018,71.0,A;ABp;Mh_anti;P,4,4,0.2040675816324847,0.75,True,P,False,False
batch,run_0018,71.0,Fi;Fo;tau,3,3,0.14589075776288368,0.6666666666666666,False,P,False,False
batch,run_0018,71.0,G,1,0,0.0,,False,P,False,False
batch,run_0018,72.0,I10;IL4;M_NA;M_anti;Tb,5,12,0.28260759516097644,0.75,False,P,False,False
batch,run_0018,72.0,IL1;IL12;M_pro;Mh_pro;Ta,5,9,0.08514463015978697,1.0,False,P,False,False
batch,run_0018,72.0,ABi;ABm;ABo;N,4,3,0.0884343013545183,1.0,False,P,False,False
batch,run_0018,72.0,A;ABp;Mh_anti;P,4,4,0.2077653618097331,0.75,True,P,False,False
batch,run_0018,72.0,Fi;Fo;tau,3,3,0.14542650008902797,0.6666666666666666,False,P,False,False
batch,run_0018,72.0,G,1,0,0.0,,False,P,False,False
batch,run_0018,73.0,I10;IL4;M_NA;M_anti;Tb,5,12,0.2839259069303113,0.75,False,P,False,False
batch,run_0018,73.0,IL1;IL12;M_pro;Mh_pro;Ta,5,9,0.082497458842338,1.0,False,P,False,False
batch,run_0018,73.0,ABi;ABm;ABo;N,4,3,0.087855992640289,1.0,False,P,False,False
batch,run_0018,73.0,A;ABp;Mh_anti;P,4,4,0.21130541325856317,0.75,True,P,False,False
batch,run_0018,73.0,Fi;Fo;tau,3,3,0.14499358040827945,0.6666666666666666,False,P,False,False
batch,run_0018,73.0,G,1,0,0.0,,False,P,False,False
batch,run_0018,74.0,I10;IL4;M_NA;M_anti;Tb,5,12,0.2778353830829593,0.75,False,P,False,False
batch,run_0018,74.0,IL1;IL12;M_pro;Mh_pro;Ta,5,9,0.0779026456788441,1.0,False,P,False,False
batch,run_0018,74.0,Fi;Fo;G;tau,4,4,0.1666539976323577,0.75,False,P,False,False
batch,run_0018,74.0,ABi;ABm;ABo;N,4,3,0.0850475973620939,1.0,False,P,False,False
batch,run_0018,74.0,A;ABp;Mh_anti;P,4,4,0.2091552746567999,0.75,True,P,False,False
batch,run_0018,75.0,I10;IL4;M_NA;M_anti;Tb,5,12,0.27892054008743766,0.75,False,P,False,False
batch,run_0018,75.0,IL1;IL12;M_pro;Mh_pro;Ta,5,9,0.07551507738817076,1.0,False,P,False,False
batch,run_0018,75.0,Fi;Fo;G;tau,4,4,0.16658814410237158,0.75,False,P,False,False
batch,run_0018,75.0,ABi;ABm;ABo;N,4,3,0.08449479648449004,1.0,False,P,False,False
batch,run_0018,75.0,A;ABp;Mh_anti;P,4,4,0.21223525364725354,0.75,True,P,False,False
batch,run_0018,76.0,I10;IL4;M_NA;M_anti;Tb,5,12,0.2798867923570053,0.75,False,P,False,False
batch,run_0018,76.0,IL1;IL12;M_pro;Mh_pro;Ta,5,9,0.0732109054507286,1.0,False,P,False,False
batch,run_0018,76.0,Fi;Fo;G;tau,4,4,0.16676505208204667,0.75,False,P,False,False
batch,run_0018,76.0,ABi;ABm;ABo;N,4,3,0.08393906275571303,1.0,False,P,False,False
batch,run_0018,76.0,A;ABp;Mh_anti;P,4,4,0.21511729351281486,0.75,True,P,False,False
batch,run_0018,77.0,I10;IL4;M_NA;M_anti;Tb,5,12,0.2807334017390834,0.75,False,P,False,False
batch,run_0018,77.0,IL1;IL12;M_pro;Mh_pro;Ta,5,9,0.0709857887019801,1.0,False,P,False,False
batch,run_0018,77.0,Fi;Fo;G;tau,4,4,0.16718868958750915,0.75,False,P,False,False
batch,run_0018,77.0,ABi;ABm;ABo;N,4,3,0.08337901395785062,1.0,False,P,False,False
batch,run_0018,77.0,A;ABp;Mh_anti;P,4,4,0.21780220493897978,0.75,True,P,False,False
batch,run_0018,78.0,I10;IL4;M_NA;M_anti;Tb,5,12,0.2814632446792794,0.75,False,P,False,False
batch,run_0018,78.0,IL1;IL12;M_pro;Mh_pro;Ta,5,9,0.0688364810019306,1.0,False,P,False,False
batch,run_0018,78.0,Fi;Fo;G;tau,4,4,0.16785261601362464,0.75,False,P,False,False
batch,run_0018,78.0,ABi;ABm;ABo;N,4,3,0.08281442470403265,1.0,False,P,False,False
batch,run_0018,78.0,A;ABp;Mh_anti;P,4,4,0.22029411063652943,0.75,True,P,False,False
batch,run_0018,79.0,I10;IL4;M_NA;M_anti;Tb,5,12,0.2820815358822758,0.75,False,P,False,False
batch,run_0018,79.0,IL1;IL12;M_pro;Mh_pro;Ta,5,9,0.06676038478676431,1.0,False,P,False,False
batch,run_0018,79.0,Fi;Fo;G;tau,4,4,0.1687438907471707,0.75,False,P,False,False
batch,run_0018,79.0,ABi;ABm;ABo;N,4,3,0.08224577329965667,1.0,False,P,False,False
batch,run_0018,79.0,A;ABp;Mh_anti;P,4,4,0.22259947783345793,0.75,True,P,False,False
batch,run_0018,80.0,I10;IL4;M_NA;M_anti;Tb,5,12,0.2825945859762332,0.75,False,P,False,False
batch,run_0018,80.0,IL1;IL12;M_pro;Mh_pro;Ta,5,9,0.0647551922519825,1.0,False,P,False,False
batch,run_0018,80.0,Fi;Fo;G;tau,4,4,0.1698467307154875,0.75,False,P,False,False
batch,run_0018,80.0,ABi;ABm;ABo;N,4,3,0.08167384124933001,1.0,False,P,False,False
batch,run_0018,80.0,A;ABp;Mh_anti;P,4,4,0.224726095606975,0.75,True,P,False,False
batch,run_0019,30.0,I10;IL4;M_NA;M_anti,4,4,0.10890255825212426,0.5,False,P,False,False
batch,run_0019,30.0,ABm;N;Ta,3,2,0.3453336889826825,0.5,False,P,False,False
batch,run_0019,30.0,A;P,2,1,0.5120437581205725,1.0,True,P,False,False
batch,run_0019,30.0,ABi,1,0,0.0,,False,P,False,False
batch,run_0019,30.0,ABo,1,0,0.0,,False,P,False,False
batch,run_0019,30.0,ABp,1,0,0.0,,False,P,False,False
batch,run_0019,30.0,G,1,0,0.0,,False,P,False,False
batch,run_0019,30.0,tau,1,0,0.0,,False,P,False,False
batch,run_0019,30.0,Fi,1,0,0.0,,False,P,False,False
batch,run_0019,30.0,Fo,1,0,0.0,,False,P,False,False
batch,run_0019,30.0,M_pro,1,0,0.0,,False,P,False,False
batch,run_0019,30.0,Mh_pro,1,0,0.0,,False,P,False,False
batch,run_0019,30.0,Mh_anti,1,0,0.0,,False,P,False,False
batch,run_0019,30.0,Tb,1,0,0.0,,False,P,False,False
batch,run_0019,30.0,IL1,1,0,0.0,,False,P,False,False
batch,run_0019,30.0,IL12,1,0,0.0,,False,P,False,False
batch,run_0019,31.0,ABi;I10;IL1;IL12;IL4;M_NA;M_anti;M_pro;Mh_pro;Ta;Tb,11,36,0.19185298736855202,0.6111111111111112,False,P,False,False
batch,run_0019,31.0,ABm;ABo;ABp;N,4,3,0.24916107064647633,1.0,False,P,False,False
batch,run_0019,31.0,Fi;Fo;tau,3,3,0.02375669853926275,0.6666666666666666,False,P,False,False
batch,run_0019,31.0,A;Mh_anti;P,3,2,0.38385874764298744,1.0,True,P,False,False
batch,run_0019,31.0,G,1,0,0.0,,False,P,False,False
batch,run_0019,32.0,I10;IL1;IL12;IL4;M_NA;M_anti;M_pro;Mh_pro;Ta;Tb,10,36,0.23195285286949738,0.6388888888888888,True,Mh_pro,False,False
batch,run_0019,32.0,ABi;ABm;ABo;ABp;N,5,4,0.23069269261399805,1.0,False,Mh_pro,False,False
batch,run_0019,32.0,Fi;Fo;tau,3,3,0.05814147491493211,0.6666666666666666,False,Mh_pro,False,False
batch,run_0019,32.0,A;Mh_anti;P,3,2,0.29688531191742573,1.0,False,Mh_pro,False,False
batch,run_0019,32.0,G,1,0,0.0,,False,Mh_pro,False,False
batch,run_0019,33.0,I10;IL1;IL12;IL4;M_NA;M_anti;M_pro;Mh_pro;Ta;Tb,10,38,0.2638245347249238,0.6052631578947368,True,Mh_pro,False,False
batch,run_0019,33.0,ABi;ABm;ABo;ABp;N,5,4,0.2230213482095965,1.0,False,Mh_pro,False,False
batch,run_0019,33.0,Fi;Fo;tau,3,3,0.08444445361481892,0.6666666666666666,False,Mh_pro,False,False
batch,run_0019,33.0,A;Mh_anti;P,3,2,0.23369841403195177,1.0,False,Mh_pro,False,False
batch,run_0019,33.0,G,1,0,0.0,,False,Mh_pro,False,False
batch,run_0019,34.0,IL1;IL12;IL4;M_NA;M_anti;M_pro;Tb,7,23,0.08363063626527979,0.6956521739130435,False,Mh_pro,False,False
batch,run_0019,34.0,A;I10;Mh_anti;Mh_pro;P;Ta,6,13,0.4493136148113184,0.8461538461538461,True,Mh_pro,False,False
batch,run_0019,34.0,ABi;ABm;ABo;ABp;N,5,4,0.21673561422255236,1.0,False,Mh_pro,False,False
batch,run_0019,34.0,Fi;Fo;tau,3,3,0.10199636843863448,0.6666666666666666,False,Mh_pro,False,False
batch,run_0019,34.0,G,1,0,0.0,,False,Mh_pro,False,False
batch,run_0019,35.0,IL1;IL12;IL4;M_NA;M_anti;M_pro;Tb,7,23,0.11257041297989187,0.6956521739130435,False,Mh_pro,False,False
batch,run_0019,35.0,A;I10;Mh_anti;Mh_pro;P;Ta,6,13,0.38074346107619206,0.7692307692307693,True,Mh_pro,False,False
batch,run_0019,35.0,ABi;Fi;Fo;tau,4,4,0.11396867276614688,0.5,False,Mh_pro,False,False
batch,run_0019,35.0,ABm;ABo;ABp;N,4,3,0.2096239614494,1.0,False,Mh_pro,False,False
batch,run_0019,35.0,G,1,0,0.0,,False,Mh_pro,False,False
batch,run_0019,36.0,IL1;IL12;IL4;M_NA;M_anti;M_pro;Tb,7,23,0.14015126335268782,0.6956521739130435,False,Mh_pro,False,False
batch,run_0019,36.0,A;I10;Mh_anti;Mh_pro;P;Ta,6,13,0.3241313149297064,0.7692307692307693,True,Mh_pro,False,False
batch,run_0019,36.0,ABi;Fi;Fo;tau,4,4,0.12250525235878265,0.5,False,Mh_pro,False,False
batch,run_0019,36.0,ABm;ABo;ABp;N,4,3,0.20218519836782123,1.0,False,Mh_pro,False,False
batch,run_0019,36.0,G,1,0,0.0,,False,Mh_pro,False,False
batch,run_0019,37.0,I10;IL1;IL12;M_pro;Mh_pro;Ta,6,14,0.23010285863315774,0.7142857142857143,True,M_pro,False,False
batch,run_0019,37.0,ABi;Fi;Fo;tau,4,4,0.12918752057483024,0.5,False,M_pro,False,False
batch,run_0019,37.0,ABm;ABo;ABp;N,4,3,0.1944891459972897,1.0,False,M_pro,False,False
batch,run_0019,37.0,IL4;M_NA;M_anti;Tb,4,7,0.06346660942007656,0.8571428571428571,False,M_pro,False,False
batch,run_0019,37.0,A;Mh_anti;P,3,2,0.10850358465851297,1.0,False,M_pro,False,False
batch,run_0019,37.0,G,1,0,0.0,,False,M_pro,False,False
batch,run_0019,38.0,I10;IL1;IL12;M_pro;Mh_pro;Ta,6,14,0.23423525684804183,0.7142857142857143,True,M_pro,False,False
batch,run_0019,38.0,ABi;Fi;Fo;tau,4,4,0.13469573011688638,0.5,False,M_pro,False,False
batch,run_0019,38.0,ABm;ABo;ABp;N,4,3,0.1868218202951322,1.0,False,M_pro,False,False
batch,run_0019,38.0,IL4;M_NA;M_anti;Tb,4,7,0.07307724833112214,0.8571428571428571,False,M_pro,False,False
batch,run_0019,38.0,A;Mh_anti;P,3,2,0.09414068499428879,1.0,False,M_pro,False,False
batch,run_0019,38.0,G,1,0,0.0,,False,M_pro,False,False
batch,run_0019,39.0,I10;IL1;IL12;IL4;M_NA;M_anti;M_pro;Tb,8,32,0.27339681548717254,0.625,True,M_pro,False,False
batch,run_0019,39.0,A;Mh_anti;Mh_pro;P;Ta,5,10,0.17450052981516995,0.8,False,M_pro,False,False
batch,run_0019,39.0,ABi;Fi;Fo;tau,4,4,0.13932719850587943,0.5,False,M_pro,False,False
batch,run_0019,39.0,ABm;ABo;ABp;N,4,3,0.1794176179322527,1.0,False,M_pro,False,False
batch,run_0019,39.0,G,1,0,0.0,,False,M_pro,False,False
batch,run_0019,40.0,I10;IL4;M_NA;M_anti;Tb,5,12,0.12953981672166354,0.75,False,M_pro,False,False
batch,run_0019,40.0,ABi;Fi;Fo;tau,4,4,0.14321151890556838,0.5,False,M_pro,False,False
batch,run_0019,40.0,ABm;ABo;ABp;N,4,3,0.17244044061486524,1.0,False,M_pro,False,False
batch,run_0019,40.0,IL1;IL12;M_pro;Ta,4,7,0.14090947125515435,1.0,True,M_pro,False,False
batch,run_0019,40.0,A;Mh_anti;Mh_pro;P,4,6,0.11011026927470063,0.8333333333333334,False,M_pro,False,False
batch,run_0019,40.0,G,1,0,0.0,,False,M_pro,False,False
batch,run_0019,41.0,I10;IL4;M_NA;M_anti;Tb,5,12,0.14073334467680018,0.75,False,M_pro,False,False
batch,run_0019,41.0,ABi;Fi;Fo;tau,4,4,0.1464083088092491,0.5,False,M_pro,False,False
batch,run_0019,41.0,ABm;ABo;ABp;N,4,3,0.16597447552985872,1.0,False,M_pro,False,False
batch,run_0019,41.0,IL1;IL12;M_pro;Ta,4,7,0.14835251507763877,1.0,True,M_pro,False,False
batch,run_0019,41.0,A;Mh_anti;Mh_pro;P,4,6,0.10111531770208812,1.0,False,M_pro,False,False
batch,run_0019,41.0,G,1,0,0.0,,False,M_pro,False,False
batch,run_0019,42.0,I10;IL4;M_NA;M_anti;Tb,5,12,0.15099267583177578,0.75,False,M_pro,False,False
batch,run_0019,42.0,ABi;Fi;Fo;tau,4,4,0.14896243657821506,0.5,False,M_pro,False,False
batch,run_0019,42.0,ABm;ABo;ABp;N,4,3,0.1600497152055468,1.0,False,M_pro,False,False
batch,run_0019,42.0,IL1;IL12;M_pro;Ta,4,7,0.153936910134041,1.0,True,M_pro,False,False
batch,run_0019,42.0,A;Mh_anti;Mh_pro;P,4,6,0.09471319705313659,1.0,False,M_pro,False,False
batch,run_0019,42.0,G,1,0,0.0,,False,M_pro,False,False
batch,run_0019,43.0,I10;IL4;M_NA;M_anti;Tb,5,12,0.1603683410569219,0.75,False,M_pro,False,False
batch,run_0019,43.0,ABi;Fi;Fo;tau,4,4,0.15092024132811888,0.5,False,M_pro,False,False
batch,run_0019,43.0,ABm;ABo;ABp;N,4,3,0.1546574363074058,1.0,False,M_pro,False,False
batch,run_0019,43.0,IL1;IL12;M_pro;Ta,4,7,0.15790297003147247,1.0,True,M_pro,False,False
batch,run_0019,43.0,A;Mh_anti;Mh_pro;P,4,6,0.09039246530358708,1.0,False,M_pro,False,False
batch,run_0019,43.0,G,1,0,0.0,,False,M_pro,False,False
batch,run_0019,44.0,I10;IL4;M_NA;M_anti;Tb,5,12,0.16892305121077328,0.75,False,M_pro,False,False
batch,run_0019,44.0,A;ABp;Mh_anti;Mh_pro;P,5,8,0.10146812916826606,0.875,False,M_pro,False,False
batch,run_0019,44.0,ABi;Fi;Fo;tau,4,4,0.1523337785354034,0.5,False,M_pro,False,False
batch,run_0019,44.0,IL1;IL12;M_pro;Ta,4,7,0.16046739950751635,1.0,True,M_pro,False,False
batch,run_0019,44.0,ABm;ABo;N,3,2,0.13477407560333726,1.0,False,M_pro,False,False
batch,run_0019,44.0,G,1,0,0.0,,False,M_pro,False,False
batch,run_0019,45.0,I10;IL4;M_NA;M_anti;Tb,5,12,0.17672224160694872,0.75,False,M_pro,False,False
batch,run_0019,45.0,A;ABp;Mh_anti;Mh_pro;P,5,8,0.101702149376008,0.875,False,M_pro,False,False
batch,run_0019,45.0,ABi;Fi;Fo;tau,4,4,0.15326234807868527,0.5,False,M_pro,False,False
batch,run_0019,45.0,IL1;IL12;M_pro;Ta,4,7,0.16182560842342772,1.0,True,M_pro,False,False
batch,run_0019,45.0,ABm;ABo;N,3,2,0.13025291685483875,1.0,False,M_pro,False,False
batch,run_0019,45.0,G,1,0,0.0,,False,M_pro,False,False
batch,run_0019,46.0,I10;IL4;M_NA;M_anti;Tb,5,12,0.18382920697275978,0.75,False,M_pro,False,False
batch,run_0019,46.0,A;ABp;Mh_anti;Mh_pro;P,5,8,0.10306150208562435,0.875,False,M_pro,False,False
batch,run_0019,46.0,ABi;Fi;Fo;tau,4,4,0.15376931982318756,0.5,False,M_pro,False,False
batch,run_0019,46.0,IL1;IL12;M_pro;Ta,4,7,0.1621530853012965,1.0,True,M_pro,False,False
batch,run_0019,46.0,ABm;ABo;N,3,2,0.12620522105849577,1.0,False,M_pro,False,False
batch,run_0019,46.0,G,1,0,0.0,,False,M_pro,False,False
batch,run_0019,47.0,I10;IL4;M_NA;M_anti;Tb,5,12,0.19030317977244948,0.75,False,M_pro,False,False
batch,run_0019,47.0,A;ABp;Mh_anti;Mh_pro;P,5,8,0.105341058636482,0.875,False,M_pro,False,False
batch,run_0019,47.0,ABi;ABm;ABo;N,4,3,0.12307373113145428,1.0,False,M_pro,False,False
batch,run_0019,47.0,IL1;IL12;M_pro;Ta,4,7,0.16160686747167724,1.0,True,M_pro,False,False
batch,run_0019,47.0,Fi;Fo;tau,3,3,0.1534373061760342,0.6666666666666666,False,M_pro,False,False
batch,run_0019,47.0,G,1,0,0.0,,False,M_pro,False,False
batch,run_0019,48.0,I10;IL4;M_NA;M_anti;Tb,5,12,0.1961987592012794,0.75,False,M_pro,False,False
batch,run_0019,48.0,A;ABp;Mh_anti;Mh_pro;P,5,8,0.10837075152126144,0.875,False,M_pro,False,False
batch,run_0019,48.0,ABi;ABm;ABo;N,4,3,0.11980846702680042,1.0,False,M_pro,False,False
batch,run_0019,48.0,IL1;IL12;M_pro;Ta,4,7,0.16032703336729567,1.0,True,M_pro,False,False
batch,run_0019,48.0,Fi;Fo;tau,3,3,0.15329169209598517,0.6666666666666666,False,M_pro,False,False
batch,run_0019,48.0,G,1,0,0.0,,False,M_pro,False,False
batch,run_0019,49.0,I10;IL4;M_NA;M_anti;Tb,5,12,0.20156609749703364,0.75,False,M_pro,False,False
batch,run_0019,49.0,A;ABp;Mh_anti;Mh_pro;P,5,8,0.11200754458167132,0.875,False,M_pro,False,False
batch,run_0019,49.0,ABi;ABm;ABo;N,4,3,0.1168626360813898,1.0,False,M_pro,False,False
batch,run_0019,49.0,IL1;IL12;M_pro;Ta,4,7,0.1584381419562787,1.0,True,M_pro,False,False
batch,run_0019,49.0,Fi;Fo;tau,3,3,0.15290658667775497,0.6666666666666666,False,M_pro,False,False
batch,run_0019,49.0,G,1,0,0.0,,False,M_pro,False,False
batch,run_0019,50.0,I10;IL4;M_NA;M_anti;Tb,5,12,0.20645132381142178,0.75,False,M_pro,False,False
batch,run_0019,50.0,A;ABp;Mh_anti;Mh_pro;P,5,8,0.11612974383631697,0.875,False,M_pro,False,False
batch,run_0019,50.0,ABi;ABm;ABo;N,4,3,0.11419626094309972,1.0,False,M_pro,False,False
batch,run_0019,50.0,IL1;IL12;M_pro;Ta,4,7,0.15605056479122795,1.0,True,M_pro,False,False
batch,run_0019,50.0,Fi;Fo;tau,3,3,0.15233230035114279,0.6666666666666666,False,M_pro,False,False
batch,run_0019,50.0,G,1,0,0.0,,False,M_pro,False,False
batch,run_0019,51.0,I10;IL4;M_NA;M_anti;Tb,5,12,0.21089698380688915,0.75,False,M_pro,False,False
batch,run_0019,51.0,A;ABp;Mh_anti;Mh_pro;P,5,8,0.12063296265469323,0.875,False,M_pro,False,False
batch,run_0019,51.0,ABi;ABm;ABo;N,4,3,0.11177439614402947,1.0,False,M_pro,False,False
batch,run_0019,51.0,IL1;IL12;M_pro;Ta,4,7,0.15326165730176639,1.0,True,M_pro,False,False
batch,run_0019,51.0,Fi;Fo;tau,3,3,0.15161279329854177,0.6666666666666666,False,M_pro,False,False
batch,run_0019,51.0,G,1,0,0.0,,False,M_pro,False,False
batch,run_0019,52.0,I10;IL4;M_NA;M_anti;Tb,5,12,0.21494245456430705,0.75,False,Fo,False,False
batch,run_0019,52.0,IL1;IL12;M_pro;Mh_pro;Ta,5,9,0.17829604819962394,1.0,False,Fo,False,False
batch,run_0019,52.0,ABi;ABm;ABo;N,4,3,0.10956659354206562,1.0,False,Fo,False,False
batch,run_0019,52.0,A;ABp;Mh_anti;P,4,4,0.10279100803075177,0.75,False,Fo,False,False
batch,run_0019,52.0,Fi;Fo;tau,3,3,0.15078569190065852,0.6666666666666666,True,Fo,False,False
batch,run_0019,52.0,G,1,0,0.0,,False,Fo,False,False
batch,run_0019,53.0,I10;IL4;M_NA;M_anti;Tb,5,12,0.218624276921274,0.75,False,Fo,False,False
batch,run_0019,53.0,IL1;IL12;M_pro;Mh_pro;Ta,5,9,0.1751306017985228,1.0,False,Fo,False,False
batch,run_0019,53.0,ABi;ABm;ABo;N,4,3,0.1075464227765672,1.0,False,Fo,False,False
batch,run_0019,53.0,A;ABp;Mh_anti;P,4,4,0.10768432565515812,0.75,False,Fo,False,False
batch,run_0019,53.0,Fi;Fo;tau,3,3,0.14988263482067532,0.6666666666666666,True,Fo,False,False
batch,run_0019,53.0,G,1,0,0.0,,False,Fo,False,False
batch,run_0019,54.0,I10;IL4;M_NA;M_anti;Tb,5,12,0.22197641378250485,0.75,False,Fo,False,False
batch,run_0019,54.0,IL1;IL12;M_pro;Mh_pro;Ta,5,9,0.17184662588784225,1.0,False,Fo,False,False
batch,run_0019,54.0,ABi;ABm;ABo;N,4,3,0.10569100306664696,1.0,False,Fo,False,False
batch,run_0019,54.0,A;ABp;Mh_anti;P,4,4,0.11269056530153779,0.75,False,Fo,False,False
batch,run_0019,54.0,Fi;Fo;tau,3,3,0.14892980125635816,0.6666666666666666,True,Fo,False,False
batch,run_0019,54.0,G,1,0,0.0,,False,Fo,False,False
batch,run_0019,55.0,I10;IL4;M_NA;M_anti;Tb,5,12,0.22503042865017378,0.75,False,Fo,False,False
batch,run_0019,55.0,IL1;IL12;M_pro;Mh_pro;Ta,5,9,0.16848492201630866,1.0,False,Fo,False,False
batch,run_0019,55.0,ABi;ABm;ABo;N,4,3,0.10398057266440756,1.0,False,Fo,False,False
batch,run_0019,55.0,A;ABp;Mh_anti;P,4,4,0.11776435151218054,0.75,False,Fo,False,False
batch,run_0019,55.0,Fi;Fo;tau,3,3,0.14794854392436824,0.6666666666666666,True,Fo,False,False
batch,run_0019,55.0,G,1,0,0.0,,False,Fo,False,False
batch,run_0019,56.0,I10;IL4;M_NA;M_anti;Tb,5,12,0.22781561915515156,0.75,False,Fo,False,False
batch,run_0019,56.0,IL1;IL12;M_pro;Mh_pro;Ta,5,9,0.16508030444499913,1.0,False,Fo,False,False
batch,run_0019,56.0,ABi;ABm;ABo;N,4,3,0.10239807297329806,1.0,False,Fo,False,False
batch,run_0019,56.0,A;ABp;Mh_anti;P,4,4,0.12286623102115926,0.75,False,Fo,False,False
batch,run_0019,56.0,Fi;Fo;tau,3,3,0.14695604173340052,0.6666666666666666,True,Fo,False,False
batch,run_0019,56.0,G,1,0,0.0,,False,Fo,False,False
batch,run_0019,57.0,I10;IL4;M_NA;M_anti;Tb,5,12,0.23035912443079903,0.75,False,Fo,False,False
batch,run_0019,57.0,IL1;IL12;M_pro;Mh_pro;Ta,5,9,0.16166221430928485,1.0,False,Fo,False,False
batch,run_0019,57.0,ABi;ABm;ABo;N,4,3,0.1009287789002333,1.0,False,Fo,False,False
batch,run_0019,57.0,A;ABp;Mh_anti;P,4,4,0.12796210641311973,0.75,False,Fo,False,False
batch,run_0019,57.0,Fi;Fo;tau,3,3,0.14596591874370032,0.6666666666666666,True,Fo,False,False
batch,run_0019,57.0,G,1,0,0.0,,False,Fo,False,False
batch,run_0019,58.0,I10;IL4;M_NA;M_anti;Tb,5,12,0.23268600810463658,0.75,False,Fo,False,False
batch,run_0019,58.0,IL1;IL12;M_pro;Mh_pro;Ta,5,9,0.15825529189039184,1.0,False,Fo,False,False
batch,run_0019,58.0,ABi;ABm;ABo;N,4,3,0.09955998251827343,1.0,False,Fo,False,False
batch,run_0019,58.0,A;ABp;Mh_anti;P,4,4,0.13302275324696014,0.75,False,Fo,False,False
batch,run_0019,58.0,Fi;Fo;tau,3,3,0.14498881684440879,0.6666666666666666,True,Fo,False,False
batch,run_0019,58.0,G,1,0,0.0,,False,Fo,False,False
batch,run_0019,59.0,I10;IL4;M_NA;M_anti;Tb,5,12,0.23481933946741226,0.75,False,Fo,False,False
batch,run_0019,59.0,IL1;IL12;M_pro;Mh_pro;Ta,5,9,0.15487991455280378,1.0,False,Fo,False,False
batch,run_0019,59.0,ABi;ABm;ABo;N,4,3,0.09828071297839687,1.0,False,Fo,False,False
batch,run_0019,59.0,A;ABp;Mh_anti;P,4,4,0.13802338019548085,0.75,False,Fo,False,False
batch,run_0019,59.0,Fi;Fo;tau,3,3,0.14403290156916523,0.6666666666666666,True,Fo,False,False
batch,run_0019,59.0,G,1,0,0.0,,False,Fo,False,False
batch,run_0019,60.0,I10;IL4;M_NA;M_anti;Tb,5,12,0.23678025783854534,0.75,False,Fo,False,False
batch,run_0019,60.0,IL1;IL12;M_pro;Mh_pro;Ta,5,9,0.1515526859712337,1.0,False,Fo,False,False
batch,run_0019,60.0,ABi;ABm;ABo;N,4,3,0.09708149829425931,1.0,False,Fo,False,False
batch,run_0019,60.0,A;ABp;Mh_anti;P,4,4,0.14294323008428184,0.75,False,Fo,False,False
batch,run_0019,60.0,Fi;Fo;tau,3,3,0.1431043195613796,0.6666666666666666,True,Fo,False,False
batch,run_0019,60.0,G,1,0,0.0,,False,Fo,False,False
batch,run_0019,61.0,I10;IL4;M_NA;M_anti;Tb,5,12,0.23858804471687428,0.75,False,Fo,False,False
batch,run_0019,61.0,IL1;IL12;M_pro;Mh_pro;Ta,5,9,0.14828689605735826,1.0,False,Fo,False,False
batch,run_0019,61.0,ABi;ABm;ABo;N,4,3,0.09595415413198671,1.0,False,Fo,False,False
batch,run_0019,61.0,A;ABp;Mh_anti;P,4,4,0.14776519874408797,0.75,False,Fo,False,False
batch,run_0019,61.0,Fi;Fo;tau,3,3,0.14220758683801474,0.6666666666666666,True,Fo,False,False
batch,run_0019,61.0,G,1,0,0.0,,False,Fo,False,False
batch,run_0019,62.0,I10;IL4;M_NA;M_anti;Tb,5,12,0.24026021226926872,0.75,False,P,False,False
batch,run_0019,62.0,IL1;IL12;M_pro;Mh_pro;Ta,5,9,0.14509295596165578,1.0,False,P,False,False
batch,run_0019,62.0,ABi;ABm;ABo;N,4,3,0.09489159381107184,1.0,False,P,False,False
batch,run_0019,62.0,A;ABp;Mh_anti;P,4,4,0.15247546442028895,0.75,True,P,False,False
batch,run_0019,62.0,Fi;Fo;tau,3,3,0.14134590416477993,0.6666666666666666,False,P,False,False
batch,run_0019,62.0,G,1,0,0.0,,False,P,False,False
batch,run_0019,63.0,I10;IL4;M_NA;M_anti;Tb,5,12,0.24181259531419846,0.75,False,P,False,False
batch,run_0019,63.0,IL1;IL12;M_pro;Mh_pro;Ta,5,9,0.14197878940371284,1.0,False,P,False,False
batch,run_0019,63.0,ABi;ABm;ABo;N,4,3,0.09388766878285953,1.0,False,P,False,False
batch,run_0019,63.0,A;ABp;Mh_anti;P,4,4,0.15706313988059975,0.75,True,P,False,False
batch,run_0019,63.0,Fi;Fo;tau,3,3,0.14052142107048643,0.6666666666666666,False,P,False,False
batch,run_0019,63.0,G,1,0,0.0,,False,P,False,False
batch,run_0019,64.0,I10;IL4;M_NA;M_anti;Tb,5,12,0.24325944302261002,0.75,False,P,False,False
batch,run_0019,64.0,IL1;IL12;M_pro;Mh_pro;Ta,5,9,0.13895018060048175,1.0,False,P,False,False
batch,run_0019,64.0,ABi;ABm;ABo;N,4,3,0.09293703551194368,1.0,False,P,False,False
batch,run_0019,64.0,A;ABp;Mh_anti;P,4,4,0.1615199477011627,0.75,True,P,False,False
batch,run_0019,64.0,Fi;Fo;tau,3,3,0.13973545908410676,0.6666666666666666,False,P,False,False
batch,run_0019,64.0,G,1,0,0.0,,False,P,False,False
batch,run_0019,65.0,I10;IL4;M_NA;M_anti;Tb,5,12,0.24461351308030804,0.75,False,P,False,False
batch,run_0019,65.0,IL1;IL12;M_pro;Mh_pro;Ta,5,9,0.13601108497665523,1.0,False,P,False,False
batch,run_0019,65.0,ABi;ABm;ABo;N,4,3,0.09203504204767944,1.0,False,P,False,False
batch,run_0019,65.0,A;ABp;Mh_anti;P,4,4,0.16583991496723507,0.75,True,P,False,False
batch,run_0019,65.0,Fi;Fo;tau,3,3,0.13898869725672772,0.6666666666666666,False,P,False,False
batch,run_0019,65.0,G,1,0,0.0,,False,P,False,False
batch,run_0019,66.0,I10;IL4;M_NA;M_anti;Tb,5,12,0.2458861750148453,0.75,False,P,False,False
batch,run_0019,66.0,IL1;IL12;M_pro;Mh_pro;Ta,5,9,0.1331639079716292,1.0,False,P,False,False
batch,run_0019,66.0,ABi;ABm;ABo;N,4,3,0.09117762873000197,1.0,False,P,False,False
batch,run_0019,66.0,A;ABp;Mh_anti;P,4,4,0.17001908590889622,0.75,True,P,False,False
batch,run_0019,66.0,Fi;Fo;tau,3,3,0.1382813187297575,0.6666666666666666,False,P,False,False
batch,run_0019,66.0,G,1,0,0.0,,False,P,False,False
batch,run_0019,67.0,I10;IL4;M_NA;M_anti;Tb,5,12,0.2470874969047785,0.75,False,P,False,False
batch,run_0019,67.0,IL1;IL12;M_pro;Mh_pro;Ta,5,9,0.13040976333723875,1.0,False,P,False,False
batch,run_0019,67.0,ABi;ABm;ABo;N,4,3,0.09036124166154587,1.0,False,P,False,False
batch,run_0019,67.0,A;ABp;Mh_anti;P,4,4,0.174055244752968,0.75,True,P,False,False
batch,run_0019,67.0,Fi;Fo;tau,3,3,0.13761313742353834,0.6666666666666666,False,P,False,False
batch,run_0019,67.0,G,1,0,0.0,,False,P,False,False
batch,run_0019,68.0,I10;IL4;M_NA;M_anti;Tb,5,12,0.2482263529014251,0.75,False,P,False,False
batch,run_0019,68.0,IL1;IL12;M_pro;Mh_pro;Ta,5,9,0.12774869934316402,1.0,False,P,False,False
batch,run_0019,68.0,ABi;ABm;ABo;N,4,3,0.08958275689035032,1.0,False,P,False,False
batch,run_0019,68.0,A;ABp;Mh_anti;P,4,4,0.17794766206641627,0.75,True,P,False,False
batch,run_0019,68.0,Fi;Fo;tau,3,3,0.1369836869122597,0.6666666666666666,False,P,False,False
batch,run_0019,68.0,G,1,0,0.0,,False,P,False,False
batch,run_0019,69.0,I10;IL4;M_NA;M_anti;Tb,5,12,0.24931053655760868,0.75,False,P,False,False
batch,run_0019,69.0,IL1;IL12;M_pro;Mh_pro;Ta,5,9,0.1251798890566225,1.0,False,P,False,False
batch,run_0019,69.0,ABi;ABm;ABo;N,4,3,0.08883941846969917,1.0,False,P,False,False
batch,run_0019,69.0,A;ABp;Mh_anti;P,4,4,0.18169687165924497,0.75,True,P,False,False
batch,run_0019,69.0,Fi;Fo;tau,3,3,0.13639228711808524,0.6666666666666666,False,P,False,False
batch,run_0019,69.0,G,1,0,0.0,,False,P,False,False
batch,run_0019,70.0,I10;IL4;M_NA;M_anti;Tb,5,12,0.2503468522898143,0.75,False,P,False,False
batch,run_0019,70.0,IL1;IL12;M_pro;Mh_pro;Ta,5,9,0.12270180196669622,1.0,False,P,False,False
batch,run_0019,70.0,ABi;ABm;ABo;N,4,3,0.08812878608668936,1.0,False,P,False,False
batch,run_0019,70.0,A;ABp;Mh_anti;P,4,4,0.18530446271858647,0.75,True,P,False,False
batch,run_0019,70.0,Fi;Fo;tau,3,3,0.13583810706459062,0.6666666666666666,False,P,False,False
batch,run_0019,70.0,G,1,0,0.0,,False,P,False,False
batch,run_0019,71.0,I10;IL4;M_NA;M_anti;Tb,5,12,0.2513412083373268,0.75,False,P,False,False
batch,run_0019,71.0,IL1;IL12;M_pro;Mh_pro;Ta,5,9,0.12031235196031427,1.0,False,P,False,False
batch,run_0019,71.0,ABi;ABm;ABo;N,4,3,0.08744868979883819,1.0,False,P,False,False
batch,run_0019,71.0,A;ABp;Mh_anti;P,4,4,0.18877289329110458,0.75,True,P,False,False
batch,run_0019,71.0,Fi;Fo;tau,3,3,0.13532021138578762,0.6666666666666666,False,P,False,False
batch,run_0019,71.0,G,1,0,0.0,,False,P,False,False
batch,run_0019,72.0,I10;IL4;M_NA;M_anti;Tb,5,12,0.2522987050548764,0.75,False,P,False,False
batch,run_0019,72.0,IL1;IL12;M_pro;Mh_pro;Ta,5,9,0.1180090260723495,1.0,False,P,False,False
batch,run_0019,72.0,ABi;ABm;ABo;N,4,3,0.08679719102635111,1.0,False,P,False,False
batch,run_0019,72.0,A;ABp;Mh_anti;P,4,4,0.19210532244912581,0.75,True,P,False,False
batch,run_0019,72.0,Fi;Fo;tau,3,3,0.13483759626485675,0.6666666666666666,False,P,False,False
batch,run_0019,72.0,G,1,0,0.0,,False,P,False,False
batch,run_0019,73.0,I10;IL4;M_NA;M_anti;Tb,5,12,0.25322372025657336,0.75,False,P,False,False
batch,run_0019,73.0,IL1;IL12;M_pro;Mh_pro;Ta,5,9,0.11578899130171555,1.0,False,P,False,False
batch,run_0019,73.0,ABi;ABm;ABo;N,4,3,0.08617255012801883,1.0,False,P,False,False
batch,run_0019,73.0,A;ABp;Mh_anti;P,4,4,0.19530546511537195,0.75,True,P,False,False
batch,run_0019,73.0,Fi;Fo;tau,3,3,0.1343892167317479,0.6666666666666666,False,P,False,False
batch,run_0019,73.0,G,1,0,0.0,,False,P,False,False
batch,run_0019,74.0,I10;IL4;M_NA;M_anti;Tb,5,12,0.24802431651519358,0.75,False,P,False,False
batch,run_0019,74.0,IL1;IL12;M_pro;Mh_pro;Ta,5,9,0.11092306025669149,1.0,False,P,False,False
batch,run_0019,74.0,Fi;Fo;G;tau,4,4,0.1547476548498448,0.75,False,P,False,False
batch,run_0019,74.0,ABi;ABm;ABo;N,4,3,0.08352052102307597,1.0,False,P,False,False
batch,run_0019,74.0,A;ABp;Mh_anti;P,4,4,0.19361889597043827,0.75,True,P,False,False
batch,run_0019,75.0,I10;IL4;M_NA;M_anti;Tb,5,12,0.24879331598500112,0.75,False,P,False,False
batch,run_0019,75.0,IL1;IL12;M_pro;Mh_pro;Ta,5,9,0.10887444536477242,1.0,False,P,False,False
batch,run_0019,75.0,Fi;Fo;G;tau,4,4,0.15464598038729252,0.75,False,P,False,False
batch,run_0019,75.0,ABi;ABm;ABo;N,4,3,0.0829319701591677,1.0,False,P,False,False
batch,run_0019,75.0,A;ABp;Mh_anti;P,4,4,0.196432649262555,0.75,True,P,False,False
batch,run_0019,76.0,I10;IL4;M_NA;M_anti;Tb,5,12,0.2494771744965676,0.75,False,P,False,False
batch,run_0019,76.0,IL1;IL12;M_pro;Mh_pro;Ta,5,9,0.1068724123759114,1.0,False,P,False,False
batch,run_0019,76.0,Fi;Fo;G;tau,4,4,0.15477702044282463,0.75,False,P,False,False
batch,run_0019,76.0,ABi;ABm;ABo;N,4,3,0.08234553298352643,1.0,False,P,False,False
batch,run_0019,76.0,A;ABp;Mh_anti;P,4,4,0.19907873307744928,0.75,True,P,False,False
batch,run_0019,77.0,I10;IL4;M_NA;M_anti;Tb,5,12,0.25007510384775544,0.75,False,P,False,False
batch,run_0019,77.0,IL1;IL12;M_pro;Mh_pro;Ta,5,9,0.10491406218716202,1.0,False,P,False,False
batch,run_0019,77.0,Fi;Fo;G;tau,4,4,0.1551428433058621,0.75,False,P,False,False
batch,run_0019,77.0,ABi;ABm;ABo;N,4,3,0.08175980523684678,1.0,False,P,False,False
batch,run_0019,77.0,A;ABp;Mh_anti;P,4,4,0.20155799596584428,0.75,True,P,False,False
batch,run_0019,78.0,I10;IL4;M_NA;M_anti;Tb,5,12,0.2505889197763036,0.75,False,P,False,False
batch,run_0019,78.0,IL1;IL12;M_pro;Mh_pro;Ta,5,9,0.10299770879789086,1.0,False,P,False,False
batch,run_0019,78.0,Fi;Fo;G;tau,4,4,0.15573727450216002,0.75,False,P,False,False
batch,run_0019,78.0,ABi;ABm;ABo;N,4,3,0.08117431943809893,1.0,False,P,False,False
batch,run_0019,78.0,A;ABp;Mh_anti;P,4,4,0.20387377136415988,0.75,True,P,False,False
batch,run_0019,79.0,I10;IL4;M_NA;M_anti;Tb,5,12,0.2510223512912751,0.75,False,P,False,False
batch,run_0019,79.0,IL1;IL12;M_pro;Mh_pro;Ta,5,9,0.10112249429309965,1.0,False,P,False,False
batch,run_0019,79.0,Fi;Fo;G;tau,4,4,0.15654821110193193,0.75,False,P,False,False
batch,run_0019,79.0,ABi;ABm;ABo;N,4,3,0.08058925322249594,1.0,False,P,False,False
batch,run_0019,79.0,A;ABp;Mh_anti;P,4,4,0.2060313518034058,0.75,True,P,False,False
batch,run_0019,80.0,I10;IL4;M_NA;M_anti;Tb,5,12,0.25138015812465997,0.75,False,P,False,False
batch,run_0019,80.0,IL1;IL12;M_pro;Mh_pro;Ta,5,9,0.09928797031319196,1.0,False,P,False,False
batch,run_0019,80.0,Fi;Fo;G;tau,4,4,0.15756054453362886,0.75,False,P,False,False
batch,run_0019,80.0,ABi;ABm;ABo;N,4,3,0.08000511067228458,1.0,False,P,False,False
batch,run_0019,80.0,A;ABp;Mh_anti;P,4,4,0.20803727176758438,0.75,True,P,False,False
batch,run_0020,30.0,I10;IL4;M_NA;M_anti,4,4,0.13785884433090134,0.5,False,ABm,False,False
batch,run_0020,30.0,A;P;Ta,3,2,0.36752443558281966,1.0,False,ABm,False,False
batch,run_0020,30.0,ABm;N,2,1,0.4583801176815329,1.0,True,ABm,False,False
batch,run_0020,30.0,ABi,1,0,0.0,,False,ABm,False,False
batch,run_0020,30.0,ABo,1,0,0.0,,False,ABm,False,False
batch,run_0020,30.0,ABp,1,0,0.0,,False,ABm,False,False
batch,run_0020,30.0,G,1,0,0.0,,False,ABm,False,False
batch,run_0020,30.0,tau,1,0,0.0,,False,ABm,False,False
batch,run_0020,30.0,Fi,1,0,0.0,,False,ABm,False,False
batch,run_0020,30.0,Fo,1,0,0.0,,False,ABm,False,False
batch,run_0020,30.0,M_pro,1,0,0.0,,False,ABm,False,False
batch,run_0020,30.0,Mh_pro,1,0,0.0,,False,ABm,False,False
batch,run_0020,30.0,Mh_anti,1,0,0.0,,False,ABm,False,False
batch,run_0020,30.0,Tb,1,0,0.0,,False,ABm,False,False
batch,run_0020,30.0,IL1,1,0,0.0,,False,ABm,False,False
batch,run_0020,30.0,IL12,1,0,0.0,,False,ABm,False,False
batch,run_0020,31.0,I10;IL1;IL12;IL4;M_NA;M_anti;M_pro;Tb,8,27,0.09274363095337443,0.6296296296296297,False,ABm,False,False
batch,run_0020,31.0,A;ABi;Mh_anti;Mh_pro;P;Ta,6,11,0.4033885366473014,0.8181818181818182,False,ABm,False,False
batch,run_0020,31.0,ABm;ABo;ABp;N,4,3,0.3919019927520802,1.0,True,ABm,False,False
batch,run_0020,31.0,Fi;Fo;tau,3,3,0.038206315345401934,0.6666666666666666,False,ABm,False,False
batch,run_0020,31.0,G,1,0,0.0,,False,ABm,False,False
batch,run_0020,32.0,I10;IL1;IL12;IL4;M_NA;M_anti;M_pro;Tb,8,27,0.08458635117261246,0.6296296296296297,False,ABm,False,False
batch,run_0020,32.0,ABi;ABm;ABo;ABp;N,5,4,0.35059186920758967,1.0,True,ABm,False,False
batch,run_0020,32.0,A;Mh_anti;Mh_pro;P;Ta,5,10,0.3635987185923345,0.9,False,ABm,False,False
batch,run_0020,32.0,Fi;Fo;tau,3,3,0.09406479509635628,0.6666666666666666,False,ABm,False,False
batch,run_0020,32.0,G,1,0,0.0,,False,ABm,False,False
batch,run_0020,33.0,I10;IL1;IL12;IL4;M_NA;M_anti;M_pro;Mh_pro;Ta;Tb,10,38,0.18957392236596482,0.6052631578947368,False,ABm,False,False
batch,run_0020,33.0,ABi;ABm;ABo;ABp;N,5,4,0.3186274078422303,1.0,True,ABm,False,False
batch,run_0020,33.0,Fi;Fo;tau,3,3,0.1329672357119008,0.6666666666666666,False,ABm,False,False
batch,run_0020,33.0,A;Mh_anti;P,3,2,0.20081020810336536,1.0,False,ABm,False,False
batch,run_0020,33.0,G,1,0,0.0,,False,ABm,False,False
batch,run_0020,34.0,I10;IL1;IL12;IL4;M_NA;M_anti;M_pro;Mh_pro;Ta;Tb,10,39,0.22438031290846552,0.6153846153846154,False,ABm,False,False
batch,run_0020,34.0,ABi;ABm;ABo;ABp;N,5,4,0.2913121833619731,1.0,True,ABm,False,False
batch,run_0020,34.0,Fi;Fo;tau,3,3,0.15468965754300168,0.6666666666666666,False,ABm,False,False
batch,run_0020,34.0,A;Mh_anti;P,3,2,0.159779693029191,1.0,False,ABm,False,False
batch,run_0020,34.0,G,1,0,0.0,,False,ABm,False,False
batch,run_0020,35.0,I10;IL1;IL12;IL4;M_NA;M_anti;M_pro;Mh_pro;Ta;Tb,10,39,0.2606622234777301,0.6153846153846154,False,Fi,False,False
batch,run_0020,35.0,ABi;Fi;Fo;tau,4,4,0.16600686939258086,0.5,True,Fi,False,False
batch,run_0020,35.0,ABm;ABo;ABp;N,4,3,0.2668525051223864,1.0,False,Fi,False,False
batch,run_0020,35.0,A;Mh_anti;P,3,2,0.12865364055626352,1.0,False,Fi,False,False
batch,run_0020,35.0,G,1,0,0.0,,False,Fi,False,False
batch,run_0020,36.0,I10;IL1;IL12;IL4;M_NA;M_anti;M_pro;Mh_pro;Ta;Tb,10,39,0.29552092126093665,0.6153846153846154,False,Fi,False,False
batch,run_0020,36.0,ABi;Fi;Fo;tau,4,4,0.17128079108121527,0.5,True,Fi,False,False
batch,run_0020,36.0,ABm;ABo;ABp;N,4,3,0.2454071472250335,1.0,False,Fi,False,False
batch,run_0020,36.0,A;Mh_anti;P,3,2,0.10521652645148666,1.0,False,Fi,False,False
batch,run_0020,36.0,G,1,0,0.0,,False,Fi,False,False
batch,run_0020,37.0,I10;IL1;IL12;IL4;M_NA;M_anti;M_pro;Mh_pro;Ta;Tb,10,39,0.327870842444916,0.6153846153846154,False,Fi,False,False
batch,run_0020,37.0,ABi;Fi;Fo;tau,4,4,0.17344159857864602,0.5,True,Fi,False,False
batch,run_0020,37.0,ABm;ABo;ABp;N,4,3,0.22621653687209897,1.0,False,Fi,False,False
batch,run_0020,37.0,A;Mh_anti;P,3,2,0.08750356888983571,1.0,False,Fi,False,False
batch,run_0020,37.0,G,1,0,0.0,,False,Fi,False,False
batch,run_0020,38.0,I10;IL4;M_NA;M_anti;Tb,5,12,0.1410007257329234,0.75,False,Fi,False,False
batch,run_0020,38.0,ABi;Fi;Fo;tau,4,4,0.17386671812085738,0.5,True,Fi,False,False
batch,run_0020,38.0,ABm;ABo;ABp;N,4,3,0.20906663082324106,1.0,False,Fi,False,False
batch,run_0020,38.0,IL1;IL12;M_pro;Ta,4,7,0.10522356915413496,1.0,False,Fi,False,False
batch,run_0020,38.0,A;Mh_anti;Mh_pro;P,4,6,0.0929159600117806,0.8333333333333334,False,Fi,False,False
batch,run_0020,38.0,G,1,0,0.0,,False,Fi,False,False
batch,run_0020,39.0,I10;IL4;M_NA;M_anti;Tb,5,12,0.1546422364592337,0.75,False,Fi,False,False
batch,run_0020,39.0,ABi;Fi;Fo;tau,4,4,0.17327959977565222,0.5,True,Fi,False,False
batch,run_0020,39.0,ABm;ABo;ABp;N,4,3,0.19384826940734537,1.0,False,Fi,False,False
batch,run_0020,39.0,IL1;IL12;M_pro;Ta,4,7,0.11782779483455129,1.0,False,Fi,False,False
batch,run_0020,39.0,A;Mh_anti;Mh_pro;P,4,6,0.08118401773615293,0.8333333333333334,False,Fi,False,False
batch,run_0020,39.0,G,1,0,0.0,,False,Fi,False,False
batch,run_0020,40.0,I10;IL4;M_NA;M_anti;Tb,5,12,0.16618711970142772,0.75,False,M_pro,False,False
batch,run_0020,40.0,ABi;Fi;Fo;tau,4,4,0.1720606152357069,0.5,False,M_pro,False,False
batch,run_0020,40.0,ABm;ABo;ABp;N,4,3,0.1804344063927847,1.0,False,M_pro,False,False
batch,run_0020,40.0,IL1;IL12;M_pro;Ta,4,7,0.12929009763798888,1.0,True,M_pro,False,False
batch,run_0020,40.0,A;Mh_anti;Mh_pro;P,4,6,0.07268233478225324,1.0,False,M_pro,False,False
batch,run_0020,40.0,G,1,0,0.0,,False,M_pro,False,False
batch,run_0020,41.0,I10;IL4;M_NA;M_anti;Tb,5,12,0.17575224121428937,0.75,False,M_pro,False,False
batch,run_0020,41.0,ABi;Fi;Fo;tau,4,4,0.17040155206399846,0.5,False,M_pro,False,False
batch,run_0020,41.0,ABm;ABo;ABp;N,4,3,0.1686469152256066,1.0,False,M_pro,False,False
batch,run_0020,41.0,IL1;IL12;M_pro;Ta,4,7,0.13965427208587883,1.0,True,M_pro,False,False
batch,run_0020,41.0,A;Mh_anti;Mh_pro;P,4,6,0.06674163974988354,1.0,False,M_pro,False,False
batch,run_0020,41.0,G,1,0,0.0,,False,M_pro,False,False
batch,run_0020,42.0,ABi;ABm;ABo;ABp;N,5,4,0.1588983790448387,1.0,False,M_pro,False,False
batch,run_0020,42.0,I10;IL4;M_NA;M_anti;Tb,5,12,0.18354396283754673,0.75,False,M_pro,False,False
batch,run_0020,42.0,IL1;IL12;M_pro;Ta,4,7,0.14895161452741015,1.0,True,M_pro,False,False
batch,run_0020,42.0,A;Mh_anti;Mh_pro;P,4,6,0.0628068819941603,1.0,False,M_pro,False,False
batch,run_0020,42.0,Fi;Fo;tau,3,3,0.1678570032879744,0.6666666666666666,False,M_pro,False,False
batch,run_0020,42.0,G,1,0,0.0,,False,M_pro,False,False
batch,run_0020,43.0,ABi;ABm;ABo;ABp;N,5,4,0.14978249992896217,1.0,False,M_pro,False,False
batch,run_0020,43.0,I10;IL4;M_NA;M_anti;Tb,5,12,0.1897802507236752,0.75,False,M_pro,False,False
batch,run_0020,43.0,IL1;IL12;M_pro;Ta,4,7,0.1572126724674621,1.0,True,M_pro,False,False
batch,run_0020,43.0,A;Mh_anti;Mh_pro;P,4,6,0.06047334884356451,1.0,False,M_pro,False,False
batch,run_0020,43.0,Fi;Fo;tau,3,3,0.1656023037190644,0.6666666666666666,False,M_pro,False,False
batch,run_0020,43.0,G,1,0,0.0,,False,M_pro,False,False
batch,run_0020,44.0,ABi;ABm;ABo;ABp;N,5,4,0.14171967092619503,1.0,False,M_pro,False,False
batch,run_0020,44.0,I10;IL4;M_NA;M_anti;Tb,5,12,0.19466925053764045,0.75,False,M_pro,False,False
batch,run_0020,44.0,IL1;IL12;M_pro;Ta,4,7,0.16447964031761936,1.0,True,M_pro,False,False
batch,run_0020,44.0,A;Mh_anti;Mh_pro;P,4,6,0.059426278496032325,1.0,False,M_pro,False,False
batch,run_0020,44.0,Fi;Fo;tau,3,3,0.1631331274551703,0.6666666666666666,False,M_pro,False,False
batch,run_0020,44.0,G,1,0,0.0,,False,M_pro,False,False
batch,run_0020,45.0,I10;IL4;M_NA;M_anti;Tb,5,12,0.19839995197944107,0.75,False,M_pro,False,False
batch,run_0020,45.0,A;ABp;Mh_anti;Mh_pro;P,5,8,0.07283135388267832,0.875,False,M_pro,False,False
batch,run_0020,45.0,ABi;ABm;ABo;N,4,3,0.1193750715449814,1.0,False,M_pro,False,False
batch,run_0020,45.0,IL1;IL12;M_pro;Ta,4,7,0.17080693195033667,1.0,True,M_pro,False,False
batch,run_0020,45.0,Fi;Fo;tau,3,3,0.16049590057430324,0.6666666666666666,False,M_pro,False,False
batch,run_0020,45.0,G,1,0,0.0,,False,M_pro,False,False
batch,run_0020,46.0,I10;IL4;M_NA;M_anti;Tb,5,12,0.20114029795829785,0.75,False,M_pro,False,False
batch,run_0020,46.0,A;ABp;Mh_anti;Mh_pro;P,5,8,0.07474849791962804,0.875,False,M_pro,False,False
batch,run_0020,46.0,ABi;ABm;ABo;N,4,3,0.11304354757145665,1.0,False,M_pro,False,False
batch,run_0020,46.0,IL1;IL12;M_pro;Ta,4,7,0.17625847415206986,1.0,True,M_pro,False,False
batch,run_0020,46.0,Fi;Fo;tau,3,3,0.15773612056187278,0.6666666666666666,False,M_pro,False,False
batch,run_0020,46.0,G,1,0,0.0,,False,M_pro,False,False
batch,run_0020,47.0,I10;IL4;M_NA;M_anti;Tb,5,12,0.20303792057722336,0.75,False,M_pro,False,False
batch,run_0020,47.0,A;ABp;Mh_anti;Mh_pro;P,5,8,0.0772827252102414,0.875,False,M_pro,False,False
batch,run_0020,47.0,ABi;ABm;ABo;N,4,3,0.10741674956078658,1.0,False,M_pro,False,False
batch,run_0020,47.0,IL1;IL12;M_pro;Ta,4,7,0.18090422007516382,1.0,True,M_pro,False,False
batch,run_0020,47.0,Fi;Fo;tau,3,3,0.15489740653199066,0.6666666666666666,False,M_pro,False,False
batch,run_0020,47.0,G,1,0,0.0,,False,M_pro,False,False
batch,run_0020,48.0,I10;IL4;M_NA;M_anti;Tb,5,12,0.20422190693046774,0.75,False,M_pro,False,False
batch,run_0020,48.0,A;ABp;Mh_anti;Mh_pro;P,5,8,0.08029374367302353,0.875,False,M_pro,False,False
batch,run_0020,48.0,ABi;ABm;ABo;N,4,3,0.10239296524944592,1.0,False,M_pro,False,False
batch,run_0020,48.0,IL1;IL12;M_pro;Ta,4,7,0.1848168370631378,1.0,True,M_pro,False,False
batch,run_0020,48.0,Fi;Fo;tau,3,3,0.15202006087801895,0.6666666666666666,False,M_pro,False,False
batch,run_0020,48.0,G,1,0,0.0,,False,M_pro,False,False
batch,run_0020,49.0,I10;IL4;M_NA;M_anti;Tb,5,12,0.2048048772338088,0.75,False,M_pro,False,False
batch,run_0020,49.0,A;ABp;Mh_anti;Mh_pro;P,5,8,0.08366441567748407,0.875,False,M_pro,False,False
batch,run_0020,49.0,ABi;ABm;ABo;N,4,3,0.09788728088089929,1.0,False,M_pro,False,False
batch,run_0020,49.0,IL1;IL12;M_pro;Ta,4,7,0.1880691665187414,1.0,True,M_pro,False,False
batch,run_0020,49.0,Fi;Fo;tau,3,3,0.14913989136506384,0.6666666666666666,False,M_pro,False,False
batch,run_0020,49.0,G,1,0,0.0,,False,M_pro,False,False
batch,run_0020,50.0,I10;IL4;M_NA;M_anti;Tb,5,12,0.20488490559985092,0.75,False,M_pro,False,False
batch,run_0020,50.0,A;ABp;Mh_anti;Mh_pro;P,5,8,0.08729632436912435,0.875,False,M_pro,False,False
batch,run_0020,50.0,ABi;ABm;ABo;N,4,3,0.09382865879806038,1.0,False,M_pro,False,False
batch,run_0020,50.0,IL1;IL12;M_pro;Ta,4,7,0.19073234861874272,1.0,True,M_pro,False,False
batch,run_0020,50.0,Fi;Fo;tau,3,3,0.14628754639644356,0.6666666666666666,False,M_pro,False,False
batch,run_0020,50.0,G,1,0,0.0,,False,M_pro,False,False
batch,run_0020,51.0,I10;IL4;M_NA;M_anti;Tb,5,12,0.20454723914244735,0.75,False,M_pro,False,False
batch,run_0020,51.0,A;ABp;Mh_anti;Mh_pro;P,5,8,0.0911065511735928,0.875,False,M_pro,False,False
batch,run_0020,51.0,ABi;ABm;ABo;N,4,3,0.09015748411542841,1.0,False,M_pro,False,False
batch,run_0020,51.0,IL1;IL12;M_pro;Ta,4,7,0.1928744408051454,1.0,True,M_pro,False,False
batch,run_0020,51.0,Fi;Fo;tau,3,3,0.14348838107884462,0.6666666666666666,False,M_pro,False,False
batch,run_0020,51.0,G,1,0,0.0,,False,M_pro,False,False
batch,run_0020,52.0,I10;IL4;M_NA;M_anti;Tb,5,12,0.20386582937775002,0.75,False,M_pro,False,False
batch,run_0020,52.0,A;ABp;Mh_anti;Mh_pro;P,5,8,0.09502528395396509,0.875,False,M_pro,False,False
batch,run_0020,52.0,ABi;ABm;ABo;N,4,3,0.08682354858854788,1.0,False,M_pro,False,False
batch,run_0020,52.0,IL1;IL12;M_pro;Ta,4,7,0.19455951324039894,1.0,True,M_pro,False,False
batch,run_0020,52.0,Fi;Fo;tau,3,3,0.14076266952178076,0.6666666666666666,False,M_pro,False,False
batch,run_0020,52.0,G,1,0,0.0,,False,M_pro,False,False
batch,run_0020,53.0,I10;IL4;M_NA;M_anti;Tb,5,12,0.2029046831625074,0.75,False,M_pro,False,False
batch,run_0020,53.0,A;ABp;Mh_anti;Mh_pro;P,5,8,0.09899398492087683,0.875,False,M_pro,False,False
batch,run_0020,53.0,ABi;ABm;ABo;N,4,3,0.0837844045154384,1.0,False,M_pro,False,False
batch,run_0020,53.0,IL1;IL12;M_pro;Ta,4,7,0.1958471158582361,1.0,True,M_pro,False,False
batch,run_0020,53.0,Fi;Fo;tau,3,3,0.13812601872648655,0.6666666666666666,False,M_pro,False,False
batch,run_0020,53.0,G,1,0,0.0,,False,M_pro,False,False
batch,run_0020,54.0,I10;IL4;M_NA;M_anti;Tb,5,12,0.20171898923762643,0.75,False,M_pro,False,False
batch,run_0020,54.0,A;ABp;Mh_anti;Mh_pro;P,5,8,0.10296395291497674,0.875,False,M_pro,False,False
batch,run_0020,54.0,ABi;ABm;ABo;N,4,3,0.0810040364849719,1.0,False,M_pro,False,False
batch,run_0020,54.0,IL1;IL12;M_pro;Ta,4,7,0.19679198312146692,1.0,True,M_pro,False,False
batch,run_0020,54.0,Fi;Fo;tau,3,3,0.13558990410958013,0.6666666666666666,False,M_pro,False,False
batch,run_0020,54.0,G,1,0,0.0,,False,M_pro,False,False
batch,run_0020,55.0,I10;IL4;M_NA;M_anti;Tb,5,12,0.20035610805031612,0.75,False,M_pro,False,False
batch,run_0020,55.0,A;ABp;Mh_anti;Mh_pro;P,5,8,0.10689513664991526,0.875,False,M_pro,False,False
batch,run_0020,55.0,ABi;ABm;ABo;N,4,3,0.0784517738058755,1.0,False,M_pro,False,False
batch,run_0020,55.0,IL1;IL12;M_pro;Ta,4,7,0.19744392039016845,1.0,True,M_pro,False,False
batch,run_0020,55.0,Fi;Fo;tau,3,3,0.13316225890093955,0.6666666666666666,False,M_pro,False,False
batch,run_0020,55.0,G,1,0,0.0,,False,M_pro,False,False
batch,run_0020,56.0,I10;IL4;M_NA;M_anti;Tb,5,12,0.1988564988995242,0.75,False,M_pro,False,False
batch,run_0020,56.0,A;ABp;Mh_anti;Mh_pro;P,5,8,0.11075509508494107,0.875,False,M_pro,False,False
batch,run_0020,56.0,ABi;ABm;ABo;N,4,3,0.07610138437674846,1.0,False,M_pro,False,False
batch,run_0020,56.0,IL1;IL12;M_pro;Ta,4,7,0.19784785542136848,1.0,True,M_pro,False,False
batch,run_0020,56.0,Fi;Fo;tau,3,3,0.1308480448650428,0.6666666666666666,False,M_pro,False,False
batch,run_0020,56.0,G,1,0,0.0,,False,M_pro,False,False
batch,run_0020,57.0,I10;IL4;M_NA;M_anti;Tb,5,12,0.19725453916043742,0.75,False,M_pro,False,False
batch,run_0020,57.0,A;ABp;Mh_anti;Mh_pro;P,5,8,0.1145180797271063,0.875,False,M_pro,False,False
batch,run_0020,57.0,ABi;ABm;ABo;N,4,3,0.07393033797207846,1.0,False,M_pro,False,False
batch,run_0020,57.0,IL1;IL12;M_pro;Ta,4,7,0.1980439924789838,1.0,True,M_pro,False,False
batch,run_0020,57.0,Fi;Fo;tau,3,3,0.12864977687247908,0.6666666666666666,False,M_pro,False,False
batch,run_0020,57.0,G,1,0,0.0,,False,M_pro,False,False
batch,run_0020,58.0,I10;IL4;M_NA;M_anti;Tb,5,12,0.1955792374427136,0.75,False,M_pro,False,False
batch,run_0020,58.0,A;ABp;Mh_anti;Mh_pro;P,5,8,0.11816421193063,0.875,False,M_pro,False,False
batch,run_0020,58.0,ABi;ABm;ABo;N,4,3,0.07191920892598337,1.0,False,M_pro,False,False
batch,run_0020,58.0,IL1;IL12;M_pro;Ta,4,7,0.19806802916323774,1.0,True,M_pro,False,False
batch,run_0020,58.0,Fi;Fo;tau,3,3,0.12656799561595475,0.6666666666666666,False,M_pro,False,False
batch,run_0020,58.0,G,1,0,0.0,,False,M_pro,False,False
batch,run_0020,59.0,I10;IL4;M_NA;M_anti;Tb,5,12,0.19385489077462562,0.75,False,M_pro,False,False
batch,run_0020,59.0,A;ABp;Mh_anti;Mh_pro;P,5,8,0.12167871784406901,0.875,False,M_pro,False,False
batch,run_0020,59.0,ABi;ABm;ABo;N,4,3,0.0700511776993979,1.0,False,M_pro,False,False
batch,run_0020,59.0,IL1;IL12;M_pro;Ta,4,7,0.19795143552359032,1.0,True,M_pro,False,False
batch,run_0020,59.0,Fi;Fo;tau,3,3,0.12460167691255028,0.6666666666666666,False,M_pro,False,False
batch,run_0020,59.0,G,1,0,0.0,,False,M_pro,False,False
batch,run_0020,60.0,I10;IL4;M_NA;M_anti;Tb,5,12,0.1921016412283342,0.75,False,M_pro,False,False
batch,run_0020,60.0,A;ABp;Mh_anti;Mh_pro;P,5,8,0.12505124665890618,0.875,False,M_pro,False,False
batch,run_0020,60.0,ABi;ABm;ABo;N,4,3,0.06831163328980454,1.0,False,M_pro,False,False
batch,run_0020,60.0,IL1;IL12;M_pro;Ta,4,7,0.19772172184178002,1.0,True,M_pro,False,False
batch,run_0020,60.0,Fi;Fo;tau,3,3,0.12274860669510963,0.6666666666666666,False,M_pro,False,False
batch,run_0020,60.0,G,1,0,0.0,,False,M_pro,False,False
batch,run_0020,61.0,I10;IL4;M_NA;M_anti;Tb,5,12,0.1903360256482471,0.75,False,M_pro,False,False
batch,run_0020,61.0,A;ABp;Mh_anti;Mh_pro;P,5,8,0.12827521317776477,0.875,False,M_pro,False,False
batch,run_0020,61.0,ABi;ABm;ABo;N,4,3,0.06668782812514125,1.0,False,M_pro,False,False
batch,run_0020,61.0,IL1;IL12;M_pro;Ta,4,7,0.1974027705177576,1.0,True,M_pro,False,False
batch,run_0020,61.0,Fi;Fo;tau,3,3,0.12100567337052773,0.6666666666666666,False,M_pro,False,False
batch,run_0020,61.0,G,1,0,0.0,,False,M_pro,False,False
batch,run_0020,62.0,I10;IL4;M_NA;M_anti;Tb,5,12,0.18857147179867442,0.75,False,M_pro,False,False
batch,run_0020,62.0,A;ABp;Mh_anti;Mh_pro;P,5,8,0.131347194822401,0.875,False,M_pro,False,False
batch,run_0020,62.0,ABi;ABm;ABo;N,4,3,0.0651685915269663,1.0,False,M_pro,False,False
batch,run_0020,62.0,IL1;IL12;M_pro;Ta,4,7,0.1970151763058854,1.0,True,M_pro,False,False
batch,run_0020,62.0,Fi;Fo;tau,3,3,0.11936910563260968,0.6666666666666666,False,M_pro,False,False
batch,run_0020,62.0,G,1,0,0.0,,False,M_pro,False,False
batch,run_0020,63.0,I10;IL4;M_NA;M_anti;Tb,5,12,0.18681872836245214,0.75,False,M_pro,False,False
batch,run_0020,63.0,A;ABp;Mh_anti;Mh_pro;P,5,8,0.1342663939518982,0.875,False,M_pro,False,False
batch,run_0020,63.0,ABi;ABm;ABo;N,4,3,0.0637440975027679,1.0,False,M_pro,False,False
batch,run_0020,63.0,IL1;IL12;M_pro;Ta,4,7,0.19657656699438134,1.0,True,M_pro,False,False
batch,run_0020,63.0,Fi;Fo;tau,3,3,0.1178346732197439,0.6666666666666666,False,M_pro,False,False
batch,run_0020,63.0,G,1,0,0.0,,False,M_pro,False,False
batch,run_0020,64.0,I10;IL4;M_NA;M_anti;Tb,5,12,0.1850862439429395,0.75,False,M_pro,False,False
batch,run_0020,64.0,A;ABp;Mh_anti;Mh_pro;P,5,8,0.1370341577507028,0.875,False,M_pro,False,False
batch,run_0020,64.0,ABi;ABm;ABo;N,4,3,0.06240567158088943,1.0,False,M_pro,False,False
batch,run_0020,64.0,IL1;IL12;M_pro;Ta,4,7,0.1961019091141589,1.0,True,M_pro,False,False
batch,run_0020,64.0,Fi;Fo;tau,3,3,0.11639785383402483,0.6666666666666666,False,M_pro,False,False
batch,run_0020,64.0,G,1,0,0.0,,False,M_pro,False,False
batch,run_0020,65.0,I10;IL4;M_NA;M_anti;Tb,5,12,0.18338050681058554,0.75,False,M_pro,False,False
batch,run_0020,65.0,A;ABp;Mh_anti;Mh_pro;P,5,8,0.1396535508162949,0.875,False,M_pro,False,False
batch,run_0020,65.0,ABi;ABm;ABo;N,4,3,0.06114563166035432,1.0,False,M_pro,False,False
batch,run_0020,65.0,IL1;IL12;M_pro;Ta,4,7,0.1956038009475145,1.0,True,M_pro,False,False
batch,run_0020,65.0,Fi;Fo;tau,3,3,0.11505396358335279,0.6666666666666666,False,M_pro,False,False
batch,run_0020,65.0,G,1,0,0.0,,False,M_pro,False,False
batch,run_0020,66.0,I10;IL4;M_NA;M_anti;Tb,5,12,0.18170634717522804,0.75,False,M_pro,False,False
batch,run_0020,66.0,A;ABp;Mh_anti;Mh_pro;P,5,8,0.14212897792010737,0.875,False,M_pro,False,False
batch,run_0020,66.0,ABi;ABm;ABo;N,4,3,0.059957151578141216,1.0,False,M_pro,False,False
batch,run_0020,66.0,IL1;IL12;M_pro;Ta,4,7,0.1950927468025877,1.0,True,M_pro,False,False
batch,run_0020,66.0,Fi;Fo;tau,3,3,0.11379826324905974,0.6666666666666666,False,M_pro,False,False
batch,run_0020,66.0,G,1,0,0.0,,False,M_pro,False,False
batch,run_0020,67.0,I10;IL4;M_NA;M_anti;Tb,5,12,0.18006720710542354,0.75,False,M_pro,False,False
batch,run_0020,67.0,A;ABp;Mh_anti;Mh_pro;P,5,8,0.14446585524839264,0.875,False,M_pro,False,False
batch,run_0020,67.0,ABi;ABm;ABo;N,4,3,0.05883414551376358,1.0,False,M_pro,False,False
batch,run_0020,67.0,IL1;IL12;M_pro;Ta,4,7,0.19457741908467518,1.0,True,M_pro,False,False
batch,run_0020,67.0,Fi;Fo;tau,3,3,0.11262603495829397,0.6666666666666666,False,M_pro,False,False
batch,run_0020,67.0,G,1,0,0.0,,False,M_pro,False,False
batch,run_0020,68.0,I10;IL4;M_NA;M_anti;Tb,5,12,0.17846536915361827,0.75,False,M_pro,False,False
batch,run_0020,68.0,A;ABp;Mh_anti;Mh_pro;P,5,8,0.14667033010128613,0.875,False,M_pro,False,False
batch,run_0020,68.0,ABi;ABm;ABo;N,4,3,0.05777117251092066,1.0,False,M_pro,False,False
batch,run_0020,68.0,IL1;IL12;M_pro;Ta,4,7,0.19406487474561654,1.0,True,M_pro,False,False
batch,run_0020,68.0,Fi;Fo;tau,3,3,0.11153265714499365,0.6666666666666666,False,M_pro,False,False
batch,run_0020,68.0,G,1,0,0.0,,False,M_pro,False,False
batch,run_0020,69.0,I10;IL4;M_NA;M_anti;Tb,5,12,0.17690217725300192,0.75,False,M_pro,False,False
batch,run_0020,69.0,A;ABp;Mh_anti;Mh_pro;P,5,8,0.14874903609251544,0.875,False,M_pro,False,False
batch,run_0020,69.0,ABi;ABm;ABo;N,4,3,0.0567633490691916,1.0,False,M_pro,False,False
batch,run_0020,69.0,IL1;IL12;M_pro;Ta,4,7,0.1935608076143915,1.0,True,M_pro,False,False
batch,run_0020,69.0,Fi;Fo;tau,3,3,0.11051362372669127,0.6666666666666666,False,M_pro,False,False
batch,run_0020,69.0,G,1,0,0.0,,False,M_pro,False,False
batch,run_0020,70.0,I10;IL4;M_NA;M_anti;Tb,5,12,0.17537820421192651,0.75,False,M_pro,False,False
batch,run_0020,70.0,A;ABp;Mh_anti;Mh_pro;P,5,8,0.15070890158546368,0.875,False,M_pro,False,False
batch,run_0020,70.0,ABi;ABm;ABo;N,4,3,0.05580628271726019,1.0,False,M_pro,False,False
batch,run_0020,70.0,IL1;IL12;M_pro;Ta,4,7,0.19306972510892426,1.0,True,M_pro,False,False
batch,run_0020,70.0,Fi;Fo;tau,3,3,0.10956458579124366,0.6666666666666666,False,M_pro,False,False
batch,run_0020,70.0,G,1,0,0.0,,False,M_pro,False,False
batch,run_0020,71.0,I10;IL4;M_NA;M_anti;Tb,5,12,0.1738934022397786,0.75,False,M_pro,False,False
batch,run_0020,71.0,A;ABp;Mh_anti;Mh_pro;P,5,8,0.1525569887501704,0.875,False,M_pro,False,False
batch,run_0020,71.0,ABi;ABm;ABo;N,4,3,0.054896012856299733,1.0,False,M_pro,False,False
batch,run_0020,71.0,IL1;IL12;M_pro;Ta,4,7,0.19259511824777362,1.0,True,M_pro,False,False
batch,run_0020,71.0,Fi;Fo;tau,3,3,0.10868137512489949,0.6666666666666666,False,M_pro,False,False
batch,run_0020,71.0,G,1,0,0.0,,False,M_pro,False,False
batch,run_0020,72.0,I10;IL4;M_NA;M_anti;Tb,5,12,0.17244723426993613,0.75,False,M_pro,False,False
batch,run_0020,72.0,IL1;IL12;M_pro;Mh_pro;Ta,5,9,0.24093642913520047,1.0,True,M_pro,False,False
batch,run_0020,72.0,ABi;ABm;ABo;N,4,3,0.05402895932558015,1.0,False,M_pro,False,False
batch,run_0020,72.0,A;ABp;Mh_anti;P,4,4,0.11500613500691252,0.75,False,M_pro,False,False
batch,run_0020,72.0,Fi;Fo;tau,3,3,0.10786002143290978,0.6666666666666666,False,M_pro,False,False
batch,run_0020,72.0,G,1,0,0.0,,False,M_pro,False,False
batch,run_0020,73.0,I10;IL4;M_NA;M_anti;Tb,5,12,0.17103878203481404,0.75,False,M_pro,False,False
batch,run_0020,73.0,IL1;IL12;M_pro;Mh_pro;Ta,5,9,0.24160845223514255,1.0,True,M_pro,False,False
batch,run_0020,73.0,ABi;ABm;ABo;N,4,3,0.053201879350523076,1.0,False,M_pro,False,False
batch,run_0020,73.0,A;ABp;Mh_anti;P,4,4,0.11597715927581119,0.75,False,M_pro,False,False
batch,run_0020,73.0,Fi;Fo;tau,3,3,0.10709675913346119,0.6666666666666666,False,M_pro,False,False
batch,run_0020,73.0,G,1,0,0.0,,False,M_pro,False,False
batch,run_0020,74.0,I10;IL4;M_NA;M_anti;Tb,5,12,0.16656930457524952,0.75,False,M_pro,False,False
batch,run_0020,74.0,IL1;IL12;M_pro;Mh_pro;Ta,5,9,0.23784697026033935,1.0,True,M_pro,False,False
batch,run_0020,74.0,Fi;Fo;G;tau,4,4,0.12270223471263357,0.75,False,M_pro,False,False
batch,run_0020,74.0,ABi;ABm;ABo;N,4,3,0.05145496933969878,1.0,False,M_pro,False,False
batch,run_0020,74.0,A;ABp;Mh_anti;P,4,4,0.11474907844743999,0.75,False,M_pro,False,False
batch,run_0020,75.0,I10;IL4;M_NA;M_anti;Tb,5,12,0.1652338694833182,0.75,False,M_pro,False,False
batch,run_0020,75.0,IL1;IL12;M_pro;Mh_pro;Ta,5,9,0.23845408329991039,1.0,True,M_pro,False,False
batch,run_0020,75.0,Fi;Fo;G;tau,4,4,0.12217430088671216,0.75,False,M_pro,False,False
batch,run_0020,75.0,ABi;ABm;ABo;N,4,3,0.050706060246863596,1.0,False,M_pro,False,False
batch,run_0020,75.0,A;ABp;Mh_anti;P,4,4,0.11556330274366432,0.75,False,M_pro,False,False
batch,run_0020,76.0,I10;IL4;M_NA;M_anti;Tb,5,12,0.16389930510151832,0.75,False,M_pro,False,False
batch,run_0020,76.0,IL1;IL12;M_pro;Mh_pro;Ta,5,9,0.23900547982127154,1.0,True,M_pro,False,False
batch,run_0020,76.0,Fi;Fo;G;tau,4,4,0.12185111597064097,0.75,False,M_pro,False,False
batch,run_0020,76.0,ABi;ABm;ABo;N,4,3,0.04997898391917492,1.0,False,M_pro,False,False
batch,run_0020,76.0,A;ABp;Mh_anti;P,4,4,0.11630013859047139,0.75,False,M_pro,False,False
batch,run_0020,77.0,I10;IL4;M_NA;M_anti;Tb,5,12,0.16256313957609392,0.75,False,M_pro,False,False
batch,run_0020,77.0,IL1;IL12;M_pro;Mh_pro;Ta,5,9,0.23949915771978106,1.0,True,M_pro,False,False
batch,run_0020,77.0,Fi;Fo;G;tau,4,4,0.12172985852659762,0.75,False,M_pro,False,False
batch,run_0020,77.0,ABi;ABm;ABo;N,4,3,0.0492715631353664,1.0,False,M_pro,False,False
batch,run_0020,77.0,A;ABp;Mh_anti;P,4,4,0.1169625184030536,0.75,False,M_pro,False,False
batch,run_0020,78.0,I10;IL4;M_NA;M_anti;Tb,5,12,0.16122464699596167,0.75,False,M_pro,False,False
batch,run_0020,78.0,IL1;IL12;M_pro;Mh_pro;Ta,5,9,0.23993558516391278,1.0,True,M_pro,False,False
batch,run_0020,78.0,Fi;Fo;G;tau,4,4,0.12180158566753846,0.75,False,M_pro,False,False
batch,run_0020,78.0,ABi;ABm;ABo;N,4,3,0.048582265876402915,1.0,False,M_pro,False,False
batch,run_0020,78.0,A;ABp;Mh_anti;P,4,4,0.11755437753487162,0.75,False,M_pro,False,False
batch,run_0020,79.0,I10;IL4;M_NA;M_anti;Tb,5,12,0.15988424679982263,0.75,False,M_pro,False,False
batch,run_0020,79.0,IL1;IL12;M_pro;Mh_pro;Ta,5,9,0.24031692652618594,1.0,True,M_pro,False,False
batch,run_0020,79.0,Fi;Fo;G;tau,4,4,0.1220535539321169,0.75,False,M_pro,False,False
batch,run_0020,79.0,ABi;ABm;ABo;N,4,3,0.047909989498558535,1.0,False,M_pro,False,False
batch,run_0020,79.0,A;ABp;Mh_anti;P,4,4,0.11808028757383028,0.75,False,M_pro,False,False
batch,run_0020,80.0,I10;IL4;M_NA;M_anti;Mh_anti;Tb,6,16,0.2042277124371606,0.8125,False,M_pro,False,False
batch,run_0020,80.0,IL1;IL12;M_pro;Mh_pro;Ta,5,9,0.24064629368803647,1.0,True,M_pro,False,False
batch,run_0020,80.0,Fi;Fo;G;tau,4,4,0.12247141442013552,0.75,False,M_pro,False,False
batch,run_0020,80.0,ABi;ABm;ABo;N,4,3,0.047253880457157026,1.0,False,M_pro,False,False
batch,run_0020,80.0,A;ABp;P,3,2,0.08049967929416742,1.0,False,M_pro,False,False
batch,run_0021,30.0,I10;IL4;M_NA;M_anti,4,4,0.10902773028279128,0.5,False,P,False,False
batch,run_0021,30.0,ABm;N;Ta,3,2,0.4031555474691545,0.5,False,P,False,False
batch,run_0021,30.0,A;P,2,1,0.45480926388640114,1.0,True,P,False,False
batch,run_0021,30.0,ABi,1,0,0.0,,False,P,False,False
batch,run_0021,30.0,ABo,1,0,0.0,,False,P,False,False
batch,run_0021,30.0,ABp,1,0,0.0,,False,P,False,False
batch,run_0021,30.0,G,1,0,0.0,,False,P,False,False
batch,run_0021,30.0,tau,1,0,0.0,,False,P,False,False
batch,run_0021,30.0,Fi,1,0,0.0,,False,P,False,False
batch,run_0021,30.0,Fo,1,0,0.0,,False,P,False,False
batch,run_0021,30.0,M_pro,1,0,0.0,,False,P,False,False
batch,run_0021,30.0,Mh_pro,1,0,0.0,,False,P,False,False
batch,run_0021,30.0,Mh_anti,1,0,0.0,,False,P,False,False
batch,run_0021,30.0,Tb,1,0,0.0,,False,P,False,False
batch,run_0021,30.0,IL1,1,0,0.0,,False,P,False,False
batch,run_0021,30.0,IL12,1,0,0.0,,False,P,False,False
batch,run_0021,31.0,ABi;I10;IL1;IL12;IL4;M_NA;M_anti;M_pro;Mh_pro;Ta;Tb,11,36,0.21214700131833525,0.6111111111111112,False,P,False,False
batch,run_0021,31.0,ABm;ABo;ABp;N,4,3,0.2709005127786461,1.0,False,P,False,False
batch,run_0021,31.0,Fi;Fo;tau,3,3,0.02622437151054648,0.6666666666666666,False,P,False,False
batch,run_0021,31.0,A;Mh_anti;P,3,2,0.32440339103541527,1.0,True,P,False,False
batch,run_0021,31.0,G,1,0,0.0,,False,P,False,False
batch,run_0021,32.0,I10;IL1;IL12;IL4;M_NA;M_anti;M_pro;Mh_pro;Ta;Tb,10,36,0.2542448773138429,0.6388888888888888,True,Mh_pro,False,False
batch,run_0021,32.0,ABi;ABm;ABo;ABp;N,5,4,0.23919370323113714,1.0,False,Mh_pro,False,False
batch,run_0021,32.0,Fi;Fo;tau,3,3,0.06292394863742284,0.6666666666666666,False,Mh_pro,False,False
batch,run_0021,32.0,A;Mh_anti;P,3,2,0.24720433757282811,1.0,False,Mh_pro,False,False
batch,run_0021,32.0,G,1,0,0.0,,False,Mh_pro,False,False
batch,run_0021,33.0,IL1;IL12;IL4;M_NA;M_anti;M_pro;Tb,7,22,0.058100209507808885,0.6818181818181818,False,Mh_pro,False,False
batch,run_0021,33.0,ABi;ABm;ABo;ABp;N,5,4,0.2240599873957973,1.0,False,Mh_pro,False,False
batch,run_0021,33.0,Fi;Fo;tau,3,3,0.09070507660928494,0.6666666666666666,False,Mh_pro,False,False
batch,run_0021,33.0,I10;Mh_pro;Ta,3,3,0.17124140663796716,0.6666666666666666,True,Mh_pro,False,False
batch,run_0021,33.0,A;Mh_anti;P,3,2,0.19394688429841392,1.0,False,Mh_pro,False,False
batch,run_0021,33.0,G,1,0,0.0,,False,Mh_pro,False,False
batch,run_0021,34.0,IL1;IL12;IL4;M_NA;M_anti;M_pro;Tb,7,23,0.08792928269728141,0.6956521739130435,False,Mh_pro,False,False
batch,run_0021,34.0,A;I10;Mh_anti;Mh_pro;P;Ta,6,13,0.43387692787148485,0.8461538461538461,True,Mh_pro,False,False
batch,run_0021,34.0,ABi;ABm;ABo;ABp;N,5,4,0.2134954206505015,1.0,False,Mh_pro,False,False
batch,run_0021,34.0,Fi;Fo;tau,3,3,0.10930280934069146,0.6666666666666666,False,Mh_pro,False,False
batch,run_0021,34.0,G,1,0,0.0,,False,Mh_pro,False,False
batch,run_0021,35.0,IL1;IL12;IL4;M_NA;M_anti;M_pro;Tb,7,23,0.11899690883262697,0.6956521739130435,False,Mh_pro,False,False
batch,run_0021,35.0,A;I10;Mh_anti;Mh_pro;P;Ta,6,13,0.36246657577255764,0.7692307692307693,True,Mh_pro,False,False
batch,run_0021,35.0,ABi;Fi;Fo;tau,4,4,0.12222475081908664,0.5,False,Mh_pro,False,False
batch,run_0021,35.0,ABm;ABo;ABp;N,4,3,0.20417947646690643,1.0,False,Mh_pro,False,False
batch,run_0021,35.0,G,1,0,0.0,,False,Mh_pro,False,False
batch,run_0021,36.0,I10;IL1;IL12;M_pro;Mh_pro;Ta,6,14,0.23885512023177768,0.7142857142857143,True,Mh_pro,False,False
batch,run_0021,36.0,ABi;Fi;Fo;tau,4,4,0.13169227020793048,0.5,False,Mh_pro,False,False
batch,run_0021,36.0,ABm;ABo;ABp;N,4,3,0.19582053060357366,1.0,False,Mh_pro,False,False
batch,run_0021,36.0,IL4;M_NA;M_anti;Tb,4,7,0.05373010744040446,0.8571428571428571,False,Mh_pro,False,False
batch,run_0021,36.0,A;Mh_anti;P,3,2,0.10736216832306228,1.0,False,Mh_pro,False,False
batch,run_0021,36.0,G,1,0,0.0,,False,Mh_pro,False,False
batch,run_0021,37.0,I10;IL1;IL12;M_pro;Mh_pro;Ta,6,14,0.2417887746178694,0.7142857142857143,True,M_pro,False,False
batch,run_0021,37.0,ABi;Fi;Fo;tau,4,4,0.13917835511799048,0.5,False,M_pro,False,False
batch,run_0021,37.0,ABm;ABo;ABp;N,4,3,0.18776476746873802,1.0,False,M_pro,False,False
batch,run_0021,37.0,IL4;M_NA;M_anti;Tb,4,7,0.06512932932128913,0.8571428571428571,False,M_pro,False,False
batch,run_0021,37.0,A;Mh_anti;P,3,2,0.0918631106131843,1.0,False,M_pro,False,False
batch,run_0021,37.0,G,1,0,0.0,,False,M_pro,False,False
batch,run_0021,38.0,A;I10;Mh_anti;Mh_pro;P,5,9,0.1721155003745004,0.7777777777777778,False,M_pro,False,False
batch,run_0021,38.0,ABi;Fi;Fo;tau,4,4,0.14519055792873767,0.5,False,M_pro,False,False
batch,run_0021,38.0,ABm;ABo;ABp;N,4,3,0.17982255118630994,1.0,False,M_pro,False,False
batch,run_0021,38.0,IL4;M_NA;M_anti;Tb,4,7,0.0760532679817801,0.8571428571428571,False,M_pro,False,False
batch,run_0021,38.0,IL1;IL12;M_pro;Ta,4,7,0.13189284829624717,1.0,True,M_pro,False,False
batch,run_0021,38.0,G,1,0,0.0,,False,M_pro,False,False
batch,run_0021,39.0,A;I10;Mh_anti;Mh_pro;P,5,9,0.15105986380519337,0.7777777777777778,False,M_pro,False,False
batch,run_0021,39.0,ABi;Fi;Fo;tau,4,4,0.1499519200821443,0.5,False,M_pro,False,False
batch,run_0021,39.0,ABm;ABo;ABp;N,4,3,0.1720439055346371,1.0,False,M_pro,False,False
batch,run_0021,39.0,IL4;M_NA;M_anti;Tb,4,7,0.0860608908275587,0.8571428571428571,False,M_pro,False,False
batch,run_0021,39.0,IL1;IL12;M_pro;Ta,4,7,0.14374833692103875,1.0,True,M_pro,False,False
batch,run_0021,39.0,G,1,0,0.0,,False,M_pro,False,False
batch,run_0021,40.0,I10;IL4;M_NA;M_anti;Tb,5,12,0.13482301414994102,0.75,False,M_pro,False,False
batch,run_0021,40.0,ABi;Fi;Fo;tau,4,4,0.15362581548970675,0.5,False,M_pro,False,False
batch,run_0021,40.0,ABm;ABo;ABp;N,4,3,0.16459202468451345,1.0,False,M_pro,False,False
batch,run_0021,40.0,IL1;IL12;M_pro;Ta,4,7,0.15310317930794087,1.0,True,M_pro,False,False
batch,run_0021,40.0,A;Mh_anti;Mh_pro;P,4,6,0.09798574459305698,0.8333333333333334,False,M_pro,False,False
batch,run_0021,40.0,G,1,0,0.0,,False,M_pro,False,False
batch,run_0021,41.0,I10;IL4;M_NA;M_anti;Tb,5,12,0.14693375641917292,0.75,False,M_pro,False,False
batch,run_0021,41.0,ABi;Fi;Fo;tau,4,4,0.1563486642894576,0.5,False,M_pro,False,False
batch,run_0021,41.0,ABm;ABo;ABp;N,4,3,0.15760259261244652,1.0,False,M_pro,False,False
batch,run_0021,41.0,IL1;IL12;M_pro;Ta,4,7,0.1604131573359231,1.0,True,M_pro,False,False
batch,run_0021,41.0,A;Mh_anti;Mh_pro;P,4,6,0.08964999146630924,1.0,False,M_pro,False,False
batch,run_0021,41.0,G,1,0,0.0,,False,M_pro,False,False
batch,run_0021,42.0,I10;IL4;M_NA;M_anti;Tb,5,12,0.1578160991847402,0.75,False,M_pro,False,False
batch,run_0021,42.0,ABi;Fi;Fo;tau,4,4,0.158244538514074,0.5,False,M_pro,False,False
batch,run_0021,42.0,ABm;ABo;ABp;N,4,3,0.15115156845746303,1.0,False,M_pro,False,False
batch,run_0021,42.0,IL1;IL12;M_pro;Ta,4,7,0.16603797513983412,1.0,True,M_pro,False,False
batch,run_0021,42.0,A;Mh_anti;Mh_pro;P,4,6,0.08378711424729987,1.0,False,M_pro,False,False
batch,run_0021,42.0,G,1,0,0.0,,False,M_pro,False,False
batch,run_0021,43.0,I10;IL4;M_NA;M_anti;Tb,5,12,0.16754515595060876,0.75,False,M_pro,False,False
batch,run_0021,43.0,ABi;Fi;Fo;tau,4,4,0.1594179587257917,0.5,False,M_pro,False,False
batch,run_0021,43.0,ABm;ABo;ABp;N,4,3,0.1452512169602099,1.0,False,M_pro,False,False
batch,run_0021,43.0,IL1;IL12;M_pro;Ta,4,7,0.1702454974214966,1.0,True,M_pro,False,False
batch,run_0021,43.0,A;Mh_anti;Mh_pro;P,4,6,0.0799160945370289,1.0,False,M_pro,False,False
batch,run_0021,43.0,G,1,0,0.0,,False,M_pro,False,False
batch,run_0021,44.0,I10;IL4;M_NA;M_anti;Tb,5,12,0.17621466962563084,0.75,False,M_pro,False,False
batch,run_0021,44.0,ABi;Fi;Fo;tau,4,4,0.1599652965605103,0.5,False,M_pro,False,False
batch,run_0021,44.0,ABm;ABo;ABp;N,4,3,0.13987841112362917,1.0,False,M_pro,False,False
batch,run_0021,44.0,IL1;IL12;M_pro;Ta,4,7,0.17324287676507466,1.0,True,M_pro,False,False
batch,run_0021,44.0,A;Mh_anti;Mh_pro;P,4,6,0.07766963797591508,1.0,False,M_pro,False,False
batch,run_0021,44.0,G,1,0,0.0,,False,M_pro,False,False
batch,run_0021,45.0,I10;IL4;M_NA;M_anti;Tb,5,12,0.1839217114440466,0.75,False,M_pro,False,False
batch,run_0021,45.0,A;ABp;Mh_anti;Mh_pro;P,5,8,0.09148750192497444,0.875,False,M_pro,False,False
batch,run_0021,45.0,ABi;ABm;ABo;N,4,3,0.12027030098023567,1.0,False,M_pro,False,False
batch,run_0021,45.0,IL1;IL12;M_pro;Ta,4,7,0.1751978973561744,1.0,True,M_pro,False,False
batch,run_0021,45.0,Fi;Fo;tau,3,3,0.1594777173002141,0.6666666666666666,False,M_pro,False,False
batch,run_0021,45.0,G,1,0,0.0,,False,M_pro,False,False
batch,run_0021,46.0,I10;IL4;M_NA;M_anti;Tb,5,12,0.1907606422948443,0.75,False,M_pro,False,False
batch,run_0021,46.0,A;ABp;Mh_anti;Mh_pro;P,5,8,0.09306723678318025,0.875,False,M_pro,False,False
batch,run_0021,46.0,ABi;ABm;ABo;N,4,3,0.11574598672171249,1.0,False,M_pro,False,False
batch,run_0021,46.0,IL1;IL12;M_pro;Ta,4,7,0.17625188827019808,1.0,True,M_pro,False,False
batch,run_0021,46.0,Fi;Fo;tau,3,3,0.1590497684440499,0.6666666666666666,False,M_pro,False,False
batch,run_0021,46.0,G,1,0,0.0,,False,M_pro,False,False
batch,run_0021,47.0,I10;IL4;M_NA;M_anti;Tb,5,12,0.19682081539288349,0.75,False,M_pro,False,False
batch,run_0021,47.0,A;ABp;Mh_anti;Mh_pro;P,5,8,0.09551695707822769,0.875,False,M_pro,False,False
batch,run_0021,47.0,ABi;ABm;ABo;N,4,3,0.11167422663899816,1.0,False,M_pro,False,False
batch,run_0021,47.0,IL1;IL12;M_pro;Ta,4,7,0.17652731572970248,1.0,True,M_pro,False,False
batch,run_0021,47.0,Fi;Fo;tau,3,3,0.15826270865574457,0.6666666666666666,False,M_pro,False,False
batch,run_0021,47.0,G,1,0,0.0,,False,M_pro,False,False
batch,run_0021,48.0,I10;IL4;M_NA;M_anti;Tb,5,12,0.20218587239437066,0.75,False,M_pro,False,False
batch,run_0021,48.0,A;ABp;Mh_anti;Mh_pro;P,5,8,0.09867010717382067,0.875,False,M_pro,False,False
batch,run_0021,48.0,ABi;ABm;ABo;N,4,3,0.10800300375031363,1.0,False,M_pro,False,False
batch,run_0021,48.0,IL1;IL12;M_pro;Ta,4,7,0.17613208236645403,1.0,True,M_pro,False,False
batch,run_0021,48.0,Fi;Fo;tau,3,3,0.1571935354042101,0.6666666666666666,False,M_pro,False,False
batch,run_0021,48.0,G,1,0,0.0,,False,M_pro,False,False
batch,run_0021,49.0,I10;IL4;M_NA;M_anti;Tb,5,12,0.2069338273506203,0.75,False,M_pro,False,False
batch,run_0021,49.0,A;ABp;Mh_anti;Mh_pro;P,5,8,0.10238552801218397,0.875,False,M_pro,False,False
batch,run_0021,49.0,ABi;ABm;ABo;N,4,3,0.1046861365562935,1.0,False,M_pro,False,False
batch,run_0021,49.0,IL1;IL12;M_pro;Ta,4,7,0.17516213667507338,1.0,True,M_pro,False,False
batch,run_0021,49.0,Fi;Fo;tau,3,3,0.1559113915906413,0.6666666666666666,False,M_pro,False,False
batch,run_0021,49.0,G,1,0,0.0,,False,M_pro,False,False
batch,run_0021,50.0,I10;IL4;M_NA;M_anti;Tb,5,12,0.2111372277954598,0.75,False,M_pro,False,False
batch,run_0021,50.0,A;ABp;Mh_anti;Mh_pro;P,5,8,0.10654247829465523,0.875,False,M_pro,False,False
batch,run_0021,50.0,ABi;ABm;ABo;N,4,3,0.10168316080397481,1.0,False,M_pro,False,False
batch,run_0021,50.0,IL1;IL12;M_pro;Ta,4,7,0.17370309515897123,1.0,True,M_pro,False,False
batch,run_0021,50.0,Fi;Fo;tau,3,3,0.15447685942184894,0.6666666666666666,False,M_pro,False,False
batch,run_0021,50.0,G,1,0,0.0,,False,M_pro,False,False
batch,run_0021,51.0,I10;IL4;M_NA;M_anti;Tb,5,12,0.21486332180632542,0.75,False,M_pro,False,False
batch,run_0021,51.0,A;ABp;Mh_anti;Mh_pro;P,5,8,0.11103712321344111,0.875,False,M_pro,False,False
batch,run_0021,51.0,ABi;ABm;ABo;N,4,3,0.09895882604631198,1.0,False,M_pro,False,False
batch,run_0021,51.0,IL1;IL12;M_pro;Ta,4,7,0.17183134020926447,1.0,True,M_pro,False,False
batch,run_0021,51.0,Fi;Fo;tau,3,3,0.15294186912416124,0.6666666666666666,False,M_pro,False,False
batch,run_0021,51.0,G,1,0,0.0,,False,M_pro,False,False
batch,run_0021,52.0,I10;IL4;M_NA;M_anti;Tb,5,12,0.21817423692633467,0.75,False,M_pro,False,False
batch,run_0021,52.0,A;ABp;Mh_anti;Mh_pro;P,5,8,0.115780005261055,0.875,False,M_pro,False,False
batch,run_0021,52.0,ABi;ABm;ABo;N,4,3,0.09648248692256392,1.0,False,M_pro,False,False
batch,run_0021,52.0,IL1;IL12;M_pro;Ta,4,7,0.16961487651421414,1.0,True,M_pro,False,False
batch,run_0021,52.0,Fi;Fo;tau,3,3,0.15135003832854968,0.6666666666666666,False,M_pro,False,False
batch,run_0021,52.0,G,1,0,0.0,,False,M_pro,False,False
batch,run_0021,53.0,I10;IL4;M_NA;M_anti;Tb,5,12,0.22112709938828998,0.75,False,M_pro,False,False
batch,run_0021,53.0,A;ABp;Mh_anti;Mh_pro;P,5,8,0.1206941968345079,0.875,False,M_pro,False,False
batch,run_0021,53.0,ABi;ABm;ABo;N,4,3,0.09422753288643661,1.0,False,M_pro,False,False
batch,run_0021,53.0,IL1;IL12;M_pro;Ta,4,7,0.1671140230060973,1.0,True,M_pro,False,False
batch,run_0021,53.0,Fi;Fo;tau,3,3,0.14973729022961427,0.6666666666666666,False,M_pro,False,False
batch,run_0021,53.0,G,1,0,0.0,,False,M_pro,False,False
batch,run_0021,54.0,I10;IL4;M_NA;M_anti;Tb,5,12,0.22377413294493714,0.75,False,M_pro,False,False
batch,run_0021,54.0,A;ABp;Mh_anti;Mh_pro;P,5,8,0.12571385602617866,0.875,False,M_pro,False,False
batch,run_0021,54.0,ABi;ABm;ABo;N,4,3,0.09217083083522774,1.0,False,M_pro,False,False
batch,run_0021,54.0,IL1;IL12;M_pro;Ta,4,7,0.16438201592290094,1.0,True,M_pro,False,False
batch,run_0021,54.0,Fi;Fo;tau,3,3,0.14813264550794916,0.6666666666666666,False,M_pro,False,False
batch,run_0021,54.0,G,1,0,0.0,,False,M_pro,False,False
batch,run_0021,55.0,I10;IL4;M_NA;M_anti;Tb,5,12,0.22616275974316866,0.75,False,Fo,False,False
batch,run_0021,55.0,A;ABp;Mh_anti;Mh_pro;P,5,8,0.13078304255236997,0.875,False,Fo,False,False
batch,run_0021,55.0,ABi;ABm;ABo;N,4,3,0.09029222294052051,1.0,False,Fo,False,False
batch,run_0021,55.0,IL1;IL12;M_pro;Ta,4,7,0.1614655662553011,1.0,False,Fo,False,False
batch,run_0021,55.0,Fi;Fo;tau,3,3,0.14655908333586556,0.6666666666666666,True,Fo,False,False
batch,run_0021,55.0,G,1,0,0.0,,False,Fo,False,False
batch,run_0021,56.0,I10;IL4;M_NA;M_anti;Tb,5,12,0.22833574760613642,0.75,False,Fo,False,False
batch,run_0021,56.0,A;ABp;Mh_anti;Mh_pro;P,5,8,0.13585467738158327,0.875,False,Fo,False,False
batch,run_0021,56.0,ABi;ABm;ABo;N,4,3,0.08857407612448127,1.0,False,Fo,False,False
batch,run_0021,56.0,IL1;IL12;M_pro;Ta,4,7,0.15840541747370074,1.0,False,Fo,False,False
batch,run_0021,56.0,Fi;Fo;tau,3,3,0.14503438469509738,0.6666666666666666,True,Fo,False,False
batch,run_0021,56.0,G,1,0,0.0,,False,Fo,False,False
batch,run_0021,57.0,I10;IL4;M_NA;M_anti;Tb,5,12,0.23033137068450774,0.75,False,Fo,False,False
batch,run_0021,57.0,A;ABp;Mh_anti;Mh_pro;P,5,8,0.14088962130703941,0.875,False,Fo,False,False
batch,run_0021,57.0,ABi;ABm;ABo;N,4,3,0.08700091042831265,1.0,False,Fo,False,False
batch,run_0021,57.0,IL1;IL12;M_pro;Ta,4,7,0.15523687544302803,1.0,False,Fo,False,False
batch,run_0021,57.0,Fi;Fo;tau,3,3,0.14357193022064973,0.6666666666666666,True,Fo,False,False
batch,run_0021,57.0,G,1,0,0.0,,False,Fo,False,False
batch,run_0021,58.0,I10;IL4;M_NA;M_anti;Tb,5,12,0.23218360465207183,0.75,False,Fo,False,False
batch,run_0021,58.0,A;ABp;Mh_anti;Mh_pro;P,5,8,0.14585582004122158,0.875,False,Fo,False,False
batch,run_0021,58.0,ABi;ABm;ABo;N,4,3,0.08555908293155055,1.0,False,Fo,False,False
batch,run_0021,58.0,IL1;IL12;M_pro;Ta,4,7,0.1519903234594552,1.0,False,Fo,False,False
batch,run_0021,58.0,Fi;Fo;tau,3,3,0.14218142451071394,0.6666666666666666,True,Fo,False,False
batch,run_0021,58.0,G,1,0,0.0,,False,Fo,False,False
batch,run_0021,59.0,I10;IL4;M_NA;M_anti;Tb,5,12,0.23392234020514888,0.75,False,Fo,False,False
batch,run_0021,59.0,A;ABp;Mh_anti;Mh_pro;P,5,8,0.15072750884928202,0.875,False,Fo,False,False
batch,run_0021,59.0,ABi;ABm;ABo;N,4,3,0.084236523291758,1.0,False,Fo,False,False
batch,run_0021,59.0,IL1;IL12;M_pro;Ta,4,7,0.1486917103583608,1.0,False,Fo,False,False
batch,run_0021,59.0,Fi;Fo;tau,3,3,0.14086955166370707,0.6666666666666666,True,Fo,False,False
batch,run_0021,59.0,G,1,0,0.0,,False,Fo,False,False
batch,run_0021,60.0,I10;IL4;M_NA;M_anti;Tb,5,12,0.23557362908947838,0.75,False,Fo,False,False
batch,run_0021,60.0,A;ABp;Mh_anti;Mh_pro;P,5,8,0.15548445679930223,0.875,False,Fo,False,False
batch,run_0021,60.0,ABi;ABm;ABo;N,4,3,0.08302250735314785,1.0,False,Fo,False,False
batch,run_0021,60.0,IL1;IL12;M_pro;Ta,4,7,0.14536302480434438,1.0,False,Fo,False,False
batch,run_0021,60.0,Fi;Fo;tau,3,3,0.13964054605329326,0.6666666666666666,True,Fo,False,False
batch,run_0021,60.0,G,1,0,0.0,,False,Fo,False,False
batch,run_0021,61.0,I10;IL4;M_NA;M_anti;Tb,5,12,0.23715996294716082,0.75,False,Fo,False,False
batch,run_0021,61.0,A;ABp;Mh_anti;Mh_pro;P,5,8,0.16011124713798985,0.875,False,Fo,False,False
batch,run_0021,61.0,ABi;ABm;ABo;N,4,3,0.08190746348739299,1.0,False,Fo,False,False
batch,run_0021,61.0,IL1;IL12;M_pro;Ta,4,7,0.14202275647874857,1.0,False,Fo,False,False
batch,run_0021,61.0,Fi;Fo;tau,3,3,0.13849667075769867,0.6666666666666666,True,Fo,False,False
batch,run_0021,61.0,G,1,0,0.0,,False,Fo,False,False
batch,run_0021,62.0,I10;IL4;M_NA;M_anti;Tb,5,12,0.23870055726368103,0.75,False,Fo,False,False
batch,run_0021,62.0,IL1;IL12;M_pro;Mh_pro;Ta,5,9,0.16920977698785838,1.0,False,Fo,False,False
batch,run_0021,62.0,ABi;ABm;ABo;N,4,3,0.08088281495257973,1.0,False,Fo,False,False
batch,run_0021,62.0,A;ABp;Mh_anti;P,4,4,0.1356870459515516,0.75,False,Fo,False,False
batch,run_0021,62.0,Fi;Fo;tau,3,3,0.13743862435039458,0.6666666666666666,True,Fo,False,False
batch,run_0021,62.0,G,1,0,0.0,,False,Fo,False,False
batch,run_0021,63.0,I10;IL4;M_NA;M_anti;Tb,5,12,0.240211633423149,0.75,False,Fo,False,False
batch,run_0021,63.0,IL1;IL12;M_pro;Mh_pro;Ta,5,9,0.16632059916791442,1.0,False,Fo,False,False
batch,run_0021,63.0,ABi;ABm;ABo;N,4,3,0.07994085071984945,1.0,False,Fo,False,False
batch,run_0021,63.0,A;ABp;Mh_anti;P,4,4,0.13980918753676563,0.75,False,Fo,False,False
batch,run_0021,63.0,Fi;Fo;tau,3,3,0.13646588652292752,0.6666666666666666,True,Fo,False,False
batch,run_0021,63.0,G,1,0,0.0,,False,Fo,False,False
batch,run_0021,64.0,I10;IL4;M_NA;M_anti;Tb,5,12,0.24170670337930206,0.75,False,Fo,False,False
batch,run_0021,64.0,IL1;IL12;M_pro;Mh_pro;Ta,5,9,0.16340734543049504,1.0,False,Fo,False,False
batch,run_0021,64.0,ABi;ABm;ABo;N,4,3,0.07907461555607077,1.0,False,Fo,False,False
batch,run_0021,64.0,A;ABp;Mh_anti;P,4,4,0.14383032806289495,0.75,False,Fo,False,False
batch,run_0021,64.0,Fi;Fo;tau,3,3,0.13557700293553746,0.6666666666666666,True,Fo,False,False
batch,run_0021,64.0,G,1,0,0.0,,False,Fo,False,False
batch,run_0021,65.0,I10;IL4;M_NA;M_anti;Tb,5,12,0.2431968395875849,0.75,False,Fo,False,False
batch,run_0021,65.0,IL1;IL12;M_pro;Mh_pro;Ta,5,9,0.1604767511414631,1.0,False,Fo,False,False
batch,run_0021,65.0,ABi;ABm;ABo;N,4,3,0.07827781763269101,1.0,False,Fo,False,False
batch,run_0021,65.0,A;ABp;Mh_anti;P,4,4,0.14774779295471802,0.75,False,Fo,False,False
batch,run_0021,65.0,Fi;Fo;tau,3,3,0.13476982615312158,0.6666666666666666,True,Fo,False,False
batch,run_0021,65.0,G,1,0,0.0,,False,Fo,False,False
batch,run_0021,66.0,I10;IL4;M_NA;M_anti;Tb,5,12,0.24469094500575064,0.75,False,Fo,False,False
batch,run_0021,66.0,IL1;IL12;M_pro;Mh_pro;Ta,5,9,0.1575346698238139,1.0,False,Fo,False,False
batch,run_0021,66.0,ABi;ABm;ABo;N,4,3,0.07754474869413275,1.0,False,Fo,False,False
batch,run_0021,66.0,A;ABp;Mh_anti;P,4,4,0.15156024659621656,0.75,False,Fo,False,False
batch,run_0021,66.0,Fi;Fo;tau,3,3,0.1340417033926284,0.6666666666666666,True,Fo,False,False
batch,run_0021,66.0,G,1,0,0.0,,False,Fo,False,False
batch,run_0021,67.0,I10;IL4;M_NA;M_anti;Tb,5,12,0.24619600887082138,0.75,False,P,False,False
batch,run_0021,67.0,IL1;IL12;M_pro;Mh_pro;Ta,5,9,0.1545862155085557,1.0,False,P,False,False
batch,run_0021,67.0,ABi;ABm;ABo;N,4,3,0.07687021659589895,1.0,False,P,False,False
batch,run_0021,67.0,A;ABp;Mh_anti;P,4,4,0.15526744614147325,0.75,True,P,False,False
batch,run_0021,67.0,Fi;Fo;tau,3,3,0.13338962665645465,0.6666666666666666,False,P,False,False
batch,run_0021,67.0,G,1,0,0.0,,False,P,False,False
batch,run_0021,68.0,I10;IL4;M_NA;M_anti;Tb,5,12,0.24771734365659398,0.75,False,P,False,False
batch,run_0021,68.0,IL1;IL12;M_pro;Mh_pro;Ta,5,9,0.1516358826856391,1.0,False,P,False,False
batch,run_0021,68.0,ABi;ABm;ABo;N,4,3,0.07624948830033489,1.0,False,P,False,False
batch,run_0021,68.0,A;ABp;Mh_anti;P,4,4,0.15887002928010888,0.75,True,P,False,False
batch,run_0021,68.0,Fi;Fo;tau,3,3,0.13281035385196202,0.6666666666666666,False,P,False,False
batch,run_0021,68.0,G,1,0,0.0,,False,P,False,False
batch,run_0021,69.0,I10;IL4;M_NA;M_anti;Tb,5,12,0.2492588023432952,0.75,False,P,False,False
batch,run_0021,69.0,IL1;IL12;M_pro;Mh_pro;Ta,5,9,0.148687646347416,1.0,False,P,False,False
batch,run_0021,69.0,ABi;ABm;ABo;N,4,3,0.07567824118515246,1.0,False,P,False,False
batch,run_0021,69.0,A;ABp;Mh_anti;P,4,4,0.16236933253004815,0.75,True,P,False,False
batch,run_0021,69.0,Fi;Fo;tau,3,3,0.13230050620227293,0.6666666666666666,False,P,False,False
batch,run_0021,69.0,G,1,0,0.0,,False,P,False,False
batch,run_0021,70.0,I10;IL4;M_NA;M_anti;Tb,5,12,0.2508229763265787,0.75,False,P,False,False
batch,run_0021,70.0,IL1;IL12;M_pro;Mh_pro;Ta,5,9,0.14574504531855412,1.0,False,P,False,False
batch,run_0021,70.0,ABi;ABm;ABo;N,4,3,0.07515252085762204,1.0,False,P,False,False
batch,run_0021,70.0,A;ABp;Mh_anti;P,4,4,0.1657672360463422,0.75,True,P,False,False
batch,run_0021,70.0,Fi;Fo;tau,3,3,0.13185664552351775,0.6666666666666666,False,P,False,False
batch,run_0021,70.0,G,1,0,0.0,,False,P,False,False
batch,run_0021,71.0,I10;IL4;M_NA;M_anti;Tb,5,12,0.25241137868839747,0.75,False,P,False,False
batch,run_0021,71.0,IL1;IL12;M_pro;Mh_pro;Ta,5,9,0.1428112506337732,1.0,False,P,False,False
batch,run_0021,71.0,ABi;ABm;ABo;N,4,3,0.07466870443151893,1.0,False,P,False,False
batch,run_0021,71.0,A;ABp;Mh_anti;P,4,4,0.16906603525181682,0.75,True,P,False,False
batch,run_0021,71.0,Fi;Fo;tau,3,3,0.131475330420719,0.6666666666666666,False,P,False,False
batch,run_0021,71.0,G,1,0,0.0,,False,P,False,False
batch,run_0021,72.0,I10;IL4;M_NA;M_anti;Tb,5,12,0.25402460094462825,0.75,False,P,False,False
batch,run_0021,72.0,IL1;IL12;M_pro;Mh_pro;Ta,5,9,0.13988912716394786,1.0,False,P,False,False
batch,run_0021,72.0,ABi;ABm;ABo;N,4,3,0.07422346658954712,1.0,False,P,False,False
batch,run_0021,72.0,A;ABp;Mh_anti;P,4,4,0.1722683179985682,0.75,True,P,False,False
batch,run_0021,72.0,Fi;Fo;tau,3,3,0.1311531688237518,0.6666666666666666,False,P,False,False
batch,run_0021,72.0,G,1,0,0.0,,False,P,False,False
batch,run_0021,73.0,I10;IL4;M_NA;M_anti;Tb,5,12,0.25566246878331533,0.75,False,P,False,False
batch,run_0021,73.0,IL1;IL12;M_pro;Mh_pro;Ta,5,9,0.1369812788194623,1.0,False,P,False,False
batch,run_0021,73.0,ABi;ABm;ABo;N,4,3,0.07381375156196099,1.0,False,P,False,False
batch,run_0021,73.0,A;ABp;Mh_anti;P,4,4,0.17537688046765124,0.75,True,P,False,False
batch,run_0021,73.0,Fi;Fo;tau,3,3,0.13088684095237232,0.6666666666666666,False,P,False,False
batch,run_0021,73.0,G,1,0,0.0,,False,P,False,False
batch,run_0021,74.0,I10;IL4;M_NA;M_anti;Tb,5,12,0.251346795046752,0.75,False,P,False,False
batch,run_0021,74.0,IL1;IL12;M_pro;Mh_pro;Ta,5,9,0.13097531914231916,1.0,False,P,False,False
batch,run_0021,74.0,Fi;Fo;G;tau,4,4,0.15086666813345023,0.75,False,P,False,False
batch,run_0021,74.0,ABi;ABm;ABo;N,4,3,0.07173088765283166,1.0,False,P,False,False
batch,run_0021,74.0,A;ABp;Mh_anti;P,4,4,0.1742507147117332,0.75,True,P,False,False
batch,run_0021,75.0,I10;IL4;M_NA;M_anti;Tb,5,12,0.2529010095396897,0.75,False,P,False,False
batch,run_0021,75.0,IL1;IL12;M_pro;Mh_pro;Ta,5,9,0.12812366829588573,1.0,False,P,False,False
batch,run_0021,75.0,Fi;Fo;G;tau,4,4,0.15100901816967152,0.75,False,P,False,False
batch,run_0021,75.0,ABi;ABm;ABo;N,4,3,0.07136648391092686,1.0,False,P,False,False
batch,run_0021,75.0,A;ABp;Mh_anti;P,4,4,0.1770489967421869,0.75,True,P,False,False
batch,run_0021,76.0,I10;IL4;M_NA;M_anti;Tb,5,12,0.2544111835382848,0.75,False,P,False,False
batch,run_0021,76.0,IL1;IL12;M_pro;Mh_pro;Ta,5,9,0.12526333056899727,1.0,False,P,False,False
batch,run_0021,76.0,Fi;Fo;G;tau,4,4,0.15139852067731147,0.75,False,P,False,False
batch,run_0021,76.0,ABi;ABm;ABo;N,4,3,0.07101203618254631,1.0,False,P,False,False
batch,run_0021,76.0,A;ABp;Mh_anti;P,4,4,0.17971786899135306,0.75,True,P,False,False
batch,run_0021,77.0,I10;IL4;M_NA;M_anti;Tb,5,12,0.2558709955654366,0.75,False,P,False,False
batch,run_0021,77.0,IL1;IL12;M_pro;Mh_pro;Ta,5,9,0.1223967241323519,1.0,False,P,False,False
batch,run_0021,77.0,Fi;Fo;G;tau,4,4,0.15203698071023242,0.75,False,P,False,False
batch,run_0021,77.0,ABi;ABm;ABo;N,4,3,0.07066489154558994,1.0,False,P,False,False
batch,run_0021,77.0,A;ABp;Mh_anti;P,4,4,0.18225615615397497,0.75,True,P,False,False
batch,run_0021,78.0,I10;IL4;M_NA;M_anti;Tb,5,12,0.25727691797467134,0.75,False,P,False,False
batch,run_0021,78.0,IL1;IL12;M_pro;Mh_pro;Ta,5,9,0.11952770841585492,1.0,False,P,False,False
batch,run_0021,78.0,Fi;Fo;G;tau,4,4,0.15291767487360086,0.75,False,P,False,False
batch,run_0021,78.0,ABi;ABm;ABo;N,4,3,0.07032330320444619,1.0,False,P,False,False
batch,run_0021,78.0,A;ABp;Mh_anti;P,4,4,0.18466482375195634,0.75,True,P,False,False
batch,run_0021,79.0,I10;IL4;M_NA;M_anti;Tb,5,12,0.2586275289207666,0.75,False,P,False,False
batch,run_0021,79.0,IL1;IL12;M_pro;Mh_pro;Ta,5,9,0.11666101506994105,1.0,False,P,False,False
batch,run_0021,79.0,Fi;Fo;G;tau,4,4,0.1540279531657707,0.75,False,P,False,False
batch,run_0021,79.0,ABi;ABm;ABo;N,4,3,0.06998617248216375,1.0,False,P,False,False
batch,run_0021,79.0,A;ABp;Mh_anti;P,4,4,0.18694653239453604,0.75,True,P,False,False
batch,run_0021,80.0,I10;IL4;M_NA;M_anti;Tb,5,12,0.25992258739858964,0.75,False,P,False,False
batch,run_0021,80.0,IL1;IL12;M_pro;Mh_pro;Ta,5,9,0.11380167015807394,1.0,False,P,False,False
batch,run_0021,80.0,Fi;Fo;G;tau,4,4,0.15535241486529117,0.75,False,P,False,False
batch,run_0021,80.0,ABi;ABm;ABo;N,4,3,0.06965275660208507,1.0,False,P,False,False
batch,run_0021,80.0,A;ABp;Mh_anti;P,4,4,0.18910495298357263,0.75,True,P,False,False
batch,run_0022,30.0,I10;IL4;M_NA;M_anti,4,4,0.12835727235551955,0.5,False,P,False,False
batch,run_0022,30.0,ABm;N;Ta,3,2,0.306417299107662,0.5,False,P,False,False
batch,run_0022,30.0,A;P,2,1,0.5318747548923448,1.0,True,P,False,False
batch,run_0022,30.0,ABi,1,0,0.0,,False,P,False,False
batch,run_0022,30.0,ABo,1,0,0.0,,False,P,False,False
batch,run_0022,30.0,ABp,1,0,0.0,,False,P,False,False
batch,run_0022,30.0,G,1,0,0.0,,False,P,False,False
batch,run_0022,30.0,tau,1,0,0.0,,False,P,False,False
batch,run_0022,30.0,Fi,1,0,0.0,,False,P,False,False
batch,run_0022,30.0,Fo,1,0,0.0,,False,P,False,False
batch,run_0022,30.0,M_pro,1,0,0.0,,False,P,False,False
batch,run_0022,30.0,Mh_pro,1,0,0.0,,False,P,False,False
batch,run_0022,30.0,Mh_anti,1,0,0.0,,False,P,False,False
batch,run_0022,30.0,Tb,1,0,0.0,,False,P,False,False
batch,run_0022,30.0,IL1,1,0,0.0,,False,P,False,False
batch,run_0022,30.0,IL12,1,0,0.0,,False,P,False,False
batch,run_0022,31.0,ABi;I10;IL1;IL12;IL4;M_NA;M_anti;M_pro;Mh_pro;Ta;Tb,11,36,0.19342024578608139,0.6111111111111112,False,P,False,False
batch,run_0022,31.0,ABm;ABo;ABp;N,4,3,0.23346239766506713,1.0,False,P,False,False
batch,run_0022,31.0,Fi;Fo;tau,3,3,0.021554697905290285,0.6666666666666666,False,P,False,False
batch,run_0022,31.0,A;Mh_anti;P,3,2,0.4062182666907707,1.0,True,P,False,False
batch,run_0022,31.0,G,1,0,0.0,,False,P,False,False
batch,run_0022,32.0,I10;IL1;IL12;IL4;M_NA;M_anti;M_pro;Mh_pro;Ta;Tb,10,36,0.22496721219510551,0.6388888888888888,False,P,False,False
batch,run_0022,32.0,ABi;ABm;ABo;ABp;N,5,4,0.22860535205547455,1.0,False,P,False,False
batch,run_0022,32.0,Fi;Fo;tau,3,3,0.052889000428148474,0.6666666666666666,False,P,False,False
batch,run_0022,32.0,A;Mh_anti;P,3,2,0.315643424532841,1.0,True,P,False,False
batch,run_0022,32.0,G,1,0,0.0,,False,P,False,False
batch,run_0022,33.0,I10;IL1;IL12;IL4;M_NA;M_anti;M_pro;Mh_pro;Ta;Tb,10,38,0.251435140446609,0.6052631578947368,True,Mh_pro,False,False
batch,run_0022,33.0,ABi;ABm;ABo;ABp;N,5,4,0.23097527112068747,1.0,False,Mh_pro,False,False
batch,run_0022,33.0,Fi;Fo;tau,3,3,0.07687648924352415,0.6666666666666666,False,Mh_pro,False,False
batch,run_0022,33.0,A;Mh_anti;P,3,2,0.24923313293103547,1.0,False,Mh_pro,False,False
batch,run_0022,33.0,G,1,0,0.0,,False,Mh_pro,False,False
batch,run_0022,34.0,I10;IL1;IL12;IL4;M_NA;M_anti;M_pro;Mh_pro;Ta;Tb,10,39,0.27715478119123665,0.6153846153846154,True,Mh_pro,False,False
batch,run_0022,34.0,ABi;ABm;ABo;ABp;N,5,4,0.23199219651998806,1.0,False,Mh_pro,False,False
batch,run_0022,34.0,Fi;Fo;tau,3,3,0.093098814288084,0.6666666666666666,False,Mh_pro,False,False
batch,run_0022,34.0,A;Mh_anti;P,3,2,0.20079740330545684,1.0,False,Mh_pro,False,False
batch,run_0022,34.0,G,1,0,0.0,,False,Mh_pro,False,False
batch,run_0022,35.0,I10;IL1;IL12;M_pro;Mh_pro;Ta,6,14,0.19428964628263387,0.7142857142857143,True,Mh_pro,False,False
batch,run_0022,35.0,ABi;Fi;Fo;tau,4,4,0.10446285540759397,0.5,False,Mh_pro,False,False
batch,run_0022,35.0,ABm;ABo;ABp;N,4,3,0.23013457973417303,1.0,False,Mh_pro,False,False
batch,run_0022,35.0,IL4;M_NA;M_anti;Tb,4,7,0.04765230989534533,0.8571428571428571,False,Mh_pro,False,False
batch,run_0022,35.0,A;Mh_anti;P,3,2,0.16522210896383793,1.0,False,Mh_pro,False,False
batch,run_0022,35.0,G,1,0,0.0,,False,Mh_pro,False,False
batch,run_0022,36.0,I10;IL1;IL12;M_pro;Mh_pro;Ta,6,14,0.1998088615574249,0.7142857142857143,True,Mh_pro,False,False
batch,run_0022,36.0,ABi;Fi;Fo;tau,4,4,0.11274215085470685,0.5,False,Mh_pro,False,False
batch,run_0022,36.0,ABm;ABo;ABp;N,4,3,0.2261613185954943,1.0,False,Mh_pro,False,False
batch,run_0022,36.0,IL4;M_NA;M_anti;Tb,4,7,0.05788531005833988,0.8571428571428571,False,Mh_pro,False,False
batch,run_0022,36.0,A;Mh_anti;P,3,2,0.13855415783643843,1.0,False,Mh_pro,False,False
batch,run_0022,36.0,G,1,0,0.0,,False,Mh_pro,False,False
batch,run_0022,37.0,I10;IL1;IL12;M_pro;Mh_pro;Ta,6,14,0.20480453916912508,0.7142857142857143,False,ABo,False,False
batch,run_0022,37.0,ABi;Fi;Fo;tau,4,4,0.11917963471550168,0.5,False,ABo,False,False
batch,run_0022,37.0,ABm;ABo;ABp;N,4,3,0.22034947895370494,1.0,True,ABo,False,False
batch,run_0022,37.0,IL4;M_NA;M_anti;Tb,4,7,0.06771112489022119,0.8571428571428571,False,ABo,False,False
batch,run_0022,37.0,A;Mh_anti;P,3,2,0.11809977137691773,1.0,False,ABo,False,False
batch,run_0022,37.0,G,1,0,0.0,,False,ABo,False,False
batch,run_0022,38.0,A;I10;Mh_anti;Mh_pro;P,5,9,0.19379037686183434,0.7777777777777778,False,ABo,False,False
batch,run_0022,38.0,ABi;Fi;Fo;tau,4,4,0.12429866501013848,0.5,False,ABo,False,False
batch,run_0022,38.0,ABm;ABo;ABp;N,4,3,0.21326797974476105,1.0,True,ABo,False,False
batch,run_0022,38.0,IL4;M_NA;M_anti;Tb,4,7,0.07656953080798089,0.8571428571428571,False,ABo,False,False
batch,run_0022,38.0,IL1;IL12;M_pro;Ta,4,7,0.10967162078096117,1.0,False,ABo,False,False
batch,run_0022,38.0,G,1,0,0.0,,False,ABo,False,False
batch,run_0022,39.0,A;I10;Mh_anti;Mh_pro;P,5,9,0.17286607862448025,0.7777777777777778,False,ABo,False,False
batch,run_0022,39.0,ABi;Fi;Fo;tau,4,4,0.12838418003630256,0.5,False,ABo,False,False
batch,run_0022,39.0,ABm;ABo;ABp;N,4,3,0.20552590682935531,1.0,True,ABo,False,False
batch,run_0022,39.0,IL4;M_NA;M_anti;Tb,4,7,0.0842310614328217,0.8571428571428571,False,ABo,False,False
batch,run_0022,39.0,IL1;IL12;M_pro;Ta,4,7,0.12118477946669287,1.0,False,ABo,False,False
batch,run_0022,39.0,G,1,0,0.0,,False,ABo,False,False
batch,run_0022,40.0,I10;IL4;M_NA;M_anti;Tb,5,12,0.1334162066321667,0.75,False,ABo,False,False
batch,run_0022,40.0,ABi;Fi;Fo;tau,4,4,0.13161913184312185,0.5,False,ABo,False,False
batch,run_0022,40.0,ABm;ABo;ABp;N,4,3,0.19763793061674595,1.0,True,ABo,False,False
batch,run_0022,40.0,IL1;IL12;M_pro;Ta,4,7,0.13113033309249442,1.0,False,ABo,False,False
batch,run_0022,40.0,A;Mh_anti;Mh_pro;P,4,6,0.11592177882576442,0.8333333333333334,False,ABo,False,False
batch,run_0022,40.0,G,1,0,0.0,,False,ABo,False,False
batch,run_0022,41.0,I10;IL4;M_NA;M_anti;Tb,5,12,0.1424233041151084,0.75,False,ABo,False,False
batch,run_0022,41.0,ABi;Fi;Fo;tau,4,4,0.13412489363139796,0.5,False,ABo,False,False
batch,run_0022,41.0,ABm;ABo;ABp;N,4,3,0.18994896583265092,1.0,True,ABo,False,False
batch,run_0022,41.0,IL1;IL12;M_pro;Ta,4,7,0.13969833784156668,1.0,False,ABo,False,False
batch,run_0022,41.0,A;Mh_anti;Mh_pro;P,4,6,0.10644133313953834,1.0,False,ABo,False,False
batch,run_0022,41.0,G,1,0,0.0,,False,ABo,False,False
batch,run_0022,42.0,I10;IL4;M_NA;M_anti;Tb,5,12,0.15016714753455324,0.75,False,M_pro,False,False
batch,run_0022,42.0,ABi;Fi;Fo;tau,4,4,0.13598655165398438,0.5,False,M_pro,False,False
batch,run_0022,42.0,ABm;ABo;ABp;N,4,3,0.18265084061985806,1.0,False,M_pro,False,False
batch,run_0022,42.0,IL1;IL12;M_pro;Ta,4,7,0.14702145687611923,1.0,True,M_pro,False,False
batch,run_0022,42.0,A;Mh_anti;Mh_pro;P,4,6,0.09954798245224995,1.0,False,M_pro,False,False
batch,run_0022,42.0,G,1,0,0.0,,False,M_pro,False,False
batch,run_0022,43.0,I10;IL4;M_NA;M_anti;Tb,5,12,0.1567839460651118,0.75,False,M_pro,False,False
batch,run_0022,43.0,ABi;Fi;Fo;tau,4,4,0.13727842334240722,0.5,False,M_pro,False,False
batch,run_0022,43.0,ABm;ABo;ABp;N,4,3,0.1758377107442568,1.0,False,M_pro,False,False
batch,run_0022,43.0,IL1;IL12;M_pro;Ta,4,7,0.15320655210812306,1.0,True,M_pro,False,False
batch,run_0022,43.0,A;Mh_anti;Mh_pro;P,4,6,0.09473217313454409,1.0,False,M_pro,False,False
batch,run_0022,43.0,G,1,0,0.0,,False,M_pro,False,False
batch,run_0022,44.0,I10;IL4;M_NA;M_anti;Tb,5,12,0.16240671749797445,0.75,False,M_pro,False,False
batch,run_0022,44.0,ABi;Fi;Fo;tau,4,4,0.13806626730627614,0.5,False,M_pro,False,False
batch,run_0022,44.0,ABm;ABo;ABp;N,4,3,0.16953544867060366,1.0,False,M_pro,False,False
batch,run_0022,44.0,IL1;IL12;M_pro;Ta,4,7,0.15834370234136289,1.0,True,M_pro,False,False
batch,run_0022,44.0,A;Mh_anti;Mh_pro;P,4,6,0.09161449891481355,1.0,False,M_pro,False,False
batch,run_0022,44.0,G,1,0,0.0,,False,M_pro,False,False
batch,run_0022,45.0,I10;IL4;M_NA;M_anti;Tb,5,12,0.16715911563140315,0.75,False,M_pro,False,False
batch,run_0022,45.0,ABi;Fi;Fo;tau,4,4,0.13841488447189484,0.5,False,M_pro,False,False
batch,run_0022,45.0,ABm;ABo;ABp;N,4,3,0.16373498466347228,1.0,False,M_pro,False,False
batch,run_0022,45.0,IL1;IL12;M_pro;Ta,4,7,0.16251861859279607,1.0,True,M_pro,False,False
batch,run_0022,45.0,A;Mh_anti;Mh_pro;P,4,6,0.08989377450140738,1.0,False,M_pro,False,False
batch,run_0022,45.0,G,1,0,0.0,,False,M_pro,False,False
batch,run_0022,46.0,I10;IL4;M_NA;M_anti;Tb,5,12,0.17115260112827804,0.75,False,M_pro,False,False
batch,run_0022,46.0,A;ABp;Mh_anti;Mh_pro;P,5,8,0.10271304521696216,0.875,False,M_pro,False,False
batch,run_0022,46.0,ABi;Fi;Fo;tau,4,4,0.13838826407811194,0.5,False,M_pro,False,False
batch,run_0022,46.0,IL1;IL12;M_pro;Ta,4,7,0.16581590090284135,1.0,True,M_pro,False,False
batch,run_0022,46.0,ABm;ABo;N,3,2,0.1445251115367246,1.0,False,M_pro,False,False
batch,run_0022,46.0,G,1,0,0.0,,False,M_pro,False,False
batch,run_0022,47.0,I10;IL4;M_NA;M_anti;Tb,5,12,0.17448622287815038,0.75,False,M_pro,False,False
batch,run_0022,47.0,A;ABp;Mh_anti;Mh_pro;P,5,8,0.10407182242459748,0.875,False,M_pro,False,False
batch,run_0022,47.0,ABi;Fi;Fo;tau,4,4,0.13804812746477296,0.5,False,M_pro,False,False
batch,run_0022,47.0,IL1;IL12;M_pro;Ta,4,7,0.1683192070061936,1.0,True,M_pro,False,False
batch,run_0022,47.0,ABm;ABo;N,3,2,0.13986233650919316,1.0,False,M_pro,False,False
batch,run_0022,47.0,G,1,0,0.0,,False,M_pro,False,False
batch,run_0022,48.0,I10;IL4;M_NA;M_anti;Tb,5,12,0.1772475677594478,0.75,False,M_pro,False,False
batch,run_0022,48.0,A;ABp;Mh_anti;Mh_pro;P,5,8,0.10617461993158579,0.875,False,M_pro,False,False
batch,run_0022,48.0,ABi;Fi;Fo;tau,4,4,0.13745228994714065,0.5,False,M_pro,False,False
batch,run_0022,48.0,IL1;IL12;M_pro;Ta,4,7,0.17011034715861112,1.0,True,M_pro,False,False
batch,run_0022,48.0,ABm;ABo;N,3,2,0.13561526409455282,1.0,False,M_pro,False,False
batch,run_0022,48.0,G,1,0,0.0,,False,M_pro,False,False
batch,run_0022,49.0,I10;IL4;M_NA;M_anti;Tb,5,12,0.17951403875010918,0.75,False,M_pro,False,False
batch,run_0022,49.0,A;ABp;Mh_anti;Mh_pro;P,5,8,0.10887997501417998,0.875,False,M_pro,False,False
batch,run_0022,49.0,ABi;ABm;ABo;N,4,3,0.13221031484336204,1.0,False,M_pro,False,False
batch,run_0022,49.0,IL1;IL12;M_pro;Ta,4,7,0.17126817593718457,1.0,True,M_pro,False,False
batch,run_0022,49.0,Fi;Fo;tau,3,3,0.13622079859125355,0.6666666666666666,False,M_pro,False,False
batch,run_0022,49.0,G,1,0,0.0,,False,M_pro,False,False
batch,run_0022,50.0,I10;IL4;M_NA;M_anti;Tb,5,12,0.1813540417559951,0.75,False,M_pro,False,False
batch,run_0022,50.0,A;ABp;Mh_anti;Mh_pro;P,5,8,0.11206807870429703,0.875,False,M_pro,False,False
batch,run_0022,50.0,ABi;ABm;ABo;N,4,3,0.12866212192986462,1.0,False,M_pro,False,False
batch,run_0022,50.0,IL1;IL12;M_pro;Ta,4,7,0.1718675685958283,1.0,True,M_pro,False,False
batch,run_0022,50.0,Fi;Fo;tau,3,3,0.13527025272013302,0.6666666666666666,False,M_pro,False,False
batch,run_0022,50.0,G,1,0,0.0,,False,M_pro,False,False
batch,run_0022,51.0,I10;IL4;M_NA;M_anti;Tb,5,12,0.182828148662637,0.75,False,M_pro,False,False
batch,run_0022,51.0,A;ABp;Mh_anti;Mh_pro;P,5,8,0.11563687419028154,0.875,False,M_pro,False,False
batch,run_0022,51.0,ABi;ABm;ABo;N,4,3,0.12540690783129815,1.0,False,M_pro,False,False
batch,run_0022,51.0,IL1;IL12;M_pro;Ta,4,7,0.17197865397748097,1.0,True,M_pro,False,False
batch,run_0022,51.0,Fi;Fo;tau,3,3,0.1342044643029913,0.6666666666666666,False,M_pro,False,False
batch,run_0022,51.0,G,1,0,0.0,,False,M_pro,False,False
batch,run_0022,52.0,I10;IL4;M_NA;M_anti;Tb,5,12,0.1839900562154396,0.75,False,M_pro,False,False
batch,run_0022,52.0,A;ABp;Mh_anti;Mh_pro;P,5,8,0.11949918159492194,0.875,False,M_pro,False,False
batch,run_0022,52.0,ABi;ABm;ABo;N,4,3,0.12241248394064261,1.0,False,M_pro,False,False
batch,run_0022,52.0,IL1;IL12;M_pro;Ta,4,7,0.17166634996386426,1.0,True,M_pro,False,False
batch,run_0022,52.0,Fi;Fo;tau,3,3,0.13305814806675015,0.6666666666666666,False,M_pro,False,False
batch,run_0022,52.0,G,1,0,0.0,,False,M_pro,False,False
batch,run_0022,53.0,I10;IL4;M_NA;M_anti;Tb,5,12,0.18488741088247942,0.75,False,M_pro,False,False
batch,run_0022,53.0,A;ABp;Mh_anti;Mh_pro;P,5,8,0.12358047910286793,0.875,False,M_pro,False,False
batch,run_0022,53.0,ABi;ABm;ABo;N,4,3,0.11965055467274079,1.0,False,M_pro,False,False
batch,run_0022,53.0,IL1;IL12;M_pro;Ta,4,7,0.1709901516874531,1.0,True,M_pro,False,False
batch,run_0022,53.0,Fi;Fo;tau,3,3,0.13186051042369948,0.6666666666666666,False,M_pro,False,False
batch,run_0022,53.0,G,1,0,0.0,,False,M_pro,False,False
batch,run_0022,54.0,I10;IL4;M_NA;M_anti;Tb,5,12,0.1855624035685749,0.75,False,M_pro,False,False
batch,run_0022,54.0,A;ABp;Mh_anti;Mh_pro;P,5,8,0.12781721394060647,0.875,False,M_pro,False,False
batch,run_0022,54.0,ABi;ABm;ABo;N,4,3,0.11709640446176946,1.0,False,M_pro,False,False
batch,run_0022,54.0,IL1;IL12;M_pro;Ta,4,7,0.17000401282652403,1.0,True,M_pro,False,False
batch,run_0022,54.0,Fi;Fo;tau,3,3,0.13063575287736925,0.6666666666666666,False,M_pro,False,False
batch,run_0022,54.0,G,1,0,0.0,,False,M_pro,False,False
batch,run_0022,55.0,I10;IL4;M_NA;M_anti;Tb,5,12,0.18605236541198542,0.75,False,M_pro,False,False
batch,run_0022,55.0,A;ABp;Mh_anti;Mh_pro;P,5,8,0.1321553689649952,0.875,False,M_pro,False,False
batch,run_0022,55.0,ABi;ABm;ABo;N,4,3,0.11472848238347845,1.0,False,M_pro,False,False
batch,run_0022,55.0,IL1;IL12;M_pro;Ta,4,7,0.16875645707657247,1.0,True,M_pro,False,False
batch,run_0022,55.0,Fi;Fo;tau,3,3,0.12940364673627688,0.6666666666666666,False,M_pro,False,False
batch,run_0022,55.0,G,1,0,0.0,,False,M_pro,False,False
batch,run_0022,56.0,I10;IL4;M_NA;M_anti;Tb,5,12,0.1863902816285281,0.75,False,M_pro,False,False
batch,run_0022,56.0,A;ABp;Mh_anti;Mh_pro;P,5,8,0.13654926390282346,0.875,False,M_pro,False,False
batch,run_0022,56.0,ABi;ABm;ABo;N,4,3,0.11252799813150906,1.0,False,M_pro,False,False
batch,run_0022,56.0,IL1;IL12;M_pro;Ta,4,7,0.1672908095206362,1.0,True,M_pro,False,False
batch,run_0022,56.0,Fi;Fo;tau,3,3,0.12818010819022427,0.6666666666666666,False,M_pro,False,False
batch,run_0022,56.0,G,1,0,0.0,,False,M_pro,False,False
batch,run_0022,57.0,I10;IL4;M_NA;M_anti;Tb,5,12,0.18660520614008244,0.75,False,M_pro,False,False
batch,run_0022,57.0,A;ABp;Mh_anti;Mh_pro;P,5,8,0.14096055105070715,0.875,False,M_pro,False,False
batch,run_0022,57.0,ABi;ABm;ABo;N,4,3,0.11047857022190725,1.0,False,M_pro,False,False
batch,run_0022,57.0,IL1;IL12;M_pro;Ta,4,7,0.16564547126597007,1.0,True,M_pro,False,False
batch,run_0022,57.0,Fi;Fo;tau,3,3,0.1269777429728555,0.6666666666666666,False,M_pro,False,False
batch,run_0022,57.0,G,1,0,0.0,,False,M_pro,False,False
batch,run_0022,58.0,I10;IL4;M_NA;M_anti;Tb,5,12,0.1867226191503571,0.75,False,M_pro,False,False
batch,run_0022,58.0,A;ABp;Mh_anti;Mh_pro;P,5,8,0.14535733943716886,0.875,False,M_pro,False,False
batch,run_0022,58.0,ABi;ABm;ABo;N,4,3,0.10856590857823482,1.0,False,M_pro,False,False
batch,run_0022,58.0,IL1;IL12;M_pro;Ta,4,7,0.16385423344967762,1.0,True,M_pro,False,False
batch,run_0022,58.0,Fi;Fo;tau,3,3,0.12580634942176158,0.6666666666666666,False,M_pro,False,False
batch,run_0022,58.0,G,1,0,0.0,,False,M_pro,False,False
batch,run_0022,59.0,I10;IL4;M_NA;M_anti;Tb,5,12,0.18676475168103604,0.75,False,M_pro,False,False
batch,run_0022,59.0,A;ABp;Mh_anti;Mh_pro;P,5,8,0.1497134083865464,0.875,False,M_pro,False,False
batch,run_0022,59.0,ABi;ABm;ABo;N,4,3,0.10677752632781255,1.0,False,M_pro,False,False
batch,run_0022,59.0,IL1;IL12;M_pro;Ta,4,7,0.16194661565239404,1.0,True,M_pro,False,False
batch,run_0022,59.0,Fi;Fo;tau,3,3,0.12467338259549511,0.6666666666666666,False,M_pro,False,False
batch,run_0022,59.0,G,1,0,0.0,,False,M_pro,False,False
batch,run_0022,60.0,I10;IL4;M_NA;M_anti;Tb,5,12,0.18675090166491873,0.75,False,Mh_pro,False,False
batch,run_0022,60.0,A;ABp;Mh_anti;Mh_pro;P,5,8,0.15400749123053625,0.875,True,Mh_pro,False,False
batch,run_0022,60.0,ABi;ABm;ABo;N,4,3,0.1051024845414634,1.0,False,Mh_pro,False,False
batch,run_0022,60.0,IL1;IL12;M_pro;Ta,4,7,0.15994823317217877,1.0,False,Mh_pro,False,False
batch,run_0022,60.0,Fi;Fo;tau,3,3,0.12358436117489623,0.6666666666666666,False,Mh_pro,False,False
batch,run_0022,60.0,G,1,0,0.0,,False,Mh_pro,False,False
batch,run_0022,61.0,I10;IL4;M_NA;M_anti;Tb,5,12,0.18669773283938343,0.75,False,Mh_pro,False,False
batch,run_0022,61.0,A;ABp;Mh_anti;Mh_pro;P,5,8,0.15822262396914533,0.875,True,Mh_pro,False,False
batch,run_0022,61.0,ABi;ABm;ABo;N,4,3,0.10353116176280158,1.0,False,Mh_pro,False,False
batch,run_0022,61.0,IL1;IL12;M_pro;Ta,4,7,0.157881183169531,1.0,False,Mh_pro,False,False
batch,run_0022,61.0,Fi;Fo;tau,3,3,0.122543212436879,0.6666666666666666,False,Mh_pro,False,False
batch,run_0022,61.0,G,1,0,0.0,,False,Mh_pro,False,False
batch,run_0022,62.0,I10;IL4;M_NA;M_anti;Tb,5,12,0.18661954376580714,0.75,False,Mh_pro,False,False
batch,run_0022,62.0,A;ABp;Mh_anti;Mh_pro;P,5,8,0.16234556474668907,0.875,True,Mh_pro,False,False
batch,run_0022,62.0,ABi;ABm;ABo;N,4,3,0.10205506433168204,1.0,False,Mh_pro,False,False
batch,run_0022,62.0,IL1;IL12;M_pro;Ta,4,7,0.1557644076388238,1.0,False,Mh_pro,False,False
batch,run_0022,62.0,Fi;Fo;tau,3,3,0.12155256707095151,0.6666666666666666,False,Mh_pro,False,False
batch,run_0022,62.0,G,1,0,0.0,,False,Mh_pro,False,False
batch,run_0022,63.0,I10;IL4;M_NA;M_anti;Tb,5,12,0.18652851056243855,0.75,False,Mh_pro,False,False
batch,run_0022,63.0,A;ABp;Mh_anti;Mh_pro;P,5,8,0.1663662744755059,0.875,True,Mh_pro,False,False
batch,run_0022,63.0,ABi;ABm;ABo;N,4,3,0.10066666748231379,1.0,False,Mh_pro,False,False
batch,run_0022,63.0,IL1;IL12;M_pro;Ta,4,7,0.15361403151313577,1.0,False,Mh_pro,False,False
batch,run_0022,63.0,Fi;Fo;tau,3,3,0.12061401185334088,0.6666666666666666,False,Mh_pro,False,False
batch,run_0022,63.0,G,1,0,0.0,,False,Mh_pro,False,False
batch,run_0022,64.0,I10;IL4;M_NA;M_anti;Tb,5,12,0.18643491244917015,0.75,False,Mh_pro,False,False
batch,run_0022,64.0,A;ABp;Mh_anti;Mh_pro;P,5,8,0.17027745001801223,0.875,True,Mh_pro,False,False
batch,run_0022,64.0,ABi;ABm;ABo;N,4,3,0.09935928050356126,1.0,False,Mh_pro,False,False
batch,run_0022,64.0,IL1;IL12;M_pro;Ta,4,7,0.15144368023841423,1.0,False,Mh_pro,False,False
batch,run_0022,64.0,Fi;Fo;tau,3,3,0.11972830358478935,0.6666666666666666,False,Mh_pro,False,False
batch,run_0022,64.0,G,1,0,0.0,,False,Mh_pro,False,False
batch,run_0022,65.0,I10;IL4;M_NA;M_anti;Tb,5,12,0.18634734485283366,0.75,False,Mh_pro,False,False
batch,run_0022,65.0,IL1;IL12;M_pro;Mh_pro;Ta,5,9,0.19158717996605212,1.0,True,Mh_pro,False,False
batch,run_0022,65.0,ABi;ABm;ABo;N,4,3,0.09812692970843821,1.0,False,Mh_pro,False,False
batch,run_0022,65.0,A;ABp;Mh_anti;P,4,4,0.1312371903605794,0.75,False,Mh_pro,False,False
batch,run_0022,65.0,Fi;Fo;tau,3,3,0.11889554593237221,0.6666666666666666,False,Mh_pro,False,False
batch,run_0022,65.0,G,1,0,0.0,,False,Mh_pro,False,False
batch,run_0022,66.0,I10;IL4;M_NA;M_anti;Tb,5,12,0.18627291535238263,0.75,False,Mh_pro,False,False
batch,run_0022,66.0,IL1;IL12;M_pro;Mh_pro;Ta,5,9,0.1902289304049849,1.0,True,Mh_pro,False,False
batch,run_0022,66.0,ABi;ABm;ABo;N,4,3,0.09696426004571408,1.0,False,Mh_pro,False,False
batch,run_0022,66.0,A;ABp;Mh_anti;P,4,4,0.1342909779138439,0.75,False,Mh_pro,False,False
batch,run_0022,66.0,Fi;Fo;tau,3,3,0.11811533941625772,0.6666666666666666,False,Mh_pro,False,False
batch,run_0022,66.0,G,1,0,0.0,,False,Mh_pro,False,False
batch,run_0022,67.0,I10;IL4;M_NA;M_anti;Tb,5,12,0.18621742521344453,0.75,False,Mh_pro,False,False
batch,run_0022,67.0,IL1;IL12;M_pro;Mh_pro;Ta,5,9,0.18884173188372835,1.0,True,Mh_pro,False,False
batch,run_0022,67.0,ABi;ABm;ABo;N,4,3,0.0958664503524437,1.0,False,Mh_pro,False,False
batch,run_0022,67.0,A;ABp;Mh_anti;P,4,4,0.1372727451281295,0.75,False,Mh_pro,False,False
batch,run_0022,67.0,Fi;Fo;tau,3,3,0.11738690218250629,0.6666666666666666,False,Mh_pro,False,False
batch,run_0022,67.0,G,1,0,0.0,,False,Mh_pro,False,False
batch,run_0022,68.0,I10;IL4;M_NA;M_anti;Tb,5,12,0.1861855356616845,0.75,False,Mh_pro,False,False
batch,run_0022,68.0,IL1;IL12;M_pro;Mh_pro;Ta,5,9,0.187430535459358,1.0,True,Mh_pro,False,False
batch,run_0022,68.0,ABi;ABm;ABo;N,4,3,0.09482914107649781,1.0,False,Mh_pro,False,False
batch,run_0022,68.0,A;ABp;Mh_anti;P,4,4,0.1401823348203875,0.75,False,Mh_pro,False,False
batch,run_0022,68.0,Fi;Fo;tau,3,3,0.11670915797543542,0.6666666666666666,False,Mh_pro,False,False
batch,run_0022,68.0,G,1,0,0.0,,False,Mh_pro,False,False
batch,run_0022,69.0,I10;IL4;M_NA;M_anti;Tb,5,12,0.1861809122172307,0.75,False,Mh_pro,False,False
batch,run_0022,69.0,IL1;IL12;M_pro;Mh_pro;Ta,5,9,0.18599950698455686,1.0,True,Mh_pro,False,False
batch,run_0022,69.0,ABi;ABm;ABo;N,4,3,0.09384837676765878,1.0,False,Mh_pro,False,False
batch,run_0022,69.0,A;ABp;Mh_anti;P,4,4,0.14302026678823274,0.75,False,Mh_pro,False,False
batch,run_0022,69.0,Fi;Fo;tau,3,3,0.11608081774805032,0.6666666666666666,False,Mh_pro,False,False
batch,run_0022,69.0,G,1,0,0.0,,False,Mh_pro,False,False
batch,run_0022,70.0,I10;IL4;M_NA;M_anti;Tb,5,12,0.18620635672955477,0.75,False,Mh_pro,False,False
batch,run_0022,70.0,IL1;IL12;M_pro;Mh_pro;Ta,5,9,0.1845521414051339,1.0,True,Mh_pro,False,False
batch,run_0022,70.0,ABi;ABm;ABo;N,4,3,0.09292055621317989,1.0,False,Mh_pro,False,False
batch,run_0022,70.0,A;ABp;Mh_anti;P,4,4,0.14578760152387546,0.75,False,Mh_pro,False,False
batch,run_0022,70.0,Fi;Fo;tau,3,3,0.11550044483792227,0.6666666666666666,False,Mh_pro,False,False
batch,run_0022,70.0,G,1,0,0.0,,False,Mh_pro,False,False
batch,run_0022,71.0,I10;IL4;M_NA;M_anti;Tb,5,12,0.18626392665702973,0.75,False,Mh_pro,False,False
batch,run_0022,71.0,IL1;IL12;M_pro;Mh_pro;Ta,5,9,0.18309136439721863,1.0,True,Mh_pro,False,False
batch,run_0022,71.0,ABi;ABm;ABo;N,4,3,0.09204238871929121,1.0,False,Mh_pro,False,False
batch,run_0022,71.0,A;ABp;Mh_anti;P,4,4,0.14848582411305145,0.75,False,Mh_pro,False,False
batch,run_0022,71.0,Fi;Fo;tau,3,3,0.11496650537273759,0.6666666666666666,False,Mh_pro,False,False
batch,run_0022,71.0,G,1,0,0.0,,False,Mh_pro,False,False
batch,run_0022,72.0,I10;IL4;M_NA;M_anti;Tb,5,12,0.18635503976995246,0.75,False,Mh_pro,False,False
batch,run_0022,72.0,IL1;IL12;M_pro;Mh_pro;Ta,5,9,0.18161961751561448,1.0,True,Mh_pro,False,False
batch,run_0022,72.0,ABi;ABm;ABo;N,4,3,0.09121085889043791,1.0,False,Mh_pro,False,False
batch,run_0022,72.0,A;ABp;Mh_anti;P,4,4,0.15111675708140368,0.75,False,Mh_pro,False,False
batch,run_0022,72.0,Fi;Fo;tau,3,3,0.11447740072700162,0.6666666666666666,False,Mh_pro,False,False
batch,run_0022,72.0,G,1,0,0.0,,False,Mh_pro,False,False
batch,run_0022,73.0,I10;IL4;M_NA;M_anti;Tb,5,12,0.18648057661793013,0.75,False,Mh_pro,False,False
batch,run_0022,73.0,IL1;IL12;M_pro;Mh_pro;Ta,5,9,0.18013894718887752,1.0,True,Mh_pro,False,False
batch,run_0022,73.0,ABi;ABm;ABo;N,4,3,0.09042318961934685,1.0,False,Mh_pro,False,False
batch,run_0022,73.0,A;ABp;Mh_anti;P,4,4,0.15368242871789176,0.75,False,Mh_pro,False,False
batch,run_0022,73.0,Fi;Fo;tau,3,3,0.11403152975797334,0.6666666666666666,False,Mh_pro,False,False
batch,run_0022,73.0,G,1,0,0.0,,False,Mh_pro,False,False
batch,run_0022,74.0,I10;IL4;M_NA;M_anti;Tb,5,12,0.1828086849761046,0.75,False,Mh_pro,False,False
batch,run_0022,74.0,IL1;IL12;M_pro;Mh_pro;Ta,5,9,0.17498283838244405,1.0,True,Mh_pro,False,False
batch,run_0022,74.0,Fi;Fo;G;tau,4,4,0.13182697629550932,0.75,False,Mh_pro,False,False
batch,run_0022,74.0,ABi;ABm;ABo;N,4,3,0.0878355028951265,1.0,False,Mh_pro,False,False
batch,run_0022,74.0,A;ABp;Mh_anti;P,4,4,0.15297814057944648,0.75,False,Mh_pro,False,False
batch,run_0022,75.0,I10;IL4;M_NA;M_anti;Tb,5,12,0.18295064028013636,0.75,False,Mh_pro,False,False
batch,run_0022,75.0,IL1;IL12;M_pro;Mh_pro;Ta,5,9,0.17347307132051507,1.0,True,Mh_pro,False,False
batch,run_0022,75.0,Fi;Fo;G;tau,4,4,0.13170159578463891,0.75,False,Mh_pro,False,False
batch,run_0022,75.0,ABi;ABm;ABo;N,4,3,0.08711919230465973,1.0,False,Mh_pro,False,False
batch,run_0022,75.0,A;ABp;Mh_anti;P,4,4,0.15532810223021848,0.75,False,Mh_pro,False,False
batch,run_0022,76.0,I10;IL4;M_NA;M_anti;Tb,5,12,0.1830870642674322,0.75,False,Mh_pro,False,False
batch,run_0022,76.0,IL1;IL12;M_pro;Mh_pro;Ta,5,9,0.17192267206301576,1.0,True,Mh_pro,False,False
batch,run_0022,76.0,Fi;Fo;G;tau,4,4,0.13179125312479925,0.75,False,Mh_pro,False,False
batch,run_0022,76.0,ABi;ABm;ABo;N,4,3,0.08642094617581304,1.0,False,Mh_pro,False,False
batch,run_0022,76.0,A;ABp;Mh_anti;P,4,4,0.15758588112194655,0.75,False,Mh_pro,False,False
batch,run_0022,77.0,I10;IL4;M_NA;M_anti;Tb,5,12,0.183215748073777,0.75,False,Mh_pro,False,False
batch,run_0022,77.0,IL1;IL12;M_pro;Mh_pro;Ta,5,9,0.1703321853278425,1.0,True,Mh_pro,False,False
batch,run_0022,77.0,Fi;Fo;G;tau,4,4,0.13209669125042178,0.75,False,Mh_pro,False,False
batch,run_0022,77.0,ABi;ABm;ABo;N,4,3,0.0857386152423251,1.0,False,Mh_pro,False,False
batch,run_0022,77.0,A;ABp;Mh_anti;P,4,4,0.1597510864213435,0.75,False,Mh_pro,False,False
batch,run_0022,78.0,I10;IL4;M_NA;M_anti;Tb,5,12,0.18333618692283457,0.75,False,Mh_pro,False,False
batch,run_0022,78.0,IL1;IL12;M_pro;Mh_pro;Ta,5,9,0.16870386234508847,1.0,True,Mh_pro,False,False
batch,run_0022,78.0,Fi;Fo;G;tau,4,4,0.13261144345080236,0.75,False,Mh_pro,False,False
batch,run_0022,78.0,ABi;ABm;ABo;N,4,3,0.08507096657441758,1.0,False,Mh_pro,False,False
batch,run_0022,78.0,A;ABp;Mh_anti;P,4,4,0.16182499306353626,0.75,False,Mh_pro,False,False
batch,run_0022,79.0,I10;IL4;M_NA;M_anti;Tb,5,12,0.1834490044242883,0.75,False,Mh_pro,False,False
batch,run_0022,79.0,IL1;IL12;M_pro;Mh_pro;Ta,5,9,0.16704103482120436,1.0,True,Mh_pro,False,False
batch,run_0022,79.0,Fi;Fo;G;tau,4,4,0.1333243526111915,0.75,False,Mh_pro,False,False
batch,run_0022,79.0,ABi;ABm;ABo;N,4,3,0.08441734402936821,1.0,False,Mh_pro,False,False
batch,run_0022,79.0,A;ABp;Mh_anti;P,4,4,0.1638100975367011,0.75,False,Mh_pro,False,False
batch,run_0022,80.0,I10;IL4;M_NA;M_anti;Tb,5,12,0.18355539599655657,0.75,False,Mh_pro,False,False
batch,run_0022,80.0,IL1;IL12;M_pro;Mh_pro;Ta,5,9,0.1653475360747737,1.0,True,Mh_pro,False,False
batch,run_0022,80.0,Fi;Fo;G;tau,4,4,0.13422202943725328,0.75,False,Mh_pro,False,False
batch,run_0022,80.0,ABi;ABm;ABo;N,4,3,0.08377737728161125,1.0,False,Mh_pro,False,False
batch,run_0022,80.0,A;ABp;Mh_anti;P,4,4,0.16570964310823336,0.75,False,Mh_pro,False,False
batch,run_0023,30.0,I10;IL4;M_NA;M_anti,4,4,0.14543841203935692,0.5,False,P,False,False
batch,run_0023,30.0,ABm;N;Ta,3,2,0.34158695985450904,0.5,False,P,False,False
batch,run_0023,30.0,A;P,2,1,0.47566121131358696,1.0,True,P,False,False
batch,run_0023,30.0,ABi,1,0,0.0,,False,P,False,False
batch,run_0023,30.0,ABo,1,0,0.0,,False,P,False,False
batch,run_0023,30.0,ABp,1,0,0.0,,False,P,False,False
batch,run_0023,30.0,G,1,0,0.0,,False,P,False,False
batch,run_0023,30.0,tau,1,0,0.0,,False,P,False,False
batch,run_0023,30.0,Fi,1,0,0.0,,False,P,False,False
batch,run_0023,30.0,Fo,1,0,0.0,,False,P,False,False
batch,run_0023,30.0,M_pro,1,0,0.0,,False,P,False,False
batch,run_0023,30.0,Mh_pro,1,0,0.0,,False,P,False,False
batch,run_0023,30.0,Mh_anti,1,0,0.0,,False,P,False,False
batch,run_0023,30.0,Tb,1,0,0.0,,False,P,False,False
batch,run_0023,30.0,IL1,1,0,0.0,,False,P,False,False
batch,run_0023,30.0,IL12,1,0,0.0,,False,P,False,False
batch,run_0023,31.0,ABi;I10;IL1;IL12;IL4;M_NA;M_anti;M_pro;Mh_pro;Ta;Tb,11,36,0.17143639641031932,0.6111111111111112,False,P,False,False
batch,run_0023,31.0,ABm;ABo;ABp;N,4,3,0.27722336815502596,1.0,False,P,False,False
batch,run_0023,31.0,Fi;Fo;tau,3,3,0.025624238202387455,0.6666666666666666,False,P,False,False
batch,run_0023,31.0,A;Mh_anti;P,3,2,0.39612313555158757,1.0,True,P,False,False
batch,run_0023,31.0,G,1,0,0.0,,False,P,False,False
batch,run_0023,32.0,ABi;I10;IL1;IL12;IL4;M_NA;M_anti;M_pro;Mh_pro;Ta;Tb,11,38,0.1911234450983836,0.631578947368421,False,P,False,False
batch,run_0023,32.0,ABm;ABo;ABp;N,4,3,0.2715054833918934,1.0,False,P,False,False
batch,run_0023,32.0,Fi;Fo;tau,3,3,0.06306368430213358,0.6666666666666666,False,P,False,False
batch,run_0023,32.0,A;Mh_anti;P,3,2,0.3148446379708134,1.0,True,P,False,False
batch,run_0023,32.0,G,1,0,0.0,,False,P,False,False
batch,run_0023,33.0,I10;IL1;IL12;IL4;M_NA;M_anti;M_pro;Mh_pro;Ta;Tb,10,38,0.21657579964000967,0.6052631578947368,False,P,False,False
batch,run_0023,33.0,ABi;ABm;ABo;ABp;N,5,4,0.27002650777924275,1.0,False,P,False,False
batch,run_0023,33.0,Fi;Fo;tau,3,3,0.09026858526827353,0.6666666666666666,False,P,False,False
batch,run_0023,33.0,A;Mh_anti;P,3,2,0.24841340474861143,1.0,True,P,False,False
batch,run_0023,33.0,G,1,0,0.0,,False,P,False,False
batch,run_0023,34.0,I10;IL1;IL12;IL4;M_NA;M_anti;M_pro;Mh_pro;Ta;Tb,10,39,0.24546745406106896,0.6153846153846154,False,P,False,False
batch,run_0023,34.0,ABi;Fi;Fo;tau,4,4,0.10736906250569249,0.5,False,P,False,False
batch,run_0023,34.0,ABm;ABo;ABp;N,4,3,0.26571464627254565,1.0,False,P,False,False
batch,run_0023,34.0,A;Mh_anti;P,3,2,0.1986481987620242,1.0,True,P,False,False
batch,run_0023,34.0,G,1,0,0.0,,False,P,False,False
batch,run_0023,35.0,I10;IL1;IL12;IL4;M_NA;M_anti;M_pro;Mh_pro;Ta;Tb,10,39,0.27395542669279666,0.6153846153846154,False,ABo,False,False
batch,run_0023,35.0,ABi;Fi;Fo;tau,4,4,0.11809786458739548,0.5,False,ABo,False,False
batch,run_0023,35.0,ABm;ABo;ABp;N,4,3,0.2591899354053668,1.0,True,ABo,False,False
batch,run_0023,35.0,A;Mh_anti;P,3,2,0.16210140156576552,1.0,False,ABo,False,False
batch,run_0023,35.0,G,1,0,0.0,,False,ABo,False,False
batch,run_0023,36.0,I10;IL1;IL12;IL4;M_NA;M_anti;M_pro;Mh_pro;Ta;Tb,10,39,0.30057411948714524,0.6153846153846154,False,ABo,False,False
batch,run_0023,36.0,ABi;Fi;Fo;tau,4,4,0.125393970546943,0.5,False,ABo,False,False
batch,run_0023,36.0,ABm;ABo;ABp;N,4,3,0.2509217695079788,1.0,True,ABo,False,False
batch,run_0023,36.0,A;Mh_anti;P,3,2,0.13487299189021962,1.0,False,ABo,False,False
batch,run_0023,36.0,G,1,0,0.0,,False,ABo,False,False
batch,run_0023,37.0,I10;IL4;M_NA;M_anti;Tb,5,12,0.11103072680553847,0.75,False,ABo,False,False
batch,run_0023,37.0,ABi;Fi;Fo;tau,4,4,0.13067655428359048,0.5,False,ABo,False,False
batch,run_0023,37.0,ABm;ABo;ABp;N,4,3,0.24139875746903217,1.0,True,ABo,False,False
batch,run_0023,37.0,IL1;IL12;M_pro;Ta,4,7,0.09618150556309059,1.0,False,ABo,False,False
batch,run_0023,37.0,A;Mh_anti;Mh_pro;P,4,6,0.14527280794855382,0.8333333333333334,False,ABo,False,False
batch,run_0023,37.0,G,1,0,0.0,,False,ABo,False,False
batch,run_0023,38.0,I10;IL4;M_NA;M_anti;Tb,5,12,0.12434738025511195,0.75,False,ABo,False,False
batch,run_0023,38.0,ABi;Fi;Fo;tau,4,4,0.13458753064567586,0.5,False,ABo,False,False
batch,run_0023,38.0,ABm;ABo;ABp;N,4,3,0.23110334904886803,1.0,True,ABo,False,False
batch,run_0023,38.0,IL1;IL12;M_pro;Ta,4,7,0.10902952496757108,1.0,False,ABo,False,False
batch,run_0023,38.0,A;Mh_anti;Mh_pro;P,4,6,0.12546298989285146,0.8333333333333334,False,ABo,False,False
batch,run_0023,38.0,G,1,0,0.0,,False,ABo,False,False
batch,run_0023,39.0,I10;IL4;M_NA;M_anti;Tb,5,12,0.13607705638166293,0.75,False,ABo,False,False
batch,run_0023,39.0,ABi;Fi;Fo;tau,4,4,0.1374681645591174,0.5,False,ABo,False,False
batch,run_0023,39.0,ABm;ABo;ABp;N,4,3,0.22057403495173863,1.0,True,ABo,False,False
batch,run_0023,39.0,IL1;IL12;M_pro;Ta,4,7,0.12048574045958044,1.0,False,ABo,False,False
batch,run_0023,39.0,A;Mh_anti;Mh_pro;P,4,6,0.11036911605887105,0.8333333333333334,False,ABo,False,False
batch,run_0023,39.0,G,1,0,0.0,,False,ABo,False,False
batch,run_0023,40.0,I10;IL4;M_NA;M_anti;Tb,5,12,0.14606541124999156,0.75,False,ABo,False,False
batch,run_0023,40.0,ABi;Fi;Fo;tau,4,4,0.13953333384019898,0.5,False,ABo,False,False
batch,run_0023,40.0,ABm;ABo;ABp;N,4,3,0.21026804531276888,1.0,True,ABo,False,False
batch,run_0023,40.0,IL1;IL12;M_pro;Ta,4,7,0.13083554278757314,1.0,False,ABo,False,False
batch,run_0023,40.0,A;Mh_anti;Mh_pro;P,4,6,0.09895051909145268,0.8333333333333334,False,ABo,False,False
batch,run_0023,40.0,G,1,0,0.0,,False,ABo,False,False
batch,run_0023,41.0,I10;IL4;M_NA;M_anti;Tb,5,12,0.15437609107167596,0.75,False,ABo,False,False
batch,run_0023,41.0,ABi;Fi;Fo;tau,4,4,0.14092064538749635,0.5,False,ABo,False,False
batch,run_0023,41.0,ABm;ABo;ABp;N,4,3,0.20047490465536572,1.0,True,ABo,False,False
batch,run_0023,41.0,IL1;IL12;M_pro;Ta,4,7,0.14023280707028635,1.0,False,ABo,False,False
batch,run_0023,41.0,A;Mh_anti;Mh_pro;P,4,6,0.09045532630621075,1.0,False,ABo,False,False
batch,run_0023,41.0,G,1,0,0.0,,False,ABo,False,False
batch,run_0023,42.0,I10;IL4;M_NA;M_anti;Tb,5,12,0.1611622953915578,0.75,False,ABo,False,False
batch,run_0023,42.0,ABi;Fi;Fo;tau,4,4,0.1417237316010096,0.5,False,ABo,False,False
batch,run_0023,42.0,ABm;ABo;ABp;N,4,3,0.19133699731528106,1.0,True,ABo,False,False
batch,run_0023,42.0,IL1;IL12;M_pro;Ta,4,7,0.1487506680474061,1.0,False,ABo,False,False
batch,run_0023,42.0,A;Mh_anti;Mh_pro;P,4,6,0.08431313559869953,1.0,False,ABo,False,False
batch,run_0023,42.0,G,1,0,0.0,,False,ABo,False,False
batch,run_0023,43.0,I10;IL4;M_NA;M_anti;Tb,5,12,0.16660635086912898,0.75,False,M_pro,False,False
batch,run_0023,43.0,ABi;Fi;Fo;tau,4,4,0.14201976836774405,0.5,False,M_pro,False,False
batch,run_0023,43.0,ABm;ABo;ABp;N,4,3,0.18290441702242172,1.0,False,M_pro,False,False
batch,run_0023,43.0,IL1;IL12;M_pro;Ta,4,7,0.15643112789979227,1.0,True,M_pro,False,False
batch,run_0023,43.0,A;Mh_anti;Mh_pro;P,4,6,0.0800559283494173,1.0,False,M_pro,False,False
batch,run_0023,43.0,G,1,0,0.0,,False,M_pro,False,False
batch,run_0023,44.0,I10;IL4;M_NA;M_anti;Tb,5,12,0.1708826584662364,0.75,False,M_pro,False,False
batch,run_0023,44.0,ABi;Fi;Fo;tau,4,4,0.1418747955464985,0.5,False,M_pro,False,False
batch,run_0023,44.0,ABm;ABo;ABp;N,4,3,0.17516641355478202,1.0,False,M_pro,False,False
batch,run_0023,44.0,IL1;IL12;M_pro;Ta,4,7,0.16330353768769798,1.0,True,M_pro,False,False
batch,run_0023,44.0,A;Mh_anti;Mh_pro;P,4,6,0.07733532763696437,1.0,False,M_pro,False,False
batch,run_0023,44.0,G,1,0,0.0,,False,M_pro,False,False
batch,run_0023,45.0,I10;IL4;M_NA;M_anti;Tb,5,12,0.1741514471984376,0.75,False,M_pro,False,False
batch,run_0023,45.0,A;ABp;Mh_anti;Mh_pro;P,5,8,0.08879263801515973,0.875,False,M_pro,False,False
batch,run_0023,45.0,ABi;Fi;Fo;tau,4,4,0.1413524966005652,0.5,False,M_pro,False,False
batch,run_0023,45.0,IL1;IL12;M_pro;Ta,4,7,0.16939954255358125,1.0,True,M_pro,False,False
batch,run_0023,45.0,ABm;ABo;N,3,2,0.15356399858592173,1.0,False,M_pro,False,False
batch,run_0023,45.0,G,1,0,0.0,,False,M_pro,False,False
batch,run_0023,46.0,I10;IL4;M_NA;M_anti;Tb,5,12,0.17655616408922362,0.75,False,M_pro,False,False
batch,run_0023,46.0,A;ABp;Mh_anti;Mh_pro;P,5,8,0.08934364470975724,0.875,False,M_pro,False,False
batch,run_0023,46.0,ABi;Fi;Fo;tau,4,4,0.14051484319761331,0.5,False,M_pro,False,False
batch,run_0023,46.0,IL1;IL12;M_pro;Ta,4,7,0.17475680641691063,1.0,True,M_pro,False,False
batch,run_0023,46.0,ABm;ABo;N,3,2,0.147376405164397,1.0,False,M_pro,False,False
batch,run_0023,46.0,G,1,0,0.0,,False,M_pro,False,False
batch,run_0023,47.0,I10;IL4;M_NA;M_anti;Tb,5,12,0.1782236774309264,0.75,False,M_pro,False,False
batch,run_0023,47.0,A;ABp;Mh_anti;Mh_pro;P,5,8,0.09069664097345324,0.875,False,M_pro,False,False
batch,run_0023,47.0,ABi;ABm;ABo;N,4,3,0.1422589220075772,1.0,False,M_pro,False,False
batch,run_0023,47.0,IL1;IL12;M_pro;Ta,4,7,0.17941876712050897,1.0,True,M_pro,False,False
batch,run_0023,47.0,Fi;Fo;tau,3,3,0.1389706448683168,0.6666666666666666,False,M_pro,False,False
batch,run_0023,47.0,G,1,0,0.0,,False,M_pro,False,False
batch,run_0023,48.0,I10;IL4;M_NA;M_anti;Tb,5,12,0.17926568420568226,0.75,False,M_pro,False,False
batch,run_0023,48.0,A;ABp;Mh_anti;Mh_pro;P,5,8,0.09269901727187725,0.875,False,M_pro,False,False
batch,run_0023,48.0,ABi;ABm;ABo;N,4,3,0.13714671040447807,1.0,False,M_pro,False,False
batch,run_0023,48.0,IL1;IL12;M_pro;Ta,4,7,0.18343303650952958,1.0,True,M_pro,False,False
batch,run_0023,48.0,Fi;Fo;tau,3,3,0.13768144427442827,0.6666666666666666,False,M_pro,False,False
batch,run_0023,48.0,G,1,0,0.0,,False,M_pro,False,False
batch,run_0023,49.0,I10;IL4;M_NA;M_anti;Tb,5,12,0.17978027531925916,0.75,False,M_pro,False,False
batch,run_0023,49.0,A;ABp;Mh_anti;Mh_pro;P,5,8,0.09522328440909228,0.875,False,M_pro,False,False
batch,run_0023,49.0,ABi;ABm;ABo;N,4,3,0.13248259083881922,1.0,False,M_pro,False,False
batch,run_0023,49.0,IL1;IL12;M_pro;Ta,4,7,0.18684962209879052,1.0,True,M_pro,False,False
batch,run_0023,49.0,Fi;Fo;tau,3,3,0.13624048835506627,0.6666666666666666,False,M_pro,False,False
batch,run_0023,49.0,G,1,0,0.0,,False,M_pro,False,False
batch,run_0023,50.0,I10;IL4;M_NA;M_anti;Tb,5,12,0.17985343769608764,0.75,False,M_pro,False,False
batch,run_0023,50.0,A;ABp;Mh_anti;Mh_pro;P,5,8,0.0981620954606994,0.875,False,M_pro,False,False
batch,run_0023,50.0,ABi;ABm;ABo;N,4,3,0.12821563800906083,1.0,False,M_pro,False,False
batch,run_0023,50.0,IL1;IL12;M_pro;Ta,4,7,0.1897192164694532,1.0,True,M_pro,False,False
batch,run_0023,50.0,Fi;Fo;tau,3,3,0.13469084161657668,0.6666666666666666,False,M_pro,False,False
batch,run_0023,50.0,G,1,0,0.0,,False,M_pro,False,False
batch,run_0023,51.0,I10;IL4;M_NA;M_anti;Tb,5,12,0.1795605385909285,0.75,False,M_pro,False,False
batch,run_0023,51.0,A;ABp;Mh_anti;Mh_pro;P,5,8,0.10142454167357333,0.875,False,M_pro,False,False
batch,run_0023,51.0,ABi;ABm;ABo;N,4,3,0.12430097560013657,1.0,False,M_pro,False,False
batch,run_0023,51.0,IL1;IL12;M_pro;Ta,4,7,0.19209181184696883,1.0,True,M_pro,False,False
batch,run_0023,51.0,Fi;Fo;tau,3,3,0.13306955140526067,0.6666666666666666,False,M_pro,False,False
batch,run_0023,51.0,G,1,0,0.0,,False,M_pro,False,False
batch,run_0023,52.0,I10;IL4;M_NA;M_anti;Tb,5,12,0.17896758579577948,0.75,False,M_pro,False,False
batch,run_0023,52.0,A;ABp;Mh_anti;Mh_pro;P,5,8,0.10493340544687565,0.875,False,M_pro,False,False
batch,run_0023,52.0,ABi;ABm;ABo;N,4,3,0.12069932181669044,1.0,False,M_pro,False,False
batch,run_0023,52.0,IL1;IL12;M_pro;Ta,4,7,0.19401573937689642,1.0,True,M_pro,False,False
batch,run_0023,52.0,Fi;Fo;tau,3,3,0.13140786244476516,0.6666666666666666,False,M_pro,False,False
batch,run_0023,52.0,G,1,0,0.0,,False,M_pro,False,False
batch,run_0023,53.0,I10;IL4;M_NA;M_anti;Tb,5,12,0.1781322420665052,0.75,False,M_pro,False,False
batch,run_0023,53.0,A;ABp;Mh_anti;Mh_pro;P,5,8,0.10862308127733594,0.875,False,M_pro,False,False
batch,run_0023,53.0,ABi;ABm;ABo;N,4,3,0.11737645330598075,1.0,False,M_pro,False,False
batch,run_0023,53.0,IL1;IL12;M_pro;Ta,4,7,0.19553697469927925,1.0,True,M_pro,False,False
batch,run_0023,53.0,Fi;Fo;tau,3,3,0.12973163683749758,0.6666666666666666,False,M_pro,False,False
batch,run_0023,53.0,G,1,0,0.0,,False,M_pro,False,False
batch,run_0023,54.0,I10;IL4;M_NA;M_anti;Tb,5,12,0.17710471807468683,0.75,False,M_pro,False,False
batch,run_0023,54.0,A;ABp;Mh_anti;Mh_pro;P,5,8,0.11243792997854538,0.875,False,M_pro,False,False
batch,run_0023,54.0,ABi;ABm;ABo;N,4,3,0.11430262068822775,1.0,False,M_pro,False,False
batch,run_0023,54.0,IL1;IL12;M_pro;Ta,4,7,0.19669864867636022,1.0,True,M_pro,False,False
batch,run_0023,54.0,Fi;Fo;tau,3,3,0.12806190941040535,0.6666666666666666,False,M_pro,False,False
batch,run_0023,54.0,G,1,0,0.0,,False,M_pro,False,False
batch,run_0023,55.0,I10;IL4;M_NA;M_anti;Tb,5,12,0.17592861571244447,0.75,False,M_pro,False,False
batch,run_0023,55.0,A;ABp;Mh_anti;Mh_pro;P,5,8,0.11633092347858875,0.875,False,M_pro,False,False
batch,run_0023,55.0,ABi;ABm;ABo;N,4,3,0.11145196163028016,1.0,False,M_pro,False,False
batch,run_0023,55.0,IL1;IL12;M_pro;Ta,4,7,0.19754078408933834,1.0,True,M_pro,False,False
batch,run_0023,55.0,Fi;Fo;tau,3,3,0.1264154909245539,0.6666666666666666,False,M_pro,False,False
batch,run_0023,55.0,G,1,0,0.0,,False,M_pro,False,False
batch,run_0023,56.0,I10;IL4;M_NA;M_anti;Tb,5,12,0.1746416497486929,0.75,False,M_pro,False,False
batch,run_0023,56.0,A;ABp;Mh_anti;Mh_pro;P,5,8,0.12026253301031377,0.875,False,M_pro,False,False
batch,run_0023,56.0,ABi;ABm;ABo;N,4,3,0.10880198124756431,1.0,False,M_pro,False,False
batch,run_0023,56.0,IL1;IL12;M_pro;Ta,4,7,0.1981001876541241,1.0,True,M_pro,False,False
batch,run_0023,56.0,Fi;Fo;tau,3,3,0.12480555332398954,0.6666666666666666,False,M_pro,False,False
batch,run_0023,56.0,G,1,0,0.0,,False,M_pro,False,False
batch,run_0023,57.0,I10;IL4;M_NA;M_anti;Tb,5,12,0.1732762715587478,0.75,False,M_pro,False,False
batch,run_0023,57.0,A;ABp;Mh_anti;Mh_pro;P,5,8,0.12419978948115205,0.875,False,M_pro,False,False
batch,run_0023,57.0,ABi;ABm;ABo;N,4,3,0.10633309147221132,1.0,False,M_pro,False,False
batch,run_0023,57.0,IL1;IL12;M_pro;Ta,4,7,0.19841043853404303,1.0,True,M_pro,False,False
batch,run_0023,57.0,Fi;Fo;tau,3,3,0.12324217867841444,0.6666666666666666,False,M_pro,False,False
batch,run_0023,57.0,G,1,0,0.0,,False,M_pro,False,False
batch,run_0023,58.0,I10;IL4;M_NA;M_anti;Tb,5,12,0.17186023609823675,0.75,False,M_pro,False,False
batch,run_0023,58.0,A;ABp;Mh_anti;Mh_pro;P,5,8,0.1281154615810451,0.875,False,M_pro,False,False
batch,run_0023,58.0,ABi;ABm;ABo;N,4,3,0.10402819854878362,1.0,False,M_pro,False,False
batch,run_0023,58.0,IL1;IL12;M_pro;Ta,4,7,0.19850195060328613,1.0,True,M_pro,False,False
batch,run_0023,58.0,Fi;Fo;tau,3,3,0.12173286395714306,0.6666666666666666,False,M_pro,False,False
batch,run_0023,58.0,G,1,0,0.0,,False,M_pro,False,False
batch,run_0023,59.0,I10;IL4;M_NA;M_anti;Tb,5,12,0.17041710818814312,0.75,False,M_pro,False,False
batch,run_0023,59.0,A;ABp;Mh_anti;Mh_pro;P,5,8,0.1319873323425161,0.875,False,M_pro,False,False
batch,run_0023,59.0,ABi;ABm;ABo;N,4,3,0.10187235133728235,1.0,False,M_pro,False,False
batch,run_0023,59.0,IL1;IL12;M_pro;Ta,4,7,0.19840208256595562,1.0,True,M_pro,False,False
batch,run_0023,59.0,Fi;Fo;tau,3,3,0.12028297465828793,0.6666666666666666,False,M_pro,False,False
batch,run_0023,59.0,G,1,0,0.0,,False,M_pro,False,False
batch,run_0023,60.0,I10;IL4;M_NA;M_anti;Tb,5,12,0.16896674998469535,0.75,False,M_pro,False,False
batch,run_0023,60.0,A;ABp;Mh_anti;Mh_pro;P,5,8,0.13579754300754515,0.875,False,M_pro,False,False
batch,run_0023,60.0,ABi;ABm;ABo;N,4,3,0.09985242502352597,1.0,False,M_pro,False,False
batch,run_0023,60.0,IL1;IL12;M_pro;Ta,4,7,0.19813531670679457,1.0,True,M_pro,False,False
batch,run_0023,60.0,Fi;Fo;tau,3,3,0.11889613286604682,0.6666666666666666,False,M_pro,False,False
batch,run_0023,60.0,G,1,0,0.0,,False,M_pro,False,False
batch,run_0023,61.0,I10;IL4;M_NA;M_anti;Tb,5,12,0.16752576644857828,0.75,False,M_pro,False,False
batch,run_0023,61.0,A;ABp;Mh_anti;Mh_pro;P,5,8,0.13953200609949368,0.875,False,M_pro,False,False
batch,run_0023,61.0,ABi;ABm;ABo;N,4,3,0.09795685167231925,1.0,False,M_pro,False,False
batch,run_0023,61.0,IL1;IL12;M_pro;Ta,4,7,0.19772346282886447,1.0,True,M_pro,False,False
batch,run_0023,61.0,Fi;Fo;tau,3,3,0.11757454689564119,0.6666666666666666,False,M_pro,False,False
batch,run_0023,61.0,G,1,0,0.0,,False,M_pro,False,False
batch,run_0023,62.0,I10;IL4;M_NA;M_anti;Tb,5,12,0.16610790082609508,0.75,False,M_pro,False,False
batch,run_0023,62.0,A;ABp;Mh_anti;Mh_pro;P,5,8,0.14317988385971359,0.875,False,M_pro,False,False
batch,run_0023,62.0,ABi;ABm;ABo;N,4,3,0.09617539671921684,1.0,False,M_pro,False,False
batch,run_0023,62.0,IL1;IL12;M_pro;Ta,4,7,0.19718586327585988,1.0,True,M_pro,False,False
batch,run_0023,62.0,Fi;Fo;tau,3,3,0.11631929133571622,0.6666666666666666,False,M_pro,False,False
batch,run_0023,62.0,G,1,0,0.0,,False,M_pro,False,False
batch,run_0023,63.0,I10;IL4;M_NA;M_anti;Tb,5,12,0.16472438480813598,0.75,False,M_pro,False,False
batch,run_0023,63.0,A;ABp;Mh_anti;Mh_pro;P,5,8,0.14673312350720932,0.875,False,M_pro,False,False
batch,run_0023,63.0,ABi;ABm;ABo;N,4,3,0.09449897179898746,1.0,False,M_pro,False,False
batch,run_0023,63.0,IL1;IL12;M_pro;Ta,4,7,0.1965395934332596,1.0,True,M_pro,False,False
batch,run_0023,63.0,Fi;Fo;tau,3,3,0.11513054511777085,0.6666666666666666,False,M_pro,False,False
batch,run_0023,63.0,G,1,0,0.0,,False,M_pro,False,False
batch,run_0023,64.0,I10;IL4;M_NA;M_anti;Tb,5,12,0.16338426135669828,0.75,False,M_pro,False,False
batch,run_0023,64.0,A;ABp;Mh_anti;Mh_pro;P,5,8,0.1501860409263085,0.875,False,M_pro,False,False
batch,run_0023,64.0,ABi;ABm;ABo;N,4,3,0.09291947286574444,1.0,False,M_pro,False,False
batch,run_0023,64.0,IL1;IL12;M_pro;Ta,4,7,0.19579967352804142,1.0,True,M_pro,False,False
batch,run_0023,64.0,Fi;Fo;tau,3,3,0.11400778470743841,0.6666666666666666,False,M_pro,False,False
batch,run_0023,64.0,G,1,0,0.0,,False,M_pro,False,False
batch,run_0023,65.0,I10;IL4;M_NA;M_anti;Tb,5,12,0.16209467082449944,0.75,False,M_pro,False,False
batch,run_0023,65.0,A;ABp;Mh_anti;Mh_pro;P,5,8,0.15353494427926778,0.875,False,M_pro,False,False
batch,run_0023,65.0,ABi;ABm;ABo;N,4,3,0.09142964928885303,1.0,False,M_pro,False,False
batch,run_0023,65.0,IL1;IL12;M_pro;Ta,4,7,0.19497924861317084,1.0,True,M_pro,False,False
batch,run_0023,65.0,Fi;Fo;tau,3,3,0.11294996394500743,0.6666666666666666,False,M_pro,False,False
batch,run_0023,65.0,G,1,0,0.0,,False,M_pro,False,False
batch,run_0023,66.0,I10;IL4;M_NA;M_anti;Tb,5,12,0.1608611256401652,0.75,False,M_pro,False,False
batch,run_0023,66.0,A;ABp;Mh_anti;Mh_pro;P,5,8,0.15677780436142372,0.875,False,M_pro,False,False
batch,run_0023,66.0,ABi;ABm;ABo;N,4,3,0.09002298470772842,1.0,False,M_pro,False,False
batch,run_0023,66.0,IL1;IL12;M_pro;Ta,4,7,0.194089804187939,1.0,True,M_pro,False,False
batch,run_0023,66.0,Fi;Fo;tau,3,3,0.11195563449698864,0.6666666666666666,False,M_pro,False,False
batch,run_0023,66.0,G,1,0,0.0,,False,M_pro,False,False
batch,run_0023,67.0,I10;IL4;M_NA;M_anti;Tb,5,12,0.15968774438897698,0.75,False,M_pro,False,False
batch,run_0023,67.0,A;ABp;Mh_anti;Mh_pro;P,5,8,0.1599139658499887,0.875,False,M_pro,False,False
batch,run_0023,67.0,ABi;ABm;ABo;N,4,3,0.08869359924143028,1.0,False,M_pro,False,False
batch,run_0023,67.0,IL1;IL12;M_pro;Ta,4,7,0.1931413454067389,1.0,True,M_pro,False,False
batch,run_0023,67.0,Fi;Fo;tau,3,3,0.11102305438730346,0.6666666666666666,False,M_pro,False,False
batch,run_0023,67.0,G,1,0,0.0,,False,M_pro,False,False
batch,run_0023,68.0,I10;IL4;M_NA;M_anti;Tb,5,12,0.15857745997276007,0.75,False,M_pro,False,False
batch,run_0023,68.0,A;ABp;Mh_anti;Mh_pro;P,5,8,0.16294389463456585,0.875,False,M_pro,False,False
batch,run_0023,68.0,ABi;ABm;ABo;N,4,3,0.08743616863642596,1.0,False,M_pro,False,False
batch,run_0023,68.0,IL1;IL12;M_pro;Ta,4,7,0.19214256171983146,1.0,True,M_pro,False,False
batch,run_0023,68.0,Fi;Fo;tau,3,3,0.1101502773978562,0.6666666666666666,False,M_pro,False,False
batch,run_0023,68.0,G,1,0,0.0,,False,M_pro,False,False
batch,run_0023,69.0,I10;IL4;M_NA;M_anti;Tb,5,12,0.15753220723007452,0.75,False,M_pro,False,False
batch,run_0023,69.0,A;ABp;Mh_anti;Mh_pro;P,5,8,0.16586895732690168,0.875,False,M_pro,False,False
batch,run_0023,69.0,ABi;ABm;ABo;N,4,3,0.08624585383209135,1.0,False,M_pro,False,False
batch,run_0023,69.0,IL1;IL12;M_pro;Ta,4,7,0.1911009837891941,1.0,True,M_pro,False,False
batch,run_0023,69.0,Fi;Fo;tau,3,3,0.10933522219000671,0.6666666666666666,False,M_pro,False,False
batch,run_0023,69.0,G,1,0,0.0,,False,M_pro,False,False
batch,run_0023,70.0,I10;IL4;M_NA;M_anti;Tb,5,12,0.15655307683678346,0.75,False,M_pro,False,False
batch,run_0023,70.0,A;ABp;Mh_anti;Mh_pro;P,5,8,0.16869124109331787,0.875,False,M_pro,False,False
batch,run_0023,70.0,ABi;ABm;ABo;N,4,3,0.08511824458079628,1.0,False,M_pro,False,False
batch,run_0023,70.0,IL1;IL12;M_pro;Ta,4,7,0.19002312072478997,1.0,True,M_pro,False,False
batch,run_0023,70.0,Fi;Fo;tau,3,3,0.10857572385523553,0.6666666666666666,False,M_pro,False,False
batch,run_0023,70.0,G,1,0,0.0,,False,M_pro,False,False
batch,run_0023,71.0,I10;IL4;M_NA;M_anti;Tb,5,12,0.15564045806037477,0.75,False,M_pro,False,False
batch,run_0023,71.0,A;ABp;Mh_anti;Mh_pro;P,5,8,0.17141338850697263,0.875,False,M_pro,False,False
batch,run_0023,71.0,ABi;ABm;ABo;N,4,3,0.08404931004280286,1.0,False,M_pro,False,False
batch,run_0023,71.0,IL1;IL12;M_pro;Ta,4,7,0.18891458238290645,1.0,True,M_pro,False,False
batch,run_0023,71.0,Fi;Fo;tau,3,3,0.10786958434470308,0.6666666666666666,False,M_pro,False,False
batch,run_0023,71.0,G,1,0,0.0,,False,M_pro,False,False
batch,run_0023,72.0,I10;IL4;M_NA;M_anti;Tb,5,12,0.15479415982700795,0.75,False,Mh_pro,False,False
batch,run_0023,72.0,A;ABp;Mh_anti;Mh_pro;P,5,8,0.17403846642857357,0.875,True,Mh_pro,False,False
batch,run_0023,72.0,ABi;ABm;ABo;N,4,3,0.0830353556158597,1.0,False,Mh_pro,False,False
batch,run_0023,72.0,IL1;IL12;M_pro;Ta,4,7,0.18778019701276988,1.0,False,Mh_pro,False,False
batch,run_0023,72.0,Fi;Fo;tau,3,3,0.10721460101741476,0.6666666666666666,False,Mh_pro,False,False
batch,run_0023,72.0,G,1,0,0.0,,False,Mh_pro,False,False
batch,run_0023,73.0,I10;IL4;M_NA;M_anti;Tb,5,12,0.15401353193436396,0.75,False,Mh_pro,False,False
batch,run_0023,73.0,A;ABp;Mh_anti;Mh_pro;P,5,8,0.17656982613193475,0.875,True,Mh_pro,False,False
batch,run_0023,73.0,ABi;ABm;ABo;N,4,3,0.08207298614297368,1.0,False,Mh_pro,False,False
batch,run_0023,73.0,IL1;IL12;M_pro;Ta,4,7,0.18662410335709634,1.0,False,Mh_pro,False,False
batch,run_0023,73.0,Fi;Fo;tau,3,3,0.10660861354843824,0.6666666666666666,False,Mh_pro,False,False
batch,run_0023,73.0,G,1,0,0.0,,False,Mh_pro,False,False
batch,run_0023,74.0,I10;IL4;M_NA;M_anti;Tb,5,12,0.15039664747000264,0.75,False,Mh_pro,False,False
batch,run_0023,74.0,A;ABp;Mh_anti;Mh_pro;P,5,8,0.17562356840545112,0.875,True,Mh_pro,False,False
batch,run_0023,74.0,Fi;Fo;G;tau,4,4,0.12296593490026997,0.75,False,Mh_pro,False,False
batch,run_0023,74.0,ABi;ABm;ABo;N,4,3,0.07962327867659835,1.0,False,Mh_pro,False,False
batch,run_0023,74.0,IL1;IL12;M_pro;Ta,4,7,0.18194053860109496,1.0,False,Mh_pro,False,False
batch,run_0023,75.0,I10;IL4;M_NA;M_anti;Tb,5,12,0.1497254921528224,0.75,False,Mh_pro,False,False
batch,run_0023,75.0,A;ABp;Mh_anti;Mh_pro;P,5,8,0.1778971793495593,0.875,True,Mh_pro,False,False
batch,run_0023,75.0,Fi;Fo;G;tau,4,4,0.12263886126185163,0.75,False,Mh_pro,False,False
batch,run_0023,75.0,ABi;ABm;ABo;N,4,3,0.07875521864646741,1.0,False,Mh_pro,False,False
batch,run_0023,75.0,IL1;IL12;M_pro;Ta,4,7,0.1807364961092951,1.0,False,Mh_pro,False,False
batch,run_0023,76.0,I10;IL4;M_NA;M_anti;Tb,5,12,0.14908535174392928,0.75,False,Mh_pro,False,False
batch,run_0023,76.0,A;ABp;Mh_anti;Mh_pro;P,5,8,0.1800527571440192,0.875,True,Mh_pro,False,False
batch,run_0023,76.0,Fi;Fo;G;tau,4,4,0.12251835496302417,0.75,False,Mh_pro,False,False
batch,run_0023,76.0,ABi;ABm;ABo;N,4,3,0.07791425212826786,1.0,False,Mh_pro,False,False
batch,run_0023,76.0,IL1;IL12;M_pro;Ta,4,7,0.1794848046913639,1.0,False,Mh_pro,False,False
batch,run_0023,77.0,I10;IL4;M_NA;M_anti;Tb,5,12,0.14847368113460724,0.75,False,Mh_pro,False,False
batch,run_0023,77.0,A;ABp;Mh_anti;Mh_pro;P,5,8,0.18209130964654127,0.875,True,Mh_pro,False,False
batch,run_0023,77.0,Fi;Fo;G;tau,4,4,0.12260362828949427,0.75,False,Mh_pro,False,False
batch,run_0023,77.0,ABi;ABm;ABo;N,4,3,0.0770979541020389,1.0,False,Mh_pro,False,False
batch,run_0023,77.0,IL1;IL12;M_pro;Ta,4,7,0.17818703561858604,1.0,False,Mh_pro,False,False
batch,run_0023,78.0,I10;IL4;M_NA;M_anti;Tb,5,12,0.14788928079907354,0.75,False,Mh_pro,False,False
batch,run_0023,78.0,A;ABp;Mh_anti;Mh_pro;P,5,8,0.1840156846586193,0.875,True,Mh_pro,False,False
batch,run_0023,78.0,Fi;Fo;G;tau,4,4,0.12288747006994316,0.75,False,Mh_pro,False,False
batch,run_0023,78.0,ABi;ABm;ABo;N,4,3,0.07630473621855405,1.0,False,Mh_pro,False,False
batch,run_0023,78.0,IL1;IL12;M_pro;Ta,4,7,0.1768463262860574,1.0,False,Mh_pro,False,False
batch,run_0023,79.0,I10;IL4;M_NA;M_anti;Tb,5,12,0.14733183941168723,0.75,False,Mh_pro,False,False
batch,run_0023,79.0,A;ABp;Mh_anti;Mh_pro;P,5,8,0.18583005459237717,0.875,True,Mh_pro,False,False
batch,run_0023,79.0,Fi;Fo;G;tau,4,4,0.12335834350030309,0.75,False,Mh_pro,False,False
batch,run_0023,79.0,ABi;ABm;ABo;N,4,3,0.07553354763109617,1.0,False,Mh_pro,False,False
batch,run_0023,79.0,IL1;IL12;M_pro;Ta,4,7,0.17546679618063585,1.0,False,Mh_pro,False,False
batch,run_0023,80.0,I10;IL4;M_NA;M_anti;Mh_anti;Tb,6,16,0.19262778819905726,0.8125,False,Mh_pro,False,False
batch,run_0023,80.0,Fi;Fo;G;tau,4,4,0.12400315210159528,0.75,False,Mh_pro,False,False
batch,run_0023,80.0,ABi;ABm;ABo;N,4,3,0.0747835784458709,1.0,False,Mh_pro,False,False
batch,run_0023,80.0,IL1;IL12;M_pro;Ta,4,7,0.17405288583812684,1.0,False,Mh_pro,False,False
batch,run_0023,80.0,A;ABp;Mh_pro;P,4,4,0.14311447234453792,1.0,True,Mh_pro,False,False
