run_id,age,filename,n_nodes,n_edges,density,top_hub,top_hub_weighted_in_degree,param__kappa_MproTa,param__kappa_MhproTa,param__kappa_TbMpro,param__kappa_TaManti,param__d_ABoo,param__AP
0,30.0,graph_age030.0.graphml,22,10,0.021645021645021644,ABm,3.172328896284015,0.1660934072833945,0.11583176596280785,0.35757937597341477,0.3092104087178092,0.09618990327472114,0.0
0,31.0,graph_age031.0.graphml,22,80,0.17316017316017315,ABm,3.1715170582585315,0.1660934072833945,0.11583176596280785,0.35757937597341477,0.3092104087178092,0.09618990327472114,0.0
0,32.0,graph_age032.0.graphml,22,80,0.17316017316017315,ABm,3.1687814786200215,0.1660934072833945,0.11583176596280785,0.35757937597341477,0.3092104087178092,0.09618990327472114,0.0
0,33.0,graph_age033.0.graphml,22,84,0.18181818181818182,ABm,3.166352077153374,0.1660934072833945,0.11583176596280785,0.35757937597341477,0.3092104087178092,0.09618990327472114,0.0
0,34.0,graph_age034.0.graphml,22,84,0.18181818181818182,ABm,3.1650926846611935,0.1660934072833945,0.11583176596280785,0.35757937597341477,0.3092104087178092,0.09618990327472114,0.0
0,35.0,graph_age035.0.graphml,22,85,0.18398268398268397,Fi,3.2819691736712033,0.1660934072833945,0.11583176596280785,0.35757937597341477,0.3092104087178092,0.09618990327472114,0.0
0,36.0,graph_age036.0.graphml,22,85,0.18398268398268397,Fi,3.859235087005561,0.1660934072833945,0.11583176596280785,0.35757937597341477,0.3092104087178092,0.09618990327472114,0.0
0,37.0,graph_age037.0.graphml,22,85,0.18398268398268397,Fi,4.3301868338464375,0.1660934072833945,0.11583176596280785,0.35757937597341477,0.3092104087178092,0.09618990327472114,0.0
0,38.0,graph_age038.0.graphml,22,85,0.18398268398268397,Fi,4.705917398630815,0.1660934072833945,0.11583176596280785,0.35757937597341477,0.3092104087178092,0.09618990327472114,0.0
0,39.0,graph_age039.0.graphml,22,85,0.18398268398268397,Fi,5.000812345087782,0.1660934072833945,0.11583176596280785,0.35757937597341477,0.3092104087178092,0.09618990327472114,0.0
0,40.0,graph_age040.0.graphml,22,86,0.18614718614718614,Fi,5.229367245873776,0.1660934072833945,0.11583176596280785,0.35757937597341477,0.3092104087178092,0.09618990327472114,0.0
0,41.0,graph_age041.0.graphml,22,86,0.18614718614718614,M_pro,5.758172014571486,0.1660934072833945,0.11583176596280785,0.35757937597341477,0.3092104087178092,0.09618990327472114,0.0
0,42.0,graph_age042.0.graphml,22,86,0.18614718614718614,M_pro,6.384061556351426,0.1660934072833945,0.11583176596280785,0.35757937597341477,0.3092104087178092,0.09618990327472114,0.0
0,43.0,graph_age043.0.graphml,22,86,0.18614718614718614,M_pro,6.972644043820149,0.1660934072833945,0.11583176596280785,0.35757937597341477,0.3092104087178092,0.09618990327472114,0.0
0,44.0,graph_age044.0.graphml,22,86,0.18614718614718614,M_pro,7.521838544136265,0.1660934072833945,0.11583176596280785,0.35757937597341477,0.3092104087178092,0.09618990327472114,0.0
0,45.0,graph_age045.0.graphml,22,86,0.18614718614718614,M_pro,8.03208742005825,0.1660934072833945,0.11583176596280785,0.35757937597341477,0.3092104087178092,0.09618990327472114,0.0
0,46.0,graph_age046.0.graphml,22,86,0.18614718614718614,M_pro,8.505165594470977,0.1660934072833945,0.11583176596280785,0.35757937597341477,0.3092104087178092,0.09618990327472114,0.0
0,47.0,graph_age047.0.graphml,22,86,0.18614718614718614,M_pro,8.943450250473248,0.1660934072833945,0.11583176596280785,0.35757937597341477,0.3092104087178092,0.09618990327472114,0.0
0,48.0,graph_age048.0.graphml,22,86,0.18614718614718614,M_pro,9.349498235774835,0.1660934072833945,0.11583176596280785,0.35757937597341477,0.3092104087178092,0.09618990327472114,0.0
0,49.0,graph_age049.0.graphml,22,86,0.18614718614718614,M_pro,9.725815092233782,0.1660934072833945,0.11583176596280785,0.35757937597341477,0.3092104087178092,0.09618990327472114,0.0
0,50.0,graph_age050.0.graphml,22,86,0.18614718614718614,M_pro,10.07475120519298,0.1660934072833945,0.11583176596280785,0.35757937597341477,0.3092104087178092,0.09618990327472114,0.0
0,51.0,graph_age051.0.graphml,22,86,0.18614718614718614,M_pro,10.398465205864712,0.1660934072833945,0.11583176596280785,0.35757937597341477,0.3092104087178092,0.09618990327472114,0.0
0,52.0,graph_age052.0.graphml,22,86,0.18614718614718614,M_pro,10.69891778071908,0.1660934072833945,0.11583176596280785,0.35757937597341477,0.3092104087178092,0.09618990327472114,0.0
0,53.0,graph_age053.0.graphml,22,86,0.18614718614718614,M_pro,10.977883015545578,0.1660934072833945,0.11583176596280785,0.35757937597341477,0.3092104087178092,0.09618990327472114,0.0
0,54.0,graph_age054.0.graphml,22,86,0.18614718614718614,M_pro,11.236966040201366,0.1660934072833945,0.11583176596280785,0.35757937597341477,0.3092104087178092,0.09618990327472114,0.0
0,55.0,graph_age055.0.graphml,22,86,0.18614718614718614,M_pro,11.477621820384156,0.1660934072833945,0.11583176596280785,0.35757937597341477,0.3092104087178092,0.09618990327472114,0.0
0,56.0,graph_age056.0.graphml,22,86,0.18614718614718614,M_pro,11.701170576137972,0.1660934072833945,0.11583176596280785,0.35757937597341477,0.3092104087178092,0.09618990327472114,0.0
0,57.0,graph_age057.0.graphml,22,86,0.18614718614718614,M_pro,11.90881174837074,0.1660934072833945,0.11583176596280785,0.35757937597341477,0.3092104087178092,0.09618990327472114,0.0
0,58.0,graph_age058.0.graphml,22,86,0.18614718614718614,M_pro,12.101635941354612,0.1660934072833945,0.11583176596280785,0.35757937597341477,0.3092104087178092,0.09618990327472114,0.0
0,59.0,graph_age059.0.graphml,22,86,0.18614718614718614,M_pro,12.280635460159797,0.1660934072833945,0.11583176596280785,0.35757937597341477,0.3092104087178092,0.09618990327472114,0.0
0,60.0,graph_age060.0.graphml,22,86,0.18614718614718614,M_pro,12.44671301722511,0.1660934072833945,0.11583176596280785,0.35757937597341477,0.3092104087178092,0.09618990327472114,0.0
0,61.0,graph_age061.0.graphml,22,86,0.18614718614718614,M_pro,12.6006894672978,0.1660934072833945,0.11583176596280785,0.35757937597341477,0.3092104087178092,0.09618990327472114,0.0
0,62.0,graph_age062.0.graphml,22,86,0.18614718614718614,M_pro,12.743311148088427,0.1660934072833945,0.11583176596280785,0.35757937597341477,0.3092104087178092,0.09618990327472114,0.0
0,63.0,graph_age063.0.graphml,22,86,0.18614718614718614,M_pro,12.875256865127533,0.1660934072833945,0.11583176596280785,0.35757937597341477,0.3092104087178092,0.09618990327472114,0.0
0,64.0,graph_age064.0.graphml,22,86,0.18614718614718614,M_pro,12.997144493223487,0.1660934072833945,0.11583176596280785,0.35757937597341477,0.3092104087178092,0.09618990327472114,0.0
0,65.0,graph_age065.0.graphml,22,86,0.18614718614718614,M_pro,13.109537074522985,0.1660934072833945,0.11583176596280785,0.35757937597341477,0.3092104087178092,0.09618990327472114,0.0
0,66.0,graph_age066.0.graphml,22,86,0.18614718614718614,M_pro,13.212948189189671,0.1660934072833945,0.11583176596280785,0.35757937597341477,0.3092104087178092,0.09618990327472114,0.0
0,67.0,graph_age067.0.graphml,22,86,0.18614718614718614,M_pro,13.307847539357455,0.1660934072833945,0.11583176596280785,0.35757937597341477,0.3092104087178092,0.09618990327472114,0.0
0,68.0,graph_age068.0.graphml,22,86,0.18614718614718614,M_pro,13.394665873913745,0.1660934072833945,0.11583176596280785,0.35757937597341477,0.3092104087178092,0.09618990327472114,0.0
0,69.0,graph_age069.0.graphml,22,86,0.18614718614718614,M_pro,13.473799604783684,0.1660934072833945,0.11583176596280785,0.35757937597341477,0.3092104087178092,0.09618990327472114,0.0
0,70.0,graph_age070.0.graphml,22,86,0.18614718614718614,M_pro,13.545614903797707,0.1660934072833945,0.11583176596280785,0.35757937597341477,0.3092104087178092,0.09618990327472114,0.0
0,71.0,graph_age071.0.graphml,22,86,0.18614718614718614,M_pro,13.610451465017357,0.1660934072833945,0.11583176596280785,0.35757937597341477,0.3092104087178092,0.09618990327472114,0.0
0,72.0,graph_age072.0.graphml,22,86,0.18614718614718614,M_pro,13.668625597803317,0.1660934072833945,0.11583176596280785,0.35757937597341477,0.3092104087178092,0.09618990327472114,0.0
0,73.0,graph_age073.0.graphml,22,86,0.18614718614718614,M_pro,13.720433036168883,0.1660934072833945,0.11583176596280785,0.35757937597341477,0.3092104087178092,0.09618990327472114,0.0
0,74.0,graph_age074.0.graphml,22,87,0.18831168831168832,M_pro,13.766152320119511,0.1660934072833945,0.11583176596280785,0.35757937597341477,0.3092104087178092,0.09618990327472114,0.0
0,75.0,graph_age075.0.graphml,22,87,0.18831168831168832,M_pro,13.806046681714434,0.1660934072833945,0.11583176596280785,0.35757937597341477,0.3092104087178092,0.09618990327472114,0.0
0,76.0,graph_age076.0.graphml,22,87,0.18831168831168832,M_pro,13.840373879681263,0.1660934072833945,0.11583176596280785,0.35757937597341477,0.3092104087178092,0.09618990327472114,0.0
0,77.0,graph_age077.0.graphml,22,87,0.18831168831168832,M_pro,13.869388453062081,0.1660934072833945,0.11583176596280785,0.35757937597341477,0.3092104087178092,0.09618990327472114,0.0
0,78.0,graph_age078.0.graphml,22,87,0.18831168831168832,M_pro,13.893338079447249,0.1660934072833945,0.11583176596280785,0.35757937597341477,0.3092104087178092,0.09618990327472114,0.0
0,79.0,graph_age079.0.graphml,22,87,0.18831168831168832,M_pro,13.91246119765125,0.1660934072833945,0.11583176596280785,0.35757937597341477,0.3092104087178092,0.09618990327472114,0.0
0,80.0,graph_age080.0.graphml,22,87,0.18831168831168832,M_pro,13.92698508614572,0.1660934072833945,0.11583176596280785,0.35757937597341477,0.3092104087178092,0.09618990327472114,0.0
1,30.0,graph_age030.0.graphml,22,10,0.021645021645021644,ABm,3.172235842281866,0.16417095529855297,0.1679096457915431,0.13843408980266378,0.23511578136867015,0.15842955545233078,0.0
1,31.0,graph_age031.0.graphml,22,80,0.17316017316017315,ABm,3.1714251653802266,0.16417095529855297,0.1679096457915431,0.13843408980266378,0.23511578136867015,0.15842955545233078,0.0
1,32.0,graph_age032.0.graphml,22,80,0.17316017316017315,ABm,3.168700888975659,0.16417095529855297,0.1679096457915431,0.13843408980266378,0.23511578136867015,0.15842955545233078,0.0
1,33.0,graph_age033.0.graphml,22,84,0.18181818181818182,ABm,3.166300878677099,0.16417095529855297,0.1679096457915431,0.13843408980266378,0.23511578136867015,0.15842955545233078,0.0
1,34.0,graph_age034.0.graphml,22,84,0.18181818181818182,ABm,3.1650854061443483,0.16417095529855297,0.1679096457915431,0.13843408980266378,0.23511578136867015,0.15842955545233078,0.0
1,35.0,graph_age035.0.graphml,22,85,0.18398268398268397,Fi,3.282580744133313,0.16417095529855297,0.1679096457915431,0.13843408980266378,0.23511578136867015,0.15842955545233078,0.0
1,36.0,graph_age036.0.graphml,22,85,0.18398268398268397,Fi,3.859926148990559,0.16417095529855297,0.1679096457915431,0.13843408980266378,0.23511578136867015,0.15842955545233078,0.0
1,37.0,graph_age037.0.graphml,22,85,0.18398268398268397,Fi,4.330925639414974,0.16417095529855297,0.1679096457915431,0.13843408980266378,0.23511578136867015,0.15842955545233078,0.0
1,38.0,graph_age038.0.graphml,22,85,0.18398268398268397,ABo,4.728531027294438,0.16417095529855297,0.1679096457915431,0.13843408980266378,0.23511578136867015,0.15842955545233078,0.0
1,39.0,graph_age039.0.graphml,22,85,0.18398268398268397,ABo,5.0609704643838525,0.16417095529855297,0.1679096457915431,0.13843408980266378,0.23511578136867015,0.15842955545233078,0.0
1,40.0,graph_age040.0.graphml,22,86,0.18614718614718614,ABo,5.32228431889638,0.16417095529855297,0.1679096457915431,0.13843408980266378,0.23511578136867015,0.15842955545233078,0.0
1,41.0,graph_age041.0.graphml,22,86,0.18614718614718614,M_pro,5.778557762815507,0.16417095529855297,0.1679096457915431,0.13843408980266378,0.23511578136867015,0.15842955545233078,0.0
1,42.0,graph_age042.0.graphml,22,86,0.18614718614718614,M_pro,6.358694589305679,0.16417095529855297,0.1679096457915431,0.13843408980266378,0.23511578136867015,0.15842955545233078,0.0
1,43.0,graph_age043.0.graphml,22,86,0.18614718614718614,M_pro,6.892540279387941,0.16417095529855297,0.1679096457915431,0.13843408980266378,0.23511578136867015,0.15842955545233078,0.0
1,44.0,graph_age044.0.graphml,22,86,0.18614718614718614,M_pro,7.380369437851016,0.16417095529855297,0.1679096457915431,0.13843408980266378,0.23511578136867015,0.15842955545233078,0.0
1,45.0,graph_age045.0.graphml,22,86,0.18614718614718614,M_pro,7.824736060607259,0.16417095529855297,0.1679096457915431,0.13843408980266378,0.23511578136867015,0.15842955545233078,0.0
1,46.0,graph_age046.0.graphml,22,86,0.18614718614718614,M_pro,8.229268269512536,0.16417095529855297,0.1679096457915431,0.13843408980266378,0.23511578136867015,0.15842955545233078,0.0
1,47.0,graph_age047.0.graphml,22,86,0.18614718614718614,M_pro,8.597942848409359,0.16417095529855297,0.1679096457915431,0.13843408980266378,0.23511578136867015,0.15842955545233078,0.0
1,48.0,graph_age048.0.graphml,22,86,0.18614718614718614,M_pro,8.934677698886658,0.16417095529855297,0.1679096457915431,0.13843408980266378,0.23511578136867015,0.15842955545233078,0.0
1,49.0,graph_age049.0.graphml,22,86,0.18614718614718614,M_pro,9.243115266970657,0.16417095529855297,0.1679096457915431,0.13843408980266378,0.23511578136867015,0.15842955545233078,0.0
1,50.0,graph_age050.0.graphml,22,86,0.18614718614718614,M_pro,9.526533095789818,0.16417095529855297,0.1679096457915431,0.13843408980266378,0.23511578136867015,0.15842955545233078,0.0
1,51.0,graph_age051.0.graphml,22,86,0.18614718614718614,M_pro,9.787823458545565,0.16417095529855297,0.1679096457915431,0.13843408980266378,0.23511578136867015,0.15842955545233078,0.0
1,52.0,graph_age052.0.graphml,22,86,0.18614718614718614,M_pro,10.02950523850955,0.16417095529855297,0.1679096457915431,0.13843408980266378,0.23511578136867015,0.15842955545233078,0.0
1,53.0,graph_age053.0.graphml,22,86,0.18614718614718614,M_pro,10.253752477098978,0.16417095529855297,0.1679096457915431,0.13843408980266378,0.23511578136867015,0.15842955545233078,0.0
1,54.0,graph_age054.0.graphml,22,86,0.18614718614718614,M_pro,10.46243160719248,0.16417095529855297,0.1679096457915431,0.13843408980266378,0.23511578136867015,0.15842955545233078,0.0
1,55.0,graph_age055.0.graphml,22,86,0.18614718614718614,M_pro,10.657138280168754,0.16417095529855297,0.1679096457915431,0.13843408980266378,0.23511578136867015,0.15842955545233078,0.0
1,56.0,graph_age056.0.graphml,22,86,0.18614718614718614,M_pro,10.839231242367127,0.16417095529855297,0.1679096457915431,0.13843408980266378,0.23511578136867015,0.15842955545233078,0.0
1,57.0,graph_age057.0.graphml,22,86,0.18614718614718614,M_pro,11.009863359645735,0.16417095529855297,0.1679096457915431,0.13843408980266378,0.23511578136867015,0.15842955545233078,0.0
1,58.0,graph_age058.0.graphml,22,86,0.18614718614718614,M_pro,11.17000971470336,0.16417095529855297,0.1679096457915431,0.13843408980266378,0.23511578136867015,0.15842955545233078,0.0
1,59.0,graph_age059.0.graphml,22,86,0.18614718614718614,M_pro,11.32049294994045,0.16417095529855297,0.1679096457915431,0.13843408980266378,0.23511578136867015,0.15842955545233078,0.0
1,60.0,graph_age060.0.graphml,22,86,0.18614718614718614,M_pro,11.46200539852415,0.16417095529855297,0.1679096457915431,0.13843408980266378,0.23511578136867015,0.15842955545233078,0.0
1,61.0,graph_age061.0.graphml,22,86,0.18614718614718614,M_pro,11.595128231846553,0.16417095529855297,0.1679096457915431,0.13843408980266378,0.23511578136867015,0.15842955545233078,0.0
1,62.0,graph_age062.0.graphml,22,86,0.18614718614718614,M_pro,11.720348256198573,0.16417095529855297,0.1679096457915431,0.13843408980266378,0.23511578136867015,0.15842955545233078,0.0
1,63.0,graph_age063.0.graphml,22,86,0.18614718614718614,M_pro,11.838073093871165,0.16417095529855297,0.1679096457915431,0.13843408980266378,0.23511578136867015,0.15842955545233078,0.0
1,64.0,graph_age064.0.graphml,22,86,0.18614718614718614,M_pro,11.948644456204358,0.16417095529855297,0.1679096457915431,0.13843408980266378,0.23511578136867015,0.15842955545233078,0.0
1,65.0,graph_age065.0.graphml,22,86,0.18614718614718614,M_pro,12.052349380241537,0.16417095529855297,0.1679096457915431,0.13843408980266378,0.23511578136867015,0.15842955545233078,0.0
1,66.0,graph_age066.0.graphml,22,86,0.18614718614718614,M_pro,12.149430965682452,0.16417095529855297,0.1679096457915431,0.13843408980266378,0.23511578136867015,0.15842955545233078,0.0
1,67.0,graph_age067.0.graphml,22,86,0.18614718614718614,M_pro,12.240096431889594,0.16417095529855297,0.1679096457915431,0.13843408980266378,0.23511578136867015,0.15842955545233078,0.0
1,68.0,graph_age068.0.graphml,22,86,0.18614718614718614,M_pro,12.324524610890442,0.16417095529855297,0.1679096457915431,0.13843408980266378,0.23511578136867015,0.15842955545233078,0.0
1,69.0,graph_age069.0.graphml,22,86,0.18614718614718614,M_pro,12.402872363605969,0.16417095529855297,0.1679096457915431,0.13843408980266378,0.23511578136867015,0.15842955545233078,0.0
1,70.0,graph_age070.0.graphml,22,86,0.18614718614718614,M_pro,12.475279690328579,0.16417095529855297,0.1679096457915431,0.13843408980266378,0.23511578136867015,0.15842955545233078,0.0
1,71.0,graph_age071.0.graphml,22,86,0.18614718614718614,M_pro,12.541873918769147,0.16417095529855297,0.1679096457915431,0.13843408980266378,0.23511578136867015,0.15842955545233078,0.0
1,72.0,graph_age072.0.graphml,22,86,0.18614718614718614,M_pro,12.602773595893389,0.16417095529855297,0.1679096457915431,0.13843408980266378,0.23511578136867015,0.15842955545233078,0.0
1,73.0,graph_age073.0.graphml,22,86,0.18614718614718614,M_pro,12.658091017865972,0.16417095529855297,0.1679096457915431,0.13843408980266378,0.23511578136867015,0.15842955545233078,0.0
1,74.0,graph_age074.0.graphml,22,87,0.18831168831168832,M_pro,12.707936237597197,0.16417095529855297,0.1679096457915431,0.13843408980266378,0.23511578136867015,0.15842955545233078,0.0
1,75.0,graph_age075.0.graphml,22,87,0.18831168831168832,M_pro,12.752417835573347,0.16417095529855297,0.1679096457915431,0.13843408980266378,0.23511578136867015,0.15842955545233078,0.0
1,76.0,graph_age076.0.graphml,22,87,0.18831168831168832,M_pro,12.791655849095187,0.16417095529855297,0.1679096457915431,0.13843408980266378,0.23511578136867015,0.15842955545233078,0.0
1,77.0,graph_age077.0.graphml,22,87,0.18831168831168832,M_pro,12.82578438254107,0.16417095529855297,0.1679096457915431,0.13843408980266378,0.23511578136867015,0.15842955545233078,0.0
1,78.0,graph_age078.0.graphml,22,87,0.18831168831168832,M_pro,12.854945109033817,0.16417095529855297,0.1679096457915431,0.13843408980266378,0.23511578136867015,0.15842955545233078,0.0
1,79.0,graph_age079.0.graphml,22,87,0.18831168831168832,Fo,13.006211575142288,0.16417095529855297,0.1679096457915431,0.13843408980266378,0.23511578136867015,0.15842955545233078,0.0
1,80.0,graph_age080.0.graphml,22,87,0.18831168831168832,Fo,13.209014389139853,0.16417095529855297,0.1679096457915431,0.13843408980266378,0.23511578136867015,0.15842955545233078,0.0
2,30.0,graph_age030.0.graphml,22,10,0.021645021645021644,ABm,3.495963104723203,0.14657976801209968,0.1734142419906245,0.23302425964819934,0.16817161653543308,0.1997815770785628,1.0
2,31.0,graph_age031.0.graphml,22,80,0.17316017316017315,ABm,3.4950700436745628,0.14657976801209968,0.1734142419906245,0.23302425964819934,0.16817161653543308,0.1997815770785628,1.0
2,32.0,graph_age032.0.graphml,22,82,0.1774891774891775,ABm,3.49207703860355,0.14657976801209968,0.1734142419906245,0.23302425964819934,0.16817161653543308,0.1997815770785628,1.0
2,33.0,graph_age033.0.graphml,22,84,0.18181818181818182,ABm,3.4894866436331324,0.14657976801209968,0.1734142419906245,0.23302425964819934,0.16817161653543308,0.1997815770785628,1.0
2,34.0,graph_age034.0.graphml,22,85,0.18398268398268397,ABm,3.488309623286592,0.14657976801209968,0.1734142419906245,0.23302425964819934,0.16817161653543308,0.1997815770785628,1.0
2,35.0,graph_age035.0.graphml,22,85,0.18398268398268397,ABo,3.809508457303601,0.14657976801209968,0.1734142419906245,0.23302425964819934,0.16817161653543308,0.1997815770785628,1.0
2,36.0,graph_age036.0.graphml,22,85,0.18398268398268397,ABo,4.479404802535011,0.14657976801209968,0.1734142419906245,0.23302425964819934,0.16817161653543308,0.1997815770785628,1.0
2,37.0,graph_age037.0.graphml,22,85,0.18398268398268397,ABo,5.0162361870414225,0.14657976801209968,0.1734142419906245,0.23302425964819934,0.16817161653543308,0.1997815770785628,1.0
2,38.0,graph_age038.0.graphml,22,85,0.18398268398268397,ABo,5.435281315153084,0.14657976801209968,0.1734142419906245,0.23302425964819934,0.16817161653543308,0.1997815770785628,1.0
2,39.0,graph_age039.0.graphml,22,85,0.18398268398268397,M_pro,5.789179214448165,0.14657976801209968,0.1734142419906245,0.23302425964819934,0.16817161653543308,0.1997815770785628,1.0
2,40.0,graph_age040.0.graphml,22,86,0.18614718614718614,M_pro,6.381610367803921,0.14657976801209968,0.1734142419906245,0.23302425964819934,0.16817161653543308,0.1997815770785628,1.0
2,41.0,graph_age041.0.graphml,22,86,0.18614718614718614,M_pro,6.892768551547631,0.14657976801209968,0.1734142419906245,0.23302425964819934,0.16817161653543308,0.1997815770785628,1.0
2,42.0,graph_age042.0.graphml,22,86,0.18614718614718614,M_pro,7.329490052233068,0.14657976801209968,0.1734142419906245,0.23302425964819934,0.16817161653543308,0.1997815770785628,1.0
2,43.0,graph_age043.0.graphml,22,86,0.18614718614718614,M_pro,7.701841852510002,0.14657976801209968,0.1734142419906245,0.23302425964819934,0.16817161653543308,0.1997815770785628,1.0
2,44.0,graph_age044.0.graphml,22,86,0.18614718614718614,M_pro,8.020285818042812,0.14657976801209968,0.1734142419906245,0.23302425964819934,0.16817161653543308,0.1997815770785628,1.0
2,45.0,graph_age045.0.graphml,22,86,0.18614718614718614,M_pro,8.294322495418546,0.14657976801209968,0.1734142419906245,0.23302425964819934,0.16817161653543308,0.1997815770785628,1.0
2,46.0,graph_age046.0.graphml,22,86,0.18614718614718614,M_pro,8.532027458650496,0.14657976801209968,0.1734142419906245,0.23302425964819934,0.16817161653543308,0.1997815770785628,1.0
2,47.0,graph_age047.0.graphml,22,86,0.18614718614718614,M_pro,8.740018922937773,0.14657976801209968,0.1734142419906245,0.23302425964819934,0.16817161653543308,0.1997815770785628,1.0
2,48.0,graph_age048.0.graphml,22,86,0.18614718614718614,M_pro,8.923625228170792,0.14657976801209968,0.1734142419906245,0.23302425964819934,0.16817161653543308,0.1997815770785628,1.0
2,49.0,graph_age049.0.graphml,22,86,0.18614718614718614,M_pro,9.087104804187845,0.14657976801209968,0.1734142419906245,0.23302425964819934,0.16817161653543308,0.1997815770785628,1.0
2,50.0,graph_age050.0.graphml,22,86,0.18614718614718614,M_pro,9.23385583477417,0.14657976801209968,0.1734142419906245,0.23302425964819934,0.16817161653543308,0.1997815770785628,1.0
2,51.0,graph_age051.0.graphml,22,86,0.18614718614718614,M_pro,9.366598341692056,0.14657976801209968,0.1734142419906245,0.23302425964819934,0.16817161653543308,0.1997815770785628,1.0
2,52.0,graph_age052.0.graphml,22,86,0.18614718614718614,M_pro,9.48752038991933,0.14657976801209968,0.1734142419906245,0.23302425964819934,0.16817161653543308,0.1997815770785628,1.0
2,53.0,graph_age053.0.graphml,22,86,0.18614718614718614,M_pro,9.598389437379456,0.14657976801209968,0.1734142419906245,0.23302425964819934,0.16817161653543308,0.1997815770785628,1.0
2,54.0,graph_age054.0.graphml,22,86,0.18614718614718614,M_pro,9.700638514014814,0.14657976801209968,0.1734142419906245,0.23302425964819934,0.16817161653543308,0.1997815770785628,1.0
2,55.0,graph_age055.0.graphml,22,86,0.18614718614718614,M_pro,9.795432892646852,0.14657976801209968,0.1734142419906245,0.23302425964819934,0.16817161653543308,0.1997815770785628,1.0
2,56.0,graph_age056.0.graphml,22,86,0.18614718614718614,M_pro,9.883720910411505,0.14657976801209968,0.1734142419906245,0.23302425964819934,0.16817161653543308,0.1997815770785628,1.0
2,57.0,graph_age057.0.graphml,22,86,0.18614718614718614,M_pro,9.966273250055108,0.14657976801209968,0.1734142419906245,0.23302425964819934,0.16817161653543308,0.1997815770785628,1.0
2,58.0,graph_age058.0.graphml,22,86,0.18614718614718614,M_pro,10.04371439509063,0.14657976801209968,0.1734142419906245,0.23302425964819934,0.16817161653543308,0.1997815770785628,1.0
2,59.0,graph_age059.0.graphml,22,86,0.18614718614718614,M_pro,10.11654854778239,0.14657976801209968,0.1734142419906245,0.23302425964819934,0.16817161653543308,0.1997815770785628,1.0
2,60.0,graph_age060.0.graphml,22,86,0.18614718614718614,M_pro,10.185181199275492,0.14657976801209968,0.1734142419906245,0.23302425964819934,0.16817161653543308,0.1997815770785628,1.0
2,61.0,graph_age061.0.graphml,22,86,0.18614718614718614,M_pro,10.249936948713582,0.14657976801209968,0.1734142419906245,0.23302425964819934,0.16817161653543308,0.1997815770785628,1.0
2,62.0,graph_age062.0.graphml,22,86,0.18614718614718614,M_pro,10.311074454022595,0.14657976801209968,0.1734142419906245,0.23302425964819934,0.16817161653543308,0.1997815770785628,1.0
2,63.0,graph_age063.0.graphml,22,86,0.18614718614718614,Fo,10.389921399818427,0.14657976801209968,0.1734142419906245,0.23302425964819934,0.16817161653543308,0.1997815770785628,1.0
2,64.0,graph_age064.0.graphml,22,86,0.18614718614718614,Fo,10.515074126174422,0.14657976801209968,0.1734142419906245,0.23302425964819934,0.16817161653543308,0.1997815770785628,1.0
2,65.0,graph_age065.0.graphml,22,86,0.18614718614718614,Fo,10.63362772009428,0.14657976801209968,0.1734142419906245,0.23302425964819934,0.16817161653543308,0.1997815770785628,1.0
2,66.0,graph_age066.0.graphml,22,86,0.18614718614718614,Fo,10.74627423076187,0.14657976801209968,0.1734142419906245,0.23302425964819934,0.16817161653543308,0.1997815770785628,1.0
2,67.0,graph_age067.0.graphml,22,86,0.18614718614718614,Fo,10.853591268051263,0.14657976801209968,0.1734142419906245,0.23302425964819934,0.16817161653543308,0.1997815770785628,1.0
2,68.0,graph_age068.0.graphml,22,86,0.18614718614718614,Fo,10.956061232456834,0.14657976801209968,0.1734142419906245,0.23302425964819934,0.16817161653543308,0.1997815770785628,1.0
2,69.0,graph_age069.0.graphml,22,86,0.18614718614718614,Fo,11.054086104568407,0.14657976801209968,0.1734142419906245,0.23302425964819934,0.16817161653543308,0.1997815770785628,1.0
2,70.0,graph_age070.0.graphml,22,86,0.18614718614718614,Fo,11.148001377881737,0.14657976801209968,0.1734142419906245,0.23302425964819934,0.16817161653543308,0.1997815770785628,1.0
2,71.0,graph_age071.0.graphml,22,86,0.18614718614718614,Fo,11.23808782354432,0.14657976801209968,0.1734142419906245,0.23302425964819934,0.16817161653543308,0.1997815770785628,1.0
2,72.0,graph_age072.0.graphml,22,86,0.18614718614718614,Fo,11.3245826947001,0.14657976801209968,0.1734142419906245,0.23302425964819934,0.16817161653543308,0.1997815770785628,1.0
2,73.0,graph_age073.0.graphml,22,86,0.18614718614718614,Fo,11.40769744786249,0.14657976801209968,0.1734142419906245,0.23302425964819934,0.16817161653543308,0.1997815770785628,1.0
2,74.0,graph_age074.0.graphml,22,87,0.18831168831168832,Fo,11.487667267997349,0.14657976801209968,0.1734142419906245,0.23302425964819934,0.16817161653543308,0.1997815770785628,1.0
2,75.0,graph_age075.0.graphml,22,87,0.18831168831168832,Fo,11.567182111697953,0.14657976801209968,0.1734142419906245,0.23302425964819934,0.16817161653543308,0.1997815770785628,1.0
2,76.0,graph_age076.0.graphml,22,87,0.18831168831168832,Fo,11.653630290299207,0.14657976801209968,0.1734142419906245,0.23302425964819934,0.16817161653543308,0.1997815770785628,1.0
2,77.0,graph_age077.0.graphml,22,87,0.18831168831168832,Fo,11.752194515934926,0.14657976801209968,0.1734142419906245,0.23302425964819934,0.16817161653543308,0.1997815770785628,1.0
2,78.0,graph_age078.0.graphml,22,87,0.18831168831168832,Fo,11.865861179693033,0.14657976801209968,0.1734142419906245,0.23302425964819934,0.16817161653543308,0.1997815770785628,1.0
2,79.0,graph_age079.0.graphml,22,87,0.18831168831168832,Fo,11.996033264708434,0.14657976801209968,0.1734142419906245,0.23302425964819934,0.16817161653543308,0.1997815770785628,1.0
2,80.0,graph_age080.0.graphml,22,87,0.18831168831168832,Fo,12.143061252764356,0.14657976801209968,0.1734142419906245,0.23302425964819934,0.16817161653543308,0.1997815770785628,1.0
3,30.0,graph_age030.0.graphml,22,10,0.021645021645021644,P,3.968595218252434,0.17414467579888732,0.14474965986830973,0.32742632202561217,0.20635779043896052,0.2934070554888532,0.0
3,31.0,graph_age031.0.graphml,22,80,0.17316017316017315,P,3.6598288230205225,0.17414467579888732,0.14474965986830973,0.32742632202561217,0.20635779043896052,0.2934070554888532,0.0
3,32.0,graph_age032.0.graphml,22,80,0.17316017316017315,P,3.3837833082766284,0.17414467579888732,0.14474965986830973,0.32742632202561217,0.20635779043896052,0.2934070554888532,0.0
3,33.0,graph_age033.0.graphml,22,84,0.18181818181818182,ABm,3.1664061719769596,0.17414467579888732,0.14474965986830973,0.32742632202561217,0.20635779043896052,0.2934070554888532,0.0
3,34.0,graph_age034.0.graphml,22,84,0.18181818181818182,ABo,3.5492299657186224,0.17414467579888732,0.14474965986830973,0.32742632202561217,0.20635779043896052,0.2934070554888532,0.0
3,35.0,graph_age035.0.graphml,22,85,0.18398268398268397,ABo,4.565018188920724,0.17414467579888732,0.14474965986830973,0.32742632202561217,0.20635779043896052,0.2934070554888532,0.0
3,36.0,graph_age036.0.graphml,22,85,0.18398268398268397,ABo,5.443556394097543,0.17414467579888732,0.14474965986830973,0.32742632202561217,0.20635779043896052,0.2934070554888532,0.0
3,37.0,graph_age037.0.graphml,22,85,0.18398268398268397,ABo,6.176601654537408,0.17414467579888732,0.14474965986830973,0.32742632202561217,0.20635779043896052,0.2934070554888532,0.0
3,38.0,graph_age038.0.graphml,22,85,0.18398268398268397,ABo,6.772928039776374,0.17414467579888732,0.14474965986830973,0.32742632202561217,0.20635779043896052,0.2934070554888532,0.0
3,39.0,graph_age039.0.graphml,22,85,0.18398268398268397,ABo,7.248813041456397,0.17414467579888732,0.14474965986830973,0.32742632202561217,0.20635779043896052,0.2934070554888532,0.0
3,40.0,graph_age040.0.graphml,22,86,0.18614718614718614,ABo,7.622664567554908,0.17414467579888732,0.14474965986830973,0.32742632202561217,0.20635779043896052,0.2934070554888532,0.0
3,41.0,graph_age041.0.graphml,22,86,0.18614718614718614,ABo,7.912231447479838,0.17414467579888732,0.14474965986830973,0.32742632202561217,0.20635779043896052,0.2934070554888532,0.0
3,42.0,graph_age042.0.graphml,22,86,0.18614718614718614,ABo,8.133336073795753,0.17414467579888732,0.14474965986830973,0.32742632202561217,0.20635779043896052,0.2934070554888532,0.0
3,43.0,graph_age043.0.graphml,22,86,0.18614718614718614,ABo,8.299458178300654,0.17414467579888732,0.14474965986830973,0.32742632202561217,0.20635779043896052,0.2934070554888532,0.0
3,44.0,graph_age044.0.graphml,22,86,0.18614718614718614,ABo,8.42175460165735,0.17414467579888732,0.14474965986830973,0.32742632202561217,0.20635779043896052,0.2934070554888532,0.0
3,45.0,graph_age045.0.graphml,22,86,0.18614718614718614,M_pro,8.662443713218606,0.17414467579888732,0.14474965986830973,0.32742632202561217,0.20635779043896052,0.2934070554888532,0.0
3,46.0,graph_age046.0.graphml,22,86,0.18614718614718614,M_pro,9.041783255224825,0.17414467579888732,0.14474965986830973,0.32742632202561217,0.20635779043896052,0.2934070554888532,0.0
3,47.0,graph_age047.0.graphml,22,86,0.18614718614718614,M_pro,9.381114508496356,0.17414467579888732,0.14474965986830973,0.32742632202561217,0.20635779043896052,0.2934070554888532,0.0
3,48.0,graph_age048.0.graphml,22,86,0.18614718614718614,M_pro,9.68511339464757,0.17414467579888732,0.14474965986830973,0.32742632202561217,0.20635779043896052,0.2934070554888532,0.0
3,49.0,graph_age049.0.graphml,22,86,0.18614718614718614,M_pro,9.95808083777177,0.17414467579888732,0.14474965986830973,0.32742632202561217,0.20635779043896052,0.2934070554888532,0.0
3,50.0,graph_age050.0.graphml,22,86,0.18614718614718614,M_pro,10.203869139329004,0.17414467579888732,0.14474965986830973,0.32742632202561217,0.20635779043896052,0.2934070554888532,0.0
3,51.0,graph_age051.0.graphml,22,86,0.18614718614718614,M_pro,10.425872043588592,0.17414467579888732,0.14474965986830973,0.32742632202561217,0.20635779043896052,0.2934070554888532,0.0
3,52.0,graph_age052.0.graphml,22,86,0.18614718614718614,M_pro,10.627043878919883,0.17414467579888732,0.14474965986830973,0.32742632202561217,0.20635779043896052,0.2934070554888532,0.0
3,53.0,graph_age053.0.graphml,22,86,0.18614718614718614,M_pro,10.809938876969165,0.17414467579888732,0.14474965986830973,0.32742632202561217,0.20635779043896052,0.2934070554888532,0.0
3,54.0,graph_age054.0.graphml,22,86,0.18614718614718614,M_pro,10.976756773755325,0.17414467579888732,0.14474965986830973,0.32742632202561217,0.20635779043896052,0.2934070554888532,0.0
3,55.0,graph_age055.0.graphml,22,86,0.18614718614718614,M_pro,11.129384813475475,0.17414467579888732,0.14474965986830973,0.32742632202561217,0.20635779043896052,0.2934070554888532,0.0
3,56.0,graph_age056.0.graphml,22,86,0.18614718614718614,M_pro,11.269436546666334,0.17414467579888732,0.14474965986830973,0.32742632202561217,0.20635779043896052,0.2934070554888532,0.0
3,57.0,graph_age057.0.graphml,22,86,0.18614718614718614,M_pro,11.398288496274557,0.17414467579888732,0.14474965986830973,0.32742632202561217,0.20635779043896052,0.2934070554888532,0.0
3,58.0,graph_age058.0.graphml,22,86,0.18614718614718614,M_pro,11.517113000992001,0.17414467579888732,0.14474965986830973,0.32742632202561217,0.20635779043896052,0.2934070554888532,0.0
3,59.0,graph_age059.0.graphml,22,86,0.18614718614718614,M_pro,11.626908714375551,0.17414467579888732,0.14474965986830973,0.32742632202561217,0.20635779043896052,0.2934070554888532,0.0
3,60.0,graph_age060.0.graphml,22,86,0.18614718614718614,M_pro,11.72852481412006,0.17414467579888732,0.14474965986830973,0.32742632202561217,0.20635779043896052,0.2934070554888532,0.0
3,61.0,graph_age061.0.graphml,22,86,0.18614718614718614,M_pro,11.822681733925924,0.17414467579888732,0.14474965986830973,0.32742632202561217,0.20635779043896052,0.2934070554888532,0.0
3,62.0,graph_age062.0.graphml,22,86,0.18614718614718614,M_pro,11.909990152042129,0.17414467579888732,0.14474965986830973,0.32742632202561217,0.20635779043896052,0.2934070554888532,0.0
3,63.0,graph_age063.0.graphml,22,86,0.18614718614718614,M_pro,11.99096824932187,0.17414467579888732,0.14474965986830973,0.32742632202561217,0.20635779043896052,0.2934070554888532,0.0
3,64.0,graph_age064.0.graphml,22,86,0.18614718614718614,M_pro,12.066056218601707,0.17414467579888732,0.14474965986830973,0.32742632202561217,0.20635779043896052,0.2934070554888532,0.0
3,65.0,graph_age065.0.graphml,22,86,0.18614718614718614,M_pro,12.135629177375716,0.17414467579888732,0.14474965986830973,0.32742632202561217,0.20635779043896052,0.2934070554888532,0.0
3,66.0,graph_age066.0.graphml,22,86,0.18614718614718614,M_pro,12.200006981036754,0.17414467579888732,0.14474965986830973,0.32742632202561217,0.20635779043896052,0.2934070554888532,0.0
3,67.0,graph_age067.0.graphml,22,86,0.18614718614718614,M_pro,12.25946359956374,0.17414467579888732,0.14474965986830973,0.32742632202561217,0.20635779043896052,0.2934070554888532,0.0
3,68.0,graph_age068.0.graphml,22,86,0.18614718614718614,M_pro,12.31423521305954,0.17414467579888732,0.14474965986830973,0.32742632202561217,0.20635779043896052,0.2934070554888532,0.0
3,69.0,graph_age069.0.graphml,22,86,0.18614718614718614,M_pro,12.36452586313203,0.17414467579888732,0.14474965986830973,0.32742632202561217,0.20635779043896052,0.2934070554888532,0.0
3,70.0,graph_age070.0.graphml,22,86,0.18614718614718614,M_pro,12.410514104149327,0.17414467579888732,0.14474965986830973,0.32742632202561217,0.20635779043896052,0.2934070554888532,0.0
3,71.0,graph_age071.0.graphml,22,86,0.18614718614718614,M_pro,12.452357600256892,0.17414467579888732,0.14474965986830973,0.32742632202561217,0.20635779043896052,0.2934070554888532,0.0
3,72.0,graph_age072.0.graphml,22,86,0.18614718614718614,M_pro,12.490197051768693,0.17414467579888732,0.14474965986830973,0.32742632202561217,0.20635779043896052,0.2934070554888532,0.0
3,73.0,graph_age073.0.graphml,22,86,0.18614718614718614,M_pro,12.52416018546634,0.17414467579888732,0.14474965986830973,0.32742632202561217,0.20635779043896052,0.2934070554888532,0.0
3,74.0,graph_age074.0.graphml,22,87,0.18831168831168832,M_pro,12.554363218368078,0.17414467579888732,0.14474965986830973,0.32742632202561217,0.20635779043896052,0.2934070554888532,0.0
3,75.0,graph_age075.0.graphml,22,87,0.18831168831168832,M_pro,12.580915644188861,0.17414467579888732,0.14474965986830973,0.32742632202561217,0.20635779043896052,0.2934070554888532,0.0
3,76.0,graph_age076.0.graphml,22,87,0.18831168831168832,M_pro,12.603936613096385,0.17414467579888732,0.14474965986830973,0.32742632202561217,0.20635779043896052,0.2934070554888532,0.0
3,77.0,graph_age077.0.graphml,22,87,0.18831168831168832,M_pro,12.623558633019362,0.17414467579888732,0.14474965986830973,0.32742632202561217,0.20635779043896052,0.2934070554888532,0.0
3,78.0,graph_age078.0.graphml,22,87,0.18831168831168832,M_pro,12.639919132900227,0.17414467579888732,0.14474965986830973,0.32742632202561217,0.20635779043896052,0.2934070554888532,0.0
3,79.0,graph_age079.0.graphml,22,87,0.18831168831168832,M_pro,12.653152692558658,0.17414467579888732,0.14474965986830973,0.32742632202561217,0.20635779043896052,0.2934070554888532,0.0
3,80.0,graph_age080.0.graphml,22,87,0.18831168831168832,M_pro,12.663385200798626,0.17414467579888732,0.14474965986830973,0.32742632202561217,0.20635779043896052,0.2934070554888532,0.0
4,30.0,graph_age030.0.graphml,22,10,0.021645021645021644,ABm,3.172441191318322,0.1667575245610643,0.07919580617779515,0.24001630111811023,0.11314112973616863,0.10971513571519825,0.0
4,31.0,graph_age031.0.graphml,22,80,0.17316017316017315,ABm,3.1716284570739193,0.1667575245610643,0.07919580617779515,0.24001630111811023,0.11314112973616863,0.10971513571519825,0.0
4,32.0,graph_age032.0.graphml,22,80,0.17316017316017315,ABm,3.1688841837593342,0.1667575245610643,0.07919580617779515,0.24001630111811023,0.11314112973616863,0.10971513571519825,0.0
4,33.0,graph_age033.0.graphml,22,84,0.18181818181818182,ABm,3.1664312559275367,0.1667575245610643,0.07919580617779515,0.24001630111811023,0.11314112973616863,0.10971513571519825,0.0
4,34.0,graph_age034.0.graphml,22,84,0.18181818181818182,ABm,3.1651323307439045,0.1667575245610643,0.07919580617779515,0.24001630111811023,0.11314112973616863,0.10971513571519825,0.0
4,35.0,graph_age035.0.graphml,22,85,0.18398268398268397,Fi,3.280896317672869,0.1667575245610643,0.07919580617779515,0.24001630111811023,0.11314112973616863,0.10971513571519825,0.0
4,36.0,graph_age036.0.graphml,22,85,0.18398268398268397,Fi,3.857998027723999,0.1667575245610643,0.07919580617779515,0.24001630111811023,0.11314112973616863,0.10971513571519825,0.0
4,37.0,graph_age037.0.graphml,22,85,0.18398268398268397,Fi,4.32883443684524,0.1667575245610643,0.07919580617779515,0.24001630111811023,0.11314112973616863,0.10971513571519825,0.0
4,38.0,graph_age038.0.graphml,22,85,0.18398268398268397,Fi,4.704495822331836,0.1667575245610643,0.07919580617779515,0.24001630111811023,0.11314112973616863,0.10971513571519825,0.0
4,39.0,graph_age039.0.graphml,22,85,0.18398268398268397,Fi,4.999364447805973,0.1667575245610643,0.07919580617779515,0.24001630111811023,0.11314112973616863,0.10971513571519825,0.0
4,40.0,graph_age040.0.graphml,22,86,0.18614718614718614,M_pro,5.5961099593996035,0.1667575245610643,0.07919580617779515,0.24001630111811023,0.11314112973616863,0.10971513571519825,0.0
4,41.0,graph_age041.0.graphml,22,86,0.18614718614718614,M_pro,6.261809008574185,0.1667575245610643,0.07919580617779515,0.24001630111811023,0.11314112973616863,0.10971513571519825,0.0
4,42.0,graph_age042.0.graphml,22,86,0.18614718614718614,M_pro,6.887125667413458,0.1667575245610643,0.07919580617779515,0.24001630111811023,0.11314112973616863,0.10971513571519825,0.0
4,43.0,graph_age043.0.graphml,22,86,0.18614718614718614,M_pro,7.4645182833924455,0.1667575245610643,0.07919580617779515,0.24001630111811023,0.11314112973616863,0.10971513571519825,0.0
4,44.0,graph_age044.0.graphml,22,86,0.18614718614718614,M_pro,7.9913461737242955,0.1667575245610643,0.07919580617779515,0.24001630111811023,0.11314112973616863,0.10971513571519825,0.0
4,45.0,graph_age045.0.graphml,22,86,0.18614718614718614,M_pro,8.468098842437891,0.1667575245610643,0.07919580617779515,0.24001630111811023,0.11314112973616863,0.10971513571519825,0.0
4,46.0,graph_age046.0.graphml,22,86,0.18614718614718614,M_pro,8.8970238475787,0.1667575245610643,0.07919580617779515,0.24001630111811023,0.11314112973616863,0.10971513571519825,0.0
4,47.0,graph_age047.0.graphml,22,86,0.18614718614718614,M_pro,9.281251169724342,0.1667575245610643,0.07919580617779515,0.24001630111811023,0.11314112973616863,0.10971513571519825,0.0
4,48.0,graph_age048.0.graphml,22,86,0.18614718614718614,M_pro,9.624248927594191,0.1667575245610643,0.07919580617779515,0.24001630111811023,0.11314112973616863,0.10971513571519825,0.0
4,49.0,graph_age049.0.graphml,22,86,0.18614718614718614,M_pro,9.929504283070559,0.1667575245610643,0.07919580617779515,0.24001630111811023,0.11314112973616863,0.10971513571519825,0.0
4,50.0,graph_age050.0.graphml,22,86,0.18614718614718614,M_pro,10.200357186670505,0.1667575245610643,0.07919580617779515,0.24001630111811023,0.11314112973616863,0.10971513571519825,0.0
4,51.0,graph_age051.0.graphml,22,86,0.18614718614718614,M_pro,10.439919567190229,0.1667575245610643,0.07919580617779515,0.24001630111811023,0.11314112973616863,0.10971513571519825,0.0
4,52.0,graph_age052.0.graphml,22,86,0.18614718614718614,M_pro,10.651042081044105,0.1667575245610643,0.07919580617779515,0.24001630111811023,0.11314112973616863,0.10971513571519825,0.0
4,53.0,graph_age053.0.graphml,22,86,0.18614718614718614,M_pro,10.83630816268905,0.1667575245610643,0.07919580617779515,0.24001630111811023,0.11314112973616863,0.10971513571519825,0.0
4,54.0,graph_age054.0.graphml,22,86,0.18614718614718614,M_pro,10.99804688544186,0.1667575245610643,0.07919580617779515,0.24001630111811023,0.11314112973616863,0.10971513571519825,0.0
4,55.0,graph_age055.0.graphml,22,86,0.18614718614718614,M_pro,11.138351716952432,0.1667575245610643,0.07919580617779515,0.24001630111811023,0.11314112973616863,0.10971513571519825,0.0
4,56.0,graph_age056.0.graphml,22,86,0.18614718614718614,M_pro,11.259100122641664,0.1667575245610643,0.07919580617779515,0.24001630111811023,0.11314112973616863,0.10971513571519825,0.0
4,57.0,graph_age057.0.graphml,22,86,0.18614718614718614,M_pro,11.361973932628024,0.1667575245610643,0.07919580617779515,0.24001630111811023,0.11314112973616863,0.10971513571519825,0.0
4,58.0,graph_age058.0.graphml,22,86,0.18614718614718614,M_pro,11.448479777775399,0.1667575245610643,0.07919580617779515,0.24001630111811023,0.11314112973616863,0.10971513571519825,0.0
4,59.0,graph_age059.0.graphml,22,86,0.18614718614718614,M_pro,11.519968452999677,0.1667575245610643,0.07919580617779515,0.24001630111811023,0.11314112973616863,0.10971513571519825,0.0
4,60.0,graph_age060.0.graphml,22,86,0.18614718614718614,M_pro,11.577651348238831,0.1667575245610643,0.07919580617779515,0.24001630111811023,0.11314112973616863,0.10971513571519825,0.0
4,61.0,graph_age061.0.graphml,22,86,0.18614718614718614,M_pro,11.622615450578511,0.1667575245610643,0.07919580617779515,0.24001630111811023,0.11314112973616863,0.10971513571519825,0.0
4,62.0,graph_age062.0.graphml,22,86,0.18614718614718614,M_pro,11.655837395946836,0.1667575245610643,0.07919580617779515,0.24001630111811023,0.11314112973616863,0.10971513571519825,0.0
4,63.0,graph_age063.0.graphml,22,86,0.18614718614718614,M_pro,11.678196508945275,0.1667575245610643,0.07919580617779515,0.24001630111811023,0.11314112973616863,0.10971513571519825,0.0
4,64.0,graph_age064.0.graphml,22,86,0.18614718614718614,M_pro,11.69048615142325,0.1667575245610643,0.07919580617779515,0.24001630111811023,0.11314112973616863,0.10971513571519825,0.0
4,65.0,graph_age065.0.graphml,22,86,0.18614718614718614,M_pro,11.69342375921783,0.1667575245610643,0.07919580617779515,0.24001630111811023,0.11314112973616863,0.10971513571519825,0.0
4,66.0,graph_age066.0.graphml,22,86,0.18614718614718614,M_pro,11.68765993456058,0.1667575245610643,0.07919580617779515,0.24001630111811023,0.11314112973616863,0.10971513571519825,0.0
4,67.0,graph_age067.0.graphml,22,86,0.18614718614718614,M_pro,11.67378614876061,0.1667575245610643,0.07919580617779515,0.24001630111811023,0.11314112973616863,0.10971513571519825,0.0
4,68.0,graph_age068.0.graphml,22,86,0.18614718614718614,M_pro,11.652342410961491,0.1667575245610643,0.07919580617779515,0.24001630111811023,0.11314112973616863,0.10971513571519825,0.0
4,69.0,graph_age069.0.graphml,22,86,0.18614718614718614,M_pro,11.623823657037796,0.1667575245610643,0.07919580617779515,0.24001630111811023,0.11314112973616863,0.10971513571519825,0.0
4,70.0,graph_age070.0.graphml,22,86,0.18614718614718614,M_pro,11.588685188029414,0.1667575245610643,0.07919580617779515,0.24001630111811023,0.11314112973616863,0.10971513571519825,0.0
4,71.0,graph_age071.0.graphml,22,86,0.18614718614718614,M_pro,11.54734752987539,0.1667575245610643,0.07919580617779515,0.24001630111811023,0.11314112973616863,0.10971513571519825,0.0
4,72.0,graph_age072.0.graphml,22,86,0.18614718614718614,M_pro,11.50020063230392,0.1667575245610643,0.07919580617779515,0.24001630111811023,0.11314112973616863,0.10971513571519825,0.0
4,73.0,graph_age073.0.graphml,22,86,0.18614718614718614,M_pro,11.447607492727416,0.1667575245610643,0.07919580617779515,0.24001630111811023,0.11314112973616863,0.10971513571519825,0.0
4,74.0,graph_age074.0.graphml,22,87,0.18831168831168832,Mh_pro,11.419760806391873,0.1667575245610643,0.07919580617779515,0.24001630111811023,0.11314112973616863,0.10971513571519825,0.0
4,75.0,graph_age075.0.graphml,22,87,0.18831168831168832,Mh_pro,11.562103753172135,0.1667575245610643,0.07919580617779515,0.24001630111811023,0.11314112973616863,0.10971513571519825,0.0
4,76.0,graph_age076.0.graphml,22,87,0.18831168831168832,Mh_pro,11.689486604787792,0.1667575245610643,0.07919580617779515,0.24001630111811023,0.11314112973616863,0.10971513571519825,0.0
4,77.0,graph_age077.0.graphml,22,87,0.18831168831168832,Mh_pro,11.80245825414996,0.1667575245610643,0.07919580617779515,0.24001630111811023,0.11314112973616863,0.10971513571519825,0.0
4,78.0,graph_age078.0.graphml,22,87,0.18831168831168832,Mh_pro,11.901583109572929,0.1667575245610643,0.07919580617779515,0.24001630111811023,0.11314112973616863,0.10971513571519825,0.0
4,79.0,graph_age079.0.graphml,22,87,0.18831168831168832,Mh_pro,11.987435049885157,0.1667575245610643,0.07919580617779515,0.24001630111811023,0.11314112973616863,0.10971513571519825,0.0
4,80.0,graph_age080.0.graphml,22,87,0.18831168831168832,Mh_pro,12.060591789647436,0.1667575245610643,0.07919580617779515,0.24001630111811023,0.11314112973616863,0.10971513571519825,0.0
5,30.0,graph_age030.0.graphml,22,10,0.021645021645021644,ABm,3.4957518187669803,0.1617143233861726,0.19512645986513152,0.1977476074414456,0.21113791181046065,0.18065005753705676,1.0
5,31.0,graph_age031.0.graphml,22,80,0.17316017316017315,ABm,3.494859390479631,0.1617143233861726,0.19512645986513152,0.1977476074414456,0.21113791181046065,0.18065005753705676,1.0
5,32.0,graph_age032.0.graphml,22,82,0.1774891774891775,ABm,3.4918733137223064,0.1617143233861726,0.19512645986513152,0.1977476074414456,0.21113791181046065,0.18065005753705676,1.0
5,33.0,graph_age033.0.graphml,22,84,0.18181818181818182,ABm,3.4893070821075707,0.1617143233861726,0.19512645986513152,0.1977476074414456,0.21113791181046065,0.18065005753705676,1.0
5,34.0,graph_age034.0.graphml,22,85,0.18398268398268397,ABm,3.4881855061611695,0.1617143233861726,0.19512645986513152,0.1977476074414456,0.21113791181046065,0.18065005753705676,1.0
5,35.0,graph_age035.0.graphml,22,85,0.18398268398268397,ABo,3.621827354768502,0.1617143233861726,0.19512645986513152,0.1977476074414456,0.21113791181046065,0.18065005753705676,1.0
5,36.0,graph_age036.0.graphml,22,85,0.18398268398268397,ABo,4.258777851239284,0.1617143233861726,0.19512645986513152,0.1977476074414456,0.21113791181046065,0.18065005753705676,1.0
5,37.0,graph_age037.0.graphml,22,85,0.18398268398268397,ABo,4.76926965002073,0.1617143233861726,0.19512645986513152,0.1977476074414456,0.21113791181046065,0.18065005753705676,1.0
5,38.0,graph_age038.0.graphml,22,85,0.18398268398268397,ABo,5.16784461639778,0.1617143233861726,0.19512645986513152,0.1977476074414456,0.21113791181046065,0.18065005753705676,1.0
5,39.0,graph_age039.0.graphml,22,85,0.18398268398268397,ABo,5.473102461951635,0.1617143233861726,0.19512645986513152,0.1977476074414456,0.21113791181046065,0.18065005753705676,1.0
5,40.0,graph_age040.0.graphml,22,86,0.18614718614718614,M_pro,5.761143587683628,0.1617143233861726,0.19512645986513152,0.1977476074414456,0.21113791181046065,0.18065005753705676,1.0
5,41.0,graph_age041.0.graphml,22,86,0.18614718614718614,M_pro,6.2915349812276995,0.1617143233861726,0.19512645986513152,0.1977476074414456,0.21113791181046065,0.18065005753705676,1.0
5,42.0,graph_age042.0.graphml,22,86,0.18614718614718614,M_pro,6.754171619268425,0.1617143233861726,0.19512645986513152,0.1977476074414456,0.21113791181046065,0.18065005753705676,1.0
5,43.0,graph_age043.0.graphml,22,86,0.18614718614718614,M_pro,7.157131928921609,0.1617143233861726,0.19512645986513152,0.1977476074414456,0.21113791181046065,0.18065005753705676,1.0
5,44.0,graph_age044.0.graphml,22,86,0.18614718614718614,M_pro,7.509453419000713,0.1617143233861726,0.19512645986513152,0.1977476074414456,0.21113791181046065,0.18065005753705676,1.0
5,45.0,graph_age045.0.graphml,22,86,0.18614718614718614,M_pro,7.819632577957615,0.1617143233861726,0.19512645986513152,0.1977476074414456,0.21113791181046065,0.18065005753705676,1.0
5,46.0,graph_age046.0.graphml,22,86,0.18614718614718614,M_pro,8.095028043674853,0.1617143233861726,0.19512645986513152,0.1977476074414456,0.21113791181046065,0.18065005753705676,1.0
5,47.0,graph_age047.0.graphml,22,86,0.18614718614718614,M_pro,8.341732114369382,0.1617143233861726,0.19512645986513152,0.1977476074414456,0.21113791181046065,0.18065005753705676,1.0
5,48.0,graph_age048.0.graphml,22,86,0.18614718614718614,M_pro,8.564668907647187,0.1617143233861726,0.19512645986513152,0.1977476074414456,0.21113791181046065,0.18065005753705676,1.0
5,49.0,graph_age049.0.graphml,22,86,0.18614718614718614,M_pro,8.767766813752779,0.1617143233861726,0.19512645986513152,0.1977476074414456,0.21113791181046065,0.18065005753705676,1.0
5,50.0,graph_age050.0.graphml,22,86,0.18614718614718614,M_pro,8.954140603719667,0.1617143233861726,0.19512645986513152,0.1977476074414456,0.21113791181046065,0.18065005753705676,1.0
5,51.0,graph_age051.0.graphml,22,86,0.18614718614718614,M_pro,9.126257767798585,0.1617143233861726,0.19512645986513152,0.1977476074414456,0.21113791181046065,0.18065005753705676,1.0
5,52.0,graph_age052.0.graphml,22,86,0.18614718614718614,M_pro,9.286074698731527,0.1617143233861726,0.19512645986513152,0.1977476074414456,0.21113791181046065,0.18065005753705676,1.0
5,53.0,graph_age053.0.graphml,22,86,0.18614718614718614,M_pro,9.435143263041107,0.1617143233861726,0.19512645986513152,0.1977476074414456,0.21113791181046065,0.18065005753705676,1.0
5,54.0,graph_age054.0.graphml,22,86,0.18614718614718614,M_pro,9.574695602261276,0.1617143233861726,0.19512645986513152,0.1977476074414456,0.21113791181046065,0.18065005753705676,1.0
5,55.0,graph_age055.0.graphml,22,86,0.18614718614718614,M_pro,9.705710488714251,0.1617143233861726,0.19512645986513152,0.1977476074414456,0.21113791181046065,0.18065005753705676,1.0
5,56.0,graph_age056.0.graphml,22,86,0.18614718614718614,M_pro,9.82896444977365,0.1617143233861726,0.19512645986513152,0.1977476074414456,0.21113791181046065,0.18065005753705676,1.0
5,57.0,graph_age057.0.graphml,22,86,0.18614718614718614,M_pro,9.945071741258408,0.1617143233861726,0.19512645986513152,0.1977476074414456,0.21113791181046065,0.18065005753705676,1.0
5,58.0,graph_age058.0.graphml,22,86,0.18614718614718614,M_pro,10.054516567120414,0.1617143233861726,0.19512645986513152,0.1977476074414456,0.21113791181046065,0.18065005753705676,1.0
5,59.0,graph_age059.0.graphml,22,86,0.18614718614718614,Fo,10.165366405052454,0.1617143233861726,0.19512645986513152,0.1977476074414456,0.21113791181046065,0.18065005753705676,1.0
5,60.0,graph_age060.0.graphml,22,86,0.18614718614718614,Fo,10.388978705809677,0.1617143233861726,0.19512645986513152,0.1977476074414456,0.21113791181046065,0.18065005753705676,1.0
5,61.0,graph_age061.0.graphml,22,86,0.18614718614718614,Fo,10.601663663156323,0.1617143233861726,0.19512645986513152,0.1977476074414456,0.21113791181046065,0.18065005753705676,1.0
5,62.0,graph_age062.0.graphml,22,86,0.18614718614718614,Fo,10.804526638638649,0.1617143233861726,0.19512645986513152,0.1977476074414456,0.21113791181046065,0.18065005753705676,1.0
5,63.0,graph_age063.0.graphml,22,86,0.18614718614718614,Fo,10.998502567841866,0.1617143233861726,0.19512645986513152,0.1977476074414456,0.21113791181046065,0.18065005753705676,1.0
5,64.0,graph_age064.0.graphml,22,86,0.18614718614718614,Fo,11.184374723331866,0.1617143233861726,0.19512645986513152,0.1977476074414456,0.21113791181046065,0.18065005753705676,1.0
5,65.0,graph_age065.0.graphml,22,86,0.18614718614718614,Fo,11.362794190655634,0.1617143233861726,0.19512645986513152,0.1977476074414456,0.21113791181046065,0.18065005753705676,1.0
5,66.0,graph_age066.0.graphml,22,86,0.18614718614718614,Fo,11.53429899283827,0.1617143233861726,0.19512645986513152,0.1977476074414456,0.21113791181046065,0.18065005753705676,1.0
5,67.0,graph_age067.0.graphml,22,86,0.18614718614718614,Fo,11.699332858968603,0.1617143233861726,0.19512645986513152,0.1977476074414456,0.21113791181046065,0.18065005753705676,1.0
5,68.0,graph_age068.0.graphml,22,86,0.18614718614718614,Fo,11.858261816148602,0.1617143233861726,0.19512645986513152,0.1977476074414456,0.21113791181046065,0.18065005753705676,1.0
5,69.0,graph_age069.0.graphml,22,86,0.18614718614718614,Fo,12.011389341093459,0.1617143233861726,0.19512645986513152,0.1977476074414456,0.21113791181046065,0.18065005753705676,1.0
5,70.0,graph_age070.0.graphml,22,86,0.18614718614718614,Fo,12.158969286553596,0.1617143233861726,0.19512645986513152,0.1977476074414456,0.21113791181046065,0.18065005753705676,1.0
5,71.0,graph_age071.0.graphml,22,86,0.18614718614718614,Fo,12.301215458033854,0.1617143233861726,0.19512645986513152,0.1977476074414456,0.21113791181046065,0.18065005753705676,1.0
5,72.0,graph_age072.0.graphml,22,86,0.18614718614718614,Fo,12.438311677017472,0.1617143233861726,0.19512645986513152,0.1977476074414456,0.21113791181046065,0.18065005753705676,1.0
5,73.0,graph_age073.0.graphml,22,86,0.18614718614718614,Fo,12.570419246730717,0.1617143233861726,0.19512645986513152,0.1977476074414456,0.21113791181046065,0.18065005753705676,1.0
5,74.0,graph_age074.0.graphml,22,87,0.18831168831168832,Fo,12.697695957994652,0.1617143233861726,0.19512645986513152,0.1977476074414456,0.21113791181046065,0.18065005753705676,1.0
5,75.0,graph_age075.0.graphml,22,87,0.18831168831168832,Fo,12.823030727881676,0.1617143233861726,0.19512645986513152,0.1977476074414456,0.21113791181046065,0.18065005753705676,1.0
5,76.0,graph_age076.0.graphml,22,87,0.18831168831168832,Fo,12.954211848071834,0.1617143233861726,0.19512645986513152,0.1977476074414456,0.21113791181046065,0.18065005753705676,1.0
5,77.0,graph_age077.0.graphml,22,87,0.18831168831168832,Fo,13.096789939467941,0.1617143233861726,0.19512645986513152,0.1977476074414456,0.21113791181046065,0.18065005753705676,1.0
5,78.0,graph_age078.0.graphml,22,87,0.18831168831168832,Fo,13.253930454485822,0.1617143233861726,0.19512645986513152,0.1977476074414456,0.21113791181046065,0.18065005753705676,1.0
5,79.0,graph_age079.0.graphml,22,87,0.18831168831168832,Fo,13.427096627078477,0.1617143233861726,0.19512645986513152,0.1977476074414456,0.21113791181046065,0.18065005753705676,1.0
5,80.0,graph_age080.0.graphml,22,87,0.18831168831168832,Fo,13.61670626637374,0.1617143233861726,0.19512645986513152,0.1977476074414456,0.21113791181046065,0.18065005753705676,1.0
6,30.0,graph_age030.0.graphml,22,10,0.021645021645021644,P,5.338678241702542,0.06948822580032075,0.12135573893389007,0.16807280471526523,0.30094419840475317,0.1733591817462744,0.0
6,31.0,graph_age031.0.graphml,22,80,0.17316017316017315,P,4.923410411174447,0.06948822580032075,0.12135573893389007,0.16807280471526523,0.30094419840475317,0.1733591817462744,0.0
6,32.0,graph_age032.0.graphml,22,82,0.1774891774891775,Mh_pro,4.846250283382613,0.06948822580032075,0.12135573893389007,0.16807280471526523,0.30094419840475317,0.1733591817462744,0.0
6,33.0,graph_age033.0.graphml,22,84,0.18181818181818182,Mh_pro,5.764933300843712,0.06948822580032075,0.12135573893389007,0.16807280471526523,0.30094419840475317,0.1733591817462744,0.0
6,34.0,graph_age034.0.graphml,22,85,0.18398268398268397,Mh_pro,6.066443917865082,0.06948822580032075,0.12135573893389007,0.16807280471526523,0.30094419840475317,0.1733591817462744,0.0
6,35.0,graph_age035.0.graphml,22,85,0.18398268398268397,Mh_pro,5.967204041636787,0.06948822580032075,0.12135573893389007,0.16807280471526523,0.30094419840475317,0.1733591817462744,0.0
6,36.0,graph_age036.0.graphml,22,85,0.18398268398268397,M_pro,5.667820976456845,0.06948822580032075,0.12135573893389007,0.16807280471526523,0.30094419840475317,0.1733591817462744,0.0
6,37.0,graph_age037.0.graphml,22,85,0.18398268398268397,M_pro,6.541921915792427,0.06948822580032075,0.12135573893389007,0.16807280471526523,0.30094419840475317,0.1733591817462744,0.0
6,38.0,graph_age038.0.graphml,22,85,0.18398268398268397,M_pro,7.146861278707654,0.06948822580032075,0.12135573893389007,0.16807280471526523,0.30094419840475317,0.1733591817462744,0.0
6,39.0,graph_age039.0.graphml,22,86,0.18614718614718614,M_pro,7.537401857053746,0.06948822580032075,0.12135573893389007,0.16807280471526523,0.30094419840475317,0.1733591817462744,0.0
6,40.0,graph_age040.0.graphml,22,86,0.18614718614718614,M_pro,7.767313563578061,0.06948822580032075,0.12135573893389007,0.16807280471526523,0.30094419840475317,0.1733591817462744,0.0
6,41.0,graph_age041.0.graphml,22,86,0.18614718614718614,M_pro,7.877441100402926,0.06948822580032075,0.12135573893389007,0.16807280471526523,0.30094419840475317,0.1733591817462744,0.0
6,42.0,graph_age042.0.graphml,22,86,0.18614718614718614,M_pro,7.897490382922088,0.06948822580032075,0.12135573893389007,0.16807280471526523,0.30094419840475317,0.1733591817462744,0.0
6,43.0,graph_age043.0.graphml,22,86,0.18614718614718614,M_pro,7.849757419951831,0.06948822580032075,0.12135573893389007,0.16807280471526523,0.30094419840475317,0.1733591817462744,0.0
6,44.0,graph_age044.0.graphml,22,86,0.18614718614718614,M_pro,7.751472786489874,0.06948822580032075,0.12135573893389007,0.16807280471526523,0.30094419840475317,0.1733591817462744,0.0
6,45.0,graph_age045.0.graphml,22,86,0.18614718614718614,M_pro,7.6160643268941834,0.06948822580032075,0.12135573893389007,0.16807280471526523,0.30094419840475317,0.1733591817462744,0.0
6,46.0,graph_age046.0.graphml,22,86,0.18614718614718614,M_pro,7.4539231183625905,0.06948822580032075,0.12135573893389007,0.16807280471526523,0.30094419840475317,0.1733591817462744,0.0
6,47.0,graph_age047.0.graphml,22,86,0.18614718614718614,M_pro,7.272996268090907,0.06948822580032075,0.12135573893389007,0.16807280471526523,0.30094419840475317,0.1733591817462744,0.0
6,48.0,graph_age048.0.graphml,22,86,0.18614718614718614,M_pro,7.079329207154768,0.06948822580032075,0.12135573893389007,0.16807280471526523,0.30094419840475317,0.1733591817462744,0.0
6,49.0,graph_age049.0.graphml,22,86,0.18614718614718614,Fo,7.006937481049074,0.06948822580032075,0.12135573893389007,0.16807280471526523,0.30094419840475317,0.1733591817462744,0.0
6,50.0,graph_age050.0.graphml,22,86,0.18614718614718614,Fo,7.2639752340125305,0.06948822580032075,0.12135573893389007,0.16807280471526523,0.30094419840475317,0.1733591817462744,0.0
6,51.0,graph_age051.0.graphml,22,86,0.18614718614718614,Fo,7.483365277392516,0.06948822580032075,0.12135573893389007,0.16807280471526523,0.30094419840475317,0.1733591817462744,0.0
6,52.0,graph_age052.0.graphml,22,86,0.18614718614718614,Fo,7.669132421380434,0.06948822580032075,0.12135573893389007,0.16807280471526523,0.30094419840475317,0.1733591817462744,0.0
6,53.0,graph_age053.0.graphml,22,86,0.18614718614718614,Fo,7.825235453078291,0.06948822580032075,0.12135573893389007,0.16807280471526523,0.30094419840475317,0.1733591817462744,0.0
6,54.0,graph_age054.0.graphml,22,86,0.18614718614718614,Fo,7.955432953565313,0.06948822580032075,0.12135573893389007,0.16807280471526523,0.30094419840475317,0.1733591817462744,0.0
6,55.0,graph_age055.0.graphml,22,86,0.18614718614718614,Fo,8.063202906225479,0.06948822580032075,0.12135573893389007,0.16807280471526523,0.30094419840475317,0.1733591817462744,0.0
6,56.0,graph_age056.0.graphml,22,86,0.18614718614718614,Fo,8.15170336149073,0.06948822580032075,0.12135573893389007,0.16807280471526523,0.30094419840475317,0.1733591817462744,0.0
6,57.0,graph_age057.0.graphml,22,86,0.18614718614718614,Fo,8.223757888331964,0.06948822580032075,0.12135573893389007,0.16807280471526523,0.30094419840475317,0.1733591817462744,0.0
6,58.0,graph_age058.0.graphml,22,86,0.18614718614718614,Fo,8.281858721495789,0.06948822580032075,0.12135573893389007,0.16807280471526523,0.30094419840475317,0.1733591817462744,0.0
6,59.0,graph_age059.0.graphml,22,86,0.18614718614718614,Fo,8.328182673247674,0.06948822580032075,0.12135573893389007,0.16807280471526523,0.30094419840475317,0.1733591817462744,0.0
6,60.0,graph_age060.0.graphml,22,86,0.18614718614718614,Fo,8.364615202632361,0.06948822580032075,0.12135573893389007,0.16807280471526523,0.30094419840475317,0.1733591817462744,0.0
6,61.0,graph_age061.0.graphml,22,86,0.18614718614718614,Fo,8.392777820720124,0.06948822580032075,0.12135573893389007,0.16807280471526523,0.30094419840475317,0.1733591817462744,0.0
6,62.0,graph_age062.0.graphml,22,86,0.18614718614718614,Fo,8.414056006517162,0.06948822580032075,0.12135573893389007,0.16807280471526523,0.30094419840475317,0.1733591817462744,0.0
6,63.0,graph_age063.0.graphml,22,86,0.18614718614718614,P,8.600452068981669,0.06948822580032075,0.12135573893389007,0.16807280471526523,0.30094419840475317,0.1733591817462744,0.0
6,64.0,graph_age064.0.graphml,22,86,0.18614718614718614,P,8.886912361219677,0.06948822580032075,0.12135573893389007,0.16807280471526523,0.30094419840475317,0.1733591817462744,0.0
6,65.0,graph_age065.0.graphml,22,86,0.18614718614718614,P,9.166550776908435,0.06948822580032075,0.12135573893389007,0.16807280471526523,0.30094419840475317,0.1733591817462744,0.0
6,66.0,graph_age066.0.graphml,22,86,0.18614718614718614,P,9.43885730158426,0.06948822580032075,0.12135573893389007,0.16807280471526523,0.30094419840475317,0.1733591817462744,0.0
6,67.0,graph_age067.0.graphml,22,86,0.18614718614718614,P,9.703423664793913,0.06948822580032075,0.12135573893389007,0.16807280471526523,0.30094419840475317,0.1733591817462744,0.0
6,68.0,graph_age068.0.graphml,22,86,0.18614718614718614,P,9.959933406138186,0.06948822580032075,0.12135573893389007,0.16807280471526523,0.30094419840475317,0.1733591817462744,0.0
6,69.0,graph_age069.0.graphml,22,86,0.18614718614718614,P,10.208152351077706,0.06948822580032075,0.12135573893389007,0.16807280471526523,0.30094419840475317,0.1733591817462744,0.0
6,70.0,graph_age070.0.graphml,22,86,0.18614718614718614,P,10.447919519673464,0.06948822580032075,0.12135573893389007,0.16807280471526523,0.30094419840475317,0.1733591817462744,0.0
6,71.0,graph_age071.0.graphml,22,86,0.18614718614718614,P,10.679138687697959,0.06948822580032075,0.12135573893389007,0.16807280471526523,0.30094419840475317,0.1733591817462744,0.0
6,72.0,graph_age072.0.graphml,22,86,0.18614718614718614,P,10.901770152112798,0.06948822580032075,0.12135573893389007,0.16807280471526523,0.30094419840475317,0.1733591817462744,0.0
6,73.0,graph_age073.0.graphml,22,86,0.18614718614718614,P,11.115823483034566,0.06948822580032075,0.12135573893389007,0.16807280471526523,0.30094419840475317,0.1733591817462744,0.0
6,74.0,graph_age074.0.graphml,22,87,0.18831168831168832,P,11.321350443555113,0.06948822580032075,0.12135573893389007,0.16807280471526523,0.30094419840475317,0.1733591817462744,0.0
6,75.0,graph_age075.0.graphml,22,87,0.18831168831168832,P,11.518439877605338,0.06948822580032075,0.12135573893389007,0.16807280471526523,0.30094419840475317,0.1733591817462744,0.0
6,76.0,graph_age076.0.graphml,22,87,0.18831168831168832,P,11.707211196224268,0.06948822580032075,0.12135573893389007,0.16807280471526523,0.30094419840475317,0.1733591817462744,0.0
6,77.0,graph_age077.0.graphml,22,87,0.18831168831168832,P,11.88780975573624,0.06948822580032075,0.12135573893389007,0.16807280471526523,0.30094419840475317,0.1733591817462744,0.0
6,78.0,graph_age078.0.graphml,22,87,0.18831168831168832,P,12.060401430356494,0.06948822580032075,0.12135573893389007,0.16807280471526523,0.30094419840475317,0.1733591817462744,0.0
6,79.0,graph_age079.0.graphml,22,87,0.18831168831168832,P,12.22516973923405,0.06948822580032075,0.12135573893389007,0.16807280471526523,0.30094419840475317,0.1733591817462744,0.0
6,80.0,graph_age080.0.graphml,22,87,0.18831168831168832,P,12.38231245589859,0.06948822580032075,0.12135573893389007,0.16807280471526523,0.30094419840475317,0.1733591817462744,0.0
7,30.0,graph_age030.0.graphml,22,10,0.021645021645021644,ABm,3.496095519618432,0.15503976530033736,0.09685499620730616,0.3496779404185604,0.3414293072490406,0.16218263528178925,1.0
7,31.0,graph_age031.0.graphml,22,80,0.17316017316017315,ABm,3.495200611273143,0.15503976530033736,0.09685499620730616,0.3496779404185604,0.3414293072490406,0.16218263528178925,1.0
7,32.0,graph_age032.0.graphml,22,82,0.1774891774891775,ABm,3.492189965736194,0.15503976530033736,0.09685499620730616,0.3496779404185604,0.3414293072490406,0.16218263528178925,1.0
7,33.0,graph_age033.0.graphml,22,84,0.18181818181818182,ABm,3.48955550833465,0.15503976530033736,0.09685499620730616,0.3496779404185604,0.3414293072490406,0.16218263528178925,1.0
7,34.0,graph_age034.0.graphml,22,85,0.18398268398268397,ABm,3.4883164099170116,0.15503976530033736,0.09685499620730616,0.3496779404185604,0.3414293072490406,0.16218263528178925,1.0
7,35.0,graph_age035.0.graphml,22,85,0.18398268398268397,ABm,3.4885585246541555,0.15503976530033736,0.09685499620730616,0.3496779404185604,0.3414293072490406,0.16218263528178925,1.0
7,36.0,graph_age036.0.graphml,22,85,0.18398268398268397,ABo,4.00956241922376,0.15503976530033736,0.09685499620730616,0.3496779404185604,0.3414293072490406,0.16218263528178925,1.0
7,37.0,graph_age037.0.graphml,22,85,0.18398268398268397,ABo,4.490085136494524,0.15503976530033736,0.09685499620730616,0.3496779404185604,0.3414293072490406,0.16218263528178925,1.0
7,38.0,graph_age038.0.graphml,22,85,0.18398268398268397,M_pro,4.967739548777122,0.15503976530033736,0.09685499620730616,0.3496779404185604,0.3414293072490406,0.16218263528178925,1.0
7,39.0,graph_age039.0.graphml,22,85,0.18398268398268397,M_pro,5.649333526270821,0.15503976530033736,0.09685499620730616,0.3496779404185604,0.3414293072490406,0.16218263528178925,1.0
7,40.0,graph_age040.0.graphml,22,86,0.18614718614718614,M_pro,6.270261879661881,0.15503976530033736,0.09685499620730616,0.3496779404185604,0.3414293072490406,0.16218263528178925,1.0
7,41.0,graph_age041.0.graphml,22,86,0.18614718614718614,M_pro,6.826252130448438,0.15503976530033736,0.09685499620730616,0.3496779404185604,0.3414293072490406,0.16218263528178925,1.0
7,42.0,graph_age042.0.graphml,22,86,0.18614718614718614,M_pro,7.320661285797884,0.15503976530033736,0.09685499620730616,0.3496779404185604,0.3414293072490406,0.16218263528178925,1.0
7,43.0,graph_age043.0.graphml,22,86,0.18614718614718614,M_pro,7.7603699685639205,0.15503976530033736,0.09685499620730616,0.3496779404185604,0.3414293072490406,0.16218263528178925,1.0
7,44.0,graph_age044.0.graphml,22,86,0.18614718614718614,M_pro,8.152981876406923,0.15503976530033736,0.09685499620730616,0.3496779404185604,0.3414293072490406,0.16218263528178925,1.0
7,45.0,graph_age045.0.graphml,22,86,0.18614718614718614,M_pro,8.505465133547476,0.15503976530033736,0.09685499620730616,0.3496779404185604,0.3414293072490406,0.16218263528178925,1.0
7,46.0,graph_age046.0.graphml,22,86,0.18614718614718614,M_pro,8.82368372751571,0.15503976530033736,0.09685499620730616,0.3496779404185604,0.3414293072490406,0.16218263528178925,1.0
7,47.0,graph_age047.0.graphml,22,86,0.18614718614718614,M_pro,9.112366247120793,0.15503976530033736,0.09685499620730616,0.3496779404185604,0.3414293072490406,0.16218263528178925,1.0
7,48.0,graph_age048.0.graphml,22,86,0.18614718614718614,M_pro,9.375268743483618,0.15503976530033736,0.09685499620730616,0.3496779404185604,0.3414293072490406,0.16218263528178925,1.0
7,49.0,graph_age049.0.graphml,22,86,0.18614718614718614,M_pro,9.615379221620413,0.15503976530033736,0.09685499620730616,0.3496779404185604,0.3414293072490406,0.16218263528178925,1.0
7,50.0,graph_age050.0.graphml,22,86,0.18614718614718614,M_pro,9.83510572351519,0.15503976530033736,0.09685499620730616,0.3496779404185604,0.3414293072490406,0.16218263528178925,1.0
7,51.0,graph_age051.0.graphml,22,86,0.18614718614718614,M_pro,10.03642983217943,0.15503976530033736,0.09685499620730616,0.3496779404185604,0.3414293072490406,0.16218263528178925,1.0
7,52.0,graph_age052.0.graphml,22,86,0.18614718614718614,M_pro,10.221020444430202,0.15503976530033736,0.09685499620730616,0.3496779404185604,0.3414293072490406,0.16218263528178925,1.0
7,53.0,graph_age053.0.graphml,22,86,0.18614718614718614,M_pro,10.39031155042849,0.15503976530033736,0.09685499620730616,0.3496779404185604,0.3414293072490406,0.16218263528178925,1.0
7,54.0,graph_age054.0.graphml,22,86,0.18614718614718614,M_pro,10.545557202492756,0.15503976530033736,0.09685499620730616,0.3496779404185604,0.3414293072490406,0.16218263528178925,1.0
7,55.0,graph_age055.0.graphml,22,86,0.18614718614718614,M_pro,10.687867990499875,0.15503976530033736,0.09685499620730616,0.3496779404185604,0.3414293072490406,0.16218263528178925,1.0
7,56.0,graph_age056.0.graphml,22,86,0.18614718614718614,M_pro,10.818234954257811,0.15503976530033736,0.09685499620730616,0.3496779404185604,0.3414293072490406,0.16218263528178925,1.0
7,57.0,graph_age057.0.graphml,22,86,0.18614718614718614,M_pro,10.937545719928687,0.15503976530033736,0.09685499620730616,0.3496779404185604,0.3414293072490406,0.16218263528178925,1.0
7,58.0,graph_age058.0.graphml,22,86,0.18614718614718614,M_pro,11.046596733506398,0.15503976530033736,0.09685499620730616,0.3496779404185604,0.3414293072490406,0.16218263528178925,1.0
7,59.0,graph_age059.0.graphml,22,86,0.18614718614718614,M_pro,11.146103101228503,0.15503976530033736,0.09685499620730616,0.3496779404185604,0.3414293072490406,0.16218263528178925,1.0
7,60.0,graph_age060.0.graphml,22,86,0.18614718614718614,M_pro,11.236707019389273,0.15503976530033736,0.09685499620730616,0.3496779404185604,0.3414293072490406,0.16218263528178925,1.0
7,61.0,graph_age061.0.graphml,22,86,0.18614718614718614,M_pro,11.318984723631125,0.15503976530033736,0.09685499620730616,0.3496779404185604,0.3414293072490406,0.16218263528178925,1.0
7,62.0,graph_age062.0.graphml,22,86,0.18614718614718614,M_pro,11.393453563390054,0.15503976530033736,0.09685499620730616,0.3496779404185604,0.3414293072490406,0.16218263528178925,1.0
7,63.0,graph_age063.0.graphml,22,86,0.18614718614718614,M_pro,11.460578880479138,0.15503976530033736,0.09685499620730616,0.3496779404185604,0.3414293072490406,0.16218263528178925,1.0
7,64.0,graph_age064.0.graphml,22,86,0.18614718614718614,M_pro,11.520780348204108,0.15503976530033736,0.09685499620730616,0.3496779404185604,0.3414293072490406,0.16218263528178925,1.0
7,65.0,graph_age065.0.graphml,22,86,0.18614718614718614,M_pro,11.574437743316407,0.15503976530033736,0.09685499620730616,0.3496779404185604,0.3414293072490406,0.16218263528178925,1.0
7,66.0,graph_age066.0.graphml,22,86,0.18614718614718614,M_pro,11.621896233024316,0.15503976530033736,0.09685499620730616,0.3496779404185604,0.3414293072490406,0.16218263528178925,1.0
7,67.0,graph_age067.0.graphml,22,86,0.18614718614718614,M_pro,11.663471167050776,0.15503976530033736,0.09685499620730616,0.3496779404185604,0.3414293072490406,0.16218263528178925,1.0
7,68.0,graph_age068.0.graphml,22,86,0.18614718614718614,M_pro,11.699452478506235,0.15503976530033736,0.09685499620730616,0.3496779404185604,0.3414293072490406,0.16218263528178925,1.0
7,69.0,graph_age069.0.graphml,22,86,0.18614718614718614,M_pro,11.730108589018101,0.15503976530033736,0.09685499620730616,0.3496779404185604,0.3414293072490406,0.16218263528178925,1.0
7,70.0,graph_age070.0.graphml,22,86,0.18614718614718614,M_pro,11.755689556080373,0.15503976530033736,0.09685499620730616,0.3496779404185604,0.3414293072490406,0.16218263528178925,1.0
7,71.0,graph_age071.0.graphml,22,86,0.18614718614718614,M_pro,11.776429815698464,0.15503976530033736,0.09685499620730616,0.3496779404185604,0.3414293072490406,0.16218263528178925,1.0
7,72.0,graph_age072.0.graphml,22,86,0.18614718614718614,M_pro,11.792550456249083,0.15503976530033736,0.09685499620730616,0.3496779404185604,0.3414293072490406,0.16218263528178925,1.0
7,73.0,graph_age073.0.graphml,22,86,0.18614718614718614,M_pro,11.80426119702211,0.15503976530033736,0.09685499620730616,0.3496779404185604,0.3414293072490406,0.16218263528178925,1.0
7,74.0,graph_age074.0.graphml,22,87,0.18831168831168832,M_pro,11.811762032363905,0.15503976530033736,0.09685499620730616,0.3496779404185604,0.3414293072490406,0.16218263528178925,1.0
7,75.0,graph_age075.0.graphml,22,87,0.18831168831168832,M_pro,11.815244847424651,0.15503976530033736,0.09685499620730616,0.3496779404185604,0.3414293072490406,0.16218263528178925,1.0
7,76.0,graph_age076.0.graphml,22,87,0.18831168831168832,M_pro,11.814899708529602,0.15503976530033736,0.09685499620730616,0.3496779404185604,0.3414293072490406,0.16218263528178925,1.0
7,77.0,graph_age077.0.graphml,22,87,0.18831168831168832,M_pro,11.81091637309667,0.15503976530033736,0.09685499620730616,0.3496779404185604,0.3414293072490406,0.16218263528178925,1.0
7,78.0,graph_age078.0.graphml,22,87,0.18831168831168832,M_pro,11.803481271758399,0.15503976530033736,0.09685499620730616,0.3496779404185604,0.3414293072490406,0.16218263528178925,1.0
7,79.0,graph_age079.0.graphml,22,87,0.18831168831168832,M_pro,11.79277523755803,0.15503976530033736,0.09685499620730616,0.3496779404185604,0.3414293072490406,0.16218263528178925,1.0
7,80.0,graph_age080.0.graphml,22,87,0.18831168831168832,M_pro,11.778971472646177,0.15503976530033736,0.09685499620730616,0.3496779404185604,0.3414293072490406,0.16218263528178925,1.0
8,30.0,graph_age030.0.graphml,22,10,0.021645021645021644,P,4.864015117352797,0.15237432559624633,0.07096287254139648,0.1599724607425325,0.10220868092530165,0.25205798493798115,0.0
8,31.0,graph_age031.0.graphml,22,80,0.17316017316017315,P,4.485500473847293,0.15237432559624633,0.07096287254139648,0.1599724607425325,0.10220868092530165,0.25205798493798115,0.0
8,32.0,graph_age032.0.graphml,22,80,0.17316017316017315,P,4.147037737488108,0.15237432559624633,0.07096287254139648,0.1599724607425325,0.10220868092530165,0.25205798493798115,0.0
8,33.0,graph_age033.0.graphml,22,84,0.18181818181818182,Mh_pro,4.231250760600872,0.15237432559624633,0.07096287254139648,0.1599724607425325,0.10220868092530165,0.25205798493798115,0.0
8,34.0,graph_age034.0.graphml,22,85,0.18398268398268397,Mh_pro,4.449497885293941,0.15237432559624633,0.07096287254139648,0.1599724607425325,0.10220868092530165,0.25205798493798115,0.0
8,35.0,graph_age035.0.graphml,22,85,0.18398268398268397,Mh_pro,4.400312319441392,0.15237432559624633,0.07096287254139648,0.1599724607425325,0.10220868092530165,0.25205798493798115,0.0
8,36.0,graph_age036.0.graphml,22,85,0.18398268398268397,ABo,4.915934084356124,0.15237432559624633,0.07096287254139648,0.1599724607425325,0.10220868092530165,0.25205798493798115,0.0
8,37.0,graph_age037.0.graphml,22,85,0.18398268398268397,ABo,5.577841509762962,0.15237432559624633,0.07096287254139648,0.1599724607425325,0.10220868092530165,0.25205798493798115,0.0
8,38.0,graph_age038.0.graphml,22,85,0.18398268398268397,ABo,6.116263299356488,0.15237432559624633,0.07096287254139648,0.1599724607425325,0.10220868092530165,0.25205798493798115,0.0
8,39.0,graph_age039.0.graphml,22,86,0.18614718614718614,ABo,6.545912568605106,0.15237432559624633,0.07096287254139648,0.1599724607425325,0.10220868092530165,0.25205798493798115,0.0
8,40.0,graph_age040.0.graphml,22,86,0.18614718614718614,M_pro,6.9235710680394424,0.15237432559624633,0.07096287254139648,0.1599724607425325,0.10220868092530165,0.25205798493798115,0.0
8,41.0,graph_age041.0.graphml,22,86,0.18614718614718614,M_pro,7.491782734312737,0.15237432559624633,0.07096287254139648,0.1599724607425325,0.10220868092530165,0.25205798493798115,0.0
8,42.0,graph_age042.0.graphml,22,86,0.18614718614718614,M_pro,8.001543886109376,0.15237432559624633,0.07096287254139648,0.1599724607425325,0.10220868092530165,0.25205798493798115,0.0
8,43.0,graph_age043.0.graphml,22,86,0.18614718614718614,M_pro,8.451146940212116,0.15237432559624633,0.07096287254139648,0.1599724607425325,0.10220868092530165,0.25205798493798115,0.0
8,44.0,graph_age044.0.graphml,22,86,0.18614718614718614,M_pro,8.842704105503966,0.15237432559624633,0.07096287254139648,0.1599724607425325,0.10220868092530165,0.25205798493798115,0.0
8,45.0,graph_age045.0.graphml,22,86,0.18614718614718614,M_pro,9.180549556953704,0.15237432559624633,0.07096287254139648,0.1599724607425325,0.10220868092530165,0.25205798493798115,0.0
8,46.0,graph_age046.0.graphml,22,86,0.18614718614718614,M_pro,9.46993867092171,0.15237432559624633,0.07096287254139648,0.1599724607425325,0.10220868092530165,0.25205798493798115,0.0
8,47.0,graph_age047.0.graphml,22,86,0.18614718614718614,M_pro,9.71627275608149,0.15237432559624633,0.07096287254139648,0.1599724607425325,0.10220868092530165,0.25205798493798115,0.0
8,48.0,graph_age048.0.graphml,22,86,0.18614718614718614,M_pro,9.924670806715083,0.15237432559624633,0.07096287254139648,0.1599724607425325,0.10220868092530165,0.25205798493798115,0.0
8,49.0,graph_age049.0.graphml,22,86,0.18614718614718614,M_pro,10.099767309076604,0.15237432559624633,0.07096287254139648,0.1599724607425325,0.10220868092530165,0.25205798493798115,0.0
8,50.0,graph_age050.0.graphml,22,86,0.18614718614718614,M_pro,10.245658638482057,0.15237432559624633,0.07096287254139648,0.1599724607425325,0.10220868092530165,0.25205798493798115,0.0
8,51.0,graph_age051.0.graphml,22,86,0.18614718614718614,M_pro,10.365915331842148,0.15237432559624633,0.07096287254139648,0.1599724607425325,0.10220868092530165,0.25205798493798115,0.0
8,52.0,graph_age052.0.graphml,22,86,0.18614718614718614,M_pro,10.463620942083075,0.15237432559624633,0.07096287254139648,0.1599724607425325,0.10220868092530165,0.25205798493798115,0.0
8,53.0,graph_age053.0.graphml,22,86,0.18614718614718614,M_pro,10.541426437423507,0.15237432559624633,0.07096287254139648,0.1599724607425325,0.10220868092530165,0.25205798493798115,0.0
8,54.0,graph_age054.0.graphml,22,86,0.18614718614718614,M_pro,10.601608951825435,0.15237432559624633,0.07096287254139648,0.1599724607425325,0.10220868092530165,0.25205798493798115,0.0
8,55.0,graph_age055.0.graphml,22,86,0.18614718614718614,M_pro,10.646124389145523,0.15237432559624633,0.07096287254139648,0.1599724607425325,0.10220868092530165,0.25205798493798115,0.0
8,56.0,graph_age056.0.graphml,22,86,0.18614718614718614,M_pro,10.676653138557594,0.15237432559624633,0.07096287254139648,0.1599724607425325,0.10220868092530165,0.25205798493798115,0.0
8,57.0,graph_age057.0.graphml,22,86,0.18614718614718614,M_pro,10.694640998890716,0.15237432559624633,0.07096287254139648,0.1599724607425325,0.10220868092530165,0.25205798493798115,0.0
8,58.0,graph_age058.0.graphml,22,86,0.18614718614718614,M_pro,10.701335252802695,0.15237432559624633,0.07096287254139648,0.1599724607425325,0.10220868092530165,0.25205798493798115,0.0
8,59.0,graph_age059.0.graphml,22,86,0.18614718614718614,M_pro,10.697816223579817,0.15237432559624633,0.07096287254139648,0.1599724607425325,0.10220868092530165,0.25205798493798115,0.0
8,60.0,graph_age060.0.graphml,22,86,0.18614718614718614,M_pro,10.685022346229728,0.15237432559624633,0.07096287254139648,0.1599724607425325,0.10220868092530165,0.25205798493798115,0.0
8,61.0,graph_age061.0.graphml,22,86,0.18614718614718614,M_pro,10.663771629257615,0.15237432559624633,0.07096287254139648,0.1599724607425325,0.10220868092530165,0.25205798493798115,0.0
8,62.0,graph_age062.0.graphml,22,86,0.18614718614718614,Mh_pro,10.796536936679392,0.15237432559624633,0.07096287254139648,0.1599724607425325,0.10220868092530165,0.25205798493798115,0.0
8,63.0,graph_age063.0.graphml,22,86,0.18614718614718614,Mh_pro,11.18021544656101,0.15237432559624633,0.07096287254139648,0.1599724607425325,0.10220868092530165,0.25205798493798115,0.0
8,64.0,graph_age064.0.graphml,22,86,0.18614718614718614,Mh_pro,11.548920337118394,0.15237432559624633,0.07096287254139648,0.1599724607425325,0.10220868092530165,0.25205798493798115,0.0
8,65.0,graph_age065.0.graphml,22,86,0.18614718614718614,Mh_pro,11.901435079997658,0.15237432559624633,0.07096287254139648,0.1599724607425325,0.10220868092530165,0.25205798493798115,0.0
8,66.0,graph_age066.0.graphml,22,86,0.18614718614718614,Mh_pro,12.236782603078463,0.15237432559624633,0.07096287254139648,0.1599724607425325,0.10220868092530165,0.25205798493798115,0.0
8,67.0,graph_age067.0.graphml,22,86,0.18614718614718614,Mh_pro,12.554204994597649,0.15237432559624633,0.07096287254139648,0.1599724607425325,0.10220868092530165,0.25205798493798115,0.0
8,68.0,graph_age068.0.graphml,22,86,0.18614718614718614,Mh_pro,12.853142705860503,0.15237432559624633,0.07096287254139648,0.1599724607425325,0.10220868092530165,0.25205798493798115,0.0
8,69.0,graph_age069.0.graphml,22,86,0.18614718614718614,Mh_pro,13.133214404658137,0.15237432559624633,0.07096287254139648,0.1599724607425325,0.10220868092530165,0.25205798493798115,0.0
8,70.0,graph_age070.0.graphml,22,86,0.18614718614718614,Mh_pro,13.394197082155388,0.15237432559624633,0.07096287254139648,0.1599724607425325,0.10220868092530165,0.25205798493798115,0.0
8,71.0,graph_age071.0.graphml,22,86,0.18614718614718614,Mh_pro,13.636007152526997,0.15237432559624633,0.07096287254139648,0.1599724607425325,0.10220868092530165,0.25205798493798115,0.0
8,72.0,graph_age072.0.graphml,22,86,0.18614718614718614,Mh_pro,13.858682622652829,0.15237432559624633,0.07096287254139648,0.1599724607425325,0.10220868092530165,0.25205798493798115,0.0
8,73.0,graph_age073.0.graphml,22,86,0.18614718614718614,Mh_pro,14.062366231292568,0.15237432559624633,0.07096287254139648,0.1599724607425325,0.10220868092530165,0.25205798493798115,0.0
8,74.0,graph_age074.0.graphml,22,87,0.18831168831168832,Mh_pro,14.24729009064895,0.15237432559624633,0.07096287254139648,0.1599724607425325,0.10220868092530165,0.25205798493798115,0.0
8,75.0,graph_age075.0.graphml,22,87,0.18831168831168832,Mh_pro,14.413763370772728,0.15237432559624633,0.07096287254139648,0.1599724607425325,0.10220868092530165,0.25205798493798115,0.0
8,76.0,graph_age076.0.graphml,22,87,0.18831168831168832,Mh_pro,14.562161199294911,0.15237432559624633,0.07096287254139648,0.1599724607425325,0.10220868092530165,0.25205798493798115,0.0
8,77.0,graph_age077.0.graphml,22,87,0.18831168831168832,Mh_pro,14.692910896632295,0.15237432559624633,0.07096287254139648,0.1599724607425325,0.10220868092530165,0.25205798493798115,0.0
8,78.0,graph_age078.0.graphml,22,87,0.18831168831168832,Mh_pro,14.806483898387613,0.15237432559624633,0.07096287254139648,0.1599724607425325,0.10220868092530165,0.25205798493798115,0.0
8,79.0,graph_age079.0.graphml,22,87,0.18831168831168832,Mh_pro,14.903388036687307,0.15237432559624633,0.07096287254139648,0.1599724607425325,0.10220868092530165,0.25205798493798115,0.0
8,80.0,graph_age080.0.graphml,22,87,0.18831168831168832,Mh_pro,14.984159500730426,0.15237432559624633,0.07096287254139648,0.1599724607425325,0.10220868092530165,0.25205798493798115,0.0
9,30.0,graph_age030.0.graphml,22,10,0.021645021645021644,ABm,3.495759210832873,0.15577480679395028,0.16710935465329518,0.237674732661502,0.27062235878586816,0.10645432457872292,1.0
9,31.0,graph_age031.0.graphml,22,80,0.17316017316017315,ABm,3.4948661018322174,0.15577480679395028,0.16710935465329518,0.237674732661502,0.27062235878586816,0.10645432457872292,1.0
9,32.0,graph_age032.0.graphml,22,82,0.1774891774891775,ABm,3.4918732329934556,0.15577480679395028,0.16710935465329518,0.237674732661502,0.27062235878586816,0.10645432457872292,1.0
9,33.0,graph_age033.0.graphml,22,84,0.18181818181818182,ABm,3.4892896773147313,0.15577480679395028,0.16710935465329518,0.237674732661502,0.27062235878586816,0.10645432457872292,1.0
9,34.0,graph_age034.0.graphml,22,85,0.18398268398268397,ABm,3.4881455754227493,0.15577480679395028,0.16710935465329518,0.237674732661502,0.27062235878586816,0.10645432457872292,1.0
9,35.0,graph_age035.0.graphml,22,85,0.18398268398268397,ABm,3.488537605377021,0.15577480679395028,0.16710935465329518,0.237674732661502,0.27062235878586816,0.10645432457872292,1.0
9,36.0,graph_age036.0.graphml,22,85,0.18398268398268397,Fi,3.868031086800038,0.15577480679395028,0.16710935465329518,0.237674732661502,0.27062235878586816,0.10645432457872292,1.0
9,37.0,graph_age037.0.graphml,22,85,0.18398268398268397,Fi,4.339854569569708,0.15577480679395028,0.16710935465329518,0.237674732661502,0.27062235878586816,0.10645432457872292,1.0
9,38.0,graph_age038.0.graphml,22,85,0.18398268398268397,Fi,4.716106341180513,0.15577480679395028,0.16710935465329518,0.237674732661502,0.27062235878586816,0.10645432457872292,1.0
9,39.0,graph_age039.0.graphml,22,85,0.18398268398268397,M_pro,5.093358064044246,0.15577480679395028,0.16710935465329518,0.237674732661502,0.27062235878586816,0.10645432457872292,1.0
9,40.0,graph_age040.0.graphml,22,85,0.18398268398268397,M_pro,5.7009080234898235,0.15577480679395028,0.16710935465329518,0.237674732661502,0.27062235878586816,0.10645432457872292,1.0
9,41.0,graph_age041.0.graphml,22,86,0.18614718614718614,M_pro,6.2413786692372435,0.15577480679395028,0.16710935465329518,0.237674732661502,0.27062235878586816,0.10645432457872292,1.0
9,42.0,graph_age042.0.graphml,22,86,0.18614718614718614,M_pro,6.7188352486909215,0.15577480679395028,0.16710935465329518,0.237674732661502,0.27062235878586816,0.10645432457872292,1.0
9,43.0,graph_age043.0.graphml,22,86,0.18614718614718614,M_pro,7.1410930301651945,0.15577480679395028,0.16710935465329518,0.237674732661502,0.27062235878586816,0.10645432457872292,1.0
9,44.0,graph_age044.0.graphml,22,86,0.18614718614718614,M_pro,7.516750057997529,0.15577480679395028,0.16710935465329518,0.237674732661502,0.27062235878586816,0.10645432457872292,1.0
9,45.0,graph_age045.0.graphml,22,86,0.18614718614718614,M_pro,7.853733333253201,0.15577480679395028,0.16710935465329518,0.237674732661502,0.27062235878586816,0.10645432457872292,1.0
9,46.0,graph_age046.0.graphml,22,86,0.18614718614718614,M_pro,8.158760780956193,0.15577480679395028,0.16710935465329518,0.237674732661502,0.27062235878586816,0.10645432457872292,1.0
9,47.0,graph_age047.0.graphml,22,86,0.18614718614718614,M_pro,8.437265497797432,0.15577480679395028,0.16710935465329518,0.237674732661502,0.27062235878586816,0.10645432457872292,1.0
9,48.0,graph_age048.0.graphml,22,86,0.18614718614718614,M_pro,8.693537390278552,0.15577480679395028,0.16710935465329518,0.237674732661502,0.27062235878586816,0.10645432457872292,1.0
9,49.0,graph_age049.0.graphml,22,86,0.18614718614718614,M_pro,8.930927350542394,0.15577480679395028,0.16710935465329518,0.237674732661502,0.27062235878586816,0.10645432457872292,1.0
9,50.0,graph_age050.0.graphml,22,86,0.18614718614718614,M_pro,9.152048455091892,0.15577480679395028,0.16710935465329518,0.237674732661502,0.27062235878586816,0.10645432457872292,1.0
9,51.0,graph_age051.0.graphml,22,86,0.18614718614718614,M_pro,9.358949646160685,0.15577480679395028,0.16710935465329518,0.237674732661502,0.27062235878586816,0.10645432457872292,1.0
9,52.0,graph_age052.0.graphml,22,86,0.18614718614718614,M_pro,9.553252701109814,0.15577480679395028,0.16710935465329518,0.237674732661502,0.27062235878586816,0.10645432457872292,1.0
9,53.0,graph_age053.0.graphml,22,86,0.18614718614718614,M_pro,9.736253001491045,0.15577480679395028,0.16710935465329518,0.237674732661502,0.27062235878586816,0.10645432457872292,1.0
9,54.0,graph_age054.0.graphml,22,86,0.18614718614718614,M_pro,9.908995910970251,0.15577480679395028,0.16710935465329518,0.237674732661502,0.27062235878586816,0.10645432457872292,1.0
9,55.0,graph_age055.0.graphml,22,86,0.18614718614718614,M_pro,10.072332601990874,0.15577480679395028,0.16710935465329518,0.237674732661502,0.27062235878586816,0.10645432457872292,1.0
9,56.0,graph_age056.0.graphml,22,86,0.18614718614718614,M_pro,10.226960424402128,0.15577480679395028,0.16710935465329518,0.237674732661502,0.27062235878586816,0.10645432457872292,1.0
9,57.0,graph_age057.0.graphml,22,86,0.18614718614718614,M_pro,10.373452818844175,0.15577480679395028,0.16710935465329518,0.237674732661502,0.27062235878586816,0.10645432457872292,1.0
9,58.0,graph_age058.0.graphml,22,86,0.18614718614718614,M_pro,10.512282895408706,0.15577480679395028,0.16710935465329518,0.237674732661502,0.27062235878586816,0.10645432457872292,1.0
9,59.0,graph_age059.0.graphml,22,86,0.18614718614718614,M_pro,10.643842480638895,0.15577480679395028,0.16710935465329518,0.237674732661502,0.27062235878586816,0.10645432457872292,1.0
9,60.0,graph_age060.0.graphml,22,86,0.18614718614718614,M_pro,10.768457675235933,0.15577480679395028,0.16710935465329518,0.237674732661502,0.27062235878586816,0.10645432457872292,1.0
9,61.0,graph_age061.0.graphml,22,86,0.18614718614718614,M_pro,10.886401225752223,0.15577480679395028,0.16710935465329518,0.237674732661502,0.27062235878586816,0.10645432457872292,1.0
9,62.0,graph_age062.0.graphml,22,86,0.18614718614718614,Fo,11.05036723368359,0.15577480679395028,0.16710935465329518,0.237674732661502,0.27062235878586816,0.10645432457872292,1.0
9,63.0,graph_age063.0.graphml,22,86,0.18614718614718614,Fo,11.2400971313433,0.15577480679395028,0.16710935465329518,0.237674732661502,0.27062235878586816,0.10645432457872292,1.0
9,64.0,graph_age064.0.graphml,22,86,0.18614718614718614,Fo,11.420617073210792,0.15577480679395028,0.16710935465329518,0.237674732661502,0.27062235878586816,0.10645432457872292,1.0
9,65.0,graph_age065.0.graphml,22,86,0.18614718614718614,Fo,11.592661983166316,0.15577480679395028,0.16710935465329518,0.237674732661502,0.27062235878586816,0.10645432457872292,1.0
9,66.0,graph_age066.0.graphml,22,86,0.18614718614718614,Fo,11.756854782986958,0.15577480679395028,0.16710935465329518,0.237674732661502,0.27062235878586816,0.10645432457872292,1.0
9,67.0,graph_age067.0.graphml,22,86,0.18614718614718614,Fo,11.913723952397698,0.15577480679395028,0.16710935465329518,0.237674732661502,0.27062235878586816,0.10645432457872292,1.0
9,68.0,graph_age068.0.graphml,22,86,0.18614718614718614,Fo,12.063720581657405,0.15577480679395028,0.16710935465329518,0.237674732661502,0.27062235878586816,0.10645432457872292,1.0
9,69.0,graph_age069.0.graphml,22,86,0.18614718614718614,Fo,12.207233051047703,0.15577480679395028,0.16710935465329518,0.237674732661502,0.27062235878586816,0.10645432457872292,1.0
9,70.0,graph_age070.0.graphml,22,86,0.18614718614718614,Fo,12.344597978164426,0.15577480679395028,0.16710935465329518,0.237674732661502,0.27062235878586816,0.10645432457872292,1.0
9,71.0,graph_age071.0.graphml,22,86,0.18614718614718614,Fo,12.476111116651026,0.15577480679395028,0.16710935465329518,0.237674732661502,0.27062235878586816,0.10645432457872292,1.0
9,72.0,graph_age072.0.graphml,22,86,0.18614718614718614,Fo,12.602035996936262,0.15577480679395028,0.16710935465329518,0.237674732661502,0.27062235878586816,0.10645432457872292,1.0
9,73.0,graph_age073.0.graphml,22,86,0.18614718614718614,Fo,12.72261134811948,0.15577480679395028,0.16710935465329518,0.237674732661502,0.27062235878586816,0.10645432457872292,1.0
9,74.0,graph_age074.0.graphml,22,87,0.18831168831168832,Fo,12.838085405094608,0.15577480679395028,0.16710935465329518,0.237674732661502,0.27062235878586816,0.10645432457872292,1.0
9,75.0,graph_age075.0.graphml,22,87,0.18831168831168832,Fo,12.951419326203228,0.15577480679395028,0.16710935465329518,0.237674732661502,0.27062235878586816,0.10645432457872292,1.0
9,76.0,graph_age076.0.graphml,22,87,0.18831168831168832,Fo,13.070463935508574,0.15577480679395028,0.16710935465329518,0.237674732661502,0.27062235878586816,0.10645432457872292,1.0
9,77.0,graph_age077.0.graphml,22,87,0.18831168831168832,Fo,13.200791787970225,0.15577480679395028,0.16710935465329518,0.237674732661502,0.27062235878586816,0.10645432457872292,1.0
9,78.0,graph_age078.0.graphml,22,87,0.18831168831168832,Fo,13.345642326299355,0.15577480679395028,0.16710935465329518,0.237674732661502,0.27062235878586816,0.10645432457872292,1.0
9,79.0,graph_age079.0.graphml,22,87,0.18831168831168832,Fo,13.50664330446834,0.15577480679395028,0.16710935465329518,0.237674732661502,0.27062235878586816,0.10645432457872292,1.0
9,80.0,graph_age080.0.graphml,22,87,0.18831168831168832,Fo,13.68421163036978,0.15577480679395028,0.16710935465329518,0.237674732661502,0.27062235878586816,0.10645432457872292,1.0
10,30.0,graph_age030.0.graphml,22,10,0.021645021645021644,P,3.720403306287516,0.15026044426857077,0.12066443092146989,0.26957083194435666,0.3294996572248077,0.21781162200013293,0.0
10,31.0,graph_age031.0.graphml,22,80,0.17316017316017315,P,3.4310248772080483,0.15026044426857077,0.12066443092146989,0.26957083194435666,0.3294996572248077,0.21781162200013293,0.0
10,32.0,graph_age032.0.graphml,22,80,0.17316017316017315,P,3.172509376093954,0.15026044426857077,0.12066443092146989,0.26957083194435666,0.3294996572248077,0.21781162200013293,0.0
10,33.0,graph_age033.0.graphml,22,84,0.18181818181818182,ABm,3.1664612087493955,0.15026044426857077,0.12066443092146989,0.26957083194435666,0.3294996572248077,0.21781162200013293,0.0
10,34.0,graph_age034.0.graphml,22,85,0.18398268398268397,ABm,3.16518215590828,0.15026044426857077,0.12066443092146989,0.26957083194435666,0.3294996572248077,0.21781162200013293,0.0
10,35.0,graph_age035.0.graphml,22,85,0.18398268398268397,ABo,3.7861264424143153,0.15026044426857077,0.12066443092146989,0.26957083194435666,0.3294996572248077,0.21781162200013293,0.0
10,36.0,graph_age036.0.graphml,22,85,0.18398268398268397,ABo,4.514746852005473,0.15026044426857077,0.12066443092146989,0.26957083194435666,0.3294996572248077,0.21781162200013293,0.0
10,37.0,graph_age037.0.graphml,22,85,0.18398268398268397,ABo,5.122696134090073,0.15026044426857077,0.12066443092146989,0.26957083194435666,0.3294996572248077,0.21781162200013293,0.0
10,38.0,graph_age038.0.graphml,22,85,0.18398268398268397,ABo,5.6172619869739195,0.15026044426857077,0.12066443092146989,0.26957083194435666,0.3294996572248077,0.21781162200013293,0.0
10,39.0,graph_age039.0.graphml,22,85,0.18398268398268397,ABo,6.011958246059603,0.15026044426857077,0.12066443092146989,0.26957083194435666,0.3294996572248077,0.21781162200013293,0.0
10,40.0,graph_age040.0.graphml,22,86,0.18614718614718614,ABo,6.322067817466145,0.15026044426857077,0.12066443092146989,0.26957083194435666,0.3294996572248077,0.21781162200013293,0.0
10,41.0,graph_age041.0.graphml,22,86,0.18614718614718614,M_pro,6.89743130883805,0.15026044426857077,0.12066443092146989,0.26957083194435666,0.3294996572248077,0.21781162200013293,0.0
10,42.0,graph_age042.0.graphml,22,86,0.18614718614718614,M_pro,7.462430933548437,0.15026044426857077,0.12066443092146989,0.26957083194435666,0.3294996572248077,0.21781162200013293,0.0
10,43.0,graph_age043.0.graphml,22,86,0.18614718614718614,M_pro,7.975090086969064,0.15026044426857077,0.12066443092146989,0.26957083194435666,0.3294996572248077,0.21781162200013293,0.0
10,44.0,graph_age044.0.graphml,22,86,0.18614718614718614,M_pro,8.437646973042034,0.15026044426857077,0.12066443092146989,0.26957083194435666,0.3294996572248077,0.21781162200013293,0.0
10,45.0,graph_age045.0.graphml,22,86,0.18614718614718614,M_pro,8.854126613702473,0.15026044426857077,0.12066443092146989,0.26957083194435666,0.3294996572248077,0.21781162200013293,0.0
10,46.0,graph_age046.0.graphml,22,86,0.18614718614718614,M_pro,9.229191763462723,0.15026044426857077,0.12066443092146989,0.26957083194435666,0.3294996572248077,0.21781162200013293,0.0
10,47.0,graph_age047.0.graphml,22,86,0.18614718614718614,M_pro,9.567503766770292,0.15026044426857077,0.12066443092146989,0.26957083194435666,0.3294996572248077,0.21781162200013293,0.0
10,48.0,graph_age048.0.graphml,22,86,0.18614718614718614,M_pro,9.87340592746582,0.15026044426857077,0.12066443092146989,0.26957083194435666,0.3294996572248077,0.21781162200013293,0.0
10,49.0,graph_age049.0.graphml,22,86,0.18614718614718614,M_pro,10.150789418396561,0.15026044426857077,0.12066443092146989,0.26957083194435666,0.3294996572248077,0.21781162200013293,0.0
10,50.0,graph_age050.0.graphml,22,86,0.18614718614718614,M_pro,10.403070589417734,0.15026044426857077,0.12066443092146989,0.26957083194435666,0.3294996572248077,0.21781162200013293,0.0
10,51.0,graph_age051.0.graphml,22,86,0.18614718614718614,M_pro,10.633222535549057,0.15026044426857077,0.12066443092146989,0.26957083194435666,0.3294996572248077,0.21781162200013293,0.0
10,52.0,graph_age052.0.graphml,22,86,0.18614718614718614,M_pro,10.843819539327043,0.15026044426857077,0.12066443092146989,0.26957083194435666,0.3294996572248077,0.21781162200013293,0.0
10,53.0,graph_age053.0.graphml,22,86,0.18614718614718614,M_pro,11.03708586750632,0.15026044426857077,0.12066443092146989,0.26957083194435666,0.3294996572248077,0.21781162200013293,0.0
10,54.0,graph_age054.0.graphml,22,86,0.18614718614718614,M_pro,11.214944845915628,0.15026044426857077,0.12066443092146989,0.26957083194435666,0.3294996572248077,0.21781162200013293,0.0
10,55.0,graph_age055.0.graphml,22,86,0.18614718614718614,M_pro,11.379061286450407,0.15026044426857077,0.12066443092146989,0.26957083194435666,0.3294996572248077,0.21781162200013293,0.0
10,56.0,graph_age056.0.graphml,22,86,0.18614718614718614,M_pro,11.530876546426427,0.15026044426857077,0.12066443092146989,0.26957083194435666,0.3294996572248077,0.21781162200013293,0.0
10,57.0,graph_age057.0.graphml,22,86,0.18614718614718614,M_pro,11.67163812069556,0.15026044426857077,0.12066443092146989,0.26957083194435666,0.3294996572248077,0.21781162200013293,0.0
10,58.0,graph_age058.0.graphml,22,86,0.18614718614718614,M_pro,11.802425052991769,0.15026044426857077,0.12066443092146989,0.26957083194435666,0.3294996572248077,0.21781162200013293,0.0
10,59.0,graph_age059.0.graphml,22,86,0.18614718614718614,M_pro,11.924170422091901,0.15026044426857077,0.12066443092146989,0.26957083194435666,0.3294996572248077,0.21781162200013293,0.0
10,60.0,graph_age060.0.graphml,22,86,0.18614718614718614,M_pro,12.037680459013522,0.15026044426857077,0.12066443092146989,0.26957083194435666,0.3294996572248077,0.21781162200013293,0.0
10,61.0,graph_age061.0.graphml,22,86,0.18614718614718614,M_pro,12.14365073003471,0.15026044426857077,0.12066443092146989,0.26957083194435666,0.3294996572248077,0.21781162200013293,0.0
10,62.0,graph_age062.0.graphml,22,86,0.18614718614718614,M_pro,12.242680077811524,0.15026044426857077,0.12066443092146989,0.26957083194435666,0.3294996572248077,0.21781162200013293,0.0
10,63.0,graph_age063.0.graphml,22,86,0.18614718614718614,M_pro,12.335283545483552,0.15026044426857077,0.12066443092146989,0.26957083194435666,0.3294996572248077,0.21781162200013293,0.0
10,64.0,graph_age064.0.graphml,22,86,0.18614718614718614,M_pro,12.421903899555927,0.15026044426857077,0.12066443092146989,0.26957083194435666,0.3294996572248077,0.21781162200013293,0.0
10,65.0,graph_age065.0.graphml,22,86,0.18614718614718614,M_pro,12.502921453382664,0.15026044426857077,0.12066443092146989,0.26957083194435666,0.3294996572248077,0.21781162200013293,0.0
10,66.0,graph_age066.0.graphml,22,86,0.18614718614718614,M_pro,12.578663820651597,0.15026044426857077,0.12066443092146989,0.26957083194435666,0.3294996572248077,0.21781162200013293,0.0
10,67.0,graph_age067.0.graphml,22,86,0.18614718614718614,M_pro,12.649413173228742,0.15026044426857077,0.12066443092146989,0.26957083194435666,0.3294996572248077,0.21781162200013293,0.0
10,68.0,graph_age068.0.graphml,22,86,0.18614718614718614,M_pro,12.715413335646561,0.15026044426857077,0.12066443092146989,0.26957083194435666,0.3294996572248077,0.21781162200013293,0.0
10,69.0,graph_age069.0.graphml,22,86,0.18614718614718614,M_pro,12.77687637814892,0.15026044426857077,0.12066443092146989,0.26957083194435666,0.3294996572248077,0.21781162200013293,0.0
10,70.0,graph_age070.0.graphml,22,86,0.18614718614718614,M_pro,12.833987023679695,0.15026044426857077,0.12066443092146989,0.26957083194435666,0.3294996572248077,0.21781162200013293,0.0
10,71.0,graph_age071.0.graphml,22,86,0.18614718614718614,M_pro,12.88690780029163,0.15026044426857077,0.12066443092146989,0.26957083194435666,0.3294996572248077,0.21781162200013293,0.0
10,72.0,graph_age072.0.graphml,22,86,0.18614718614718614,M_pro,12.935782992533545,0.15026044426857077,0.12066443092146989,0.26957083194435666,0.3294996572248077,0.21781162200013293,0.0
10,73.0,graph_age073.0.graphml,22,86,0.18614718614718614,M_pro,12.980742040763598,0.15026044426857077,0.12066443092146989,0.26957083194435666,0.3294996572248077,0.21781162200013293,0.0
10,74.0,graph_age074.0.graphml,22,87,0.18831168831168832,M_pro,13.021903077088988,0.15026044426857077,0.12066443092146989,0.26957083194435666,0.3294996572248077,0.21781162200013293,0.0
10,75.0,graph_age075.0.graphml,22,87,0.18831168831168832,M_pro,13.059375912459046,0.15026044426857077,0.12066443092146989,0.26957083194435666,0.3294996572248077,0.21781162200013293,0.0
10,76.0,graph_age076.0.graphml,22,87,0.18831168831168832,M_pro,13.093274058274439,0.15026044426857077,0.12066443092146989,0.26957083194435666,0.3294996572248077,0.21781162200013293,0.0
10,77.0,graph_age077.0.graphml,22,87,0.18831168831168832,M_pro,13.123719382068426,0.15026044426857077,0.12066443092146989,0.26957083194435666,0.3294996572248077,0.21781162200013293,0.0
10,78.0,graph_age078.0.graphml,22,87,0.18831168831168832,M_pro,13.150836109093461,0.15026044426857077,0.12066443092146989,0.26957083194435666,0.3294996572248077,0.21781162200013293,0.0
10,79.0,graph_age079.0.graphml,22,87,0.18831168831168832,M_pro,13.174745530726996,0.15026044426857077,0.12066443092146989,0.26957083194435666,0.3294996572248077,0.21781162200013293,0.0
10,80.0,graph_age080.0.graphml,22,87,0.18831168831168832,Mh_pro,13.26258560257789,0.15026044426857077,0.12066443092146989,0.26957083194435666,0.3294996572248077,0.21781162200013293,0.0
11,30.0,graph_age030.0.graphml,22,10,0.021645021645021644,ABm,3.1724963087101767,0.13388107411181202,0.09559251470939184,0.10924535037038181,0.2310152167697087,0.12328155138439406,0.0
11,31.0,graph_age031.0.graphml,22,80,0.17316017316017315,ABm,3.1716839196734425,0.13388107411181202,0.09559251470939184,0.10924535037038181,0.2310152167697087,0.12328155138439406,0.0
11,32.0,graph_age032.0.graphml,22,80,0.17316017316017315,ABm,3.1689423170855973,0.13388107411181202,0.09559251470939184,0.10924535037038181,0.2310152167697087,0.12328155138439406,0.0
11,33.0,graph_age033.0.graphml,22,84,0.18181818181818182,ABm,3.1664919912187983,0.13388107411181202,0.09559251470939184,0.10924535037038181,0.2310152167697087,0.12328155138439406,0.0
11,34.0,graph_age034.0.graphml,22,85,0.18398268398268397,ABm,3.165184796453985,0.13388107411181202,0.09559251470939184,0.10924535037038181,0.2310152167697087,0.12328155138439406,0.0
11,35.0,graph_age035.0.graphml,22,85,0.18398268398268397,Fi,3.2796849181168075,0.13388107411181202,0.09559251470939184,0.10924535037038181,0.2310152167697087,0.12328155138439406,0.0
11,36.0,graph_age036.0.graphml,22,85,0.18398268398268397,Fi,3.8565799555529763,0.13388107411181202,0.09559251470939184,0.10924535037038181,0.2310152167697087,0.12328155138439406,0.0
11,37.0,graph_age037.0.graphml,22,85,0.18398268398268397,M_pro,4.349710502709567,0.13388107411181202,0.09559251470939184,0.10924535037038181,0.2310152167697087,0.12328155138439406,0.0
11,38.0,graph_age038.0.graphml,22,85,0.18398268398268397,M_pro,5.07148057031787,0.13388107411181202,0.09559251470939184,0.10924535037038181,0.2310152167697087,0.12328155138439406,0.0
11,39.0,graph_age039.0.graphml,22,85,0.18398268398268397,M_pro,5.756889672064113,0.13388107411181202,0.09559251470939184,0.10924535037038181,0.2310152167697087,0.12328155138439406,0.0
11,40.0,graph_age040.0.graphml,22,86,0.18614718614718614,M_pro,6.400876696718474,0.13388107411181202,0.09559251470939184,0.10924535037038181,0.2310152167697087,0.12328155138439406,0.0
11,41.0,graph_age041.0.graphml,22,86,0.18614718614718614,M_pro,6.99476198949068,0.13388107411181202,0.09559251470939184,0.10924535037038181,0.2310152167697087,0.12328155138439406,0.0
11,42.0,graph_age042.0.graphml,22,86,0.18614718614718614,M_pro,7.533273244062089,0.13388107411181202,0.09559251470939184,0.10924535037038181,0.2310152167697087,0.12328155138439406,0.0
11,43.0,graph_age043.0.graphml,22,86,0.18614718614718614,M_pro,8.015836526364057,0.13388107411181202,0.09559251470939184,0.10924535037038181,0.2310152167697087,0.12328155138439406,0.0
11,44.0,graph_age044.0.graphml,22,86,0.18614718614718614,M_pro,8.445259819091252,0.13388107411181202,0.09559251470939184,0.10924535037038181,0.2310152167697087,0.12328155138439406,0.0
11,45.0,graph_age045.0.graphml,22,86,0.18614718614718614,M_pro,8.826122120522978,0.13388107411181202,0.09559251470939184,0.10924535037038181,0.2310152167697087,0.12328155138439406,0.0
11,46.0,graph_age046.0.graphml,22,86,0.18614718614718614,M_pro,9.163583987059143,0.13388107411181202,0.09559251470939184,0.10924535037038181,0.2310152167697087,0.12328155138439406,0.0
11,47.0,graph_age047.0.graphml,22,86,0.18614718614718614,M_pro,9.462703402535247,0.13388107411181202,0.09559251470939184,0.10924535037038181,0.2310152167697087,0.12328155138439406,0.0
11,48.0,graph_age048.0.graphml,22,86,0.18614718614718614,M_pro,9.728116436916684,0.13388107411181202,0.09559251470939184,0.10924535037038181,0.2310152167697087,0.12328155138439406,0.0
11,49.0,graph_age049.0.graphml,22,86,0.18614718614718614,M_pro,9.963905813391142,0.13388107411181202,0.09559251470939184,0.10924535037038181,0.2310152167697087,0.12328155138439406,0.0
11,50.0,graph_age050.0.graphml,22,86,0.18614718614718614,M_pro,10.173593977999525,0.13388107411181202,0.09559251470939184,0.10924535037038181,0.2310152167697087,0.12328155138439406,0.0
11,51.0,graph_age051.0.graphml,22,86,0.18614718614718614,M_pro,10.36019309528148,0.13388107411181202,0.09559251470939184,0.10924535037038181,0.2310152167697087,0.12328155138439406,0.0
11,52.0,graph_age052.0.graphml,22,86,0.18614718614718614,M_pro,10.526271567094762,0.13388107411181202,0.09559251470939184,0.10924535037038181,0.2310152167697087,0.12328155138439406,0.0
11,53.0,graph_age053.0.graphml,22,86,0.18614718614718614,M_pro,10.67402072328957,0.13388107411181202,0.09559251470939184,0.10924535037038181,0.2310152167697087,0.12328155138439406,0.0
11,54.0,graph_age054.0.graphml,22,86,0.18614718614718614,M_pro,10.805317650155224,0.13388107411181202,0.09559251470939184,0.10924535037038181,0.2310152167697087,0.12328155138439406,0.0
11,55.0,graph_age055.0.graphml,22,86,0.18614718614718614,M_pro,10.92177914966452,0.13388107411181202,0.09559251470939184,0.10924535037038181,0.2310152167697087,0.12328155138439406,0.0
11,56.0,graph_age056.0.graphml,22,86,0.18614718614718614,M_pro,11.024805069316171,0.13388107411181202,0.09559251470939184,0.10924535037038181,0.2310152167697087,0.12328155138439406,0.0
11,57.0,graph_age057.0.graphml,22,86,0.18614718614718614,M_pro,11.11561326403359,0.13388107411181202,0.09559251470939184,0.10924535037038181,0.2310152167697087,0.12328155138439406,0.0
11,58.0,graph_age058.0.graphml,22,86,0.18614718614718614,M_pro,11.195268069512602,0.13388107411181202,0.09559251470939184,0.10924535037038181,0.2310152167697087,0.12328155138439406,0.0
11,59.0,graph_age059.0.graphml,22,86,0.18614718614718614,M_pro,11.2647033189207,0.13388107411181202,0.09559251470939184,0.10924535037038181,0.2310152167697087,0.12328155138439406,0.0
11,60.0,graph_age060.0.graphml,22,86,0.18614718614718614,M_pro,11.324740894536381,0.13388107411181202,0.09559251470939184,0.10924535037038181,0.2310152167697087,0.12328155138439406,0.0
11,61.0,graph_age061.0.graphml,22,86,0.18614718614718614,M_pro,11.376105986635602,0.13388107411181202,0.09559251470939184,0.10924535037038181,0.2310152167697087,0.12328155138439406,0.0
11,62.0,graph_age062.0.graphml,22,86,0.18614718614718614,M_pro,11.419439902826706,0.13388107411181202,0.09559251470939184,0.10924535037038181,0.2310152167697087,0.12328155138439406,0.0
11,63.0,graph_age063.0.graphml,22,86,0.18614718614718614,M_pro,11.455311015132708,0.13388107411181202,0.09559251470939184,0.10924535037038181,0.2310152167697087,0.12328155138439406,0.0
11,64.0,graph_age064.0.graphml,22,86,0.18614718614718614,M_pro,11.4842242866543,0.13388107411181202,0.09559251470939184,0.10924535037038181,0.2310152167697087,0.12328155138439406,0.0
11,65.0,graph_age065.0.graphml,22,86,0.18614718614718614,M_pro,11.506629587861365,0.13388107411181202,0.09559251470939184,0.10924535037038181,0.2310152167697087,0.12328155138439406,0.0
11,66.0,graph_age066.0.graphml,22,86,0.18614718614718614,M_pro,11.52292884180587,0.13388107411181202,0.09559251470939184,0.10924535037038181,0.2310152167697087,0.12328155138439406,0.0
11,67.0,graph_age067.0.graphml,22,86,0.18614718614718614,M_pro,11.533482402891163,0.13388107411181202,0.09559251470939184,0.10924535037038181,0.2310152167697087,0.12328155138439406,0.0
11,68.0,graph_age068.0.graphml,22,86,0.18614718614718614,Mh_pro,11.644131127369178,0.13388107411181202,0.09559251470939184,0.10924535037038181,0.2310152167697087,0.12328155138439406,0.0
11,69.0,graph_age069.0.graphml,22,86,0.18614718614718614,Mh_pro,11.955465788366363,0.13388107411181202,0.09559251470939184,0.10924535037038181,0.2310152167697087,0.12328155138439406,0.0
11,70.0,graph_age070.0.graphml,22,86,0.18614718614718614,Mh_pro,12.250970959006567,0.13388107411181202,0.09559251470939184,0.10924535037038181,0.2310152167697087,0.12328155138439406,0.0
11,71.0,graph_age071.0.graphml,22,86,0.18614718614718614,Mh_pro,12.530585806125401,0.13388107411181202,0.09559251470939184,0.10924535037038181,0.2310152167697087,0.12328155138439406,0.0
11,72.0,graph_age072.0.graphml,22,86,0.18614718614718614,Mh_pro,12.794361099029153,0.13388107411181202,0.09559251470939184,0.10924535037038181,0.2310152167697087,0.12328155138439406,0.0
11,73.0,graph_age073.0.graphml,22,86,0.18614718614718614,Mh_pro,13.042442239946261,0.13388107411181202,0.09559251470939184,0.10924535037038181,0.2310152167697087,0.12328155138439406,0.0
11,74.0,graph_age074.0.graphml,22,87,0.18831168831168832,Mh_pro,13.27505310346336,0.13388107411181202,0.09559251470939184,0.10924535037038181,0.2310152167697087,0.12328155138439406,0.0
11,75.0,graph_age075.0.graphml,22,87,0.18831168831168832,Mh_pro,13.492483021790648,0.13388107411181202,0.09559251470939184,0.10924535037038181,0.2310152167697087,0.12328155138439406,0.0
11,76.0,graph_age076.0.graphml,22,87,0.18831168831168832,Mh_pro,13.695074228711515,0.13388107411181202,0.09559251470939184,0.10924535037038181,0.2310152167697087,0.12328155138439406,0.0
11,77.0,graph_age077.0.graphml,22,87,0.18831168831168832,Mh_pro,13.883210668278625,0.13388107411181202,0.09559251470939184,0.10924535037038181,0.2310152167697087,0.12328155138439406,0.0
11,78.0,graph_age078.0.graphml,22,87,0.18831168831168832,Mh_pro,14.05730885164856,0.13388107411181202,0.09559251470939184,0.10924535037038181,0.2310152167697087,0.12328155138439406,0.0
11,79.0,graph_age079.0.graphml,22,87,0.18831168831168832,Mh_pro,14.217810400120223,0.13388107411181202,0.09559251470939184,0.10924535037038181,0.2310152167697087,0.12328155138439406,0.0
11,80.0,graph_age080.0.graphml,22,87,0.18831168831168832,Mh_pro,14.365172715533792,0.13388107411181202,0.09559251470939184,0.10924535037038181,0.2310152167697087,0.12328155138439406,0.0
12,30.0,graph_age030.0.graphml,22,10,0.021645021645021644,ABm,3.172413535948318,0.17801046099022494,0.08509092287980112,0.11749082250671981,0.18441516760659896,0.1410585954975038,0.0
12,31.0,graph_age031.0.graphml,22,80,0.17316017316017315,ABm,3.1716009696030554,0.17801046099022494,0.08509092287980112,0.11749082250671981,0.18441516760659896,0.1410585954975038,0.0
12,32.0,graph_age032.0.graphml,22,80,0.17316017316017315,ABm,3.16885850970398,0.17801046099022494,0.08509092287980112,0.11749082250671981,0.18441516760659896,0.1410585954975038,0.0
12,33.0,graph_age033.0.graphml,22,84,0.18181818181818182,ABm,3.1664113770335667,0.17801046099022494,0.08509092287980112,0.11749082250671981,0.18441516760659896,0.1410585954975038,0.0
12,34.0,graph_age034.0.graphml,22,84,0.18181818181818182,ABm,3.1651238124823604,0.17801046099022494,0.08509092287980112,0.11749082250671981,0.18441516760659896,0.1410585954975038,0.0
12,35.0,graph_age035.0.graphml,22,85,0.18398268398268397,Fi,3.2813338958436447,0.17801046099022494,0.08509092287980112,0.11749082250671981,0.18441516760659896,0.1410585954975038,0.0
12,36.0,graph_age036.0.graphml,22,85,0.18398268398268397,Fi,3.8585046528164493,0.17801046099022494,0.08509092287980112,0.11749082250671981,0.18441516760659896,0.1410585954975038,0.0
12,37.0,graph_age037.0.graphml,22,85,0.18398268398268397,Fi,4.329390191012843,0.17801046099022494,0.08509092287980112,0.11749082250671981,0.18441516760659896,0.1410585954975038,0.0
12,38.0,graph_age038.0.graphml,22,85,0.18398268398268397,Fi,4.705081339362375,0.17801046099022494,0.08509092287980112,0.11749082250671981,0.18441516760659896,0.1410585954975038,0.0
12,39.0,graph_age039.0.graphml,22,85,0.18398268398268397,Fi,4.999961287057133,0.17801046099022494,0.08509092287980112,0.11749082250671981,0.18441516760659896,0.1410585954975038,0.0
12,40.0,graph_age040.0.graphml,22,86,0.18614718614718614,Fi,5.228523891703055,0.17801046099022494,0.08509092287980112,0.11749082250671981,0.18441516760659896,0.1410585954975038,0.0
12,41.0,graph_age041.0.graphml,22,86,0.18614718614718614,M_pro,5.73415528635829,0.17801046099022494,0.08509092287980112,0.11749082250671981,0.18441516760659896,0.1410585954975038,0.0
12,42.0,graph_age042.0.graphml,22,86,0.18614718614718614,M_pro,6.333925870150765,0.17801046099022494,0.08509092287980112,0.11749082250671981,0.18441516760659896,0.1410585954975038,0.0
12,43.0,graph_age043.0.graphml,22,86,0.18614718614718614,M_pro,6.893580637205455,0.17801046099022494,0.08509092287980112,0.11749082250671981,0.18441516760659896,0.1410585954975038,0.0
12,44.0,graph_age044.0.graphml,22,86,0.18614718614718614,M_pro,7.410419850148556,0.17801046099022494,0.08509092287980112,0.11749082250671981,0.18441516760659896,0.1410585954975038,0.0
12,45.0,graph_age045.0.graphml,22,86,0.18614718614718614,M_pro,7.884644095039628,0.17801046099022494,0.08509092287980112,0.11749082250671981,0.18441516760659896,0.1410585954975038,0.0
12,46.0,graph_age046.0.graphml,22,86,0.18614718614718614,M_pro,8.318086992367563,0.17801046099022494,0.08509092287980112,0.11749082250671981,0.18441516760659896,0.1410585954975038,0.0
12,47.0,graph_age047.0.graphml,22,86,0.18614718614718614,M_pro,8.713406954299666,0.17801046099022494,0.08509092287980112,0.11749082250671981,0.18441516760659896,0.1410585954975038,0.0
12,48.0,graph_age048.0.graphml,22,86,0.18614718614718614,M_pro,9.073582110264576,0.17801046099022494,0.08509092287980112,0.11749082250671981,0.18441516760659896,0.1410585954975038,0.0
12,49.0,graph_age049.0.graphml,22,86,0.18614718614718614,M_pro,9.401614129143258,0.17801046099022494,0.08509092287980112,0.11749082250671981,0.18441516760659896,0.1410585954975038,0.0
12,50.0,graph_age050.0.graphml,22,86,0.18614718614718614,M_pro,9.700374044091609,0.17801046099022494,0.08509092287980112,0.11749082250671981,0.18441516760659896,0.1410585954975038,0.0
12,51.0,graph_age051.0.graphml,22,86,0.18614718614718614,M_pro,9.972528478916413,0.17801046099022494,0.08509092287980112,0.11749082250671981,0.18441516760659896,0.1410585954975038,0.0
12,52.0,graph_age052.0.graphml,22,86,0.18614718614718614,M_pro,10.220508853464532,0.17801046099022494,0.08509092287980112,0.11749082250671981,0.18441516760659896,0.1410585954975038,0.0
12,53.0,graph_age053.0.graphml,22,86,0.18614718614718614,M_pro,10.446506720853696,0.17801046099022494,0.08509092287980112,0.11749082250671981,0.18441516760659896,0.1410585954975038,0.0
12,54.0,graph_age054.0.graphml,22,86,0.18614718614718614,M_pro,10.652486648184167,0.17801046099022494,0.08509092287980112,0.11749082250671981,0.18441516760659896,0.1410585954975038,0.0
12,55.0,graph_age055.0.graphml,22,86,0.18614718614718614,M_pro,10.840204537455808,0.17801046099022494,0.08509092287980112,0.11749082250671981,0.18441516760659896,0.1410585954975038,0.0
12,56.0,graph_age056.0.graphml,22,86,0.18614718614718614,M_pro,11.011225964721561,0.17801046099022494,0.08509092287980112,0.11749082250671981,0.18441516760659896,0.1410585954975038,0.0
12,57.0,graph_age057.0.graphml,22,86,0.18614718614718614,M_pro,11.166945678157973,0.17801046099022494,0.08509092287980112,0.11749082250671981,0.18441516760659896,0.1410585954975038,0.0
12,58.0,graph_age058.0.graphml,22,86,0.18614718614718614,M_pro,11.308606096770134,0.17801046099022494,0.08509092287980112,0.11749082250671981,0.18441516760659896,0.1410585954975038,0.0
12,59.0,graph_age059.0.graphml,22,86,0.18614718614718614,M_pro,11.437315909331382,0.17801046099022494,0.08509092287980112,0.11749082250671981,0.18441516760659896,0.1410585954975038,0.0
12,60.0,graph_age060.0.graphml,22,86,0.18614718614718614,M_pro,11.554064843129575,0.17801046099022494,0.08509092287980112,0.11749082250671981,0.18441516760659896,0.1410585954975038,0.0
12,61.0,graph_age061.0.graphml,22,86,0.18614718614718614,M_pro,11.659736960361071,0.17801046099022494,0.08509092287980112,0.11749082250671981,0.18441516760659896,0.1410585954975038,0.0
12,62.0,graph_age062.0.graphml,22,86,0.18614718614718614,M_pro,11.755123081229568,0.17801046099022494,0.08509092287980112,0.11749082250671981,0.18441516760659896,0.1410585954975038,0.0
12,63.0,graph_age063.0.graphml,22,86,0.18614718614718614,M_pro,11.840932267303769,0.17801046099022494,0.08509092287980112,0.11749082250671981,0.18441516760659896,0.1410585954975038,0.0
12,64.0,graph_age064.0.graphml,22,86,0.18614718614718614,M_pro,11.917801883555754,0.17801046099022494,0.08509092287980112,0.11749082250671981,0.18441516760659896,0.1410585954975038,0.0
12,65.0,graph_age065.0.graphml,22,86,0.18614718614718614,M_pro,11.986306501769072,0.17801046099022494,0.08509092287980112,0.11749082250671981,0.18441516760659896,0.1410585954975038,0.0
12,66.0,graph_age066.0.graphml,22,86,0.18614718614718614,M_pro,12.046965604007237,0.17801046099022494,0.08509092287980112,0.11749082250671981,0.18441516760659896,0.1410585954975038,0.0
12,67.0,graph_age067.0.graphml,22,86,0.18614718614718614,M_pro,12.100250376621453,0.17801046099022494,0.08509092287980112,0.11749082250671981,0.18441516760659896,0.1410585954975038,0.0
12,68.0,graph_age068.0.graphml,22,86,0.18614718614718614,M_pro,12.146589824937985,0.17801046099022494,0.08509092287980112,0.11749082250671981,0.18441516760659896,0.1410585954975038,0.0
12,69.0,graph_age069.0.graphml,22,86,0.18614718614718614,M_pro,12.186375825642628,0.17801046099022494,0.08509092287980112,0.11749082250671981,0.18441516760659896,0.1410585954975038,0.0
12,70.0,graph_age070.0.graphml,22,86,0.18614718614718614,M_pro,12.219968189076353,0.17801046099022494,0.08509092287980112,0.11749082250671981,0.18441516760659896,0.1410585954975038,0.0
12,71.0,graph_age071.0.graphml,22,86,0.18614718614718614,M_pro,12.247698584368132,0.17801046099022494,0.08509092287980112,0.11749082250671981,0.18441516760659896,0.1410585954975038,0.0
12,72.0,graph_age072.0.graphml,22,86,0.18614718614718614,M_pro,12.269873962172996,0.17801046099022494,0.08509092287980112,0.11749082250671981,0.18441516760659896,0.1410585954975038,0.0
12,73.0,graph_age073.0.graphml,22,86,0.18614718614718614,M_pro,12.286780251585341,0.17801046099022494,0.08509092287980112,0.11749082250671981,0.18441516760659896,0.1410585954975038,0.0
12,74.0,graph_age074.0.graphml,22,87,0.18831168831168832,M_pro,12.298683944422475,0.17801046099022494,0.08509092287980112,0.11749082250671981,0.18441516760659896,0.1410585954975038,0.0
12,75.0,graph_age075.0.graphml,22,87,0.18831168831168832,M_pro,12.305835764056935,0.17801046099022494,0.08509092287980112,0.11749082250671981,0.18441516760659896,0.1410585954975038,0.0
12,76.0,graph_age076.0.graphml,22,87,0.18831168831168832,M_pro,12.308481678908423,0.17801046099022494,0.08509092287980112,0.11749082250671981,0.18441516760659896,0.1410585954975038,0.0
12,77.0,graph_age077.0.graphml,22,87,0.18831168831168832,M_pro,12.306865253061417,0.17801046099022494,0.08509092287980112,0.11749082250671981,0.18441516760659896,0.1410585954975038,0.0
12,78.0,graph_age078.0.graphml,22,87,0.18831168831168832,M_pro,12.301223116057825,0.17801046099022494,0.08509092287980112,0.11749082250671981,0.18441516760659896,0.1410585954975038,0.0
12,79.0,graph_age079.0.graphml,22,87,0.18831168831168832,M_pro,12.291781096580223,0.17801046099022494,0.08509092287980112,0.11749082250671981,0.18441516760659896,0.1410585954975038,0.0
12,80.0,graph_age080.0.graphml,22,87,0.18831168831168832,M_pro,12.278751941701618,0.17801046099022494,0.08509092287980112,0.11749082250671981,0.18441516760659896,0.1410585954975038,0.0
13,30.0,graph_age030.0.graphml,22,10,0.021645021645021644,ABm,3.4961519725022696,0.13355482285119177,0.16758473136596203,0.29929406209821624,0.22191605843202114,0.2581545865498578,1.0
13,31.0,graph_age031.0.graphml,22,80,0.17316017316017315,ABm,3.4952587011264344,0.13355482285119177,0.16758473136596203,0.29929406209821624,0.22191605843202114,0.2581545865498578,1.0
13,32.0,graph_age032.0.graphml,22,82,0.1774891774891775,ABm,3.4922628856650206,0.13355482285119177,0.16758473136596203,0.29929406209821624,0.22191605843202114,0.2581545865498578,1.0
13,33.0,graph_age033.0.graphml,22,84,0.18181818181818182,ABm,3.4896589605544035,0.13355482285119177,0.16758473136596203,0.29929406209821624,0.22191605843202114,0.2581545865498578,1.0
13,34.0,graph_age034.0.graphml,22,85,0.18398268398268397,ABo,3.5080000064063466,0.13355482285119177,0.16758473136596203,0.29929406209821624,0.22191605843202114,0.2581545865498578,1.0
13,35.0,graph_age035.0.graphml,22,85,0.18398268398268397,ABo,4.44778687051879,0.13355482285119177,0.16758473136596203,0.29929406209821624,0.22191605843202114,0.2581545865498578,1.0
13,36.0,graph_age036.0.graphml,22,85,0.18398268398268397,ABo,5.2298543632933665,0.13355482285119177,0.16758473136596203,0.29929406209821624,0.22191605843202114,0.2581545865498578,1.0
13,37.0,graph_age037.0.graphml,22,85,0.18398268398268397,ABo,5.856489319639738,0.13355482285119177,0.16758473136596203,0.29929406209821624,0.22191605843202114,0.2581545865498578,1.0
13,38.0,graph_age038.0.graphml,22,85,0.18398268398268397,ABo,6.345501596504436,0.13355482285119177,0.16758473136596203,0.29929406209821624,0.22191605843202114,0.2581545865498578,1.0
13,39.0,graph_age039.0.graphml,22,85,0.18398268398268397,ABo,6.71968991339354,0.13355482285119177,0.16758473136596203,0.29929406209821624,0.22191605843202114,0.2581545865498578,1.0
13,40.0,graph_age040.0.graphml,22,86,0.18614718614718614,ABo,7.001485015460667,0.13355482285119177,0.16758473136596203,0.29929406209821624,0.22191605843202114,0.2581545865498578,1.0
13,41.0,graph_age041.0.graphml,22,86,0.18614718614718614,M_pro,7.3536494717491285,0.13355482285119177,0.16758473136596203,0.29929406209821624,0.22191605843202114,0.2581545865498578,1.0
13,42.0,graph_age042.0.graphml,22,86,0.18614718614718614,M_pro,7.747988722391388,0.13355482285119177,0.16758473136596203,0.29929406209821624,0.22191605843202114,0.2581545865498578,1.0
13,43.0,graph_age043.0.graphml,22,86,0.18614718614718614,M_pro,8.078721114902473,0.13355482285119177,0.16758473136596203,0.29929406209821624,0.22191605843202114,0.2581545865498578,1.0
13,44.0,graph_age044.0.graphml,22,86,0.18614718614718614,M_pro,8.357183424903134,0.13355482285119177,0.16758473136596203,0.29929406209821624,0.22191605843202114,0.2581545865498578,1.0
13,45.0,graph_age045.0.graphml,22,86,0.18614718614718614,M_pro,8.593197687656431,0.13355482285119177,0.16758473136596203,0.29929406209821624,0.22191605843202114,0.2581545865498578,1.0
13,46.0,graph_age046.0.graphml,22,86,0.18614718614718614,M_pro,8.794853207693055,0.13355482285119177,0.16758473136596203,0.29929406209821624,0.22191605843202114,0.2581545865498578,1.0
13,47.0,graph_age047.0.graphml,22,86,0.18614718614718614,M_pro,8.968630282925359,0.13355482285119177,0.16758473136596203,0.29929406209821624,0.22191605843202114,0.2581545865498578,1.0
13,48.0,graph_age048.0.graphml,22,86,0.18614718614718614,M_pro,9.1196646012542,0.13355482285119177,0.16758473136596203,0.29929406209821624,0.22191605843202114,0.2581545865498578,1.0
13,49.0,graph_age049.0.graphml,22,86,0.18614718614718614,M_pro,9.25202333923776,0.13355482285119177,0.16758473136596203,0.29929406209821624,0.22191605843202114,0.2581545865498578,1.0
13,50.0,graph_age050.0.graphml,22,86,0.18614718614718614,M_pro,9.368940490346535,0.13355482285119177,0.16758473136596203,0.29929406209821624,0.22191605843202114,0.2581545865498578,1.0
13,51.0,graph_age051.0.graphml,22,86,0.18614718614718614,M_pro,9.473008509438456,0.13355482285119177,0.16758473136596203,0.29929406209821624,0.22191605843202114,0.2581545865498578,1.0
13,52.0,graph_age052.0.graphml,22,86,0.18614718614718614,M_pro,9.566325018450994,0.13355482285119177,0.16758473136596203,0.29929406209821624,0.22191605843202114,0.2581545865498578,1.0
13,53.0,graph_age053.0.graphml,22,86,0.18614718614718614,M_pro,9.650600593468637,0.13355482285119177,0.16758473136596203,0.29929406209821624,0.22191605843202114,0.2581545865498578,1.0
13,54.0,graph_age054.0.graphml,22,86,0.18614718614718614,M_pro,9.727238352727129,0.13355482285119177,0.16758473136596203,0.29929406209821624,0.22191605843202114,0.2581545865498578,1.0
13,55.0,graph_age055.0.graphml,22,86,0.18614718614718614,M_pro,9.797393342209885,0.13355482285119177,0.16758473136596203,0.29929406209821624,0.22191605843202114,0.2581545865498578,1.0
13,56.0,graph_age056.0.graphml,22,86,0.18614718614718614,M_pro,9.862018302215736,0.13355482285119177,0.16758473136596203,0.29929406209821624,0.22191605843202114,0.2581545865498578,1.0
13,57.0,graph_age057.0.graphml,22,86,0.18614718614718614,M_pro,9.921898010336713,0.13355482285119177,0.16758473136596203,0.29929406209821624,0.22191605843202114,0.2581545865498578,1.0
13,58.0,graph_age058.0.graphml,22,86,0.18614718614718614,M_pro,9.977676381400794,0.13355482285119177,0.16758473136596203,0.29929406209821624,0.22191605843202114,0.2581545865498578,1.0
13,59.0,graph_age059.0.graphml,22,86,0.18614718614718614,M_pro,10.029878776712463,0.13355482285119177,0.16758473136596203,0.29929406209821624,0.22191605843202114,0.2581545865498578,1.0
13,60.0,graph_age060.0.graphml,22,86,0.18614718614718614,M_pro,10.078930898954118,0.13355482285119177,0.16758473136596203,0.29929406209821624,0.22191605843202114,0.2581545865498578,1.0
13,61.0,graph_age061.0.graphml,22,86,0.18614718614718614,M_pro,10.125174844251777,0.13355482285119177,0.16758473136596203,0.29929406209821624,0.22191605843202114,0.2581545865498578,1.0
13,62.0,graph_age062.0.graphml,22,86,0.18614718614718614,M_pro,10.168883174904611,0.13355482285119177,0.16758473136596203,0.29929406209821624,0.22191605843202114,0.2581545865498578,1.0
13,63.0,graph_age063.0.graphml,22,86,0.18614718614718614,M_pro,10.210270499524025,0.13355482285119177,0.16758473136596203,0.29929406209821624,0.22191605843202114,0.2581545865498578,1.0
13,64.0,graph_age064.0.graphml,22,86,0.18614718614718614,M_pro,10.249503829325702,0.13355482285119177,0.16758473136596203,0.29929406209821624,0.22191605843202114,0.2581545865498578,1.0
13,65.0,graph_age065.0.graphml,22,86,0.18614718614718614,Mh_pro,10.346457628028633,0.13355482285119177,0.16758473136596203,0.29929406209821624,0.22191605843202114,0.2581545865498578,1.0
13,66.0,graph_age066.0.graphml,22,86,0.18614718614718614,Mh_pro,10.657910208791773,0.13355482285119177,0.16758473136596203,0.29929406209821624,0.22191605843202114,0.2581545865498578,1.0
13,67.0,graph_age067.0.graphml,22,86,0.18614718614718614,Mh_pro,10.95963408053942,0.13355482285119177,0.16758473136596203,0.29929406209821624,0.22191605843202114,0.2581545865498578,1.0
13,68.0,graph_age068.0.graphml,22,86,0.18614718614718614,Mh_pro,11.251650782674155,0.13355482285119177,0.16758473136596203,0.29929406209821624,0.22191605843202114,0.2581545865498578,1.0
13,69.0,graph_age069.0.graphml,22,86,0.18614718614718614,Mh_pro,11.534043400452298,0.13355482285119177,0.16758473136596203,0.29929406209821624,0.22191605843202114,0.2581545865498578,1.0
13,70.0,graph_age070.0.graphml,22,86,0.18614718614718614,Mh_pro,11.806945815537881,0.13355482285119177,0.16758473136596203,0.29929406209821624,0.22191605843202114,0.2581545865498578,1.0
13,71.0,graph_age071.0.graphml,22,86,0.18614718614718614,Mh_pro,12.070532985945054,0.13355482285119177,0.16758473136596203,0.29929406209821624,0.22191605843202114,0.2581545865498578,1.0
13,72.0,graph_age072.0.graphml,22,86,0.18614718614718614,Mh_pro,12.32501233981809,0.13355482285119177,0.16758473136596203,0.29929406209821624,0.22191605843202114,0.2581545865498578,1.0
13,73.0,graph_age073.0.graphml,22,86,0.18614718614718614,Mh_pro,12.570616822856774,0.13355482285119177,0.16758473136596203,0.29929406209821624,0.22191605843202114,0.2581545865498578,1.0
13,74.0,graph_age074.0.graphml,22,87,0.18831168831168832,Mh_pro,12.807598872753166,0.13355482285119177,0.16758473136596203,0.29929406209821624,0.22191605843202114,0.2581545865498578,1.0
13,75.0,graph_age075.0.graphml,22,87,0.18831168831168832,Mh_pro,13.036225172190697,0.13355482285119177,0.16758473136596203,0.29929406209821624,0.22191605843202114,0.2581545865498578,1.0
13,76.0,graph_age076.0.graphml,22,87,0.18831168831168832,Mh_pro,13.256772158262299,0.13355482285119177,0.16758473136596203,0.29929406209821624,0.22191605843202114,0.2581545865498578,1.0
13,77.0,graph_age077.0.graphml,22,87,0.18831168831168832,Mh_pro,13.469522691910583,0.13355482285119177,0.16758473136596203,0.29929406209821624,0.22191605843202114,0.2581545865498578,1.0
13,78.0,graph_age078.0.graphml,22,87,0.18831168831168832,Mh_pro,13.674762589764136,0.13355482285119177,0.16758473136596203,0.29929406209821624,0.22191605843202114,0.2581545865498578,1.0
13,79.0,graph_age079.0.graphml,22,87,0.18831168831168832,Mh_pro,13.87277890505219,0.13355482285119177,0.16758473136596203,0.29929406209821624,0.22191605843202114,0.2581545865498578,1.0
13,80.0,graph_age080.0.graphml,22,87,0.18831168831168832,Mh_pro,14.063858072095659,0.13355482285119177,0.16758473136596203,0.29929406209821624,0.22191605843202114,0.2581545865498578,1.0
14,30.0,graph_age030.0.graphml,22,10,0.021645021645021644,P,4.291618494185391,0.05340681097007907,0.06350717911634628,0.3167078051789351,0.23856316907541625,0.1112861502825604,0.0
14,31.0,graph_age031.0.graphml,22,80,0.17316017316017315,P,3.957753918603572,0.05340681097007907,0.06350717911634628,0.3167078051789351,0.23856316907541625,0.1112861502825604,0.0
14,32.0,graph_age032.0.graphml,22,82,0.1774891774891775,Mh_pro,5.351039954316732,0.05340681097007907,0.06350717911634628,0.3167078051789351,0.23856316907541625,0.1112861502825604,0.0
14,33.0,graph_age033.0.graphml,22,84,0.18181818181818182,Mh_pro,6.33718658314176,0.05340681097007907,0.06350717911634628,0.3167078051789351,0.23856316907541625,0.1112861502825604,0.0
14,34.0,graph_age034.0.graphml,22,85,0.18398268398268397,Mh_pro,6.599463601592797,0.05340681097007907,0.06350717911634628,0.3167078051789351,0.23856316907541625,0.1112861502825604,0.0
14,35.0,graph_age035.0.graphml,22,85,0.18398268398268397,Mh_pro,6.361842090515953,0.05340681097007907,0.06350717911634628,0.3167078051789351,0.23856316907541625,0.1112861502825604,0.0
14,36.0,graph_age036.0.graphml,22,85,0.18398268398268397,M_pro,6.957264670996388,0.05340681097007907,0.06350717911634628,0.3167078051789351,0.23856316907541625,0.1112861502825604,0.0
14,37.0,graph_age037.0.graphml,22,85,0.18398268398268397,M_pro,7.733720846453797,0.05340681097007907,0.06350717911634628,0.3167078051789351,0.23856316907541625,0.1112861502825604,0.0
14,38.0,graph_age038.0.graphml,22,85,0.18398268398268397,M_pro,8.049082767356222,0.05340681097007907,0.06350717911634628,0.3167078051789351,0.23856316907541625,0.1112861502825604,0.0
14,39.0,graph_age039.0.graphml,22,86,0.18614718614718614,M_pro,8.047883606954372,0.05340681097007907,0.06350717911634628,0.3167078051789351,0.23856316907541625,0.1112861502825604,0.0
14,40.0,graph_age040.0.graphml,22,86,0.18614718614718614,M_pro,7.864147329111096,0.05340681097007907,0.06350717911634628,0.3167078051789351,0.23856316907541625,0.1112861502825604,0.0
14,41.0,graph_age041.0.graphml,22,86,0.18614718614718614,M_pro,7.5857636611048305,0.05340681097007907,0.06350717911634628,0.3167078051789351,0.23856316907541625,0.1112861502825604,0.0
14,42.0,graph_age042.0.graphml,22,86,0.18614718614718614,M_pro,7.261468691744862,0.05340681097007907,0.06350717911634628,0.3167078051789351,0.23856316907541625,0.1112861502825604,0.0
14,43.0,graph_age043.0.graphml,22,86,0.18614718614718614,M_pro,6.916850995731694,0.05340681097007907,0.06350717911634628,0.3167078051789351,0.23856316907541625,0.1112861502825604,0.0
14,44.0,graph_age044.0.graphml,22,86,0.18614718614718614,M_pro,6.565633726955561,0.05340681097007907,0.06350717911634628,0.3167078051789351,0.23856316907541625,0.1112861502825604,0.0
14,45.0,graph_age045.0.graphml,22,86,0.18614718614718614,M_pro,6.215598083064519,0.05340681097007907,0.06350717911634628,0.3167078051789351,0.23856316907541625,0.1112861502825604,0.0
14,46.0,graph_age046.0.graphml,22,86,0.18614718614718614,Fo,6.116695313324943,0.05340681097007907,0.06350717911634628,0.3167078051789351,0.23856316907541625,0.1112861502825604,0.0
14,47.0,graph_age047.0.graphml,22,86,0.18614718614718614,Fo,6.513440918763191,0.05340681097007907,0.06350717911634628,0.3167078051789351,0.23856316907541625,0.1112861502825604,0.0
14,48.0,graph_age048.0.graphml,22,86,0.18614718614718614,Fo,6.861767910152932,0.05340681097007907,0.06350717911634628,0.3167078051789351,0.23856316907541625,0.1112861502825604,0.0
14,49.0,graph_age049.0.graphml,22,86,0.18614718614718614,Fo,7.164474192793595,0.05340681097007907,0.06350717911634628,0.3167078051789351,0.23856316907541625,0.1112861502825604,0.0
14,50.0,graph_age050.0.graphml,22,86,0.18614718614718614,Fo,7.425169994533118,0.05340681097007907,0.06350717911634628,0.3167078051789351,0.23856316907541625,0.1112861502825604,0.0
14,51.0,graph_age051.0.graphml,22,86,0.18614718614718614,Fo,7.64787384747765,0.05340681097007907,0.06350717911634628,0.3167078051789351,0.23856316907541625,0.1112861502825604,0.0
14,52.0,graph_age052.0.graphml,22,86,0.18614718614718614,Fo,7.836720662540568,0.05340681097007907,0.06350717911634628,0.3167078051789351,0.23856316907541625,0.1112861502825604,0.0
14,53.0,graph_age053.0.graphml,22,86,0.18614718614718614,Fo,7.995759011396599,0.05340681097007907,0.06350717911634628,0.3167078051789351,0.23856316907541625,0.1112861502825604,0.0
14,54.0,graph_age054.0.graphml,22,86,0.18614718614718614,Fo,8.128823646314665,0.05340681097007907,0.06350717911634628,0.3167078051789351,0.23856316907541625,0.1112861502825604,0.0
14,55.0,graph_age055.0.graphml,22,86,0.18614718614718614,Fo,8.239458123098798,0.05340681097007907,0.06350717911634628,0.3167078051789351,0.23856316907541625,0.1112861502825604,0.0
14,56.0,graph_age056.0.graphml,22,86,0.18614718614718614,Fo,8.330873777122259,0.05340681097007907,0.06350717911634628,0.3167078051789351,0.23856316907541625,0.1112861502825604,0.0
14,57.0,graph_age057.0.graphml,22,86,0.18614718614718614,Fo,8.405937318741143,0.05340681097007907,0.06350717911634628,0.3167078051789351,0.23856316907541625,0.1112861502825604,0.0
14,58.0,graph_age058.0.graphml,22,86,0.18614718614718614,Fo,8.467176645713788,0.05340681097007907,0.06350717911634628,0.3167078051789351,0.23856316907541625,0.1112861502825604,0.0
14,59.0,graph_age059.0.graphml,22,86,0.18614718614718614,Fo,8.516798275865572,0.05340681097007907,0.06350717911634628,0.3167078051789351,0.23856316907541625,0.1112861502825604,0.0
14,60.0,graph_age060.0.graphml,22,86,0.18614718614718614,Fo,8.556711145450482,0.05340681097007907,0.06350717911634628,0.3167078051789351,0.23856316907541625,0.1112861502825604,0.0
14,61.0,graph_age061.0.graphml,22,86,0.18614718614718614,Fo,8.588553767391407,0.05340681097007907,0.06350717911634628,0.3167078051789351,0.23856316907541625,0.1112861502825604,0.0
14,62.0,graph_age062.0.graphml,22,86,0.18614718614718614,Fo,8.61372313890487,0.05340681097007907,0.06350717911634628,0.3167078051789351,0.23856316907541625,0.1112861502825604,0.0
14,63.0,graph_age063.0.graphml,22,86,0.18614718614718614,Fo,8.633403423679999,0.05340681097007907,0.06350717911634628,0.3167078051789351,0.23856316907541625,0.1112861502825604,0.0
14,64.0,graph_age064.0.graphml,22,86,0.18614718614718614,Fo,8.648592765899147,0.05340681097007907,0.06350717911634628,0.3167078051789351,0.23856316907541625,0.1112861502825604,0.0
14,65.0,graph_age065.0.graphml,22,86,0.18614718614718614,Fo,8.66012800930458,0.05340681097007907,0.06350717911634628,0.3167078051789351,0.23856316907541625,0.1112861502825604,0.0
14,66.0,graph_age066.0.graphml,22,86,0.18614718614718614,Fo,8.6687072802004,0.05340681097007907,0.06350717911634628,0.3167078051789351,0.23856316907541625,0.1112861502825604,0.0
14,67.0,graph_age067.0.graphml,22,86,0.18614718614718614,P,8.745031542238182,0.05340681097007907,0.06350717911634628,0.3167078051789351,0.23856316907541625,0.1112861502825604,0.0
14,68.0,graph_age068.0.graphml,22,86,0.18614718614718614,P,9.006505917335456,0.05340681097007907,0.06350717911634628,0.3167078051789351,0.23856316907541625,0.1112861502825604,0.0
14,69.0,graph_age069.0.graphml,22,86,0.18614718614718614,P,9.25943619263437,0.05340681097007907,0.06350717911634628,0.3167078051789351,0.23856316907541625,0.1112861502825604,0.0
14,70.0,graph_age070.0.graphml,22,86,0.18614718614718614,P,9.503611143795611,0.05340681097007907,0.06350717911634628,0.3167078051789351,0.23856316907541625,0.1112861502825604,0.0
14,71.0,graph_age071.0.graphml,22,86,0.18614718614718614,P,9.73889894353984,0.05340681097007907,0.06350717911634628,0.3167078051789351,0.23856316907541625,0.1112861502825604,0.0
14,72.0,graph_age072.0.graphml,22,86,0.18614718614718614,P,9.965237334418305,0.05340681097007907,0.06350717911634628,0.3167078051789351,0.23856316907541625,0.1112861502825604,0.0
14,73.0,graph_age073.0.graphml,22,86,0.18614718614718614,P,10.182624469420784,0.05340681097007907,0.06350717911634628,0.3167078051789351,0.23856316907541625,0.1112861502825604,0.0
14,74.0,graph_age074.0.graphml,22,87,0.18831168831168832,P,10.39111020169362,0.05340681097007907,0.06350717911634628,0.3167078051789351,0.23856316907541625,0.1112861502825604,0.0
14,75.0,graph_age075.0.graphml,22,87,0.18831168831168832,P,10.59078883493998,0.05340681097007907,0.06350717911634628,0.3167078051789351,0.23856316907541625,0.1112861502825604,0.0
14,76.0,graph_age076.0.graphml,22,87,0.18831168831168832,P,10.781791708456648,0.05340681097007907,0.06350717911634628,0.3167078051789351,0.23856316907541625,0.1112861502825604,0.0
14,77.0,graph_age077.0.graphml,22,87,0.18831168831168832,P,10.964281135233218,0.05340681097007907,0.06350717911634628,0.3167078051789351,0.23856316907541625,0.1112861502825604,0.0
14,78.0,graph_age078.0.graphml,22,87,0.18831168831168832,P,11.138443396263135,0.05340681097007907,0.06350717911634628,0.3167078051789351,0.23856316907541625,0.1112861502825604,0.0
14,79.0,graph_age079.0.graphml,22,87,0.18831168831168832,P,11.304485293458383,0.05340681097007907,0.06350717911634628,0.3167078051789351,0.23856316907541625,0.1112861502825604,0.0
14,80.0,graph_age080.0.graphml,22,87,0.18831168831168832,P,11.46262967749138,0.05340681097007907,0.06350717911634628,0.3167078051789351,0.23856316907541625,0.1112861502825604,0.0
15,30.0,graph_age030.0.graphml,22,10,0.021645021645021644,P,4.723103252799171,0.07284681540697527,0.15444805626166042,0.23384688267220924,0.21430636782894474,0.1428402200582722,0.0
15,31.0,graph_age031.0.graphml,22,80,0.17316017316017315,P,4.355659442611187,0.07284681540697527,0.15444805626166042,0.23384688267220924,0.21430636782894474,0.1428402200582722,0.0
15,32.0,graph_age032.0.graphml,22,82,0.1774891774891775,Mh_pro,4.584412622546161,0.07284681540697527,0.15444805626166042,0.23384688267220924,0.21430636782894474,0.1428402200582722,0.0
15,33.0,graph_age033.0.graphml,22,84,0.18181818181818182,Mh_pro,5.466173474405894,0.07284681540697527,0.15444805626166042,0.23384688267220924,0.21430636782894474,0.1428402200582722,0.0
15,34.0,graph_age034.0.graphml,22,85,0.18398268398268397,Mh_pro,5.781926826900625,0.07284681540697527,0.15444805626166042,0.23384688267220924,0.21430636782894474,0.1428402200582722,0.0
15,35.0,graph_age035.0.graphml,22,85,0.18398268398268397,Mh_pro,5.740421953590549,0.07284681540697527,0.15444805626166042,0.23384688267220924,0.21430636782894474,0.1428402200582722,0.0
15,36.0,graph_age036.0.graphml,22,85,0.18398268398268397,Mh_pro,5.504388519599675,0.07284681540697527,0.15444805626166042,0.23384688267220924,0.21430636782894474,0.1428402200582722,0.0
15,37.0,graph_age037.0.graphml,22,85,0.18398268398268397,M_pro,6.046654020109475,0.07284681540697527,0.15444805626166042,0.23384688267220924,0.21430636782894474,0.1428402200582722,0.0
15,38.0,graph_age038.0.graphml,22,85,0.18398268398268397,M_pro,6.758808696930482,0.07284681540697527,0.15444805626166042,0.23384688267220924,0.21430636782894474,0.1428402200582722,0.0
15,39.0,graph_age039.0.graphml,22,86,0.18614718614718614,M_pro,7.285553791383396,0.07284681540697527,0.15444805626166042,0.23384688267220924,0.21430636782894474,0.1428402200582722,0.0
15,40.0,graph_age040.0.graphml,22,86,0.18614718614718614,M_pro,7.657069708053264,0.07284681540697527,0.15444805626166042,0.23384688267220924,0.21430636782894474,0.1428402200582722,0.0
15,41.0,graph_age041.0.graphml,22,86,0.18614718614718614,M_pro,7.900818336244896,0.07284681540697527,0.15444805626166042,0.23384688267220924,0.21430636782894474,0.1428402200582722,0.0
15,42.0,graph_age042.0.graphml,22,86,0.18614718614718614,M_pro,8.04079862646748,0.07284681540697527,0.15444805626166042,0.23384688267220924,0.21430636782894474,0.1428402200582722,0.0
15,43.0,graph_age043.0.graphml,22,86,0.18614718614718614,M_pro,8.097874722779592,0.07284681540697527,0.15444805626166042,0.23384688267220924,0.21430636782894474,0.1428402200582722,0.0
15,44.0,graph_age044.0.graphml,22,86,0.18614718614718614,M_pro,8.08982280990587,0.07284681540697527,0.15444805626166042,0.23384688267220924,0.21430636782894474,0.1428402200582722,0.0
15,45.0,graph_age045.0.graphml,22,86,0.18614718614718614,M_pro,8.031390688406809,0.07284681540697527,0.15444805626166042,0.23384688267220924,0.21430636782894474,0.1428402200582722,0.0
15,46.0,graph_age046.0.graphml,22,86,0.18614718614718614,M_pro,7.934506842220915,0.07284681540697527,0.15444805626166042,0.23384688267220924,0.21430636782894474,0.1428402200582722,0.0
15,47.0,graph_age047.0.graphml,22,86,0.18614718614718614,M_pro,7.8086227705812075,0.07284681540697527,0.15444805626166042,0.23384688267220924,0.21430636782894474,0.1428402200582722,0.0
15,48.0,graph_age048.0.graphml,22,86,0.18614718614718614,M_pro,7.661153773099339,0.07284681540697527,0.15444805626166042,0.23384688267220924,0.21430636782894474,0.1428402200582722,0.0
15,49.0,graph_age049.0.graphml,22,86,0.18614718614718614,M_pro,7.497885850423186,0.07284681540697527,0.15444805626166042,0.23384688267220924,0.21430636782894474,0.1428402200582722,0.0
15,50.0,graph_age050.0.graphml,22,86,0.18614718614718614,Fo,7.331776029649511,0.07284681540697527,0.15444805626166042,0.23384688267220924,0.21430636782894474,0.1428402200582722,0.0
15,51.0,graph_age051.0.graphml,22,86,0.18614718614718614,Fo,7.559028318445758,0.07284681540697527,0.15444805626166042,0.23384688267220924,0.21430636782894474,0.1428402200582722,0.0
15,52.0,graph_age052.0.graphml,22,86,0.18614718614718614,Fo,7.751944436623856,0.07284681540697527,0.15444805626166042,0.23384688267220924,0.21430636782894474,0.1428402200582722,0.0
15,53.0,graph_age053.0.graphml,22,86,0.18614718614718614,Fo,7.914439609697723,0.07284681540697527,0.15444805626166042,0.23384688267220924,0.21430636782894474,0.1428402200582722,0.0
15,54.0,graph_age054.0.graphml,22,86,0.18614718614718614,Fo,8.050263611148164,0.07284681540697527,0.15444805626166042,0.23384688267220924,0.21430636782894474,0.1428402200582722,0.0
15,55.0,graph_age055.0.graphml,22,86,0.18614718614718614,Fo,8.162910682662012,0.07284681540697527,0.15444805626166042,0.23384688267220924,0.21430636782894474,0.1428402200582722,0.0
15,56.0,graph_age056.0.graphml,22,86,0.18614718614718614,Fo,8.255571486456851,0.07284681540697527,0.15444805626166042,0.23384688267220924,0.21430636782894474,0.1428402200582722,0.0
15,57.0,graph_age057.0.graphml,22,86,0.18614718614718614,Fo,8.331114285830788,0.07284681540697527,0.15444805626166042,0.23384688267220924,0.21430636782894474,0.1428402200582722,0.0
15,58.0,graph_age058.0.graphml,22,86,0.18614718614718614,Fo,8.392084115290793,0.07284681540697527,0.15444805626166042,0.23384688267220924,0.21430636782894474,0.1428402200582722,0.0
15,59.0,graph_age059.0.graphml,22,86,0.18614718614718614,Fo,8.44071410032689,0.07284681540697527,0.15444805626166042,0.23384688267220924,0.21430636782894474,0.1428402200582722,0.0
15,60.0,graph_age060.0.graphml,22,86,0.18614718614718614,Fo,8.478945666633615,0.07284681540697527,0.15444805626166042,0.23384688267220924,0.21430636782894474,0.1428402200582722,0.0
15,61.0,graph_age061.0.graphml,22,86,0.18614718614718614,Fo,8.508454061042283,0.07284681540697527,0.15444805626166042,0.23384688267220924,0.21430636782894474,0.1428402200582722,0.0
15,62.0,graph_age062.0.graphml,22,86,0.18614718614718614,Fo,8.530675483082389,0.07284681540697527,0.15444805626166042,0.23384688267220924,0.21430636782894474,0.1428402200582722,0.0
15,63.0,graph_age063.0.graphml,22,86,0.18614718614718614,Fo,8.54683385055657,0.07284681540697527,0.15444805626166042,0.23384688267220924,0.21430636782894474,0.1428402200582722,0.0
15,64.0,graph_age064.0.graphml,22,86,0.18614718614718614,P,8.799552659491425,0.07284681540697527,0.15444805626166042,0.23384688267220924,0.21430636782894474,0.1428402200582722,0.0
15,65.0,graph_age065.0.graphml,22,86,0.18614718614718614,P,9.073855211492434,0.07284681540697527,0.15444805626166042,0.23384688267220924,0.21430636782894474,0.1428402200582722,0.0
15,66.0,graph_age066.0.graphml,22,86,0.18614718614718614,P,9.340275565019029,0.07284681540697527,0.15444805626166042,0.23384688267220924,0.21430636782894474,0.1428402200582722,0.0
15,67.0,graph_age067.0.graphml,22,86,0.18614718614718614,P,9.598441180151893,0.07284681540697527,0.15444805626166042,0.23384688267220924,0.21430636782894474,0.1428402200582722,0.0
15,68.0,graph_age068.0.graphml,22,86,0.18614718614718614,P,9.848070972960837,0.07284681540697527,0.15444805626166042,0.23384688267220924,0.21430636782894474,0.1428402200582722,0.0
15,69.0,graph_age069.0.graphml,22,86,0.18614718614718614,P,10.088965844561825,0.07284681540697527,0.15444805626166042,0.23384688267220924,0.21430636782894474,0.1428402200582722,0.0
15,70.0,graph_age070.0.graphml,22,86,0.18614718614718614,P,10.320999576293103,0.07284681540697527,0.15444805626166042,0.23384688267220924,0.21430636782894474,0.1428402200582722,0.0
15,71.0,graph_age071.0.graphml,22,86,0.18614718614718614,P,10.54411036359328,0.07284681540697527,0.15444805626166042,0.23384688267220924,0.21430636782894474,0.1428402200582722,0.0
15,72.0,graph_age072.0.graphml,22,86,0.18614718614718614,P,10.758292779020719,0.07284681540697527,0.15444805626166042,0.23384688267220924,0.21430636782894474,0.1428402200582722,0.0
15,73.0,graph_age073.0.graphml,22,86,0.18614718614718614,P,10.96359024035888,0.07284681540697527,0.15444805626166042,0.23384688267220924,0.21430636782894474,0.1428402200582722,0.0
15,74.0,graph_age074.0.graphml,22,87,0.18831168831168832,P,11.160087617577439,0.07284681540697527,0.15444805626166042,0.23384688267220924,0.21430636782894474,0.1428402200582722,0.0
15,75.0,graph_age075.0.graphml,22,87,0.18831168831168832,P,11.34790606975958,0.07284681540697527,0.15444805626166042,0.23384688267220924,0.21430636782894474,0.1428402200582722,0.0
15,76.0,graph_age076.0.graphml,22,87,0.18831168831168832,P,11.52719643314432,0.07284681540697527,0.15444805626166042,0.23384688267220924,0.21430636782894474,0.1428402200582722,0.0
15,77.0,graph_age077.0.graphml,22,87,0.18831168831168832,P,11.698134656614096,0.07284681540697527,0.15444805626166042,0.23384688267220924,0.21430636782894474,0.1428402200582722,0.0
15,78.0,graph_age078.0.graphml,22,87,0.18831168831168832,P,11.860915765477358,0.07284681540697527,0.15444805626166042,0.23384688267220924,0.21430636782894474,0.1428402200582722,0.0
15,79.0,graph_age079.0.graphml,22,87,0.18831168831168832,P,12.015751490086933,0.07284681540697527,0.15444805626166042,0.23384688267220924,0.21430636782894474,0.1428402200582722,0.0
15,80.0,graph_age080.0.graphml,22,87,0.18831168831168832,P,12.162866247878522,0.07284681540697527,0.15444805626166042,0.23384688267220924,0.21430636782894474,0.1428402200582722,0.0
16,30.0,graph_age030.0.graphml,22,10,0.021645021645021644,P,6.682630202391017,0.10427189158300856,0.06314748789741516,0.1354017706361546,0.3885692993648544,0.2794306554092116,0.0
16,31.0,graph_age031.0.graphml,22,80,0.17316017316017315,P,6.162890624854057,0.10427189158300856,0.06314748789741516,0.1354017706361546,0.3885692993648544,0.2794306554092116,0.0
16,32.0,graph_age032.0.graphml,22,82,0.1774891774891775,P,5.698284676767211,0.10427189158300856,0.06314748789741516,0.1354017706361546,0.3885692993648544,0.2794306554092116,0.0
16,33.0,graph_age033.0.graphml,22,84,0.18181818181818182,Mh_pro,5.861577467878298,0.10427189158300856,0.06314748789741516,0.1354017706361546,0.3885692993648544,0.2794306554092116,0.0
16,34.0,graph_age034.0.graphml,22,85,0.18398268398268397,Mh_pro,6.13222275504555,0.10427189158300856,0.06314748789741516,0.1354017706361546,0.3885692993648544,0.2794306554092116,0.0
16,35.0,graph_age035.0.graphml,22,85,0.18398268398268397,Mh_pro,5.985919398903885,0.10427189158300856,0.06314748789741516,0.1354017706361546,0.3885692993648544,0.2794306554092116,0.0
16,36.0,graph_age036.0.graphml,22,85,0.18398268398268397,M_pro,5.635266694156805,0.10427189158300856,0.06314748789741516,0.1354017706361546,0.3885692993648544,0.2794306554092116,0.0
16,37.0,graph_age037.0.graphml,22,85,0.18398268398268397,M_pro,6.404577138684591,0.10427189158300856,0.06314748789741516,0.1354017706361546,0.3885692993648544,0.2794306554092116,0.0
16,38.0,graph_age038.0.graphml,22,85,0.18398268398268397,M_pro,6.9567087283622095,0.10427189158300856,0.06314748789741516,0.1354017706361546,0.3885692993648544,0.2794306554092116,0.0
16,39.0,graph_age039.0.graphml,22,86,0.18614718614718614,M_pro,7.3639401130299635,0.10427189158300856,0.06314748789741516,0.1354017706361546,0.3885692993648544,0.2794306554092116,0.0
16,40.0,graph_age040.0.graphml,22,86,0.18614718614718614,M_pro,7.6733789487894315,0.10427189158300856,0.06314748789741516,0.1354017706361546,0.3885692993648544,0.2794306554092116,0.0
16,41.0,graph_age041.0.graphml,22,86,0.18614718614718614,M_pro,7.909034311777679,0.10427189158300856,0.06314748789741516,0.1354017706361546,0.3885692993648544,0.2794306554092116,0.0
16,42.0,graph_age042.0.graphml,22,86,0.18614718614718614,M_pro,8.083642512476855,0.10427189158300856,0.06314748789741516,0.1354017706361546,0.3885692993648544,0.2794306554092116,0.0
16,43.0,graph_age043.0.graphml,22,86,0.18614718614718614,M_pro,8.206184825171894,0.10427189158300856,0.06314748789741516,0.1354017706361546,0.3885692993648544,0.2794306554092116,0.0
16,44.0,graph_age044.0.graphml,22,86,0.18614718614718614,M_pro,8.28456237049661,0.10427189158300856,0.06314748789741516,0.1354017706361546,0.3885692993648544,0.2794306554092116,0.0
16,45.0,graph_age045.0.graphml,22,86,0.18614718614718614,M_pro,8.326031326872677,0.10427189158300856,0.06314748789741516,0.1354017706361546,0.3885692993648544,0.2794306554092116,0.0
16,46.0,graph_age046.0.graphml,22,86,0.18614718614718614,M_pro,8.337031974571346,0.10427189158300856,0.06314748789741516,0.1354017706361546,0.3885692993648544,0.2794306554092116,0.0
16,47.0,graph_age047.0.graphml,22,86,0.18614718614718614,ABo,8.352860728614194,0.10427189158300856,0.06314748789741516,0.1354017706361546,0.3885692993648544,0.2794306554092116,0.0
16,48.0,graph_age048.0.graphml,22,86,0.18614718614718614,ABo,8.374422602068096,0.10427189158300856,0.06314748789741516,0.1354017706361546,0.3885692993648544,0.2794306554092116,0.0
16,49.0,graph_age049.0.graphml,22,86,0.18614718614718614,ABo,8.383272861180249,0.10427189158300856,0.06314748789741516,0.1354017706361546,0.3885692993648544,0.2794306554092116,0.0
16,50.0,graph_age050.0.graphml,22,86,0.18614718614718614,ABo,8.382194176297357,0.10427189158300856,0.06314748789741516,0.1354017706361546,0.3885692993648544,0.2794306554092116,0.0
16,51.0,graph_age051.0.graphml,22,86,0.18614718614718614,ABo,8.373368116541638,0.10427189158300856,0.06314748789741516,0.1354017706361546,0.3885692993648544,0.2794306554092116,0.0
16,52.0,graph_age052.0.graphml,22,86,0.18614718614718614,ABo,8.358502290653435,0.10427189158300856,0.06314748789741516,0.1354017706361546,0.3885692993648544,0.2794306554092116,0.0
16,53.0,graph_age053.0.graphml,22,86,0.18614718614718614,ABo,8.33893299819893,0.10427189158300856,0.06314748789741516,0.1354017706361546,0.3885692993648544,0.2794306554092116,0.0
16,54.0,graph_age054.0.graphml,22,86,0.18614718614718614,ABo,8.315706064695714,0.10427189158300856,0.06314748789741516,0.1354017706361546,0.3885692993648544,0.2794306554092116,0.0
16,55.0,graph_age055.0.graphml,22,86,0.18614718614718614,ABo,8.289637874944178,0.10427189158300856,0.06314748789741516,0.1354017706361546,0.3885692993648544,0.2794306554092116,0.0
16,56.0,graph_age056.0.graphml,22,86,0.18614718614718614,ABo,8.261364677211771,0.10427189158300856,0.06314748789741516,0.1354017706361546,0.3885692993648544,0.2794306554092116,0.0
16,57.0,graph_age057.0.graphml,22,86,0.18614718614718614,ABo,8.231382647645901,0.10427189158300856,0.06314748789741516,0.1354017706361546,0.3885692993648544,0.2794306554092116,0.0
16,58.0,graph_age058.0.graphml,22,86,0.18614718614718614,ABo,8.200078737891136,0.10427189158300856,0.06314748789741516,0.1354017706361546,0.3885692993648544,0.2794306554092116,0.0
16,59.0,graph_age059.0.graphml,22,86,0.18614718614718614,Fo,8.234411158874074,0.10427189158300856,0.06314748789741516,0.1354017706361546,0.3885692993648544,0.2794306554092116,0.0
16,60.0,graph_age060.0.graphml,22,86,0.18614718614718614,Fo,8.276817690945121,0.10427189158300856,0.06314748789741516,0.1354017706361546,0.3885692993648544,0.2794306554092116,0.0
16,61.0,graph_age061.0.graphml,22,86,0.18614718614718614,P,8.508871702181617,0.10427189158300856,0.06314748789741516,0.1354017706361546,0.3885692993648544,0.2794306554092116,0.0
16,62.0,graph_age062.0.graphml,22,86,0.18614718614718614,P,8.808613901079259,0.10427189158300856,0.06314748789741516,0.1354017706361546,0.3885692993648544,0.2794306554092116,0.0
16,63.0,graph_age063.0.graphml,22,86,0.18614718614718614,P,9.103524011089863,0.10427189158300856,0.06314748789741516,0.1354017706361546,0.3885692993648544,0.2794306554092116,0.0
16,64.0,graph_age064.0.graphml,22,86,0.18614718614718614,P,9.392890824400654,0.10427189158300856,0.06314748789741516,0.1354017706361546,0.3885692993648544,0.2794306554092116,0.0
16,65.0,graph_age065.0.graphml,22,86,0.18614718614718614,P,9.676113378777499,0.10427189158300856,0.06314748789741516,0.1354017706361546,0.3885692993648544,0.2794306554092116,0.0
16,66.0,graph_age066.0.graphml,22,86,0.18614718614718614,P,9.95269104084503,0.10427189158300856,0.06314748789741516,0.1354017706361546,0.3885692993648544,0.2794306554092116,0.0
16,67.0,graph_age067.0.graphml,22,86,0.18614718614718614,P,10.222214052660183,0.10427189158300856,0.06314748789741516,0.1354017706361546,0.3885692993648544,0.2794306554092116,0.0
16,68.0,graph_age068.0.graphml,22,86,0.18614718614718614,P,10.4843545510989,0.10427189158300856,0.06314748789741516,0.1354017706361546,0.3885692993648544,0.2794306554092116,0.0
16,69.0,graph_age069.0.graphml,22,86,0.18614718614718614,P,10.738858153833494,0.10427189158300856,0.06314748789741516,0.1354017706361546,0.3885692993648544,0.2794306554092116,0.0
16,70.0,graph_age070.0.graphml,22,86,0.18614718614718614,P,10.985536215604228,0.10427189158300856,0.06314748789741516,0.1354017706361546,0.3885692993648544,0.2794306554092116,0.0
16,71.0,graph_age071.0.graphml,22,86,0.18614718614718614,P,11.22425818813106,0.10427189158300856,0.06314748789741516,0.1354017706361546,0.3885692993648544,0.2794306554092116,0.0
16,72.0,graph_age072.0.graphml,22,86,0.18614718614718614,P,11.454945196872051,0.10427189158300856,0.06314748789741516,0.1354017706361546,0.3885692993648544,0.2794306554092116,0.0
16,73.0,graph_age073.0.graphml,22,86,0.18614718614718614,P,11.67756337255914,0.10427189158300856,0.06314748789741516,0.1354017706361546,0.3885692993648544,0.2794306554092116,0.0
16,74.0,graph_age074.0.graphml,22,87,0.18831168831168832,P,11.89211824217821,0.10427189158300856,0.06314748789741516,0.1354017706361546,0.3885692993648544,0.2794306554092116,0.0
16,75.0,graph_age075.0.graphml,22,87,0.18831168831168832,P,12.098650459203984,0.10427189158300856,0.06314748789741516,0.1354017706361546,0.3885692993648544,0.2794306554092116,0.0
16,76.0,graph_age076.0.graphml,22,87,0.18831168831168832,P,12.297230563446538,0.10427189158300856,0.06314748789741516,0.1354017706361546,0.3885692993648544,0.2794306554092116,0.0
16,77.0,graph_age077.0.graphml,22,87,0.18831168831168832,P,12.487954529167178,0.10427189158300856,0.06314748789741516,0.1354017706361546,0.3885692993648544,0.2794306554092116,0.0
16,78.0,graph_age078.0.graphml,22,87,0.18831168831168832,P,12.670940330126404,0.10427189158300856,0.06314748789741516,0.1354017706361546,0.3885692993648544,0.2794306554092116,0.0
16,79.0,graph_age079.0.graphml,22,87,0.18831168831168832,P,12.8463251096813,0.10427189158300856,0.06314748789741516,0.1354017706361546,0.3885692993648544,0.2794306554092116,0.0
16,80.0,graph_age080.0.graphml,22,87,0.18831168831168832,P,13.01425975831172,0.10427189158300856,0.06314748789741516,0.1354017706361546,0.3885692993648544,0.2794306554092116,0.0
17,30.0,graph_age030.0.graphml,22,10,0.021645021645021644,ABm,3.4962411907388478,0.08988049421892795,0.1953764566021586,0.3336252711897384,0.31506705674769875,0.17610633798235245,1.0
17,31.0,graph_age031.0.graphml,22,80,0.17316017316017315,ABm,3.495348503587622,0.08988049421892795,0.1953764566021586,0.3336252711897384,0.31506705674769875,0.17610633798235245,1.0
17,32.0,graph_age032.0.graphml,22,82,0.1774891774891775,Mh_pro,3.8283670206015556,0.08988049421892795,0.1953764566021586,0.3336252711897384,0.31506705674769875,0.17610633798235245,1.0
17,33.0,graph_age033.0.graphml,22,84,0.18181818181818182,Mh_pro,4.5881407525033975,0.08988049421892795,0.1953764566021586,0.3336252711897384,0.31506705674769875,0.17610633798235245,1.0
17,34.0,graph_age034.0.graphml,22,85,0.18398268398268397,Mh_pro,4.9126630022780695,0.08988049421892795,0.1953764566021586,0.3336252711897384,0.31506705674769875,0.17610633798235245,1.0
17,35.0,graph_age035.0.graphml,22,85,0.18398268398268397,Mh_pro,4.99226787927832,0.08988049421892795,0.1953764566021586,0.3336252711897384,0.31506705674769875,0.17610633798235245,1.0
17,36.0,graph_age036.0.graphml,22,85,0.18398268398268397,M_pro,5.016685646751153,0.08988049421892795,0.1953764566021586,0.3336252711897384,0.31506705674769875,0.17610633798235245,1.0
17,37.0,graph_age037.0.graphml,22,85,0.18398268398268397,M_pro,5.848776222750298,0.08988049421892795,0.1953764566021586,0.3336252711897384,0.31506705674769875,0.17610633798235245,1.0
17,38.0,graph_age038.0.graphml,22,85,0.18398268398268397,M_pro,6.506720087144135,0.08988049421892795,0.1953764566021586,0.3336252711897384,0.31506705674769875,0.17610633798235245,1.0
17,39.0,graph_age039.0.graphml,22,86,0.18614718614718614,M_pro,7.01339120627914,0.08988049421892795,0.1953764566021586,0.3336252711897384,0.31506705674769875,0.17610633798235245,1.0
17,40.0,graph_age040.0.graphml,22,86,0.18614718614718614,M_pro,7.3938609947126555,0.08988049421892795,0.1953764566021586,0.3336252711897384,0.31506705674769875,0.17610633798235245,1.0
17,41.0,graph_age041.0.graphml,22,86,0.18614718614718614,M_pro,7.673062908980316,0.08988049421892795,0.1953764566021586,0.3336252711897384,0.31506705674769875,0.17610633798235245,1.0
17,42.0,graph_age042.0.graphml,22,86,0.18614718614718614,M_pro,7.873680120423054,0.08988049421892795,0.1953764566021586,0.3336252711897384,0.31506705674769875,0.17610633798235245,1.0
17,43.0,graph_age043.0.graphml,22,86,0.18614718614718614,M_pro,8.014686372339959,0.08988049421892795,0.1953764566021586,0.3336252711897384,0.31506705674769875,0.17610633798235245,1.0
17,44.0,graph_age044.0.graphml,22,86,0.18614718614718614,M_pro,8.110979741379376,0.08988049421892795,0.1953764566021586,0.3336252711897384,0.31506705674769875,0.17610633798235245,1.0
17,45.0,graph_age045.0.graphml,22,86,0.18614718614718614,M_pro,8.173759439674493,0.08988049421892795,0.1953764566021586,0.3336252711897384,0.31506705674769875,0.17610633798235245,1.0
17,46.0,graph_age046.0.graphml,22,86,0.18614718614718614,M_pro,8.21125025799504,0.08988049421892795,0.1953764566021586,0.3336252711897384,0.31506705674769875,0.17610633798235245,1.0
17,47.0,graph_age047.0.graphml,22,86,0.18614718614718614,M_pro,8.229442685375725,0.08988049421892795,0.1953764566021586,0.3336252711897384,0.31506705674769875,0.17610633798235245,1.0
17,48.0,graph_age048.0.graphml,22,86,0.18614718614718614,M_pro,8.232721822872515,0.08988049421892795,0.1953764566021586,0.3336252711897384,0.31506705674769875,0.17610633798235245,1.0
17,49.0,graph_age049.0.graphml,22,86,0.18614718614718614,M_pro,8.2243583561369,0.08988049421892795,0.1953764566021586,0.3336252711897384,0.31506705674769875,0.17610633798235245,1.0
17,50.0,graph_age050.0.graphml,22,86,0.18614718614718614,Mh_pro,8.324330066372827,0.08988049421892795,0.1953764566021586,0.3336252711897384,0.31506705674769875,0.17610633798235245,1.0
17,51.0,graph_age051.0.graphml,22,86,0.18614718614718614,Mh_pro,8.795500879078809,0.08988049421892795,0.1953764566021586,0.3336252711897384,0.31506705674769875,0.17610633798235245,1.0
17,52.0,graph_age052.0.graphml,22,86,0.18614718614718614,Mh_pro,9.271898957296433,0.08988049421892795,0.1953764566021586,0.3336252711897384,0.31506705674769875,0.17610633798235245,1.0
17,53.0,graph_age053.0.graphml,22,86,0.18614718614718614,Mh_pro,9.749118060774293,0.08988049421892795,0.1953764566021586,0.3336252711897384,0.31506705674769875,0.17610633798235245,1.0
17,54.0,graph_age054.0.graphml,22,86,0.18614718614718614,Mh_pro,10.223277702672485,0.08988049421892795,0.1953764566021586,0.3336252711897384,0.31506705674769875,0.17610633798235245,1.0
17,55.0,graph_age055.0.graphml,22,86,0.18614718614718614,Mh_pro,10.691048037861137,0.08988049421892795,0.1953764566021586,0.3336252711897384,0.31506705674769875,0.17610633798235245,1.0
17,56.0,graph_age056.0.graphml,22,86,0.18614718614718614,Mh_pro,11.149648621100514,0.08988049421892795,0.1953764566021586,0.3336252711897384,0.31506705674769875,0.17610633798235245,1.0
17,57.0,graph_age057.0.graphml,22,86,0.18614718614718614,Mh_pro,11.596826314177179,0.08988049421892795,0.1953764566021586,0.3336252711897384,0.31506705674769875,0.17610633798235245,1.0
17,58.0,graph_age058.0.graphml,22,86,0.18614718614718614,Mh_pro,12.030818691547122,0.08988049421892795,0.1953764566021586,0.3336252711897384,0.31506705674769875,0.17610633798235245,1.0
17,59.0,graph_age059.0.graphml,22,86,0.18614718614718614,Mh_pro,12.450307661576296,0.08988049421892795,0.1953764566021586,0.3336252711897384,0.31506705674769875,0.17610633798235245,1.0
17,60.0,graph_age060.0.graphml,22,86,0.18614718614718614,Mh_pro,12.8543674021981,0.08988049421892795,0.1953764566021586,0.3336252711897384,0.31506705674769875,0.17610633798235245,1.0
17,61.0,graph_age061.0.graphml,22,86,0.18614718614718614,Mh_pro,13.242410317481214,0.08988049421892795,0.1953764566021586,0.3336252711897384,0.31506705674769875,0.17610633798235245,1.0
17,62.0,graph_age062.0.graphml,22,86,0.18614718614718614,Mh_pro,13.61413435904622,0.08988049421892795,0.1953764566021586,0.3336252711897384,0.31506705674769875,0.17610633798235245,1.0
17,63.0,graph_age063.0.graphml,22,86,0.18614718614718614,Mh_pro,13.969473904919905,0.08988049421892795,0.1953764566021586,0.3336252711897384,0.31506705674769875,0.17610633798235245,1.0
17,64.0,graph_age064.0.graphml,22,86,0.18614718614718614,Mh_pro,14.308554842752232,0.08988049421892795,0.1953764566021586,0.3336252711897384,0.31506705674769875,0.17610633798235245,1.0
17,65.0,graph_age065.0.graphml,22,86,0.18614718614718614,Mh_pro,14.631654611824743,0.08988049421892795,0.1953764566021586,0.3336252711897384,0.31506705674769875,0.17610633798235245,1.0
17,66.0,graph_age066.0.graphml,22,86,0.18614718614718614,Mh_pro,14.939167472894766,0.08988049421892795,0.1953764566021586,0.3336252711897384,0.31506705674769875,0.17610633798235245,1.0
17,67.0,graph_age067.0.graphml,22,86,0.18614718614718614,Mh_pro,15.231575067368764,0.08988049421892795,0.1953764566021586,0.3336252711897384,0.31506705674769875,0.17610633798235245,1.0
17,68.0,graph_age068.0.graphml,22,86,0.18614718614718614,Mh_pro,15.50942132379163,0.08988049421892795,0.1953764566021586,0.3336252711897384,0.31506705674769875,0.17610633798235245,1.0
17,69.0,graph_age069.0.graphml,22,86,0.18614718614718614,Mh_pro,15.773293466541734,0.08988049421892795,0.1953764566021586,0.3336252711897384,0.31506705674769875,0.17610633798235245,1.0
17,70.0,graph_age070.0.graphml,22,86,0.18614718614718614,Mh_pro,16.023804669000327,0.08988049421892795,0.1953764566021586,0.3336252711897384,0.31506705674769875,0.17610633798235245,1.0
17,71.0,graph_age071.0.graphml,22,86,0.18614718614718614,Mh_pro,16.261580955907377,0.08988049421892795,0.1953764566021586,0.3336252711897384,0.31506705674769875,0.17610633798235245,1.0
17,72.0,graph_age072.0.graphml,22,86,0.18614718614718614,Mh_pro,16.487251403954993,0.08988049421892795,0.1953764566021586,0.3336252711897384,0.31506705674769875,0.17610633798235245,1.0
17,73.0,graph_age073.0.graphml,22,86,0.18614718614718614,Mh_pro,16.701439320218622,0.08988049421892795,0.1953764566021586,0.3336252711897384,0.31506705674769875,0.17610633798235245,1.0
17,74.0,graph_age074.0.graphml,22,87,0.18831168831168832,Mh_pro,16.90475660534548,0.08988049421892795,0.1953764566021586,0.3336252711897384,0.31506705674769875,0.17610633798235245,1.0
17,75.0,graph_age075.0.graphml,22,87,0.18831168831168832,Mh_pro,17.09779951091639,0.08988049421892795,0.1953764566021586,0.3336252711897384,0.31506705674769875,0.17610633798235245,1.0
17,76.0,graph_age076.0.graphml,22,87,0.18831168831168832,Mh_pro,17.2811454724261,0.08988049421892795,0.1953764566021586,0.3336252711897384,0.31506705674769875,0.17610633798235245,1.0
17,77.0,graph_age077.0.graphml,22,87,0.18831168831168832,Mh_pro,17.45535094856758,0.08988049421892795,0.1953764566021586,0.3336252711897384,0.31506705674769875,0.17610633798235245,1.0
17,78.0,graph_age078.0.graphml,22,87,0.18831168831168832,Mh_pro,17.620949306421505,0.08988049421892795,0.1953764566021586,0.3336252711897384,0.31506705674769875,0.17610633798235245,1.0
17,79.0,graph_age079.0.graphml,22,87,0.18831168831168832,Mh_pro,17.778451492327406,0.08988049421892795,0.1953764566021586,0.3336252711897384,0.31506705674769875,0.17610633798235245,1.0
17,80.0,graph_age080.0.graphml,22,87,0.18831168831168832,Mh_pro,17.928345336232514,0.08988049421892795,0.1953764566021586,0.3336252711897384,0.31506705674769875,0.17610633798235245,1.0
18,30.0,graph_age030.0.graphml,22,10,0.021645021645021644,P,4.825942121435029,0.0644586443230249,0.18539035948157626,0.23673288695008332,0.1607090094385691,0.1438402404338968,0.0
18,31.0,graph_age031.0.graphml,22,80,0.17316017316017315,P,4.450459719477842,0.0644586443230249,0.18539035948157626,0.23673288695008332,0.1607090094385691,0.1438402404338968,0.0
18,32.0,graph_age032.0.graphml,22,82,0.1774891774891775,Mh_pro,4.463723799652458,0.0644586443230249,0.18539035948157626,0.23673288695008332,0.1607090094385691,0.1438402404338968,0.0
18,33.0,graph_age033.0.graphml,22,84,0.18181818181818182,Mh_pro,5.332315454344915,0.0644586443230249,0.18539035948157626,0.23673288695008332,0.1607090094385691,0.1438402404338968,0.0
18,34.0,graph_age034.0.graphml,22,85,0.18398268398268397,Mh_pro,5.661144840036915,0.0644586443230249,0.18539035948157626,0.23673288695008332,0.1607090094385691,0.1438402404338968,0.0
18,35.0,graph_age035.0.graphml,22,85,0.18398268398268397,Mh_pro,5.651759143141611,0.0644586443230249,0.18539035948157626,0.23673288695008332,0.1607090094385691,0.1438402404338968,0.0
18,36.0,graph_age036.0.graphml,22,85,0.18398268398268397,Mh_pro,5.455582963936737,0.0644586443230249,0.18539035948157626,0.23673288695008332,0.1607090094385691,0.1438402404338968,0.0
18,37.0,graph_age037.0.graphml,22,85,0.18398268398268397,M_pro,6.045560828979446,0.0644586443230249,0.18539035948157626,0.23673288695008332,0.1607090094385691,0.1438402404338968,0.0
18,38.0,graph_age038.0.graphml,22,85,0.18398268398268397,M_pro,6.7842065143646595,0.0644586443230249,0.18539035948157626,0.23673288695008332,0.1607090094385691,0.1438402404338968,0.0
18,39.0,graph_age039.0.graphml,22,86,0.18614718614718614,M_pro,7.323549135869311,0.0644586443230249,0.18539035948157626,0.23673288695008332,0.1607090094385691,0.1438402404338968,0.0
18,40.0,graph_age040.0.graphml,22,86,0.18614718614718614,M_pro,7.69053937551792,0.0644586443230249,0.18539035948157626,0.23673288695008332,0.1607090094385691,0.1438402404338968,0.0
18,41.0,graph_age041.0.graphml,22,86,0.18614718614718614,M_pro,7.914640794373452,0.0644586443230249,0.18539035948157626,0.23673288695008332,0.1607090094385691,0.1438402404338968,0.0
18,42.0,graph_age042.0.graphml,22,86,0.18614718614718614,M_pro,8.023846074197603,0.0644586443230249,0.18539035948157626,0.23673288695008332,0.1607090094385691,0.1438402404338968,0.0
18,43.0,graph_age043.0.graphml,22,86,0.18614718614718614,M_pro,8.043025830408798,0.0644586443230249,0.18539035948157626,0.23673288695008332,0.1607090094385691,0.1438402404338968,0.0
18,44.0,graph_age044.0.graphml,22,86,0.18614718614718614,M_pro,7.993239378079454,0.0644586443230249,0.18539035948157626,0.23673288695008332,0.1607090094385691,0.1438402404338968,0.0
18,45.0,graph_age045.0.graphml,22,86,0.18614718614718614,M_pro,7.891685596674087,0.0644586443230249,0.18539035948157626,0.23673288695008332,0.1607090094385691,0.1438402404338968,0.0
18,46.0,graph_age046.0.graphml,22,86,0.18614718614718614,M_pro,7.752037107220596,0.0644586443230249,0.18539035948157626,0.23673288695008332,0.1607090094385691,0.1438402404338968,0.0
18,47.0,graph_age047.0.graphml,22,86,0.18614718614718614,M_pro,7.584948070489347,0.0644586443230249,0.18539035948157626,0.23673288695008332,0.1607090094385691,0.1438402404338968,0.0
18,48.0,graph_age048.0.graphml,22,86,0.18614718614718614,M_pro,7.398631037981826,0.0644586443230249,0.18539035948157626,0.23673288695008332,0.1607090094385691,0.1438402404338968,0.0
18,49.0,graph_age049.0.graphml,22,86,0.18614718614718614,M_pro,7.199381391887732,0.0644586443230249,0.18539035948157626,0.23673288695008332,0.1607090094385691,0.1438402404338968,0.0
18,50.0,graph_age050.0.graphml,22,86,0.18614718614718614,Fo,7.311691127669135,0.0644586443230249,0.18539035948157626,0.23673288695008332,0.1607090094385691,0.1438402404338968,0.0
18,51.0,graph_age051.0.graphml,22,86,0.18614718614718614,Fo,7.534661602628241,0.0644586443230249,0.18539035948157626,0.23673288695008332,0.1607090094385691,0.1438402404338968,0.0
18,52.0,graph_age052.0.graphml,22,86,0.18614718614718614,Fo,7.723467468539141,0.0644586443230249,0.18539035948157626,0.23673288695008332,0.1607090094385691,0.1438402404338968,0.0
18,53.0,graph_age053.0.graphml,22,86,0.18614718614718614,Fo,7.882087989212357,0.0644586443230249,0.18539035948157626,0.23673288695008332,0.1607090094385691,0.1438402404338968,0.0
18,54.0,graph_age054.0.graphml,22,86,0.18614718614718614,Fo,8.014319630419571,0.0644586443230249,0.18539035948157626,0.23673288695008332,0.1607090094385691,0.1438402404338968,0.0
18,55.0,graph_age055.0.graphml,22,86,0.18614718614718614,Fo,8.12368926161709,0.0644586443230249,0.18539035948157626,0.23673288695008332,0.1607090094385691,0.1438402404338968,0.0
18,56.0,graph_age056.0.graphml,22,86,0.18614718614718614,Fo,8.213407173705114,0.0644586443230249,0.18539035948157626,0.23673288695008332,0.1607090094385691,0.1438402404338968,0.0
18,57.0,graph_age057.0.graphml,22,86,0.18614718614718614,Fo,8.286350835018395,0.0644586443230249,0.18539035948157626,0.23673288695008332,0.1607090094385691,0.1438402404338968,0.0
18,58.0,graph_age058.0.graphml,22,86,0.18614718614718614,Fo,8.345066105566472,0.0644586443230249,0.18539035948157626,0.23673288695008332,0.1607090094385691,0.1438402404338968,0.0
18,59.0,graph_age059.0.graphml,22,86,0.18614718614718614,Fo,8.391780459880348,0.0644586443230249,0.18539035948157626,0.23673288695008332,0.1607090094385691,0.1438402404338968,0.0
18,60.0,graph_age060.0.graphml,22,86,0.18614718614718614,Fo,8.428424730984622,0.0644586443230249,0.18539035948157626,0.23673288695008332,0.1607090094385691,0.1438402404338968,0.0
18,61.0,graph_age061.0.graphml,22,86,0.18614718614718614,Fo,8.456659850359292,0.0644586443230249,0.18539035948157626,0.23673288695008332,0.1607090094385691,0.1438402404338968,0.0
18,62.0,graph_age062.0.graphml,22,86,0.18614718614718614,Fo,8.477905173143295,0.0644586443230249,0.18539035948157626,0.23673288695008332,0.1607090094385691,0.1438402404338968,0.0
18,63.0,graph_age063.0.graphml,22,86,0.18614718614718614,P,8.608247231131056,0.0644586443230249,0.18539035948157626,0.23673288695008332,0.1607090094385691,0.1438402404338968,0.0
18,64.0,graph_age064.0.graphml,22,86,0.18614718614718614,P,8.89194809273083,0.0644586443230249,0.18539035948157626,0.23673288695008332,0.1607090094385691,0.1438402404338968,0.0
18,65.0,graph_age065.0.graphml,22,86,0.18614718614718614,P,9.168543809287192,0.0644586443230249,0.18539035948157626,0.23673288695008332,0.1607090094385691,0.1438402404338968,0.0
18,66.0,graph_age066.0.graphml,22,86,0.18614718614718614,P,9.437537775479177,0.0644586443230249,0.18539035948157626,0.23673288695008332,0.1607090094385691,0.1438402404338968,0.0
18,67.0,graph_age067.0.graphml,22,86,0.18614718614718614,P,9.698533515931636,0.0644586443230249,0.18539035948157626,0.23673288695008332,0.1607090094385691,0.1438402404338968,0.0
18,68.0,graph_age068.0.graphml,22,86,0.18614718614718614,P,9.951225567245855,0.0644586443230249,0.18539035948157626,0.23673288695008332,0.1607090094385691,0.1438402404338968,0.0
18,69.0,graph_age069.0.graphml,22,86,0.18614718614718614,P,10.195390375896642,0.0644586443230249,0.18539035948157626,0.23673288695008332,0.1607090094385691,0.1438402404338968,0.0
18,70.0,graph_age070.0.graphml,22,86,0.18614718614718614,P,10.430877629078408,0.0644586443230249,0.18539035948157626,0.23673288695008332,0.1607090094385691,0.1438402404338968,0.0
18,71.0,graph_age071.0.graphml,22,86,0.18614718614718614,P,10.657602066292842,0.0644586443230249,0.18539035948157626,0.23673288695008332,0.1607090094385691,0.1438402404338968,0.0
18,72.0,graph_age072.0.graphml,22,86,0.18614718614718614,P,10.875535644338134,0.0644586443230249,0.18539035948157626,0.23673288695008332,0.1607090094385691,0.1438402404338968,0.0
18,73.0,graph_age073.0.graphml,22,86,0.18614718614718614,P,11.084700271623849,0.0644586443230249,0.18539035948157626,0.23673288695008332,0.1607090094385691,0.1438402404338968,0.0
18,74.0,graph_age074.0.graphml,22,87,0.18831168831168832,P,11.285160475120021,0.0644586443230249,0.18539035948157626,0.23673288695008332,0.1607090094385691,0.1438402404338968,0.0
18,75.0,graph_age075.0.graphml,22,87,0.18831168831168832,P,11.47701822036955,0.0644586443230249,0.18539035948157626,0.23673288695008332,0.1607090094385691,0.1438402404338968,0.0
18,76.0,graph_age076.0.graphml,22,87,0.18831168831168832,P,11.660406524795361,0.0644586443230249,0.18539035948157626,0.23673288695008332,0.1607090094385691,0.1438402404338968,0.0
18,77.0,graph_age077.0.graphml,22,87,0.18831168831168832,P,11.835484243243322,0.0644586443230249,0.18539035948157626,0.23673288695008332,0.1607090094385691,0.1438402404338968,0.0
18,78.0,graph_age078.0.graphml,22,87,0.18831168831168832,P,12.002431608737758,0.0644586443230249,0.18539035948157626,0.23673288695008332,0.1607090094385691,0.1438402404338968,0.0
18,79.0,graph_age079.0.graphml,22,87,0.18831168831168832,P,12.161446634547774,0.0644586443230249,0.18539035948157626,0.23673288695008332,0.1607090094385691,0.1438402404338968,0.0
18,80.0,graph_age080.0.graphml,22,87,0.18831168831168832,P,12.312741064147387,0.0644586443230249,0.18539035948157626,0.23673288695008332,0.1607090094385691,0.1438402404338968,0.0
19,30.0,graph_age030.0.graphml,22,10,0.021645021645021644,P,5.0827189554894465,0.07651591744088476,0.17849214261385635,0.32755585895056305,0.31583888678528105,0.17222093394939833,0.0
19,31.0,graph_age031.0.graphml,22,80,0.17316017316017315,P,4.687378042856886,0.07651591744088476,0.17849214261385635,0.32755585895056305,0.31583888678528105,0.17222093394939833,0.0
19,32.0,graph_age032.0.graphml,22,82,0.1774891774891775,Mh_pro,4.4588207911825855,0.07651591744088476,0.17849214261385635,0.32755585895056305,0.31583888678528105,0.17222093394939833,0.0
19,33.0,graph_age033.0.graphml,22,84,0.18181818181818182,Mh_pro,5.325843014725372,0.07651591744088476,0.17849214261385635,0.32755585895056305,0.31583888678528105,0.17222093394939833,0.0
19,34.0,graph_age034.0.graphml,22,85,0.18398268398268397,Mh_pro,5.6553132935655475,0.07651591744088476,0.17849214261385635,0.32755585895056305,0.31583888678528105,0.17222093394939833,0.0
19,35.0,graph_age035.0.graphml,22,85,0.18398268398268397,Mh_pro,5.653168178677374,0.07651591744088476,0.17849214261385635,0.32755585895056305,0.31583888678528105,0.17222093394939833,0.0
19,36.0,graph_age036.0.graphml,22,85,0.18398268398268397,Mh_pro,5.475632301554654,0.07651591744088476,0.17849214261385635,0.32755585895056305,0.31583888678528105,0.17222093394939833,0.0
19,37.0,graph_age037.0.graphml,22,85,0.18398268398268397,M_pro,5.784569065296895,0.07651591744088476,0.17849214261385635,0.32755585895056305,0.31583888678528105,0.17222093394939833,0.0
19,38.0,graph_age038.0.graphml,22,85,0.18398268398268397,M_pro,6.535983201536008,0.07651591744088476,0.17849214261385635,0.32755585895056305,0.31583888678528105,0.17222093394939833,0.0
19,39.0,graph_age039.0.graphml,22,86,0.18614718614718614,M_pro,7.125832316783758,0.07651591744088476,0.17849214261385635,0.32755585895056305,0.31583888678528105,0.17222093394939833,0.0
19,40.0,graph_age040.0.graphml,22,86,0.18614718614718614,M_pro,7.572965067937824,0.07651591744088476,0.17849214261385635,0.32755585895056305,0.31583888678528105,0.17222093394939833,0.0
19,41.0,graph_age041.0.graphml,22,86,0.18614718614718614,M_pro,7.897371245525263,0.07651591744088476,0.17849214261385635,0.32755585895056305,0.31583888678528105,0.17222093394939833,0.0
19,42.0,graph_age042.0.graphml,22,86,0.18614718614718614,M_pro,8.118841004437646,0.07651591744088476,0.17849214261385635,0.32755585895056305,0.31583888678528105,0.17222093394939833,0.0
19,43.0,graph_age043.0.graphml,22,86,0.18614718614718614,M_pro,8.25599570683866,0.07651591744088476,0.17849214261385635,0.32755585895056305,0.31583888678528105,0.17222093394939833,0.0
19,44.0,graph_age044.0.graphml,22,86,0.18614718614718614,M_pro,8.325420244153637,0.07651591744088476,0.17849214261385635,0.32755585895056305,0.31583888678528105,0.17222093394939833,0.0
19,45.0,graph_age045.0.graphml,22,86,0.18614718614718614,M_pro,8.341231957684633,0.07651591744088476,0.17849214261385635,0.32755585895056305,0.31583888678528105,0.17222093394939833,0.0
19,46.0,graph_age046.0.graphml,22,86,0.18614718614718614,M_pro,8.315045389015436,0.07651591744088476,0.17849214261385635,0.32755585895056305,0.31583888678528105,0.17222093394939833,0.0
19,47.0,graph_age047.0.graphml,22,86,0.18614718614718614,M_pro,8.256199478926492,0.07651591744088476,0.17849214261385635,0.32755585895056305,0.31583888678528105,0.17222093394939833,0.0
19,48.0,graph_age048.0.graphml,22,86,0.18614718614718614,M_pro,8.172121286126117,0.07651591744088476,0.17849214261385635,0.32755585895056305,0.31583888678528105,0.17222093394939833,0.0
19,49.0,graph_age049.0.graphml,22,86,0.18614718614718614,M_pro,8.068692146320897,0.07651591744088476,0.17849214261385635,0.32755585895056305,0.31583888678528105,0.17222093394939833,0.0
19,50.0,graph_age050.0.graphml,22,86,0.18614718614718614,M_pro,7.950574692565074,0.07651591744088476,0.17849214261385635,0.32755585895056305,0.31583888678528105,0.17222093394939833,0.0
19,51.0,graph_age051.0.graphml,22,86,0.18614718614718614,M_pro,7.821481509411179,0.07651591744088476,0.17849214261385635,0.32755585895056305,0.31583888678528105,0.17222093394939833,0.0
19,52.0,graph_age052.0.graphml,22,86,0.18614718614718614,Fo,7.694173991205071,0.07651591744088476,0.17849214261385635,0.32755585895056305,0.31583888678528105,0.17222093394939833,0.0
19,53.0,graph_age053.0.graphml,22,86,0.18614718614718614,Fo,7.858758770945566,0.07651591744088476,0.17849214261385635,0.32755585895056305,0.31583888678528105,0.17222093394939833,0.0
19,54.0,graph_age054.0.graphml,22,86,0.18614718614718614,Fo,7.9970621515103275,0.07651591744088476,0.17849214261385635,0.32755585895056305,0.31583888678528105,0.17222093394939833,0.0
19,55.0,graph_age055.0.graphml,22,86,0.18614718614718614,Fo,8.11253224936444,0.07651591744088476,0.17849214261385635,0.32755585895056305,0.31583888678528105,0.17222093394939833,0.0
19,56.0,graph_age056.0.graphml,22,86,0.18614718614718614,Fo,8.208316929032733,0.07651591744088476,0.17849214261385635,0.32755585895056305,0.31583888678528105,0.17222093394939833,0.0
19,57.0,graph_age057.0.graphml,22,86,0.18614718614718614,Fo,8.287243999522039,0.07651591744088476,0.17849214261385635,0.32755585895056305,0.31583888678528105,0.17222093394939833,0.0
19,58.0,graph_age058.0.graphml,22,86,0.18614718614718614,Fo,8.351820071486292,0.07651591744088476,0.17849214261385635,0.32755585895056305,0.31583888678528105,0.17222093394939833,0.0
19,59.0,graph_age059.0.graphml,22,86,0.18614718614718614,Fo,8.404242442178909,0.07651591744088476,0.17849214261385635,0.32755585895056305,0.31583888678528105,0.17222093394939833,0.0
19,60.0,graph_age060.0.graphml,22,86,0.18614718614718614,Fo,8.446419589798266,0.07651591744088476,0.17849214261385635,0.32755585895056305,0.31583888678528105,0.17222093394939833,0.0
19,61.0,graph_age061.0.graphml,22,86,0.18614718614718614,Fo,8.47999642754104,0.07651591744088476,0.17849214261385635,0.32755585895056305,0.31583888678528105,0.17222093394939833,0.0
19,62.0,graph_age062.0.graphml,22,86,0.18614718614718614,P,8.538731357226798,0.07651591744088476,0.17849214261385635,0.32755585895056305,0.31583888678528105,0.17222093394939833,0.0
19,63.0,graph_age063.0.graphml,22,86,0.18614718614718614,P,8.826935070159681,0.07651591744088476,0.17849214261385635,0.32755585895056305,0.31583888678528105,0.17222093394939833,0.0
19,64.0,graph_age064.0.graphml,22,86,0.18614718614718614,P,9.108627473595883,0.07651591744088476,0.17849214261385635,0.32755585895056305,0.31583888678528105,0.17222093394939833,0.0
19,65.0,graph_age065.0.graphml,22,86,0.18614718614718614,P,9.383271566450004,0.07651591744088476,0.17849214261385635,0.32755585895056305,0.31583888678528105,0.17222093394939833,0.0
19,66.0,graph_age066.0.graphml,22,86,0.18614718614718614,P,9.650429416859655,0.07651591744088476,0.17849214261385635,0.32755585895056305,0.31583888678528105,0.17222093394939833,0.0
19,67.0,graph_age067.0.graphml,22,86,0.18614718614718614,P,9.909753331738939,0.07651591744088476,0.17849214261385635,0.32755585895056305,0.31583888678528105,0.17222093394939833,0.0
19,68.0,graph_age068.0.graphml,22,86,0.18614718614718614,P,10.160977021877724,0.07651591744088476,0.17849214261385635,0.32755585895056305,0.31583888678528105,0.17222093394939833,0.0
19,69.0,graph_age069.0.graphml,22,86,0.18614718614718614,P,10.403907194226376,0.07651591744088476,0.17849214261385635,0.32755585895056305,0.31583888678528105,0.17222093394939833,0.0
19,70.0,graph_age070.0.graphml,22,86,0.18614718614718614,P,10.638415644562395,0.07651591744088476,0.17849214261385635,0.32755585895056305,0.31583888678528105,0.17222093394939833,0.0
19,71.0,graph_age071.0.graphml,22,86,0.18614718614718614,P,10.864431763022381,0.07651591744088476,0.17849214261385635,0.32755585895056305,0.31583888678528105,0.17222093394939833,0.0
19,72.0,graph_age072.0.graphml,22,86,0.18614718614718614,P,11.081935503001416,0.07651591744088476,0.17849214261385635,0.32755585895056305,0.31583888678528105,0.17222093394939833,0.0
19,73.0,graph_age073.0.graphml,22,86,0.18614718614718614,P,11.290950929048266,0.07651591744088476,0.17849214261385635,0.32755585895056305,0.31583888678528105,0.17222093394939833,0.0
19,74.0,graph_age074.0.graphml,22,87,0.18831168831168832,P,11.491539867389998,0.07651591744088476,0.17849214261385635,0.32755585895056305,0.31583888678528105,0.17222093394939833,0.0
19,75.0,graph_age075.0.graphml,22,87,0.18831168831168832,P,11.683796951286253,0.07651591744088476,0.17849214261385635,0.32755585895056305,0.31583888678528105,0.17222093394939833,0.0
19,76.0,graph_age076.0.graphml,22,87,0.18831168831168832,P,11.867844779535888,0.07651591744088476,0.17849214261385635,0.32755585895056305,0.31583888678528105,0.17222093394939833,0.0
19,77.0,graph_age077.0.graphml,22,87,0.18831168831168832,P,12.043829434829114,0.07651591744088476,0.17849214261385635,0.32755585895056305,0.31583888678528105,0.17222093394939833,0.0
19,78.0,graph_age078.0.graphml,22,87,0.18831168831168832,P,12.211915552751654,0.07651591744088476,0.17849214261385635,0.32755585895056305,0.31583888678528105,0.17222093394939833,0.0
19,79.0,graph_age079.0.graphml,22,87,0.18831168831168832,P,12.37228347142889,0.07651591744088476,0.17849214261385635,0.32755585895056305,0.31583888678528105,0.17222093394939833,0.0
19,80.0,graph_age080.0.graphml,22,87,0.18831168831168832,P,12.525126738151004,0.07651591744088476,0.17849214261385635,0.32755585895056305,0.31583888678528105,0.17222093394939833,0.0
20,30.0,graph_age030.0.graphml,22,10,0.021645021645021644,ABm,3.172318035011319,0.13761469533691034,0.147476990233223,0.12533329634196674,0.22474222065118288,0.0843631891189258,0.0
20,31.0,graph_age031.0.graphml,22,80,0.17316017316017315,ABm,3.1715068521664227,0.13761469533691034,0.147476990233223,0.12533329634196674,0.22474222065118288,0.0843631891189258,0.0
20,32.0,graph_age032.0.graphml,22,80,0.17316017316017315,ABm,3.1687771671197207,0.13761469533691034,0.147476990233223,0.12533329634196674,0.22474222065118288,0.0843631891189258,0.0
20,33.0,graph_age033.0.graphml,22,84,0.18181818181818182,ABm,3.1663602478062387,0.13761469533691034,0.147476990233223,0.12533329634196674,0.22474222065118288,0.0843631891189258,0.0
20,34.0,graph_age034.0.graphml,22,85,0.18398268398268397,ABm,3.165112169821863,0.13761469533691034,0.147476990233223,0.12533329634196674,0.22474222065118288,0.0843631891189258,0.0
20,35.0,graph_age035.0.graphml,22,85,0.18398268398268397,Fi,3.2813729245240992,0.13761469533691034,0.147476990233223,0.12533329634196674,0.22474222065118288,0.0843631891189258,0.0
20,36.0,graph_age036.0.graphml,22,85,0.18398268398268397,Fi,3.8585283121099403,0.13761469533691034,0.147476990233223,0.12533329634196674,0.22474222065118288,0.0843631891189258,0.0
20,37.0,graph_age037.0.graphml,22,85,0.18398268398268397,Fi,4.329393043722127,0.13761469533691034,0.147476990233223,0.12533329634196674,0.22474222065118288,0.0843631891189258,0.0
20,38.0,graph_age038.0.graphml,22,85,0.18398268398268397,Fi,4.705064294323711,0.13761469533691034,0.147476990233223,0.12533329634196674,0.22474222065118288,0.0843631891189258,0.0
20,39.0,graph_age039.0.graphml,22,85,0.18398268398268397,Fi,4.9999318897540235,0.13761469533691034,0.147476990233223,0.12533329634196674,0.22474222065118288,0.0843631891189258,0.0
20,40.0,graph_age040.0.graphml,22,86,0.18614718614718614,M_pro,5.641748327605967,0.13761469533691034,0.147476990233223,0.12533329634196674,0.22474222065118288,0.0843631891189258,0.0
20,41.0,graph_age041.0.graphml,22,86,0.18614718614718614,M_pro,6.266043127360501,0.13761469533691034,0.147476990233223,0.12533329634196674,0.22474222065118288,0.0843631891189258,0.0
20,42.0,graph_age042.0.graphml,22,86,0.18614718614718614,M_pro,6.840607100373827,0.13761469533691034,0.147476990233223,0.12533329634196674,0.22474222065118288,0.0843631891189258,0.0
20,43.0,graph_age043.0.graphml,22,86,0.18614718614718614,M_pro,7.363916628750391,0.13761469533691034,0.147476990233223,0.12533329634196674,0.22474222065118288,0.0843631891189258,0.0
20,44.0,graph_age044.0.graphml,22,86,0.18614718614718614,M_pro,7.838104966291858,0.13761469533691034,0.147476990233223,0.12533329634196674,0.22474222065118288,0.0843631891189258,0.0
20,45.0,graph_age045.0.graphml,22,86,0.18614718614718614,M_pro,8.267220618693647,0.13761469533691034,0.147476990233223,0.12533329634196674,0.22474222065118288,0.0843631891189258,0.0
20,46.0,graph_age046.0.graphml,22,86,0.18614718614718614,M_pro,8.656026649984028,0.13761469533691034,0.147476990233223,0.12533329634196674,0.22474222065118288,0.0843631891189258,0.0
20,47.0,graph_age047.0.graphml,22,86,0.18614718614718614,M_pro,9.009305870534684,0.13761469533691034,0.147476990233223,0.12533329634196674,0.22474222065118288,0.0843631891189258,0.0
20,48.0,graph_age048.0.graphml,22,86,0.18614718614718614,M_pro,9.331510880749354,0.13761469533691034,0.147476990233223,0.12533329634196674,0.22474222065118288,0.0843631891189258,0.0
20,49.0,graph_age049.0.graphml,22,86,0.18614718614718614,M_pro,9.62661016912908,0.13761469533691034,0.147476990233223,0.12533329634196674,0.22474222065118288,0.0843631891189258,0.0
20,50.0,graph_age050.0.graphml,22,86,0.18614718614718614,M_pro,9.898052492686876,0.13761469533691034,0.147476990233223,0.12533329634196674,0.22474222065118288,0.0843631891189258,0.0
20,51.0,graph_age051.0.graphml,22,86,0.18614718614718614,M_pro,10.148795323511017,0.13761469533691034,0.147476990233223,0.12533329634196674,0.22474222065118288,0.0843631891189258,0.0
20,52.0,graph_age052.0.graphml,22,86,0.18614718614718614,M_pro,10.38135665162521,0.13761469533691034,0.147476990233223,0.12533329634196674,0.22474222065118288,0.0843631891189258,0.0
20,53.0,graph_age053.0.graphml,22,86,0.18614718614718614,M_pro,10.597872570051967,0.13761469533691034,0.147476990233223,0.12533329634196674,0.22474222065118288,0.0843631891189258,0.0
20,54.0,graph_age054.0.graphml,22,86,0.18614718614718614,M_pro,10.800154921681571,0.13761469533691034,0.147476990233223,0.12533329634196674,0.22474222065118288,0.0843631891189258,0.0
20,55.0,graph_age055.0.graphml,22,86,0.18614718614718614,M_pro,10.989742849841544,0.13761469533691034,0.147476990233223,0.12533329634196674,0.22474222065118288,0.0843631891189258,0.0
20,56.0,graph_age056.0.graphml,22,86,0.18614718614718614,M_pro,11.167945530990968,0.13761469533691034,0.147476990233223,0.12533329634196674,0.22474222065118288,0.0843631891189258,0.0
20,57.0,graph_age057.0.graphml,22,86,0.18614718614718614,M_pro,11.33587783483155,0.13761469533691034,0.147476990233223,0.12533329634196674,0.22474222065118288,0.0843631891189258,0.0
20,58.0,graph_age058.0.graphml,22,86,0.18614718614718614,M_pro,11.494490405072506,0.13761469533691034,0.147476990233223,0.12533329634196674,0.22474222065118288,0.0843631891189258,0.0
20,59.0,graph_age059.0.graphml,22,86,0.18614718614718614,M_pro,11.644594583840679,0.13761469533691034,0.147476990233223,0.12533329634196674,0.22474222065118288,0.0843631891189258,0.0
20,60.0,graph_age060.0.graphml,22,86,0.18614718614718614,M_pro,11.786883003192424,0.13761469533691034,0.147476990233223,0.12533329634196674,0.22474222065118288,0.0843631891189258,0.0
20,61.0,graph_age061.0.graphml,22,86,0.18614718614718614,M_pro,11.921946654656146,0.13761469533691034,0.147476990233223,0.12533329634196674,0.22474222065118288,0.0843631891189258,0.0
20,62.0,graph_age062.0.graphml,22,86,0.18614718614718614,M_pro,12.050289577864241,0.13761469533691034,0.147476990233223,0.12533329634196674,0.22474222065118288,0.0843631891189258,0.0
20,63.0,graph_age063.0.graphml,22,86,0.18614718614718614,M_pro,12.172341675854824,0.13761469533691034,0.147476990233223,0.12533329634196674,0.22474222065118288,0.0843631891189258,0.0
20,64.0,graph_age064.0.graphml,22,86,0.18614718614718614,M_pro,12.288469874283692,0.13761469533691034,0.147476990233223,0.12533329634196674,0.22474222065118288,0.0843631891189258,0.0
20,65.0,graph_age065.0.graphml,22,86,0.18614718614718614,M_pro,12.398987662993699,0.13761469533691034,0.147476990233223,0.12533329634196674,0.22474222065118288,0.0843631891189258,0.0
20,66.0,graph_age066.0.graphml,22,86,0.18614718614718614,M_pro,12.504163419056162,0.13761469533691034,0.147476990233223,0.12533329634196674,0.22474222065118288,0.0843631891189258,0.0
20,67.0,graph_age067.0.graphml,22,86,0.18614718614718614,M_pro,12.604227780115627,0.13761469533691034,0.147476990233223,0.12533329634196674,0.22474222065118288,0.0843631891189258,0.0
20,68.0,graph_age068.0.graphml,22,86,0.18614718614718614,M_pro,12.699379940489994,0.13761469533691034,0.147476990233223,0.12533329634196674,0.22474222065118288,0.0843631891189258,0.0
20,69.0,graph_age069.0.graphml,22,86,0.18614718614718614,M_pro,12.789793641262062,0.13761469533691034,0.147476990233223,0.12533329634196674,0.22474222065118288,0.0843631891189258,0.0
20,70.0,graph_age070.0.graphml,22,86,0.18614718614718614,M_pro,12.875621817204722,0.13761469533691034,0.147476990233223,0.12533329634196674,0.22474222065118288,0.0843631891189258,0.0
20,71.0,graph_age071.0.graphml,22,86,0.18614718614718614,M_pro,12.957000625616265,0.13761469533691034,0.147476990233223,0.12533329634196674,0.22474222065118288,0.0843631891189258,0.0
20,72.0,graph_age072.0.graphml,22,86,0.18614718614718614,M_pro,13.03405303474829,0.13761469533691034,0.147476990233223,0.12533329634196674,0.22474222065118288,0.0843631891189258,0.0
20,73.0,graph_age073.0.graphml,22,86,0.18614718614718614,M_pro,13.106891683685085,0.13761469533691034,0.147476990233223,0.12533329634196674,0.22474222065118288,0.0843631891189258,0.0
20,74.0,graph_age074.0.graphml,22,87,0.18831168831168832,M_pro,13.175621230965703,0.13761469533691034,0.147476990233223,0.12533329634196674,0.22474222065118288,0.0843631891189258,0.0
20,75.0,graph_age075.0.graphml,22,87,0.18831168831168832,M_pro,13.240341453522955,0.13761469533691034,0.147476990233223,0.12533329634196674,0.22474222065118288,0.0843631891189258,0.0
20,76.0,graph_age076.0.graphml,22,87,0.18831168831168832,M_pro,13.301154945703752,0.13761469533691034,0.147476990233223,0.12533329634196674,0.22474222065118288,0.0843631891189258,0.0
20,77.0,graph_age077.0.graphml,22,87,0.18831168831168832,M_pro,13.35816910611744,0.13761469533691034,0.147476990233223,0.12533329634196674,0.22474222065118288,0.0843631891189258,0.0
20,78.0,graph_age078.0.graphml,22,87,0.18831168831168832,M_pro,13.411492806761856,0.13761469533691034,0.147476990233223,0.12533329634196674,0.22474222065118288,0.0843631891189258,0.0
20,79.0,graph_age079.0.graphml,22,87,0.18831168831168832,M_pro,13.461233944382034,0.13761469533691034,0.147476990233223,0.12533329634196674,0.22474222065118288,0.0843631891189258,0.0
20,80.0,graph_age080.0.graphml,22,87,0.18831168831168832,M_pro,13.507497563067588,0.13761469533691034,0.147476990233223,0.12533329634196674,0.22474222065118288,0.0843631891189258,0.0
21,30.0,graph_age030.0.graphml,22,10,0.021645021645021644,P,3.8625514520057003,0.0994791818499178,0.07167862832990704,0.1310208903167655,0.27629337165331364,0.11338341792079937,0.0
21,31.0,graph_age031.0.graphml,22,80,0.17316017316017315,P,3.5620908315729154,0.0994791818499178,0.07167862832990704,0.1310208903167655,0.27629337165331364,0.11338341792079937,0.0
21,32.0,graph_age032.0.graphml,22,82,0.1774891774891775,Mh_pro,4.871764642725941,0.0994791818499178,0.07167862832990704,0.1310208903167655,0.27629337165331364,0.11338341792079937,0.0
21,33.0,graph_age033.0.graphml,22,84,0.18181818181818182,Mh_pro,5.779778077506602,0.0994791818499178,0.07167862832990704,0.1310208903167655,0.27629337165331364,0.11338341792079937,0.0
21,34.0,graph_age034.0.graphml,22,85,0.18398268398268397,Mh_pro,6.054719059412769,0.0994791818499178,0.07167862832990704,0.1310208903167655,0.27629337165331364,0.11338341792079937,0.0
21,35.0,graph_age035.0.graphml,22,85,0.18398268398268397,Mh_pro,5.9257839905038425,0.0994791818499178,0.07167862832990704,0.1310208903167655,0.27629337165331364,0.11338341792079937,0.0
21,36.0,graph_age036.0.graphml,22,85,0.18398268398268397,Mh_pro,5.589694423809746,0.0994791818499178,0.07167862832990704,0.1310208903167655,0.27629337165331364,0.11338341792079937,0.0
21,37.0,graph_age037.0.graphml,22,85,0.18398268398268397,M_pro,5.782221792869959,0.0994791818499178,0.07167862832990704,0.1310208903167655,0.27629337165331364,0.11338341792079937,0.0
21,38.0,graph_age038.0.graphml,22,85,0.18398268398268397,M_pro,6.447405530926843,0.0994791818499178,0.07167862832990704,0.1310208903167655,0.27629337165331364,0.11338341792079937,0.0
21,39.0,graph_age039.0.graphml,22,85,0.18398268398268397,M_pro,6.9860225989590585,0.0994791818499178,0.07167862832990704,0.1310208903167655,0.27629337165331364,0.11338341792079937,0.0
21,40.0,graph_age040.0.graphml,22,86,0.18614718614718614,M_pro,7.4280364494521995,0.0994791818499178,0.07167862832990704,0.1310208903167655,0.27629337165331364,0.11338341792079937,0.0
21,41.0,graph_age041.0.graphml,22,86,0.18614718614718614,M_pro,7.7883655990039165,0.0994791818499178,0.07167862832990704,0.1310208903167655,0.27629337165331364,0.11338341792079937,0.0
21,42.0,graph_age042.0.graphml,22,86,0.18614718614718614,M_pro,8.076098848957292,0.0994791818499178,0.07167862832990704,0.1310208903167655,0.27629337165331364,0.11338341792079937,0.0
21,43.0,graph_age043.0.graphml,22,86,0.18614718614718614,M_pro,8.299486192538263,0.0994791818499178,0.07167862832990704,0.1310208903167655,0.27629337165331364,0.11338341792079937,0.0
21,44.0,graph_age044.0.graphml,22,86,0.18614718614718614,M_pro,8.466964467303065,0.0994791818499178,0.07167862832990704,0.1310208903167655,0.27629337165331364,0.11338341792079937,0.0
21,45.0,graph_age045.0.graphml,22,86,0.18614718614718614,M_pro,8.586757524075887,0.0994791818499178,0.07167862832990704,0.1310208903167655,0.27629337165331364,0.11338341792079937,0.0
21,46.0,graph_age046.0.graphml,22,86,0.18614718614718614,M_pro,8.666336652725482,0.0994791818499178,0.07167862832990704,0.1310208903167655,0.27629337165331364,0.11338341792079937,0.0
21,47.0,graph_age047.0.graphml,22,86,0.18614718614718614,M_pro,8.712142222208492,0.0994791818499178,0.07167862832990704,0.1310208903167655,0.27629337165331364,0.11338341792079937,0.0
21,48.0,graph_age048.0.graphml,22,86,0.18614718614718614,M_pro,8.729558853497583,0.0994791818499178,0.07167862832990704,0.1310208903167655,0.27629337165331364,0.11338341792079937,0.0
21,49.0,graph_age049.0.graphml,22,86,0.18614718614718614,M_pro,8.722997682986776,0.0994791818499178,0.07167862832990704,0.1310208903167655,0.27629337165331364,0.11338341792079937,0.0
21,50.0,graph_age050.0.graphml,22,86,0.18614718614718614,M_pro,8.696042926496004,0.0994791818499178,0.07167862832990704,0.1310208903167655,0.27629337165331364,0.11338341792079937,0.0
21,51.0,graph_age051.0.graphml,22,86,0.18614718614718614,M_pro,8.651616695739769,0.0994791818499178,0.07167862832990704,0.1310208903167655,0.27629337165331364,0.11338341792079937,0.0
21,52.0,graph_age052.0.graphml,22,86,0.18614718614718614,M_pro,8.59212293098231,0.0994791818499178,0.07167862832990704,0.1310208903167655,0.27629337165331364,0.11338341792079937,0.0
21,53.0,graph_age053.0.graphml,22,86,0.18614718614718614,M_pro,8.519561141414375,0.0994791818499178,0.07167862832990704,0.1310208903167655,0.27629337165331364,0.11338341792079937,0.0
21,54.0,graph_age054.0.graphml,22,86,0.18614718614718614,M_pro,8.435619083756206,0.0994791818499178,0.07167862832990704,0.1310208903167655,0.27629337165331364,0.11338341792079937,0.0
21,55.0,graph_age055.0.graphml,22,86,0.18614718614718614,Fo,8.360447486552324,0.0994791818499178,0.07167862832990704,0.1310208903167655,0.27629337165331364,0.11338341792079937,0.0
21,56.0,graph_age056.0.graphml,22,86,0.18614718614718614,Fo,8.472110893752326,0.0994791818499178,0.07167862832990704,0.1310208903167655,0.27629337165331364,0.11338341792079937,0.0
21,57.0,graph_age057.0.graphml,22,86,0.18614718614718614,Fo,8.565199070872263,0.0994791818499178,0.07167862832990704,0.1310208903167655,0.27629337165331364,0.11338341792079937,0.0
21,58.0,graph_age058.0.graphml,22,86,0.18614718614718614,Fo,8.6421848913362,0.0994791818499178,0.07167862832990704,0.1310208903167655,0.27629337165331364,0.11338341792079937,0.0
21,59.0,graph_age059.0.graphml,22,86,0.18614718614718614,Fo,8.705265674757499,0.0994791818499178,0.07167862832990704,0.1310208903167655,0.27629337165331364,0.11338341792079937,0.0
21,60.0,graph_age060.0.graphml,22,86,0.18614718614718614,Fo,8.756377167571623,0.0994791818499178,0.07167862832990704,0.1310208903167655,0.27629337165331364,0.11338341792079937,0.0
21,61.0,graph_age061.0.graphml,22,86,0.18614718614718614,Fo,8.79721261794218,0.0994791818499178,0.07167862832990704,0.1310208903167655,0.27629337165331364,0.11338341792079937,0.0
21,62.0,graph_age062.0.graphml,22,86,0.18614718614718614,Fo,8.82924404420548,0.0994791818499178,0.07167862832990704,0.1310208903167655,0.27629337165331364,0.11338341792079937,0.0
21,63.0,graph_age063.0.graphml,22,86,0.18614718614718614,Fo,8.853744469424042,0.0994791818499178,0.07167862832990704,0.1310208903167655,0.27629337165331364,0.11338341792079937,0.0
21,64.0,graph_age064.0.graphml,22,86,0.18614718614718614,Fo,8.871810087517229,0.0994791818499178,0.07167862832990704,0.1310208903167655,0.27629337165331364,0.11338341792079937,0.0
21,65.0,graph_age065.0.graphml,22,86,0.18614718614718614,Fo,8.884382174086271,0.0994791818499178,0.07167862832990704,0.1310208903167655,0.27629337165331364,0.11338341792079937,0.0
21,66.0,graph_age066.0.graphml,22,86,0.18614718614718614,Fo,8.892266956653623,0.0994791818499178,0.07167862832990704,0.1310208903167655,0.27629337165331364,0.11338341792079937,0.0
21,67.0,graph_age067.0.graphml,22,86,0.18614718614718614,P,9.04323472879993,0.0994791818499178,0.07167862832990704,0.1310208903167655,0.27629337165331364,0.11338341792079937,0.0
21,68.0,graph_age068.0.graphml,22,86,0.18614718614718614,P,9.281138989826815,0.0994791818499178,0.07167862832990704,0.1310208903167655,0.27629337165331364,0.11338341792079937,0.0
21,69.0,graph_age069.0.graphml,22,86,0.18614718614718614,P,9.509280857048193,0.0994791818499178,0.07167862832990704,0.1310208903167655,0.27629337165331364,0.11338341792079937,0.0
21,70.0,graph_age070.0.graphml,22,86,0.18614718614718614,P,9.727599143524857,0.0994791818499178,0.07167862832990704,0.1310208903167655,0.27629337165331364,0.11338341792079937,0.0
21,71.0,graph_age071.0.graphml,22,86,0.18614718614718614,P,9.936101707783612,0.0994791818499178,0.07167862832990704,0.1310208903167655,0.27629337165331364,0.11338341792079937,0.0
21,72.0,graph_age072.0.graphml,22,86,0.18614718614718614,P,10.134855760588126,0.0994791818499178,0.07167862832990704,0.1310208903167655,0.27629337165331364,0.11338341792079937,0.0
21,73.0,graph_age073.0.graphml,22,86,0.18614718614718614,P,10.323979472146524,0.0994791818499178,0.07167862832990704,0.1310208903167655,0.27629337165331364,0.11338341792079937,0.0
21,74.0,graph_age074.0.graphml,22,87,0.18831168831168832,P,10.503633519506488,0.0994791818499178,0.07167862832990704,0.1310208903167655,0.27629337165331364,0.11338341792079937,0.0
21,75.0,graph_age075.0.graphml,22,87,0.18831168831168832,P,10.674015280859352,0.0994791818499178,0.07167862832990704,0.1310208903167655,0.27629337165331364,0.11338341792079937,0.0
21,76.0,graph_age076.0.graphml,22,87,0.18831168831168832,P,10.83535101344834,0.0994791818499178,0.07167862832990704,0.1310208903167655,0.27629337165331364,0.11338341792079937,0.0
21,77.0,graph_age077.0.graphml,22,87,0.18831168831168832,P,10.9878905202895,0.0994791818499178,0.07167862832990704,0.1310208903167655,0.27629337165331364,0.11338341792079937,0.0
21,78.0,graph_age078.0.graphml,22,87,0.18831168831168832,P,11.131900992959244,0.0994791818499178,0.07167862832990704,0.1310208903167655,0.27629337165331364,0.11338341792079937,0.0
21,79.0,graph_age079.0.graphml,22,87,0.18831168831168832,P,11.267663602836883,0.0994791818499178,0.07167862832990704,0.1310208903167655,0.27629337165331364,0.11338341792079937,0.0
21,80.0,graph_age080.0.graphml,22,87,0.18831168831168832,P,11.395469432207163,0.0994791818499178,0.07167862832990704,0.1310208903167655,0.27629337165331364,0.11338341792079937,0.0
22,30.0,graph_age030.0.graphml,22,10,0.021645021645021644,P,5.91247381796528,0.13715917095505925,0.10203047068022558,0.27727464744442504,0.10684116130890926,0.2906758229793252,0.0
22,31.0,graph_age031.0.graphml,22,80,0.17316017316017315,P,5.45237057588351,0.13715917095505925,0.10203047068022558,0.27727464744442504,0.10684116130890926,0.2906758229793252,0.0
22,32.0,graph_age032.0.graphml,22,82,0.1774891774891775,P,5.040870737388061,0.13715917095505925,0.10203047068022558,0.27727464744442504,0.10684116130890926,0.2906758229793252,0.0
22,33.0,graph_age033.0.graphml,22,84,0.18181818181818182,Mh_pro,5.412381576197022,0.13715917095505925,0.10203047068022558,0.27727464744442504,0.10684116130890926,0.2906758229793252,0.0
22,34.0,graph_age034.0.graphml,22,85,0.18398268398268397,Mh_pro,5.709258500410106,0.13715917095505925,0.10203047068022558,0.27727464744442504,0.10684116130890926,0.2906758229793252,0.0
22,35.0,graph_age035.0.graphml,22,85,0.18398268398268397,Mh_pro,5.667961079871138,0.13715917095505925,0.10203047068022558,0.27727464744442504,0.10684116130890926,0.2906758229793252,0.0
22,36.0,graph_age036.0.graphml,22,85,0.18398268398268397,Mh_pro,5.474720769872857,0.13715917095505925,0.10203047068022558,0.27727464744442504,0.10684116130890926,0.2906758229793252,0.0
22,37.0,graph_age037.0.graphml,22,85,0.18398268398268397,ABo,6.130507874664659,0.13715917095505925,0.10203047068022558,0.27727464744442504,0.10684116130890926,0.2906758229793252,0.0
22,38.0,graph_age038.0.graphml,22,85,0.18398268398268397,ABo,6.722228111286123,0.13715917095505925,0.10203047068022558,0.27727464744442504,0.10684116130890926,0.2906758229793252,0.0
22,39.0,graph_age039.0.graphml,22,85,0.18398268398268397,ABo,7.194352520308819,0.13715917095505925,0.10203047068022558,0.27727464744442504,0.10684116130890926,0.2906758229793252,0.0
22,40.0,graph_age040.0.graphml,22,86,0.18614718614718614,ABo,7.565158555005656,0.13715917095505925,0.10203047068022558,0.27727464744442504,0.10684116130890926,0.2906758229793252,0.0
22,41.0,graph_age041.0.graphml,22,86,0.18614718614718614,ABo,7.852276074494696,0.13715917095505925,0.10203047068022558,0.27727464744442504,0.10684116130890926,0.2906758229793252,0.0
22,42.0,graph_age042.0.graphml,22,86,0.18614718614718614,M_pro,8.20896086820904,0.13715917095505925,0.10203047068022558,0.27727464744442504,0.10684116130890926,0.2906758229793252,0.0
22,43.0,graph_age043.0.graphml,22,86,0.18614718614718614,M_pro,8.578822670932174,0.13715917095505925,0.10203047068022558,0.27727464744442504,0.10684116130890926,0.2906758229793252,0.0
22,44.0,graph_age044.0.graphml,22,86,0.18614718614718614,M_pro,8.886494429898919,0.13715917095505925,0.10203047068022558,0.27727464744442504,0.10684116130890926,0.2906758229793252,0.0
22,45.0,graph_age045.0.graphml,22,86,0.18614718614718614,M_pro,9.138698610554798,0.13715917095505925,0.10203047068022558,0.27727464744442504,0.10684116130890926,0.2906758229793252,0.0
22,46.0,graph_age046.0.graphml,22,86,0.18614718614718614,M_pro,9.342374726619198,0.13715917095505925,0.10203047068022558,0.27727464744442504,0.10684116130890926,0.2906758229793252,0.0
22,47.0,graph_age047.0.graphml,22,86,0.18614718614718614,M_pro,9.504093977197954,0.13715917095505925,0.10203047068022558,0.27727464744442504,0.10684116130890926,0.2906758229793252,0.0
22,48.0,graph_age048.0.graphml,22,86,0.18614718614718614,M_pro,9.62977530127436,0.13715917095505925,0.10203047068022558,0.27727464744442504,0.10684116130890926,0.2906758229793252,0.0
22,49.0,graph_age049.0.graphml,22,86,0.18614718614718614,M_pro,9.724592743678535,0.13715917095505925,0.10203047068022558,0.27727464744442504,0.10684116130890926,0.2906758229793252,0.0
22,50.0,graph_age050.0.graphml,22,86,0.18614718614718614,M_pro,9.792997349715797,0.13715917095505925,0.10203047068022558,0.27727464744442504,0.10684116130890926,0.2906758229793252,0.0
22,51.0,graph_age051.0.graphml,22,86,0.18614718614718614,M_pro,9.838788804292705,0.13715917095505925,0.10203047068022558,0.27727464744442504,0.10684116130890926,0.2906758229793252,0.0
22,52.0,graph_age052.0.graphml,22,86,0.18614718614718614,M_pro,9.865194299930446,0.13715917095505925,0.10203047068022558,0.27727464744442504,0.10684116130890926,0.2906758229793252,0.0
22,53.0,graph_age053.0.graphml,22,86,0.18614718614718614,M_pro,9.874949394578584,0.13715917095505925,0.10203047068022558,0.27727464744442504,0.10684116130890926,0.2906758229793252,0.0
22,54.0,graph_age054.0.graphml,22,86,0.18614718614718614,M_pro,9.87037478200436,0.13715917095505925,0.10203047068022558,0.27727464744442504,0.10684116130890926,0.2906758229793252,0.0
22,55.0,graph_age055.0.graphml,22,86,0.18614718614718614,M_pro,9.853442083757002,0.13715917095505925,0.10203047068022558,0.27727464744442504,0.10684116130890926,0.2906758229793252,0.0
22,56.0,graph_age056.0.graphml,22,86,0.18614718614718614,M_pro,9.825828290781837,0.13715917095505925,0.10203047068022558,0.27727464744442504,0.10684116130890926,0.2906758229793252,0.0
22,57.0,graph_age057.0.graphml,22,86,0.18614718614718614,M_pro,9.788961470635204,0.13715917095505925,0.10203047068022558,0.27727464744442504,0.10684116130890926,0.2906758229793252,0.0
22,58.0,graph_age058.0.graphml,22,86,0.18614718614718614,M_pro,9.744059874277273,0.13715917095505925,0.10203047068022558,0.27727464744442504,0.10684116130890926,0.2906758229793252,0.0
22,59.0,graph_age059.0.graphml,22,86,0.18614718614718614,M_pro,9.692165395918089,0.13715917095505925,0.10203047068022558,0.27727464744442504,0.10684116130890926,0.2906758229793252,0.0
22,60.0,graph_age060.0.graphml,22,86,0.18614718614718614,Mh_pro,9.9525260699968,0.13715917095505925,0.10203047068022558,0.27727464744442504,0.10684116130890926,0.2906758229793252,0.0
22,61.0,graph_age061.0.graphml,22,86,0.18614718614718614,Mh_pro,10.291258991980614,0.13715917095505925,0.10203047068022558,0.27727464744442504,0.10684116130890926,0.2906758229793252,0.0
22,62.0,graph_age062.0.graphml,22,86,0.18614718614718614,Mh_pro,10.618821613721538,0.13715917095505925,0.10203047068022558,0.27727464744442504,0.10684116130890926,0.2906758229793252,0.0
22,63.0,graph_age063.0.graphml,22,86,0.18614718614718614,Mh_pro,10.933877291818945,0.13715917095505925,0.10203047068022558,0.27727464744442504,0.10684116130890926,0.2906758229793252,0.0
22,64.0,graph_age064.0.graphml,22,86,0.18614718614718614,Mh_pro,11.235331148082853,0.13715917095505925,0.10203047068022558,0.27727464744442504,0.10684116130890926,0.2906758229793252,0.0
22,65.0,graph_age065.0.graphml,22,86,0.18614718614718614,Mh_pro,11.52230978901574,0.13715917095505925,0.10203047068022558,0.27727464744442504,0.10684116130890926,0.2906758229793252,0.0
22,66.0,graph_age066.0.graphml,22,86,0.18614718614718614,Mh_pro,11.794140185968994,0.13715917095505925,0.10203047068022558,0.27727464744442504,0.10684116130890926,0.2906758229793252,0.0
22,67.0,graph_age067.0.graphml,22,86,0.18614718614718614,Mh_pro,12.050328738618486,0.13715917095505925,0.10203047068022558,0.27727464744442504,0.10684116130890926,0.2906758229793252,0.0
22,68.0,graph_age068.0.graphml,22,86,0.18614718614718614,Mh_pro,12.290541687808213,0.13715917095505925,0.10203047068022558,0.27727464744442504,0.10684116130890926,0.2906758229793252,0.0
22,69.0,graph_age069.0.graphml,22,86,0.18614718614718614,Mh_pro,12.514586009958222,0.13715917095505925,0.10203047068022558,0.27727464744442504,0.10684116130890926,0.2906758229793252,0.0
22,70.0,graph_age070.0.graphml,22,86,0.18614718614718614,Mh_pro,12.722391406116948,0.13715917095505925,0.10203047068022558,0.27727464744442504,0.10684116130890926,0.2906758229793252,0.0
22,71.0,graph_age071.0.graphml,22,86,0.18614718614718614,Mh_pro,12.913993752458428,0.13715917095505925,0.10203047068022558,0.27727464744442504,0.10684116130890926,0.2906758229793252,0.0
22,72.0,graph_age072.0.graphml,22,86,0.18614718614718614,Mh_pro,13.089520340659327,0.13715917095505925,0.10203047068022558,0.27727464744442504,0.10684116130890926,0.2906758229793252,0.0
22,73.0,graph_age073.0.graphml,22,86,0.18614718614718614,Mh_pro,13.24917474596476,0.13715917095505925,0.10203047068022558,0.27727464744442504,0.10684116130890926,0.2906758229793252,0.0
22,74.0,graph_age074.0.graphml,22,87,0.18831168831168832,Mh_pro,13.393226739054711,0.13715917095505925,0.10203047068022558,0.27727464744442504,0.10684116130890926,0.2906758229793252,0.0
22,75.0,graph_age075.0.graphml,22,87,0.18831168831168832,Mh_pro,13.522000710453923,0.13715917095505925,0.10203047068022558,0.27727464744442504,0.10684116130890926,0.2906758229793252,0.0
22,76.0,graph_age076.0.graphml,22,87,0.18831168831168832,Mh_pro,13.635865445383885,0.13715917095505925,0.10203047068022558,0.27727464744442504,0.10684116130890926,0.2906758229793252,0.0
22,77.0,graph_age077.0.graphml,22,87,0.18831168831168832,Mh_pro,13.735226486669028,0.13715917095505925,0.10203047068022558,0.27727464744442504,0.10684116130890926,0.2906758229793252,0.0
22,78.0,graph_age078.0.graphml,22,87,0.18831168831168832,Mh_pro,13.820518012513926,0.13715917095505925,0.10203047068022558,0.27727464744442504,0.10684116130890926,0.2906758229793252,0.0
22,79.0,graph_age079.0.graphml,22,87,0.18831168831168832,Mh_pro,13.892197474425767,0.13715917095505925,0.10203047068022558,0.27727464744442504,0.10684116130890926,0.2906758229793252,0.0
22,80.0,graph_age080.0.graphml,22,87,0.18831168831168832,Mh_pro,13.950740391062702,0.13715917095505925,0.10203047068022558,0.27727464744442504,0.10684116130890926,0.2906758229793252,0.0
23,30.0,graph_age030.0.graphml,22,10,0.021645021645021644,P,4.70702031475034,0.16741028408754294,0.062409499988365785,0.24599749925144812,0.2472120983063563,0.28601095236937113,0.0
23,31.0,graph_age031.0.graphml,22,80,0.17316017316017315,P,4.340826145313288,0.16741028408754294,0.062409499988365785,0.24599749925144812,0.2472120983063563,0.28601095236937113,0.0
23,32.0,graph_age032.0.graphml,22,82,0.1774891774891775,P,4.013367623358692,0.16741028408754294,0.062409499988365785,0.24599749925144812,0.2472120983063563,0.28601095236937113,0.0
23,33.0,graph_age033.0.graphml,22,84,0.18181818181818182,P,3.7270249370392454,0.16741028408754294,0.062409499988365785,0.24599749925144812,0.2472120983063563,0.28601095236937113,0.0
23,34.0,graph_age034.0.graphml,22,85,0.18398268398268397,P,3.4835130462511033,0.16741028408754294,0.062409499988365785,0.24599749925144812,0.2472120983063563,0.28601095236937113,0.0
23,35.0,graph_age035.0.graphml,22,85,0.18398268398268397,ABo,4.472836926922397,0.16741028408754294,0.062409499988365785,0.24599749925144812,0.2472120983063563,0.28601095236937113,0.0
23,36.0,graph_age036.0.graphml,22,85,0.18398268398268397,ABo,5.333560268309119,0.16741028408754294,0.062409499988365785,0.24599749925144812,0.2472120983063563,0.28601095236937113,0.0
23,37.0,graph_age037.0.graphml,22,85,0.18398268398268397,ABo,6.051698786729073,0.16741028408754294,0.062409499988365785,0.24599749925144812,0.2472120983063563,0.28601095236937113,0.0
23,38.0,graph_age038.0.graphml,22,85,0.18398268398268397,ABo,6.635858337019161,0.16741028408754294,0.062409499988365785,0.24599749925144812,0.2472120983063563,0.28601095236937113,0.0
23,39.0,graph_age039.0.graphml,22,85,0.18398268398268397,ABo,7.101997630514488,0.16741028408754294,0.062409499988365785,0.24599749925144812,0.2472120983063563,0.28601095236937113,0.0
23,40.0,graph_age040.0.graphml,22,86,0.18614718614718614,ABo,7.468163704017992,0.16741028408754294,0.062409499988365785,0.24599749925144812,0.2472120983063563,0.28601095236937113,0.0
23,41.0,graph_age041.0.graphml,22,86,0.18614718614718614,ABo,7.751760134944298,0.16741028408754294,0.062409499988365785,0.24599749925144812,0.2472120983063563,0.28601095236937113,0.0
23,42.0,graph_age042.0.graphml,22,86,0.18614718614718614,ABo,7.9683068324852755,0.16741028408754294,0.062409499988365785,0.24599749925144812,0.2472120983063563,0.28601095236937113,0.0
23,43.0,graph_age043.0.graphml,22,86,0.18614718614718614,M_pro,8.335579092685121,0.16741028408754294,0.062409499988365785,0.24599749925144812,0.2472120983063563,0.28601095236937113,0.0
23,44.0,graph_age044.0.graphml,22,86,0.18614718614718614,M_pro,8.792635763961549,0.16741028408754294,0.062409499988365785,0.24599749925144812,0.2472120983063563,0.28601095236937113,0.0
23,45.0,graph_age045.0.graphml,22,86,0.18614718614718614,M_pro,9.202885537061901,0.16741028408754294,0.062409499988365785,0.24599749925144812,0.2472120983063563,0.28601095236937113,0.0
23,46.0,graph_age046.0.graphml,22,86,0.18614718614718614,M_pro,9.570131273200786,0.16741028408754294,0.062409499988365785,0.24599749925144812,0.2472120983063563,0.28601095236937113,0.0
23,47.0,graph_age047.0.graphml,22,86,0.18614718614718614,M_pro,9.898490706561974,0.16741028408754294,0.062409499988365785,0.24599749925144812,0.2472120983063563,0.28601095236937113,0.0
23,48.0,graph_age048.0.graphml,22,86,0.18614718614718614,M_pro,10.19196696848488,0.16741028408754294,0.062409499988365785,0.24599749925144812,0.2472120983063563,0.28601095236937113,0.0
23,49.0,graph_age049.0.graphml,22,86,0.18614718614718614,M_pro,10.454238673156189,0.16741028408754294,0.062409499988365785,0.24599749925144812,0.2472120983063563,0.28601095236937113,0.0
23,50.0,graph_age050.0.graphml,22,86,0.18614718614718614,M_pro,10.68859387649176,0.16741028408754294,0.062409499988365785,0.24599749925144812,0.2472120983063563,0.28601095236937113,0.0
23,51.0,graph_age051.0.graphml,22,86,0.18614718614718614,M_pro,10.897929387361451,0.16741028408754294,0.062409499988365785,0.24599749925144812,0.2472120983063563,0.28601095236937113,0.0
23,52.0,graph_age052.0.graphml,22,86,0.18614718614718614,M_pro,11.084771511742726,0.16741028408754294,0.062409499988365785,0.24599749925144812,0.2472120983063563,0.28601095236937113,0.0
23,53.0,graph_age053.0.graphml,22,86,0.18614718614718614,M_pro,11.251314054043553,0.16741028408754294,0.062409499988365785,0.24599749925144812,0.2472120983063563,0.28601095236937113,0.0
23,54.0,graph_age054.0.graphml,22,86,0.18614718614718614,M_pro,11.399463628135743,0.16741028408754294,0.062409499988365785,0.24599749925144812,0.2472120983063563,0.28601095236937113,0.0
23,55.0,graph_age055.0.graphml,22,86,0.18614718614718614,M_pro,11.53087929729035,0.16741028408754294,0.062409499988365785,0.24599749925144812,0.2472120983063563,0.28601095236937113,0.0
23,56.0,graph_age056.0.graphml,22,86,0.18614718614718614,M_pro,11.647006291111618,0.16741028408754294,0.062409499988365785,0.24599749925144812,0.2472120983063563,0.28601095236937113,0.0
23,57.0,graph_age057.0.graphml,22,86,0.18614718614718614,M_pro,11.749106860965082,0.16741028408754294,0.062409499988365785,0.24599749925144812,0.2472120983063563,0.28601095236937113,0.0
23,58.0,graph_age058.0.graphml,22,86,0.18614718614718614,M_pro,11.838287851834124,0.16741028408754294,0.062409499988365785,0.24599749925144812,0.2472120983063563,0.28601095236937113,0.0
23,59.0,graph_age059.0.graphml,22,86,0.18614718614718614,M_pro,11.915524409641428,0.16741028408754294,0.062409499988365785,0.24599749925144812,0.2472120983063563,0.28601095236937113,0.0
23,60.0,graph_age060.0.graphml,22,86,0.18614718614718614,M_pro,11.981678629699601,0.16741028408754294,0.062409499988365785,0.24599749925144812,0.2472120983063563,0.28601095236937113,0.0
23,61.0,graph_age061.0.graphml,22,86,0.18614718614718614,M_pro,12.03751501843156,0.16741028408754294,0.062409499988365785,0.24599749925144812,0.2472120983063563,0.28601095236937113,0.0
23,62.0,graph_age062.0.graphml,22,86,0.18614718614718614,M_pro,12.08371418207581,0.16741028408754294,0.062409499988365785,0.24599749925144812,0.2472120983063563,0.28601095236937113,0.0
23,63.0,graph_age063.0.graphml,22,86,0.18614718614718614,M_pro,12.120885442431682,0.16741028408754294,0.062409499988365785,0.24599749925144812,0.2472120983063563,0.28601095236937113,0.0
23,64.0,graph_age064.0.graphml,22,86,0.18614718614718614,M_pro,12.149577106182415,0.16741028408754294,0.062409499988365785,0.24599749925144812,0.2472120983063563,0.28601095236937113,0.0
23,65.0,graph_age065.0.graphml,22,86,0.18614718614718614,M_pro,12.170286087284959,0.16741028408754294,0.062409499988365785,0.24599749925144812,0.2472120983063563,0.28601095236937113,0.0
23,66.0,graph_age066.0.graphml,22,86,0.18614718614718614,M_pro,12.183463814220364,0.16741028408754294,0.062409499988365785,0.24599749925144812,0.2472120983063563,0.28601095236937113,0.0
23,67.0,graph_age067.0.graphml,22,86,0.18614718614718614,M_pro,12.18952281894141,0.16741028408754294,0.062409499988365785,0.24599749925144812,0.2472120983063563,0.28601095236937113,0.0
23,68.0,graph_age068.0.graphml,22,86,0.18614718614718614,M_pro,12.188842181481588,0.16741028408754294,0.062409499988365785,0.24599749925144812,0.2472120983063563,0.28601095236937113,0.0
23,69.0,graph_age069.0.graphml,22,86,0.18614718614718614,M_pro,12.181771951952884,0.16741028408754294,0.062409499988365785,0.24599749925144812,0.2472120983063563,0.28601095236937113,0.0
23,70.0,graph_age070.0.graphml,22,86,0.18614718614718614,M_pro,12.168637281304715,0.16741028408754294,0.062409499988365785,0.24599749925144812,0.2472120983063563,0.28601095236937113,0.0
23,71.0,graph_age071.0.graphml,22,86,0.18614718614718614,M_pro,12.149741793800036,0.16741028408754294,0.062409499988365785,0.24599749925144812,0.2472120983063563,0.28601095236937113,0.0
23,72.0,graph_age072.0.graphml,22,86,0.18614718614718614,Mh_pro,12.38370720347337,0.16741028408754294,0.062409499988365785,0.24599749925144812,0.2472120983063563,0.28601095236937113,0.0
23,73.0,graph_age073.0.graphml,22,86,0.18614718614718614,Mh_pro,12.647642989800481,0.16741028408754294,0.062409499988365785,0.24599749925144812,0.2472120983063563,0.28601095236937113,0.0
23,74.0,graph_age074.0.graphml,22,87,0.18831168831168832,Mh_pro,12.89769010088873,0.16741028408754294,0.062409499988365785,0.24599749925144812,0.2472120983063563,0.28601095236937113,0.0
23,75.0,graph_age075.0.graphml,22,87,0.18831168831168832,Mh_pro,13.133851270590501,0.16741028408754294,0.062409499988365785,0.24599749925144812,0.2472120983063563,0.28601095236937113,0.0
23,76.0,graph_age076.0.graphml,22,87,0.18831168831168832,Mh_pro,13.35619158921518,0.16741028408754294,0.062409499988365785,0.24599749925144812,0.2472120983063563,0.28601095236937113,0.0
23,77.0,graph_age077.0.graphml,22,87,0.18831168831168832,Mh_pro,13.564830393430551,0.16741028408754294,0.062409499988365785,0.24599749925144812,0.2472120983063563,0.28601095236937113,0.0
23,78.0,graph_age078.0.graphml,22,87,0.18831168831168832,Mh_pro,13.759933986032085,0.16741028408754294,0.062409499988365785,0.24599749925144812,0.2472120983063563,0.28601095236937113,0.0
23,79.0,graph_age079.0.graphml,22,87,0.18831168831168832,Mh_pro,13.941708921403478,0.16741028408754294,0.062409499988365785,0.24599749925144812,0.2472120983063563,0.28601095236937113,0.0
23,80.0,graph_age080.0.graphml,22,87,0.18831168831168832,Mh_pro,14.110395855774492,0.16741028408754294,0.062409499988365785,0.24599749925144812,0.2472120983063563,0.28601095236937113,0.0
